horizon,feature_set,model_id,xgb_depth,target_coverage,confidence_cutoff,selected_n,coverage,wins,win_rate,ci95_lower,ci95_upper,flat_rate,baseline_wr,edge,active_weeks
1,NQ_ONLY,logit,,0.5,0.0340604105591271,10756,0.500023243921715,5644,0.524730383042023,0.515240689358673,0.534206682459402,0.0356080327259204,0.488564522127185,0.0361658609148382,53
1,NQ_ONLY,logit,,0.2,0.0601734472801512,4303,0.200037190274743,2344,0.544736230536835,0.529714428678755,0.559697250180703,0.0355565884266791,0.495468277945619,0.0492679525912154,53
1,NQ_ONLY,logit,,0.1,0.0740814875676983,2152,0.100041839059086,1209,0.561802973977695,0.540535340183857,0.582902047844779,0.0329925650557621,0.495817843866171,0.0659851301115242,53
1,NQ_ONLY,logit,,0.05,0.0860093292566224,1076,0.050020919529543,600,0.557620817843866,0.527356292020324,0.587569396627733,0.0446096654275093,0.490706319702602,0.0669144981412639,53
1,NQ_ONLY,logit,,0.02,0.0983281719440494,431,0.0200362605178746,243,0.563805104408353,0.515523828193189,0.611204629674444,0.0348027842227378,0.501160092807425,0.0626450116009281,53
1,NQ_ONLY,logit,,0.01,0.105348779730567,216,0.0100413741806518,125,0.578703703703704,0.509838920607925,0.645377782398899,0.0277777777777778,0.490740740740741,0.087962962962963,51
1,NQ_ONLY,logit,,0.005,0.111987132926467,108,0.00502068709032588,61,0.564814814814815,0.466012527017943,0.659971710357803,0.0185185185185185,0.490740740740741,0.074074074074074,46
1,NQ_ONLY,ranger,,0.5,0.025265077368797,10756,0.500023243921715,5648,0.525102268501302,0.515612824685412,0.534578116630424,0.0358869468203793,0.492841204908888,0.0322610635924135,53
1,NQ_ONLY,ranger,,0.2,0.0509847760925991,4303,0.200037190274743,2363,0.549151754589821,0.534139387293591,0.564097339820209,0.0374157564489891,0.481989309783872,0.0671624448059493,53
1,NQ_ONLY,ranger,,0.1,0.0645429975581382,2152,0.100041839059086,1225,0.569237918215613,0.548001616870706,0.59028537638578,0.0394981412639405,0.475371747211896,0.0938661710037175,53
1,NQ_ONLY,ranger,,0.05,0.0758996797740572,1076,0.050020919529543,612,0.568773234200744,0.538562834285219,0.598606514427886,0.0446096654275093,0.444237918215613,0.12453531598513,53
1,NQ_ONLY,ranger,,0.02,0.0881347804357108,431,0.0200362605178746,252,0.584686774941995,0.536555456707355,0.631647539666131,0.0464037122969838,0.426914153132251,0.157772621809745,53
1,NQ_ONLY,ranger,,0.01,0.0968620796361815,216,0.0100413741806518,117,0.541666666666667,0.472725189373914,0.609448803095727,0.0555555555555556,0.393518518518519,0.148148148148148,52
1,NQ_ONLY,ranger,,0.005,0.104758301174475,108,0.00502068709032588,62,0.574074074074074,0.475250378330473,0.668730982598792,0.0277777777777778,0.37962962962963,0.194444444444444,48
1,NQ_ONLY,xgb_d2,2,0.5,0.0286647081375122,10756,0.500023243921715,5714,0.531238378579398,0.521753815397661,0.54070602260844,0.0347712904425437,0.491260691706954,0.0399776868724434,53
1,NQ_ONLY,xgb_d2,2,0.2,0.054337203502655,4303,0.200037190274743,2355,0.547292586567511,0.532276103004663,0.562244814336712,0.0348594004183128,0.485707645828492,0.0615849407390193,53
1,NQ_ONLY,xgb_d2,2,0.1,0.06884765625,2152,0.100041839059086,1184,0.550185873605948,0.52887883067023,0.571356045965886,0.0357806691449814,0.480947955390335,0.0692379182156134,53
1,NQ_ONLY,xgb_d2,2,0.05,0.0812542587518692,1076,0.050020919529543,603,0.560408921933085,0.530156504914603,0.590330099735236,0.0353159851301115,0.45910780669145,0.101301115241636,53
1,NQ_ONLY,xgb_d2,2,0.02,0.0950748860836029,431,0.0200362605178746,232,0.538283062645012,0.489932263303065,0.586104897115428,0.0487238979118329,0.415313225058005,0.122969837587007,53
1,NQ_ONLY,xgb_d2,2,0.01,0.103711447119713,216,0.0100413741806518,111,0.513888888888889,0.445130063980757,0.582261317145261,0.0601851851851852,0.439814814814815,0.074074074074074,53
1,NQ_ONLY,xgb_d2,2,0.005,0.111150014400482,108,0.00502068709032588,60,0.555555555555556,0.456806969999629,0.651179922328777,0.0648148148148148,0.388888888888889,0.166666666666667,44
1,NQ_ONLY,xgb_d3,3,0.5,0.0304087996482849,10756,0.500023243921715,5704,0.530308664931201,0.520823270345179,0.539777643922928,0.0365377463741168,0.487634808478989,0.0426738564522127,53
1,NQ_ONLY,xgb_d3,3,0.2,0.0590989589691162,4303,0.200037190274743,2366,0.549848942598187,0.534838172887295,0.564791982883818,0.0367185684406228,0.481989309783872,0.0678596328143156,53
1,NQ_ONLY,xgb_d3,3,0.1,0.0755962133407593,2152,0.100041839059086,1189,0.552509293680298,0.531209204750587,0.573666174447611,0.0367100371747212,0.478159851301115,0.0743494423791822,53
1,NQ_ONLY,xgb_d3,3,0.05,0.0905992984771729,1076,0.050020919529543,593,0.551115241635688,0.520826134796102,0.581124080883956,0.04182156133829,0.463754646840149,0.087360594795539,53
1,NQ_ONLY,xgb_d3,3,0.02,0.106777590513229,431,0.0200362605178746,240,0.556844547563805,0.508531984010691,0.604371592411733,0.0417633410672854,0.410672853828306,0.146171693735499,53
1,NQ_ONLY,xgb_d3,3,0.01,0.117889699339867,216,0.0100413741806518,120,0.555555555555556,0.486599625382626,0.622965520335499,0.0462962962962963,0.435185185185185,0.12037037037037,52
1,NQ_ONLY,xgb_d3,3,0.005,0.127422992885113,108,0.00502068709032588,60,0.555555555555556,0.456806969999629,0.651179922328777,0.0740740740740741,0.351851851851852,0.203703703703704,44
1,NQ_ONLY,xgb_d4,4,0.5,0.031723290681839,10756,0.500023243921715,5717,0.531517292673857,0.522032985319439,0.540984529807838,0.0355150613611008,0.489587207140201,0.0419300855336557,53
1,NQ_ONLY,xgb_d4,4,0.2,0.0616851449012756,4303,0.200037190274743,2357,0.547757378573089,0.532741904453877,0.562707965333236,0.0395073204740878,0.48036253776435,0.0673948408087381,53
1,NQ_ONLY,xgb_d4,4,0.1,0.0799394249916077,2152,0.100041839059086,1190,0.552973977695167,0.53167533512839,0.574128144566176,0.0385687732342007,0.469795539033457,0.08317843866171,53
1,NQ_ONLY,xgb_d4,4,0.05,0.0963550508022308,1076,0.050020919529543,604,0.561338289962825,0.531090119587502,0.591250123589854,0.0390334572490706,0.468401486988848,0.0929368029739777,53
1,NQ_ONLY,xgb_d4,4,0.02,0.115415865182877,431,0.0200362605178746,254,0.589327146171694,0.541240689158663,0.636178845956131,0.037122969837587,0.426914153132251,0.162412993039443,53
1,NQ_ONLY,xgb_d4,4,0.01,0.12838106751442,216,0.0100413741806518,122,0.564814814814815,0.495877964568421,0.63194786651224,0.0416666666666667,0.444444444444444,0.12037037037037,51
1,NQ_ONLY,xgb_d4,4,0.005,0.140117345750332,108,0.00502068709032588,60,0.555555555555556,0.456806969999629,0.651179922328777,0.0555555555555556,0.37037037037037,0.185185185185185,43
1,NQ_ONLY,xgb_d5,5,0.5,0.0332401394844055,10756,0.500023243921715,5693,0.529285979918185,0.519799708720504,0.538756389434531,0.0361658609148382,0.489494235775381,0.039791744142804,53
1,NQ_ONLY,xgb_d5,5,0.2,0.0647937655448914,4303,0.200037190274743,2358,0.547989774575877,0.532974810083136,0.562939535926194,0.0402045084824541,0.484313269811759,0.063676504764118,53
1,NQ_ONLY,xgb_d5,5,0.1,0.084247499704361,2152,0.100041839059086,1203,0.559014869888476,0.537736718631896,0.580132066999419,0.0404275092936803,0.468401486988848,0.0906133828996282,53
1,NQ_ONLY,xgb_d5,5,0.05,0.101671472191811,1076,0.050020919529543,611,0.567843866171004,0.537628375048939,0.597687335744237,0.0464684014869888,0.45910780669145,0.108736059479554,53
1,NQ_ONLY,xgb_d5,5,0.02,0.121942460536957,431,0.0200362605178746,255,0.591647331786543,0.543584893269496,0.638442907293124,0.0464037122969838,0.415313225058005,0.176334106728538,53
1,NQ_ONLY,xgb_d5,5,0.01,0.136980372667313,216,0.0100413741806518,127,0.587962962962963,0.519175455451756,0.65430170592393,0.0462962962962963,0.402777777777778,0.185185185185185,50
1,NQ_ONLY,xgb_d5,5,0.005,0.149665154516697,108,0.00502068709032588,66,0.611111111111111,0.512530002079627,0.703436918618474,0.037037037037037,0.398148148148148,0.212962962962963,43
1,NQ_ES,logit,,0.5,0.0335578552932077,10756,0.500023243921715,5648,0.525102268501302,0.515612824685412,0.534578116630424,0.0362588322796579,0.491074748977315,0.0340275195239866,53
1,NQ_ES,logit,,0.2,0.0600612335875556,4303,0.200037190274743,2310,0.536834766442017,0.521799021212252,0.551820465677336,0.0367185684406228,0.487334417848013,0.0495003485940042,53
1,NQ_ES,logit,,0.1,0.074818025731305,2152,0.100041839059086,1208,0.561338289962825,0.540068856677812,0.582440430967076,0.0367100371747212,0.493959107806692,0.0673791821561339,53
1,NQ_ES,logit,,0.05,0.0865627423560075,1076,0.050020919529543,599,0.556691449814126,0.52642309786528,0.586648951979644,0.0399628252788104,0.474907063197026,0.0817843866171004,53
1,NQ_ES,logit,,0.02,0.0991352280558327,431,0.0200362605178746,232,0.538283062645012,0.489932263303065,0.586104897115428,0.0394431554524362,0.48723897911833,0.0510440835266821,53
1,NQ_ES,logit,,0.01,0.107836280146473,216,0.0100413741806518,116,0.537037037037037,0.468111802704722,0.604931777939718,0.037037037037037,0.467592592592593,0.0694444444444445,51
1,NQ_ES,logit,,0.005,0.116533783340924,108,0.00502068709032588,58,0.537037037037037,0.438491974539868,0.633499697077534,0.0277777777777778,0.518518518518519,0.0185185185185186,47
1,NQ_ES,ranger,,0.5,0.0256449111237126,10756,0.500023243921715,5659,0.526124953514318,0.516636223884132,0.535599533549785,0.0357010040907401,0.48968017850502,0.0364447750092971,53
1,NQ_ES,ranger,,0.2,0.0492339362275245,4303,0.200037190274743,2352,0.546595398559145,0.531577425347578,0.561550063321962,0.0374157564489891,0.484545665814548,0.0620497327445967,53
1,NQ_ES,ranger,,0.1,0.0617380828550311,2152,0.100041839059086,1213,0.563661710037175,0.54240146074616,0.584748328752503,0.0357806691449814,0.471189591078067,0.0924721189591078,53
1,NQ_ES,ranger,,0.05,0.0717811933882917,1076,0.050020919529543,637,0.592007434944238,0.561958974509463,0.62155129256645,0.0353159851301115,0.45724907063197,0.134758364312268,53
1,NQ_ES,ranger,,0.02,0.0825068574847218,431,0.0200362605178746,245,0.568445475638051,0.5201902286456,0.615754807900954,0.0348027842227378,0.433874709976798,0.134570765661253,53
1,NQ_ES,ranger,,0.01,0.090658064159281,216,0.0100413741806518,120,0.555555555555556,0.486599625382626,0.622965520335499,0.0416666666666667,0.421296296296296,0.134259259259259,53
1,NQ_ES,ranger,,0.005,0.097449309885385,108,0.00502068709032588,62,0.574074074074074,0.475250378330473,0.668730982598792,0.0462962962962963,0.37962962962963,0.194444444444444,51
1,NQ_ES,xgb_d2,2,0.5,0.02885502576828,10756,0.500023243921715,5700,0.529936779471923,0.520451061520803,0.539406283251794,0.0342134622536259,0.490330978058758,0.0396058014131647,53
1,NQ_ES,xgb_d2,2,0.2,0.0551127791404724,4303,0.200037190274743,2380,0.55310248663723,0.538099562128184,0.568033260655188,0.0332326283987915,0.488961189867534,0.0641412967696955,53
1,NQ_ES,xgb_d2,2,0.1,0.0692603588104248,2152,0.100041839059086,1203,0.559014869888476,0.537736718631896,0.580132066999419,0.0348513011152416,0.475836431226766,0.08317843866171,53
1,NQ_ES,xgb_d2,2,0.05,0.0803174823522568,1076,0.050020919529543,595,0.552973977695167,0.522691370176812,0.582966123806967,0.0343866171003717,0.454460966542751,0.0985130111524164,53
1,NQ_ES,xgb_d2,2,0.02,0.0943002104759216,431,0.0200362605178746,238,0.552204176334107,0.503875905481799,0.599811075181477,0.0394431554524362,0.408352668213457,0.14385150812065,53
1,NQ_ES,xgb_d2,2,0.01,0.10339869260788,216,0.0100413741806518,127,0.587962962962963,0.519175455451756,0.65430170592393,0.0462962962962963,0.402777777777778,0.185185185185185,53
1,NQ_ES,xgb_d2,2,0.005,0.111358834803105,108,0.00502068709032588,59,0.546296296296296,0.447633507520182,0.642355851977102,0.0555555555555556,0.444444444444444,0.101851851851852,43
1,NQ_ES,xgb_d3,3,0.5,0.0306878685951233,10756,0.500023243921715,5699,0.529843808107103,0.520358010135696,0.539313442262996,0.034957233172183,0.491353663071774,0.038490145035329,53
1,NQ_ES,xgb_d3,3,0.2,0.0597708225250244,4303,0.200037190274743,2355,0.547292586567511,0.532276103004663,0.562244814336712,0.0383453404601441,0.476179409714153,0.0711131768533581,53
1,NQ_ES,xgb_d3,3,0.1,0.0756816864013672,2152,0.100041839059086,1201,0.558085501858736,0.536803993721943,0.579208591060654,0.0362453531598513,0.464684014869888,0.0934014869888476,53
1,NQ_ES,xgb_d3,3,0.05,0.0891638696193695,1076,0.050020919529543,610,0.566914498141264,0.536694021655694,0.596768051137444,0.0408921933085502,0.432156133828996,0.134758364312268,53
1,NQ_ES,xgb_d3,3,0.02,0.105561536550522,431,0.0200362605178746,242,0.561484918793504,0.513192181058868,0.608927984712889,0.037122969837587,0.408352668213457,0.153132250580046,53
1,NQ_ES,xgb_d3,3,0.01,0.116848909854889,216,0.0100413741806518,125,0.578703703703704,0.509838920607925,0.645377782398899,0.0416666666666667,0.375,0.203703703703704,53
1,NQ_ES,xgb_d3,3,0.005,0.127770254015923,108,0.00502068709032588,57,0.527777777777778,0.429382239868441,0.624611620760113,0.0555555555555556,0.37962962962963,0.148148148148148,46
1,NQ_ES,xgb_d4,4,0.5,0.0318774580955505,10756,0.500023243921715,5693,0.529285979918185,0.519799708720504,0.538756389434531,0.0353291186314615,0.491446634436594,0.0378393454815916,53
1,NQ_ES,xgb_d4,4,0.2,0.062440812587738,4303,0.200037190274743,2354,0.547060190564722,0.532043207183836,0.562013233934022,0.0376481524517778,0.481989309783872,0.0650708807808506,53
1,NQ_ES,xgb_d4,4,0.1,0.0809476971626282,2152,0.100041839059086,1199,0.557156133828996,0.535871343199914,0.578285040709847,0.0362453531598513,0.468866171003718,0.0882899628252788,53
1,NQ_ES,xgb_d4,4,0.05,0.0972245037555695,1076,0.050020919529543,604,0.561338289962825,0.531090119587502,0.591250123589854,0.0381040892193309,0.434014869888476,0.12732342007435,53
1,NQ_ES,xgb_d4,4,0.02,0.115528678894043,431,0.0200362605178746,249,0.577726218097448,0.529535509118121,0.624842660705735,0.0301624129930394,0.40139211136891,0.176334106728538,53
1,NQ_ES,xgb_d4,4,0.01,0.128523123264313,216,0.0100413741806518,130,0.601851851851852,0.53322464542896,0.667642985137475,0.037037037037037,0.361111111111111,0.240740740740741,52
1,NQ_ES,xgb_d4,4,0.005,0.141069839894772,108,0.00502068709032588,65,0.601851851851852,0.503160240083557,0.694810806682626,0.0555555555555556,0.388888888888889,0.212962962962963,48
1,NQ_ES,xgb_d5,5,0.5,0.033926248550415,10756,0.500023243921715,5674,0.527519523986612,0.5180318322013,0.536992310846313,0.0365377463741168,0.491074748977315,0.0364447750092972,53
1,NQ_ES,xgb_d5,5,0.2,0.0667669773101807,4303,0.200037190274743,2339,0.543574250522891,0.528550161867469,0.55853913584739,0.0360213804322566,0.481524517778294,0.0620497327445968,53
1,NQ_ES,xgb_d5,5,0.1,0.0865986943244934,2152,0.100041839059086,1210,0.562267657992565,0.541001842337164,0.583363646068775,0.0367100371747212,0.474907063197026,0.087360594795539,53
1,NQ_ES,xgb_d5,5,0.05,0.104442059993744,1076,0.050020919529543,605,0.562267657992565,0.53202383956664,0.592170042066417,0.0371747211895911,0.439591078066915,0.122676579925651,53
1,NQ_ES,xgb_d5,5,0.02,0.125440919399261,431,0.0200362605178746,245,0.568445475638051,0.5201902286456,0.615754807900954,0.037122969837587,0.39907192575406,0.169373549883991,53
1,NQ_ES,xgb_d5,5,0.01,0.140742984414101,216,0.0100413741806518,125,0.578703703703704,0.509838920607925,0.645377782398899,0.0416666666666667,0.398148148148148,0.180555555555556,52
1,NQ_ES,xgb_d5,5,0.005,0.152581237256527,108,0.00502068709032588,60,0.555555555555556,0.456806969999629,0.651179922328777,0.0648148148148148,0.416666666666667,0.138888888888889,46
3,NQ_ONLY,logit,,0.5,0.0279613172980938,10747,0.5,5647,0.525448962501163,0.515955762379549,0.534928367580662,0.0196333860612264,0.495301014236531,0.030147948264632,53
3,NQ_ONLY,logit,,0.2,0.0521118020776759,4299,0.200009304922304,2325,0.540823447313329,0.525787216600658,0.555804160558582,0.0200046522447081,0.494068387997209,0.04675505931612,53
3,NQ_ONLY,logit,,0.1,0.0653505479330335,2150,0.100027914766912,1187,0.552093023255814,0.530781618870417,0.573262221931756,0.0176744186046512,0.496279069767442,0.0558139534883722,53
3,NQ_ONLY,logit,,0.05,0.0765305486298167,1075,0.0500139573834559,622,0.578604651162791,0.548440306871578,0.608337534869343,0.012093023255814,0.511627906976744,0.0669767441860465,53
3,NQ_ONLY,logit,,0.02,0.0900424716488879,430,0.0200055829533823,250,0.581395348837209,0.533177105917733,0.628485923887898,0.013953488372093,0.513953488372093,0.0674418604651164,53
3,NQ_ONLY,logit,,0.01,0.0984358126395585,215,0.0100027914766912,121,0.562790697674419,0.49368199187725,0.630143729706124,0.00930232558139535,0.483720930232558,0.0790697674418605,49
3,NQ_ONLY,logit,,0.005,0.105593555832498,108,0.00502465804410533,56,0.518518518518519,0.420304205483405,0.615691752362034,0.0185185185185185,0.435185185185185,0.0833333333333333,46
3,NQ_ONLY,ranger,,0.5,0.0241770755136186,10747,0.5,5680,0.52851958686145,0.519028691418994,0.537995022744521,0.0200986321764213,0.500232623057597,0.0282869638038523,53
3,NQ_ONLY,ranger,,0.2,0.0451723653202539,4299,0.200009304922304,2377,0.552919283554315,0.537908854916755,0.567857743428811,0.021167713421726,0.491277041172366,0.0616422423819493,53
3,NQ_ONLY,ranger,,0.1,0.0576109937976609,2150,0.100027914766912,1209,0.562325581395349,0.541049968169983,0.58343104987393,0.0213953488372093,0.490697674418605,0.0716279069767442,53
3,NQ_ONLY,ranger,,0.05,0.068946929673719,1075,0.0500139573834559,617,0.573953488372093,0.543759095759195,0.603741962454241,0.026046511627907,0.48,0.093953488372093,53
3,NQ_ONLY,ranger,,0.02,0.0815219065721392,430,0.0200055829533823,252,0.586046511627907,0.537870248274028,0.633030609675617,0.0209302325581395,0.434883720930233,0.151162790697674,53
3,NQ_ONLY,ranger,,0.01,0.0914792255324074,215,0.0100027914766912,120,0.558139534883721,0.489021032998863,0.625632491429038,0.027906976744186,0.409302325581395,0.148837209302326,53
3,NQ_ONLY,ranger,,0.005,0.100728875796398,108,0.00502465804410533,64,0.592592592592593,0.493823943013738,0.686150859659986,0.00925925925925926,0.37962962962963,0.212962962962963,50
3,NQ_ONLY,xgb_d2,2,0.5,0.0257142782211304,10747,0.5,5658,0.526472503954592,0.516980032283968,0.535950625745199,0.0187028938308365,0.497813343258584,0.0286591606960082,53
3,NQ_ONLY,xgb_d2,2,0.2,0.0469422459602356,4299,0.200009304922304,2331,0.54221912072575,0.527185415475352,0.557195410339431,0.0195394277739009,0.48569434752268,0.0565247732030705,53
3,NQ_ONLY,xgb_d2,2,0.1,0.0590600073337555,2150,0.100027914766912,1215,0.565116279069768,0.543851994897255,0.586202798233334,0.0213953488372093,0.487441860465116,0.0776744186046512,53
3,NQ_ONLY,xgb_d2,2,0.05,0.0715212225914001,1075,0.0500139573834559,601,0.55906976744186,0.528797085663609,0.589018251161734,0.0204651162790698,0.491162790697675,0.067906976744186,53
3,NQ_ONLY,xgb_d2,2,0.02,0.0837846595048904,430,0.0200055829533823,246,0.572093023255814,0.523803485387365,0.619383860020906,0.0116279069767442,0.469767441860465,0.102325581395349,53
3,NQ_ONLY,xgb_d2,2,0.01,0.0925631165504455,215,0.0100027914766912,122,0.567441860465116,0.498348794452469,0.634649104374427,0.013953488372093,0.413953488372093,0.153488372093023,53
3,NQ_ONLY,xgb_d2,2,0.005,0.101396803855896,108,0.00502465804410533,56,0.518518518518519,0.420304205483405,0.615691752362034,0.0185185185185185,0.416666666666667,0.101851851851852,49
3,NQ_ONLY,xgb_d3,3,0.5,0.0264827013015747,10747,0.5,5673,0.527868242300177,0.518376828068129,0.537344550053169,0.0192611891690704,0.498743835488974,0.0291244068112032,53
3,NQ_ONLY,xgb_d3,3,0.2,0.04952073097229,4299,0.200009304922304,2330,0.541986508490347,0.526952374162589,0.556963543543886,0.0214003256571296,0.487090020935101,0.0548964875552454,53
3,NQ_ONLY,xgb_d3,3,0.1,0.0643661916255951,2150,0.100027914766912,1225,0.569767441860465,0.548523539278968,0.590820878443134,0.0213953488372093,0.486511627906977,0.0832558139534884,53
3,NQ_ONLY,xgb_d3,3,0.05,0.0789493471384049,1075,0.0500139573834559,599,0.557209302325581,0.52692873746486,0.587175882842165,0.026046511627907,0.476279069767442,0.0809302325581395,53
3,NQ_ONLY,xgb_d3,3,0.02,0.0954634582996368,430,0.0200055829533823,245,0.569767441860465,0.521462705294826,0.617105713602374,0.0186046511627907,0.458139534883721,0.111627906976744,53
3,NQ_ONLY,xgb_d3,3,0.01,0.107024322450161,215,0.0100027914766912,123,0.572093023255814,0.50302146147396,0.639148593079943,0.013953488372093,0.423255813953488,0.148837209302326,53
3,NQ_ONLY,xgb_d3,3,0.005,0.120405128002167,108,0.00502465804410533,60,0.555555555555556,0.456806969999629,0.651179922328777,0.0185185185185185,0.37037037037037,0.185185185185185,48
3,NQ_ONLY,xgb_d4,4,0.5,0.0282489359378815,10747,0.5,5640,0.52479761793989,0.515303974959942,0.5342778189558,0.0208430259607332,0.497534195589467,0.0272634223504234,53
3,NQ_ONLY,xgb_d4,4,0.2,0.0524995982646942,4299,0.200009304922304,2328,0.54152128401954,0.526486301338582,0.55649980015013,0.0223307745987439,0.484298674110258,0.0572226099092813,53
3,NQ_ONLY,xgb_d4,4,0.1,0.0681100934743881,2150,0.100027914766912,1223,0.568837209302326,0.547589080155421,0.589897412705664,0.0209302325581395,0.482325581395349,0.0865116279069768,53
3,NQ_ONLY,xgb_d4,4,0.05,0.0837631985545158,1075,0.0500139573834559,611,0.568372093023256,0.538145160958192,0.598223754118891,0.0251162790697674,0.466046511627907,0.102325581395349,53
3,NQ_ONLY,xgb_d4,4,0.02,0.101990849971771,430,0.0200055829533823,246,0.572093023255814,0.523803485387365,0.619383860020906,0.0372093023255814,0.413953488372093,0.158139534883721,53
3,NQ_ONLY,xgb_d4,4,0.01,0.116142573952675,215,0.0100027914766912,129,0.6,0.531181993718183,0.666020449509897,0.027906976744186,0.376744186046512,0.223255813953488,52
3,NQ_ONLY,xgb_d4,4,0.005,0.130946047902107,108,0.00502465804410533,68,0.62962962962963,0.531371540195781,0.720585848250172,0.0185185185185185,0.324074074074074,0.305555555555556,46
3,NQ_ONLY,xgb_d5,5,0.5,0.0293385982513428,10747,0.5,5659,0.526565553177631,0.517073149701745,0.536043556333633,0.0209360751837722,0.501349213734065,0.0252163394435657,53
3,NQ_ONLY,xgb_d5,5,0.2,0.0550530791282654,4299,0.200009304922304,2372,0.551756222377297,0.536742927477703,0.566699130421381,0.0232612235403582,0.48895091881833,0.0628053035589672,53
3,NQ_ONLY,xgb_d5,5,0.1,0.0725696802139282,2150,0.100027914766912,1228,0.571162790697674,0.54992536905886,0.592205935899313,0.0241860465116279,0.471162790697674,0.1,53
3,NQ_ONLY,xgb_d5,5,0.05,0.0882253795862197,1075,0.0500139573834559,623,0.57953488372093,0.549376870051614,0.609256328115963,0.0204651162790698,0.484651162790698,0.0948837209302325,53
3,NQ_ONLY,xgb_d5,5,0.02,0.108970227837563,430,0.0200055829533823,247,0.574418604651163,0.526145313307841,0.621660956522018,0.027906976744186,0.427906976744186,0.146511627906977,53
3,NQ_ONLY,xgb_d5,5,0.01,0.123419049084187,215,0.0100027914766912,122,0.567441860465116,0.498348794452469,0.634649104374427,0.0186046511627907,0.418604651162791,0.148837209302326,52
3,NQ_ONLY,xgb_d5,5,0.005,0.139744061082602,108,0.00502465804410533,63,0.583333333333333,0.484520759469443,0.677457468642603,0.0185185185185185,0.351851851851852,0.231481481481482,50
3,NQ_ES,logit,,0.5,0.0282407076866357,10747,0.5,5647,0.525448962501163,0.515955762379549,0.534928367580662,0.0191681399460315,0.496510654136038,0.0289383083651252,53
3,NQ_ES,logit,,0.2,0.0527804234907852,4299,0.200009304922304,2327,0.541288671784136,0.526253269826575,0.556267923552688,0.0179111421260758,0.497557571528262,0.0437311002558735,53
3,NQ_ES,logit,,0.1,0.0668539652219338,2150,0.100027914766912,1177,0.547441860465116,0.526117161652827,0.56863705223534,0.0148837209302326,0.502790697674419,0.0446511627906976,53
3,NQ_ES,logit,,0.05,0.0795877448488898,1075,0.0500139573834559,602,0.56,0.529731417794227,0.589939277187067,0.012093023255814,0.509767441860465,0.050232558139535,53
3,NQ_ES,logit,,0.02,0.0942875838250594,430,0.0200055829533823,230,0.534883720930233,0.486475509421775,0.582808809996412,0.013953488372093,0.490697674418605,0.0441860465116279,53
3,NQ_ES,logit,,0.01,0.10367158531711,215,0.0100027914766912,117,0.544186046511628,0.475073035554549,0.612063793594039,0.00930232558139535,0.474418604651163,0.0697674418604651,52
3,NQ_ES,logit,,0.005,0.112803536592265,108,0.00502465804410533,57,0.527777777777778,0.429382239868441,0.624611620760113,0.00925925925925926,0.435185185185185,0.0925925925925926,44
3,NQ_ES,ranger,,0.5,0.0243984333820151,10747,0.5,5646,0.525355913278124,0.515862648905366,0.53483543304852,0.0190750907229925,0.500232623057597,0.0251232902205267,53
3,NQ_ES,ranger,,0.2,0.0456475419699596,4299,0.200009304922304,2352,0.547103977669225,0.53208003849248,0.562063857504589,0.0193068155384973,0.494533612468016,0.0525703652012096,53
3,NQ_ES,ranger,,0.1,0.0582331536714029,2150,0.100027914766912,1215,0.565116279069768,0.543851994897255,0.586202798233334,0.0218604651162791,0.492093023255814,0.0730232558139535,53
3,NQ_ES,ranger,,0.05,0.0685892846711463,1075,0.0500139573834559,611,0.568372093023256,0.538145160958192,0.598223754118891,0.0213953488372093,0.488372093023256,0.0800000000000001,53
3,NQ_ES,ranger,,0.02,0.0792632186137703,430,0.0200055829533823,252,0.586046511627907,0.537870248274028,0.633030609675617,0.0186046511627907,0.462790697674419,0.123255813953488,53
3,NQ_ES,ranger,,0.01,0.0875721469841412,215,0.0100027914766912,132,0.613953488372093,0.545343642936664,0.679374563703123,0.0186046511627907,0.390697674418605,0.223255813953488,52
3,NQ_ES,ranger,,0.005,0.0957728627768912,108,0.00502465804410533,65,0.601851851851852,0.503160240083557,0.694810806682626,0.0185185185185185,0.361111111111111,0.240740740740741,45
3,NQ_ES,xgb_d2,2,0.5,0.0267210751771927,10747,0.5,5657,0.526379454731553,0.516886915194876,0.53585769482807,0.0197264352842654,0.49818554015074,0.0281939145808133,53
3,NQ_ES,xgb_d2,2,0.2,0.0476397633552551,4299,0.200009304922304,2367,0.550593161200279,0.535577082174152,0.56554043526656,0.0202372644801117,0.488718306582926,0.0618748546173529,53
3,NQ_ES,xgb_d2,2,0.1,0.0603690892457962,2150,0.100027914766912,1195,0.555813953488372,0.534514521160285,0.576961020787505,0.02,0.481395348837209,0.0744186046511628,53
3,NQ_ES,xgb_d2,2,0.05,0.0718253165483475,1075,0.0500139573834559,614,0.571162790697674,0.540951649615519,0.60098333741089,0.0223255813953488,0.469767441860465,0.101395348837209,53
3,NQ_ES,xgb_d2,2,0.02,0.0842168736457825,430,0.0200055829533823,251,0.583720930232558,0.535523147419079,0.630758797694264,0.0186046511627907,0.472093023255814,0.111627906976744,53
3,NQ_ES,xgb_d2,2,0.01,0.0932501202821731,215,0.0100027914766912,126,0.586046511627907,0.517074881977965,0.652611494161039,0.00930232558139535,0.427906976744186,0.158139534883721,52
3,NQ_ES,xgb_d2,2,0.005,0.1014361551404,108,0.00502465804410533,57,0.527777777777778,0.429382239868441,0.624611620760113,0.0185185185185185,0.425925925925926,0.101851851851852,45
3,NQ_ES,xgb_d3,3,0.5,0.0278395414352417,10747,0.5,5634,0.524239322601656,0.514745312841103,0.533720193036167,0.0200986321764213,0.497161998697311,0.0270773239043454,53
3,NQ_ES,xgb_d3,3,0.2,0.0505627512931824,4299,0.200009304922304,2358,0.548499651081647,0.533478767421448,0.563454577165131,0.0197720400093045,0.489881367759944,0.0586182833217027,53
3,NQ_ES,xgb_d3,3,0.1,0.0648403614759445,2150,0.100027914766912,1207,0.561395348837209,0.540116108915954,0.582506984046315,0.02,0.476279069767442,0.0851162790697674,53
3,NQ_ES,xgb_d3,3,0.05,0.0785394325852394,1075,0.0500139573834559,622,0.578604651162791,0.548440306871578,0.608337534869343,0.026046511627907,0.464186046511628,0.114418604651163,53
3,NQ_ES,xgb_d3,3,0.02,0.0942130547761917,430,0.0200055829533823,248,0.576744186046512,0.528488191205745,0.623937000881385,0.0186046511627907,0.441860465116279,0.134883720930233,53
3,NQ_ES,xgb_d3,3,0.01,0.104729183018208,215,0.0100027914766912,124,0.576744186046512,0.507700015363182,0.643642171767568,0.00930232558139535,0.362790697674419,0.213953488372093,52
3,NQ_ES,xgb_d3,3,0.005,0.115781728625298,108,0.00502465804410533,59,0.546296296296296,0.447633507520182,0.642355851977102,0.0185185185185185,0.37037037037037,0.175925925925926,46
3,NQ_ES,xgb_d4,4,0.5,0.0280556082725525,10747,0.5,5629,0.523774076486461,0.514279770108197,0.533255495736769,0.0194472876151484,0.499022983158091,0.0247510933283707,53
3,NQ_ES,xgb_d4,4,0.2,0.0527426660060883,4299,0.200009304922304,2339,0.544080018608979,0.529049863647045,0.559050227020183,0.021167713421726,0.491974877878576,0.0521051407304024,53
3,NQ_ES,xgb_d4,4,0.1,0.0683846116065979,2150,0.100027914766912,1212,0.563720930232558,0.542450897302614,0.584817008314705,0.0223255813953488,0.472558139534884,0.0911627906976743,53
3,NQ_ES,xgb_d4,4,0.05,0.0829338356852531,1075,0.0500139573834559,608,0.565581395348837,0.535339627526626,0.595463214871608,0.026046511627907,0.467906976744186,0.0976744186046512,53
3,NQ_ES,xgb_d4,4,0.02,0.101036865711212,430,0.0200055829533823,249,0.57906976744186,0.530832121307601,0.626211990796905,0.0255813953488372,0.441860465116279,0.137209302325581,53
3,NQ_ES,xgb_d4,4,0.01,0.112753414213657,215,0.0100027914766912,121,0.562790697674419,0.49368199187725,0.630143729706124,0.0232558139534884,0.395348837209302,0.167441860465116,52
3,NQ_ES,xgb_d4,4,0.005,0.126936441957951,108,0.00502465804410533,61,0.564814814814815,0.466012527017943,0.659971710357803,0.0185185185185185,0.333333333333333,0.231481481481481,48
3,NQ_ES,xgb_d5,5,0.5,0.0295967161655426,10747,0.5,5637,0.524518470270773,0.515024642422322,0.533999007474224,0.0196333860612264,0.496975900251233,0.0275425700195404,53
3,NQ_ES,xgb_d5,5,0.2,0.0555619597434998,4299,0.200009304922304,2335,0.543149569667365,0.528117613407165,0.558122844836986,0.0225633868341475,0.493370551290998,0.0497790183763666,53
3,NQ_ES,xgb_d5,5,0.1,0.0723743975162506,2150,0.100027914766912,1204,0.56,0.538715460156,0.581120745135791,0.0269767441860465,0.474418604651163,0.0855813953488372,53
3,NQ_ES,xgb_d5,5,0.05,0.0878494173288345,1075,0.0500139573834559,623,0.57953488372093,0.549376870051614,0.609256328115963,0.0241860465116279,0.457674418604651,0.121860465116279,53
3,NQ_ES,xgb_d5,5,0.02,0.105561696887016,430,0.0200055829533823,251,0.583720930232558,0.535523147419079,0.630758797694264,0.0255813953488372,0.430232558139535,0.153488372093023,53
3,NQ_ES,xgb_d5,5,0.01,0.119274487495422,215,0.0100027914766912,124,0.576744186046512,0.507700015363182,0.643642171767568,0.0372093023255814,0.4,0.176744186046512,52
3,NQ_ES,xgb_d5,5,0.005,0.130351457446814,108,0.00502465804410533,64,0.592592592592593,0.493823943013738,0.686150859659986,0.0185185185185185,0.388888888888889,0.203703703703704,47
5,NQ_ONLY,logit,,0.5,0.0244300991539059,10740,0.5,5589,0.520391061452514,0.510891734639871,0.529879327750837,0.0141527001862197,0.506238361266294,0.0141527001862198,53
5,NQ_ONLY,logit,,0.2,0.045608964190908,4296,0.2,2323,0.540735567970205,0.525693885575328,0.555721813546963,0.0160614525139665,0.516527001862197,0.0242085661080075,53
5,NQ_ONLY,logit,,0.1,0.0575847661965907,2148,0.1,1226,0.570763500931099,0.549514179203347,0.591819455568211,0.0111731843575419,0.533519553072626,0.0372439478584731,53
5,NQ_ONLY,logit,,0.05,0.0678177018036134,1074,0.05,622,0.579143389199255,0.54896837289982,0.608883578248617,0.0148975791433892,0.542830540037244,0.0363128491620112,53
5,NQ_ONLY,logit,,0.02,0.080764672574161,430,0.0200186219739292,232,0.53953488372093,0.491127074351342,0.58739514262217,0.0116279069767442,0.502325581395349,0.0372093023255814,53
5,NQ_ONLY,logit,,0.01,0.0891610966467592,215,0.0100093109869646,114,0.530232558139535,0.461177039452762,0.59844297066573,0.0186046511627907,0.502325581395349,0.027906976744186,52
5,NQ_ONLY,logit,,0.005,0.0954193872750862,108,0.00502793296089386,59,0.546296296296296,0.447633507520182,0.642355851977102,0.0185185185185185,0.472222222222222,0.0740740740740741,45
5,NQ_ONLY,ranger,,0.5,0.0194629555255299,10740,0.5,5600,0.521415270018622,0.511916475744417,0.530902448221121,0.0145251396648045,0.507448789571695,0.0139664804469274,53
5,NQ_ONLY,ranger,,0.2,0.0393259974046025,4296,0.2,2322,0.540502793296089,0.525460702284981,0.555489764292233,0.0139664804469274,0.505819366852886,0.034683426443203,53
5,NQ_ONLY,ranger,,0.1,0.0507584901772238,2148,0.1,1199,0.558193668528864,0.536892473031007,0.579335852551717,0.015828677839851,0.516294227188082,0.0418994413407822,53
5,NQ_ONLY,ranger,,0.05,0.0591417245794093,1074,0.05,618,0.575418994413408,0.545219449531851,0.605204184323597,0.0186219739292365,0.509310986964618,0.0661080074487895,53
5,NQ_ONLY,ranger,,0.02,0.0701160243014366,430,0.0200186219739292,252,0.586046511627907,0.537870248274028,0.633030609675617,0.0255813953488372,0.534883720930233,0.0511627906976745,53
5,NQ_ONLY,ranger,,0.01,0.0813205248110098,215,0.0100093109869646,119,0.553488372093023,0.484365898711652,0.621115410226684,0.0232558139534884,0.506976744186047,0.0465116279069767,51
5,NQ_ONLY,ranger,,0.005,0.0895403888184373,108,0.00502793296089386,58,0.537037037037037,0.438491974539868,0.633499697077534,0.0185185185185185,0.527777777777778,0.0092592592592593,48
5,NQ_ONLY,xgb_d2,2,0.5,0.0211528092622757,10740,0.5,5589,0.520391061452514,0.510891734639871,0.529879327750837,0.0144320297951583,0.506052141527002,0.0143389199255122,53
5,NQ_ONLY,xgb_d2,2,0.2,0.040934419631958,4296,0.2,2306,0.536778398510242,0.521730214193948,0.551776531613305,0.0160614525139665,0.508845437616387,0.0279329608938548,53
5,NQ_ONLY,xgb_d2,2,0.1,0.0524544179439545,2148,0.1,1188,0.553072625698324,0.531754208958015,0.574246026366349,0.0148975791433892,0.524208566108008,0.0288640595903166,53
5,NQ_ONLY,xgb_d2,2,0.05,0.0613324105739594,1074,0.05,602,0.560521415270019,0.530240827235321,0.590469523733542,0.015828677839851,0.52048417132216,0.0400372439478585,53
5,NQ_ONLY,xgb_d2,2,0.02,0.0704317986965179,430,0.0200186219739292,239,0.555813953488372,0.507439918278719,0.60341490177667,0.0209302325581395,0.504651162790698,0.0511627906976745,53
5,NQ_ONLY,xgb_d2,2,0.01,0.0765152674913406,215,0.0100093109869646,119,0.553488372093023,0.484365898711652,0.621115410226684,0.0186046511627907,0.502325581395349,0.0511627906976744,52
5,NQ_ONLY,xgb_d2,2,0.005,0.0830260157585144,108,0.00502793296089386,63,0.583333333333333,0.484520759469443,0.677457468642603,0.00925925925925926,0.546296296296296,0.0370370370370371,45
5,NQ_ONLY,xgb_d3,3,0.5,0.0221708863973618,10740,0.5,5597,0.521135940409684,0.511636996953239,0.530623419310165,0.0162011173184358,0.504841713221602,0.0162942271880819,53
5,NQ_ONLY,xgb_d3,3,0.2,0.0436320960521698,4296,0.2,2286,0.532122905027933,0.517068279318224,0.547133815407267,0.0169925512104283,0.501629422718808,0.0304934823091247,53
5,NQ_ONLY,xgb_d3,3,0.1,0.0561864018440247,2148,0.1,1204,0.560521415270019,0.539228794536758,0.581648662742499,0.015828677839851,0.517690875232775,0.042830540037244,53
5,NQ_ONLY,xgb_d3,3,0.05,0.0661210924386978,1074,0.05,603,0.561452513966481,0.531176194868904,0.591391236865463,0.015828677839851,0.5,0.0614525139664804,53
5,NQ_ONLY,xgb_d3,3,0.02,0.0788988840579984,430,0.0200186219739292,248,0.576744186046512,0.528488191205745,0.623937000881385,0.0232558139534884,0.511627906976744,0.0651162790697675,53
5,NQ_ONLY,xgb_d3,3,0.01,0.0883302170038223,215,0.0100093109869646,120,0.558139534883721,0.489021032998863,0.625632491429038,0.0232558139534884,0.502325581395349,0.055813953488372,50
5,NQ_ONLY,xgb_d3,3,0.005,0.098555873632431,108,0.00502793296089386,65,0.601851851851852,0.503160240083557,0.694810806682626,0.0185185185185185,0.5,0.101851851851852,47
5,NQ_ONLY,xgb_d4,4,0.5,0.0235254764556885,10740,0.5,5595,0.520949720670391,0.511450679402732,0.530437398392544,0.014804469273743,0.502141527001862,0.0188081936685288,53
5,NQ_ONLY,xgb_d4,4,0.2,0.0461589336395264,4296,0.2,2282,0.531191806331471,0.516136048836186,0.546205115658431,0.0153631284916201,0.499301675977654,0.0318901303538175,53
5,NQ_ONLY,xgb_d4,4,0.1,0.0592489302158356,2148,0.1,1219,0.567504655493482,0.546240569818743,0.588584281572518,0.0172253258845438,0.514897579143389,0.0526070763500931,53
5,NQ_ONLY,xgb_d4,4,0.05,0.0713305816054344,1074,0.05,607,0.565176908752328,0.534918724202387,0.595077029857861,0.0195530726256983,0.505586592178771,0.0595903165735567,53
5,NQ_ONLY,xgb_d4,4,0.02,0.0878651267290115,430,0.0200186219739292,251,0.583720930232558,0.535523147419079,0.630758797694264,0.027906976744186,0.509302325581395,0.0744186046511628,53
5,NQ_ONLY,xgb_d4,4,0.01,0.101272988319397,215,0.0100093109869646,120,0.558139534883721,0.489021032998863,0.625632491429038,0.0325581395348837,0.502325581395349,0.055813953488372,50
5,NQ_ONLY,xgb_d4,4,0.005,0.114155701100826,108,0.00502793296089386,57,0.527777777777778,0.429382239868441,0.624611620760113,0.0185185185185185,0.527777777777778,0,46
5,NQ_ONLY,xgb_d5,5,0.5,0.0250143259763718,10740,0.5,5606,0.521973929236499,0.512475442203053,0.53146049716654,0.0155493482309125,0.504469273743017,0.0175046554934823,53
5,NQ_ONLY,xgb_d5,5,0.2,0.0487532496452332,4296,0.2,2292,0.533519553072626,0.518466722806855,0.548526767256174,0.0155959031657356,0.50256052141527,0.0309590316573557,53
5,NQ_ONLY,xgb_d5,5,0.1,0.0635412454605103,2148,0.1,1179,0.548882681564246,0.52755185096003,0.570079946380868,0.0181564245810056,0.498137802607076,0.0507448789571695,53
5,NQ_ONLY,xgb_d5,5,0.05,0.077031522989273,1074,0.05,610,0.567970204841713,0.53772673507309,0.597840259925277,0.021415270018622,0.499068901303538,0.0689013035381751,53
5,NQ_ONLY,xgb_d5,5,0.02,0.0948078471422194,430,0.0200186219739292,241,0.56046511627907,0.512110022869312,0.607982670560903,0.0209302325581395,0.518604651162791,0.0418604651162791,53
5,NQ_ONLY,xgb_d5,5,0.01,0.10921532869339,215,0.0100093109869646,120,0.558139534883721,0.489021032998863,0.625632491429038,0.027906976744186,0.506976744186047,0.0511627906976744,52
5,NQ_ONLY,xgb_d5,5,0.005,0.122577568143606,108,0.00502793296089386,63,0.583333333333333,0.484520759469443,0.677457468642603,0.0185185185185185,0.490740740740741,0.0925925925925926,46
5,NQ_ES,logit,,0.5,0.0245910789534682,10740,0.5,5637,0.524860335195531,0.515363624174218,0.534343561444886,0.0135940409683426,0.508659217877095,0.0162011173184358,53
5,NQ_ES,logit,,0.2,0.0462832629643537,4296,0.2,2315,0.538873370577281,0.52382851080865,0.553865327942808,0.0141992551210428,0.522346368715084,0.0165270018621975,53
5,NQ_ES,logit,,0.1,0.0587039463141059,2148,0.1,1200,0.558659217877095,0.537359699937291,0.579798451997109,0.0153631284916201,0.521880819366853,0.036778398510242,53
5,NQ_ES,logit,,0.05,0.0697087075451871,1074,0.05,610,0.567970204841713,0.53772673507309,0.597840259925277,0.0121042830540037,0.519553072625698,0.048417132216015,53
5,NQ_ES,logit,,0.02,0.0824718943056424,430,0.0200186219739292,240,0.558139534883721,0.509774452319568,0.605699305250523,0.0209302325581395,0.506976744186047,0.0511627906976744,53
5,NQ_ES,logit,,0.01,0.0915001905962746,215,0.0100093109869646,110,0.511627906976744,0.442729428662963,0.580201365801958,0.0186046511627907,0.506976744186047,0.00465116279069766,52
5,NQ_ES,logit,,0.005,0.0994128178252972,108,0.00502793296089386,59,0.546296296296296,0.447633507520182,0.642355851977102,0.00925925925925926,0.490740740740741,0.0555555555555555,41
5,NQ_ES,ranger,,0.5,0.0188351505194032,10740,0.5,5576,0.519180633147114,0.509680728240922,0.528670134105646,0.0147113594040968,0.506517690875233,0.0126629422718808,53
5,NQ_ES,ranger,,0.2,0.0391313913761032,4296,0.2,2319,0.539804469273743,0.524761172036034,0.554793596903742,0.0139664804469274,0.508612662942272,0.0311918063314711,53
5,NQ_ES,ranger,,0.1,0.0514402416926579,2148,0.1,1188,0.553072625698324,0.531754208958015,0.574246026366349,0.0125698324022346,0.518621973929237,0.0344506517690876,53
5,NQ_ES,ranger,,0.05,0.0599448700075885,1074,0.05,594,0.553072625698324,0.522761686717761,0.583092015660328,0.0148975791433892,0.518621973929237,0.0344506517690876,53
5,NQ_ES,ranger,,0.02,0.0697206262811652,430,0.0200186219739292,245,0.569767441860465,0.521462705294826,0.617105713602374,0.0232558139534884,0.509302325581395,0.0604651162790698,53
5,NQ_ES,ranger,,0.01,0.0764374283096633,215,0.0100093109869646,124,0.576744186046512,0.507700015363182,0.643642171767568,0.027906976744186,0.567441860465116,0.00930232558139543,51
5,NQ_ES,ranger,,0.005,0.0822340568576327,108,0.00502793296089386,60,0.555555555555556,0.456806969999629,0.651179922328777,0.0185185185185185,0.564814814814815,-0.00925925925925919,46
5,NQ_ES,xgb_d2,2,0.5,0.0218808054924011,10740,0.5,5587,0.520204841713222,0.510705422348268,0.529693301574191,0.0152700186219739,0.505586592178771,0.0146182495344506,53
5,NQ_ES,xgb_d2,2,0.2,0.0415438413619995,4296,0.2,2278,0.530260707635009,0.515203870474193,0.545276363785031,0.0144320297951583,0.502793296089386,0.0274674115456238,53
5,NQ_ES,xgb_d2,2,0.1,0.0530452847480774,2148,0.1,1188,0.553072625698324,0.531754208958015,0.574246026366349,0.0162942271880819,0.516759776536313,0.0363128491620112,53
5,NQ_ES,xgb_d2,2,0.05,0.0611199513077736,1074,0.05,617,0.574487895716946,0.544282486521124,0.604284067781378,0.0167597765363129,0.524208566108008,0.0502793296089386,53
5,NQ_ES,xgb_d2,2,0.02,0.0690992057323456,430,0.0200186219739292,249,0.57906976744186,0.530832121307601,0.626211990796905,0.0232558139534884,0.527906976744186,0.0511627906976744,53
5,NQ_ES,xgb_d2,2,0.01,0.0742011559009552,215,0.0100093109869646,127,0.590697674418605,0.521771248196628,0.65708718093826,0.0232558139534884,0.488372093023256,0.102325581395349,52
5,NQ_ES,xgb_d2,2,0.005,0.0802735963463783,108,0.00502793296089386,56,0.518518518518519,0.420304205483405,0.615691752362034,0.0185185185185185,0.481481481481482,0.037037037037037,47
5,NQ_ES,xgb_d3,3,0.5,0.0233471542596817,10740,0.5,5596,0.521042830540037,0.51154383801363,0.530530409015714,0.0162011173184358,0.506610800744879,0.0144320297951582,53
5,NQ_ES,xgb_d3,3,0.2,0.0436613261699677,4296,0.2,2288,0.532588454376164,0.517534414110001,0.54759814572919,0.0146648044692737,0.504189944134078,0.0283985102420856,53
5,NQ_ES,xgb_d3,3,0.1,0.0557768702507019,2148,0.1,1177,0.547951582867784,0.526618198062518,0.569153946336243,0.0148975791433892,0.511173184357542,0.0367783985102421,53
5,NQ_ES,xgb_d3,3,0.05,0.0651626080274582,1074,0.05,612,0.569832402234637,0.539599273922254,0.599681881299552,0.0176908752327747,0.509310986964618,0.0605214152700185,53
5,NQ_ES,xgb_d3,3,0.02,0.0771115553379058,430,0.0200186219739292,245,0.569767441860465,0.521462705294826,0.617105713602374,0.0209302325581395,0.509302325581395,0.0604651162790698,53
5,NQ_ES,xgb_d3,3,0.01,0.0859729868173599,215,0.0100093109869646,113,0.525581395348837,0.456556540583553,0.593891175961014,0.027906976744186,0.548837209302326,-0.0232558139534884,51
5,NQ_ES,xgb_d3,3,0.005,0.0947452837228774,108,0.00502793296089386,56,0.518518518518519,0.420304205483405,0.615691752362034,0.00925925925925926,0.537037037037037,-0.0185185185185186,49
5,NQ_ES,xgb_d4,4,0.5,0.0237141102552414,10740,0.5,5607,0.522067039106145,0.512568604430215,0.531553504173361,0.0156424581005587,0.508845437616387,0.0132216014897579,53
5,NQ_ES,xgb_d4,4,0.2,0.0463796555995941,4296,0.2,2307,0.537011173184358,0.521963345197953,0.552008633160022,0.0146648044692737,0.496741154562384,0.0402700186219739,53
5,NQ_ES,xgb_d4,4,0.1,0.0594401985406876,2148,0.1,1167,0.543296089385475,0.521951046564441,0.564522832834319,0.0181564245810056,0.500931098696462,0.0423649906890131,53
5,NQ_ES,xgb_d4,4,0.05,0.0709578245878219,1074,0.05,595,0.554003724394786,0.523696210416778,0.584014573264115,0.021415270018622,0.493482309124767,0.0605214152700186,53
5,NQ_ES,xgb_d4,4,0.02,0.0860988521575927,430,0.0200186219739292,239,0.555813953488372,0.507439918278719,0.60341490177667,0.0255813953488372,0.488372093023256,0.0674418604651164,53
5,NQ_ES,xgb_d4,4,0.01,0.0968335491418839,215,0.0100093109869646,131,0.609302325581395,0.540616974872965,0.674929347562263,0.00930232558139535,0.516279069767442,0.0930232558139534,51
5,NQ_ES,xgb_d4,4,0.005,0.106744473427534,108,0.00502793296089386,66,0.611111111111111,0.512530002079627,0.703436918618474,0,0.527777777777778,0.0833333333333334,45
5,NQ_ES,xgb_d5,5,0.5,0.0250607430934906,10740,0.5,5585,0.520018621973929,0.510519111371241,0.52950727408294,0.0162942271880819,0.508379888268156,0.0116387337057728,53
5,NQ_ES,xgb_d5,5,0.2,0.0484247088432312,4296,0.2,2288,0.532588454376164,0.517534414110001,0.54759814572919,0.0146648044692737,0.500698324022346,0.0318901303538175,53
5,NQ_ES,xgb_d5,5,0.1,0.0630103290081025,2148,0.1,1174,0.546554934823091,0.52521785792484,0.567764807023675,0.0181564245810056,0.502793296089386,0.0437616387337058,53
5,NQ_ES,xgb_d5,5,0.05,0.0756889566779136,1074,0.05,593,0.552141527001862,0.521827268214526,0.582169352798807,0.0167597765363129,0.478584729981378,0.0735567970204841,53
5,NQ_ES,xgb_d5,5,0.02,0.0929920834302901,430,0.0200186219739292,249,0.57906976744186,0.530832121307601,0.626211990796905,0.027906976744186,0.504651162790698,0.0744186046511628,53
5,NQ_ES,xgb_d5,5,0.01,0.106315304636955,215,0.0100093109869646,129,0.6,0.531181993718183,0.666020449509897,0.0232558139534884,0.511627906976744,0.0883720930232558,52
5,NQ_ES,xgb_d5,5,0.005,0.118002842366695,108,0.00502793296089386,61,0.564814814814815,0.466012527017943,0.659971710357803,0.00925925925925926,0.5,0.0648148148148148,45
7,NQ_ONLY,logit,,0.5,0.0256560774914202,10731,0.500023298075579,5590,0.520920697045942,0.511417637084335,0.530412399658407,0.011462119094213,0.510670021433231,0.0102506756127109,53
7,NQ_ONLY,logit,,0.2,0.0477231924860729,4293,0.200037276920926,2312,0.538551129746098,0.523500438436101,0.553549320377721,0.0114139296529234,0.525506638714186,0.0130444910319124,53
7,NQ_ONLY,logit,,0.1,0.0606032807332066,2147,0.100041936536042,1183,0.551001397298556,0.529671625165821,0.572191748340489,0.0139729855612483,0.52119236143456,0.0298090358639963,53
7,NQ_ONLY,logit,,0.05,0.0719811418128689,1074,0.0500442663436,594,0.553072625698324,0.522761686717761,0.583092015660328,0.0121042830540037,0.531657355679702,0.021415270018622,53
7,NQ_ONLY,logit,,0.02,0.0859924737377887,430,0.0200363449979032,245,0.569767441860465,0.521462705294826,0.617105713602374,0.0116279069767442,0.541860465116279,0.0279069767441861,53
7,NQ_ONLY,logit,,0.01,0.0945586242104517,215,0.0100181724989516,119,0.553488372093023,0.484365898711652,0.621115410226684,0.0186046511627907,0.516279069767442,0.0372093023255814,52
7,NQ_ONLY,logit,,0.005,0.100614389259083,108,0.00503238432505475,58,0.537037037037037,0.438491974539868,0.633499697077534,0.0277777777777778,0.574074074074074,-0.037037037037037,45
7,NQ_ONLY,ranger,,0.5,0.021201330092576,10731,0.500023298075579,5550,0.51719317864132,0.507688441124406,0.526688582407396,0.0135122542167552,0.505358307706644,0.0118348709346753,53
7,NQ_ONLY,ranger,,0.2,0.0414564715698638,4293,0.200037276920926,2309,0.537852317726532,0.522800501403566,0.552852585101343,0.0144421150710459,0.507104588865595,0.0307477288609364,53
7,NQ_ONLY,ranger,,0.1,0.0536210709402067,2147,0.100041936536042,1194,0.556124825337681,0.534811372502712,0.577284848874291,0.0130414531904984,0.518863530507685,0.0372612948299953,53
7,NQ_ONLY,ranger,,0.05,0.0633178506179309,1074,0.0500442663436,618,0.575418994413408,0.545219449531851,0.605204184323597,0.015828677839851,0.535381750465549,0.0400372439478585,53
7,NQ_ONLY,ranger,,0.02,0.0748164809916662,430,0.0200363449979032,252,0.586046511627907,0.537870248274028,0.633030609675617,0.0186046511627907,0.511627906976744,0.0744186046511628,53
7,NQ_ONLY,ranger,,0.01,0.0838751150200524,215,0.0100181724989516,132,0.613953488372093,0.545343642936664,0.679374563703123,0.00930232558139535,0.525581395348837,0.0883720930232559,52
7,NQ_ONLY,ranger,,0.005,0.0926220133894524,108,0.00503238432505475,67,0.62037037037037,0.521933622690487,0.712028759973906,0.0185185185185185,0.555555555555556,0.0648148148148148,45
7,NQ_ONLY,xgb_d2,2,0.5,0.0231374800205231,10731,0.500023298075579,5587,0.520641133165595,0.511137929111963,0.530133131640358,0.0130463144161774,0.507408442829187,0.0132326903364085,53
7,NQ_ONLY,xgb_d2,2,0.2,0.042736828327179,4293,0.200037276920926,2336,0.544141625902632,0.529100996068614,0.559122141097575,0.0128115536920568,0.508502212904729,0.0356394129979035,53
7,NQ_ONLY,xgb_d2,2,0.1,0.0540242195129395,2147,0.100041936536042,1184,0.551467163483931,0.530138781723037,0.572654850708108,0.0149045179319981,0.518863530507685,0.0326036329762459,53
7,NQ_ONLY,xgb_d2,2,0.05,0.0628451704978943,1074,0.0500442663436,608,0.56610800744879,0.535854621613136,0.595998212838603,0.015828677839851,0.545623836126629,0.0204841713221601,53
7,NQ_ONLY,xgb_d2,2,0.02,0.0716947793960571,430,0.0200363449979032,258,0.6,0.551975247960078,0.646639030626109,0.013953488372093,0.569767441860465,0.0302325581395349,53
7,NQ_ONLY,xgb_d2,2,0.01,0.0791248917579652,215,0.0100181724989516,139,0.646511627906977,0.578605546100829,0.710314619633893,0.013953488372093,0.595348837209302,0.0511627906976744,50
7,NQ_ONLY,xgb_d2,2,0.005,0.0876979351043702,108,0.00503238432505475,60,0.555555555555556,0.456806969999629,0.651179922328777,0.0185185185185185,0.564814814814815,-0.00925925925925919,44
7,NQ_ONLY,xgb_d3,3,0.5,0.0242475271224976,10731,0.500023298075579,5600,0.521852576647097,0.512350018403873,0.531343271639771,0.0127667505358308,0.503121796663871,0.0187307799832261,53
7,NQ_ONLY,xgb_d3,3,0.2,0.046090841293335,4293,0.200037276920926,2322,0.540880503144654,0.525833774695022,0.55587155845865,0.0135103657116236,0.504542278127184,0.0363382250174703,53
7,NQ_ONLY,xgb_d3,3,0.1,0.0583855509757996,2147,0.100041936536042,1176,0.547741034000932,0.526402050281955,0.568949510605072,0.0144387517466232,0.51653469958081,0.0312063344201211,53
7,NQ_ONLY,xgb_d3,3,0.05,0.0687386393547058,1074,0.0500442663436,607,0.565176908752328,0.534918724202387,0.595077029857861,0.015828677839851,0.533519553072626,0.0316573556797021,53
7,NQ_ONLY,xgb_d3,3,0.02,0.0813310742378234,430,0.0200363449979032,249,0.57906976744186,0.530832121307601,0.626211990796905,0.0162790697674419,0.506976744186047,0.0720930232558139,53
7,NQ_ONLY,xgb_d3,3,0.01,0.091765183210373,215,0.0100181724989516,130,0.604651162790698,0.535896437513689,0.670477963129144,0.013953488372093,0.53953488372093,0.0651162790697674,51
7,NQ_ONLY,xgb_d3,3,0.005,0.102734932303429,108,0.00503238432505475,63,0.583333333333333,0.484520759469443,0.677457468642603,0.0277777777777778,0.555555555555556,0.0277777777777778,40
7,NQ_ONLY,xgb_d4,4,0.5,0.0255927443504334,10731,0.500023298075579,5597,0.521573012766751,0.512070300548936,0.53106401350452,0.0132326903364085,0.504053676265027,0.017519336501724,53
7,NQ_ONLY,xgb_d4,4,0.2,0.0488222241401672,4293,0.200037276920926,2299,0.535522944327976,0.520467590604324,0.550529921515437,0.0137433030514792,0.500582343349639,0.0349406009783368,53
7,NQ_ONLY,xgb_d4,4,0.1,0.0624032020568848,2147,0.100041936536042,1159,0.539823008849558,0.518465441696284,0.561071716141413,0.0121099208197485,0.507219375873312,0.0326036329762459,53
7,NQ_ONLY,xgb_d4,4,0.05,0.0742582678794861,1074,0.0500442663436,620,0.577281191806331,0.54709369676444,0.607044095923771,0.015828677839851,0.53072625698324,0.0465549348230911,53
7,NQ_ONLY,xgb_d4,4,0.02,0.0900758028030395,430,0.0200363449979032,241,0.56046511627907,0.512110022869312,0.607982670560903,0.0209302325581395,0.483720930232558,0.0767441860465117,53
7,NQ_ONLY,xgb_d4,4,0.01,0.102675300836564,215,0.0100181724989516,127,0.590697674418605,0.521771248196628,0.65708718093826,0.013953488372093,0.488372093023256,0.102325581395349,49
7,NQ_ONLY,xgb_d4,4,0.005,0.116730210185051,108,0.00503238432505475,64,0.592592592592593,0.493823943013738,0.686150859659986,0.0277777777777778,0.5,0.0925925925925926,41
7,NQ_ONLY,xgb_d5,5,0.5,0.0271418690681458,10731,0.500023298075579,5594,0.521293448886404,0.511790585659016,0.530784752404181,0.0136986301369863,0.505265119746529,0.0160283291398751,53
7,NQ_ONLY,xgb_d5,5,0.2,0.0520012974739075,4293,0.200037276920926,2270,0.528767761472164,0.513703996728949,0.543792349498773,0.0142091777311903,0.498252969951083,0.0305147915210808,53
7,NQ_ONLY,xgb_d5,5,0.1,0.0667887926101685,2147,0.100041936536042,1155,0.537959944108058,0.516598782377081,0.559217339268067,0.0116441546343735,0.499301350721938,0.0386585933861202,53
7,NQ_ONLY,xgb_d5,5,0.05,0.0802011489868164,1074,0.0500442663436,589,0.548417132216015,0.518090644939341,0.57847765001835,0.0148975791433892,0.496275605214153,0.0521415270018621,53
7,NQ_ONLY,xgb_d5,5,0.02,0.0976968646049499,430,0.0200363449979032,242,0.562790697674419,0.514446631629908,0.610264995934912,0.0162790697674419,0.467441860465116,0.0953488372093023,53
7,NQ_ONLY,xgb_d5,5,0.01,0.112273132801056,215,0.0100181724989516,121,0.562790697674419,0.49368199187725,0.630143729706124,0.013953488372093,0.483720930232558,0.0790697674418605,51
7,NQ_ONLY,xgb_d5,5,0.005,0.124628993868828,108,0.00503238432505475,61,0.564814814814815,0.466012527017943,0.659971710357803,0.0277777777777778,0.490740740740741,0.074074074074074,43
7,NQ_ES,logit,,0.5,0.0256279786487917,10731,0.500023298075579,5602,0.522038952567328,0.512536498621168,0.531529442082561,0.0119280588947908,0.508713074270804,0.0133258782965241,53
7,NQ_ES,logit,,0.2,0.0480341669949395,4293,0.200037276920926,2283,0.531795946890287,0.516735613120343,0.546812979916821,0.0114139296529234,0.517586769159096,0.0142091777311903,53
7,NQ_ES,logit,,0.1,0.0608568439305409,2147,0.100041936536042,1170,0.544946436888682,0.523600282299465,0.566169724720526,0.0125756870051234,0.52398695854681,0.0209594783418723,53
7,NQ_ES,logit,,0.05,0.0719916819961003,1074,0.0500442663436,593,0.552141527001862,0.521827268214526,0.582169352798807,0.0121042830540037,0.516759776536313,0.0353817504655493,53
7,NQ_ES,logit,,0.02,0.0854181626197251,430,0.0200363449979032,236,0.548837209302326,0.50044251927293,0.596555479012171,0.013953488372093,0.537209302325581,0.0116279069767442,53
7,NQ_ES,logit,,0.01,0.094149355628354,215,0.0100181724989516,119,0.553488372093023,0.484365898711652,0.621115410226684,0.0232558139534884,0.506976744186047,0.0465116279069767,51
7,NQ_ES,logit,,0.005,0.102546579106847,108,0.00503238432505475,60,0.555555555555556,0.456806969999629,0.651179922328777,0.037037037037037,0.527777777777778,0.0277777777777778,43
7,NQ_ES,ranger,,0.5,0.021046319737997,10731,0.500023298075579,5553,0.517472742521666,0.507968112550432,0.526967886972568,0.0137918180971019,0.507408442829187,0.0100642996924797,53
7,NQ_ES,ranger,,0.2,0.041850696910674,4293,0.200037276920926,2308,0.537619380386676,0.522567195604291,0.552620333463621,0.0125786163522013,0.511996273002562,0.0256231073841137,53
7,NQ_ES,ranger,,0.1,0.0546080000769366,2147,0.100041936536042,1176,0.547741034000932,0.526402050281955,0.568949510605072,0.0130414531904984,0.514205868653936,0.0335351653469959,53
7,NQ_ES,ranger,,0.05,0.0636756413803926,1074,0.0500442663436,622,0.579143389199255,0.54896837289982,0.608883578248617,0.0139664804469274,0.534450651769088,0.0446927374301676,53
7,NQ_ES,ranger,,0.02,0.0729910804324577,430,0.0200363449979032,253,0.588372093023256,0.540218411025285,0.63530135721038,0.0209302325581395,0.509302325581395,0.0790697674418605,53
7,NQ_ES,ranger,,0.01,0.0797088097076557,215,0.0100181724989516,135,0.627906976744186,0.559560833930992,0.692672779277266,0.0186046511627907,0.572093023255814,0.0558139534883722,53
7,NQ_ES,ranger,,0.005,0.0866371481468535,108,0.00503238432505475,65,0.601851851851852,0.503160240083557,0.694810806682626,0.0277777777777778,0.592592592592593,0.0092592592592593,47
7,NQ_ES,xgb_d2,2,0.5,0.0229755938053131,10731,0.500023298075579,5576,0.519616065604324,0.510112358573102,0.529109123547096,0.0129531264560619,0.505265119746529,0.0143509458577952,53
7,NQ_ES,xgb_d2,2,0.2,0.043279767036438,4293,0.200037276920926,2302,0.536221756347543,0.521167429506024,0.551226754932776,0.0125786163522013,0.51316095970184,0.0230607966457024,53
7,NQ_ES,xgb_d2,2,0.1,0.0550117790699005,2147,0.100041936536042,1196,0.55705635770843,0.535746114634532,0.578210624462973,0.0135072193758733,0.527247321844434,0.0298090358639962,53
7,NQ_ES,xgb_d2,2,0.05,0.0644378066062927,1074,0.0500442663436,604,0.562383612662942,0.532111668308091,0.592312844119352,0.015828677839851,0.533519553072626,0.0288640595903166,53
7,NQ_ES,xgb_d2,2,0.02,0.0747149229049683,430,0.0200363449979032,250,0.581395348837209,0.533177105917733,0.628485923887898,0.0186046511627907,0.56046511627907,0.0209302325581395,53
7,NQ_ES,xgb_d2,2,0.01,0.0812523365020752,215,0.0100181724989516,129,0.6,0.531181993718183,0.666020449509897,0.013953488372093,0.637209302325581,-0.0372093023255814,50
7,NQ_ES,xgb_d2,2,0.005,0.0869931340217591,108,0.00503238432505475,65,0.601851851851852,0.503160240083557,0.694810806682626,0.0277777777777778,0.694444444444445,-0.0925925925925926,44
7,NQ_ES,xgb_d3,3,0.5,0.0244050025939941,10731,0.500023298075579,5596,0.521479824806635,0.51197706192286,0.530970926800517,0.0135122542167552,0.505917435467338,0.0155623893392974,53
7,NQ_ES,xgb_d3,3,0.2,0.0467027425765991,4293,0.200037276920926,2305,0.536920568367109,0.521867297836332,0.551923558918538,0.0139762403913347,0.511763335662707,0.0251572327044025,53
7,NQ_ES,xgb_d3,3,0.1,0.0595211982727051,2147,0.100041936536042,1181,0.550069864927806,0.528737367900761,0.571265487740042,0.0139729855612483,0.52119236143456,0.0288775034932465,53
7,NQ_ES,xgb_d3,3,0.05,0.0697584450244904,1074,0.0500442663436,617,0.574487895716946,0.544282486521124,0.604284067781378,0.0167597765363129,0.531657355679702,0.042830540037244,53
7,NQ_ES,xgb_d3,3,0.02,0.0825974106788635,430,0.0200363449979032,258,0.6,0.551975247960078,0.646639030626109,0.0232558139534884,0.532558139534884,0.0674418604651162,53
7,NQ_ES,xgb_d3,3,0.01,0.0916098833084108,215,0.0100181724989516,130,0.604651162790698,0.535896437513689,0.670477963129144,0.0372093023255814,0.562790697674419,0.0418604651162791,51
7,NQ_ES,xgb_d3,3,0.005,0.100166973471642,108,0.00503238432505475,62,0.574074074074074,0.475250378330473,0.668730982598792,0.037037037037037,0.564814814814815,0.0092592592592593,42
7,NQ_ES,xgb_d4,4,0.5,0.0259861946105957,10731,0.500023298075579,5594,0.521293448886404,0.511790585659016,0.530784752404181,0.0134190662566396,0.505544683626876,0.0157487652595284,53
7,NQ_ES,xgb_d4,4,0.2,0.0495483875274658,4293,0.200037276920926,2279,0.530864197530864,0.51580274935478,0.54588361389984,0.0130444910319124,0.505241090146751,0.0256231073841137,53
7,NQ_ES,xgb_d4,4,0.1,0.0628713369369507,2147,0.100041936536042,1175,0.547275267815557,0.525935042524774,0.568486259396473,0.0139729855612483,0.513274336283186,0.0340009315323707,53
7,NQ_ES,xgb_d4,4,0.05,0.0740966796875,1074,0.0500442663436,606,0.564245810055866,0.533982932899316,0.594155740692256,0.0186219739292365,0.525139664804469,0.0391061452513967,53
7,NQ_ES,xgb_d4,4,0.02,0.0884672582149505,430,0.0200363449979032,250,0.581395348837209,0.533177105917733,0.628485923887898,0.0232558139534884,0.534883720930233,0.0465116279069768,53
7,NQ_ES,xgb_d4,4,0.01,0.100938773155212,215,0.0100181724989516,125,0.581395348837209,0.512384480244381,0.648129814647852,0.0372093023255814,0.511627906976744,0.0697674418604651,52
7,NQ_ES,xgb_d4,4,0.005,0.111914992332459,108,0.00503238432505475,54,0.5,0.402243008457097,0.597756991542903,0.037037037037037,0.509259259259259,-0.0092592592592593,46
7,NQ_ES,xgb_d5,5,0.5,0.0275514125823975,10731,0.500023298075579,5582,0.520175193365017,0.510671755745279,0.529667678356187,0.0144441338179107,0.501723977262138,0.0184512161028796,53
7,NQ_ES,xgb_d5,5,0.2,0.0531123280525208,4293,0.200037276920926,2263,0.527137200093175,0.512071816165558,0.54216562791545,0.0139762403913347,0.499417656650361,0.0277195434428139,53
7,NQ_ES,xgb_d5,5,0.1,0.0681173205375671,2147,0.100041936536042,1161,0.540754541220307,0.519398882368843,0.561998793540767,0.0125756870051234,0.509082440614811,0.0316721006054961,53
7,NQ_ES,xgb_d5,5,0.05,0.0812065601348877,1074,0.0500442663436,592,0.5512104283054,0.520892954845199,0.581246584742576,0.015828677839851,0.505586592178771,0.0456238361266293,53
7,NQ_ES,xgb_d5,5,0.02,0.0978798985481262,430,0.0200363449979032,248,0.576744186046512,0.528488191205745,0.623937000881385,0.0186046511627907,0.486046511627907,0.0906976744186047,52
7,NQ_ES,xgb_d5,5,0.01,0.110326945781708,215,0.0100181724989516,124,0.576744186046512,0.507700015363182,0.643642171767568,0.0186046511627907,0.516279069767442,0.0604651162790698,51
7,NQ_ES,xgb_d5,5,0.005,0.123459193110466,108,0.00503238432505475,63,0.583333333333333,0.484520759469443,0.677457468642603,0.0277777777777778,0.527777777777778,0.0555555555555556,46
10,NQ_ONLY,logit,,0.5,0.0228212156776985,10719,0.5,5665,0.52850079298442,0.518997426289943,0.537988669825385,0.00998227446590167,0.524955686164754,0.00354510681966602,53
10,NQ_ONLY,logit,,0.2,0.0415739771102759,4288,0.200018658456946,2278,0.53125,0.516180153170585,0.54627723974463,0.0095615671641791,0.532649253731343,-0.00139925373134331,53
10,NQ_ONLY,logit,,0.1,0.0526229648532488,2144,0.100009329228473,1141,0.532182835820896,0.51079728458947,0.553480289801826,0.00979477611940299,0.537313432835821,-0.00513059701492535,53
10,NQ_ONLY,logit,,0.05,0.0623354120090632,1072,0.0500046646142364,562,0.524253731343284,0.493859791372438,0.554514197152295,0.0111940298507463,0.509328358208955,0.0149253731343283,53
10,NQ_ONLY,logit,,0.02,0.0743688656228055,429,0.0200111950741674,217,0.505827505827506,0.457451858771064,0.554122260280367,0.0186480186480186,0.508158508158508,-0.00233100233100236,53
10,NQ_ONLY,logit,,0.01,0.081712254925849,215,0.0100289206082657,105,0.488372093023256,0.419798634198042,0.557270571337037,0.00930232558139535,0.52093023255814,-0.0325581395348837,51
10,NQ_ONLY,logit,,0.005,0.0880006136378672,108,0.00503778337531486,55,0.509259259259259,0.41125780602433,0.606740188095956,0.00925925925925926,0.546296296296296,-0.037037037037037,43
10,NQ_ONLY,ranger,,0.5,0.0191489009634691,10719,0.5,5620,0.524302640171658,0.514796212864285,0.533795859311335,0.0102621513200858,0.520104487358896,0.00419815281276237,53
10,NQ_ONLY,ranger,,0.2,0.0341630795943373,4288,0.200018658456946,2265,0.52821828358209,0.513145100874206,0.543252992869802,0.0109608208955224,0.526819029850746,0.00139925373134331,53
10,NQ_ONLY,ranger,,0.1,0.0452597999818536,2144,0.100009329228473,1156,0.539179104477612,0.517805139801745,0.560445818791541,0.0102611940298507,0.526119402985075,0.0130597014925373,53
10,NQ_ONLY,ranger,,0.05,0.0552138765696728,1072,0.0500046646142364,570,0.531716417910448,0.501326926985132,0.561931362788855,0.00932835820895522,0.530783582089552,0.000932835820895539,53
10,NQ_ONLY,ranger,,0.02,0.0635675593637056,429,0.0200111950741674,233,0.543123543123543,0.4946610855697,0.590987328040557,0.0116550116550117,0.547785547785548,-0.00466200466200462,53
10,NQ_ONLY,ranger,,0.01,0.0681064949347173,215,0.0100289206082657,116,0.53953488372093,0.470435276471642,0.607529291419276,0.0186046511627907,0.553488372093023,-0.013953488372093,52
10,NQ_ONLY,ranger,,0.005,0.071705969780034,108,0.00503778337531486,58,0.537037037037037,0.438491974539868,0.633499697077534,0.0277777777777778,0.555555555555556,-0.0185185185185185,44
10,NQ_ONLY,xgb_d2,2,0.5,0.0202124714851379,10719,0.5,5620,0.524302640171658,0.514796212864285,0.533795859311335,0.00988898218117362,0.520477656497808,0.0038249836738502,53
10,NQ_ONLY,xgb_d2,2,0.2,0.037243139743805,4288,0.200018658456946,2247,0.52402052238806,0.508943632784417,0.539064662036525,0.0118936567164179,0.520522388059702,0.00349813432835822,53
10,NQ_ONLY,xgb_d2,2,0.1,0.047281688451767,2144,0.100009329228473,1141,0.532182835820896,0.51079728458947,0.553480289801826,0.0153917910447761,0.521455223880597,0.0107276119402985,53
10,NQ_ONLY,xgb_d2,2,0.05,0.056011039018631,1072,0.0500046646142364,581,0.541977611940299,0.511605168669183,0.572119031382018,0.0149253731343284,0.529850746268657,0.0121268656716418,53
10,NQ_ONLY,xgb_d2,2,0.02,0.0639457613229752,429,0.0200111950741674,227,0.529137529137529,0.480676830274169,0.577193744722402,0.0116550116550117,0.510489510489511,0.0186480186480186,53
10,NQ_ONLY,xgb_d2,2,0.01,0.0682581615447999,215,0.0100289206082657,116,0.53953488372093,0.470435276471642,0.607529291419276,0.00930232558139535,0.534883720930233,0.00465116279069777,53
10,NQ_ONLY,xgb_d2,2,0.005,0.0717576891183853,108,0.00503778337531486,61,0.564814814814815,0.466012527017943,0.659971710357803,0.00925925925925926,0.574074074074074,-0.0092592592592593,46
10,NQ_ONLY,xgb_d3,3,0.5,0.0219469368457794,10719,0.5,5619,0.52420934788693,0.514702860173303,0.533702678136773,0.0107286127437261,0.519171564511615,0.00503778337531491,53
10,NQ_ONLY,xgb_d3,3,0.2,0.0395996391773224,4288,0.200018658456946,2280,0.531716417910448,0.5166471333695,0.546742459414054,0.0142257462686567,0.515858208955224,0.0158582089552239,53
10,NQ_ONLY,xgb_d3,3,0.1,0.0508431434631348,2144,0.100009329228473,1153,0.537779850746269,0.516403235026577,0.559053046793773,0.0121268656716418,0.528451492537313,0.00932835820895528,53
10,NQ_ONLY,xgb_d3,3,0.05,0.060742574930191,1072,0.0500046646142364,585,0.545708955223881,0.515345858561694,0.575820489295217,0.0121268656716418,0.512126865671642,0.0335820895522388,53
10,NQ_ONLY,xgb_d3,3,0.02,0.0714638835191726,429,0.0200111950741674,223,0.51981351981352,0.471374550368158,0.567977448352953,0.00699300699300699,0.484848484848485,0.034965034965035,52
10,NQ_ONLY,xgb_d3,3,0.01,0.0768931293487549,215,0.0100289206082657,117,0.544186046511628,0.475073035554549,0.612063793594039,0.00465116279069768,0.497674418604651,0.0465116279069768,52
10,NQ_ONLY,xgb_d3,3,0.005,0.0838430693745612,108,0.00503778337531486,61,0.564814814814815,0.466012527017943,0.659971710357803,0.00925925925925926,0.564814814814815,0,48
10,NQ_ONLY,xgb_d4,4,0.5,0.0232010185718536,10719,0.5,5582,0.520757533351992,0.511249042951708,0.530254742327223,0.0104487358895419,0.51655938053923,0.00419815281276237,53
10,NQ_ONLY,xgb_d4,4,0.2,0.0431182146072388,4288,0.200018658456946,2277,0.531016791044776,0.515946667980444,0.546044625000172,0.0125932835820896,0.520755597014925,0.0102611940298508,53
10,NQ_ONLY,xgb_d4,4,0.1,0.0557169049978256,2144,0.100009329228473,1164,0.542910447761194,0.521544369657076,0.564159060149101,0.0121268656716418,0.519589552238806,0.023320895522388,53
10,NQ_ONLY,xgb_d4,4,0.05,0.0660307928919792,1072,0.0500046646142364,578,0.539179104477612,0.508800754156532,0.569341834524021,0.0102611940298507,0.507462686567164,0.0317164179104478,53
10,NQ_ONLY,xgb_d4,4,0.02,0.0790887504816054,429,0.0200111950741674,226,0.526806526806527,0.478349721402972,0.574891210582298,0.013986013986014,0.473193473193473,0.0536130536130536,52
10,NQ_ONLY,xgb_d4,4,0.01,0.0880225765705111,215,0.0100289206082657,106,0.493023255813954,0.424373357463218,0.561868164438624,0.013953488372093,0.423255813953488,0.0697674418604651,50
10,NQ_ONLY,xgb_d4,4,0.005,0.0958899381756781,108,0.00503778337531486,56,0.518518518518519,0.420304205483405,0.615691752362034,0.00925925925925926,0.537037037037037,-0.0185185185185186,45
10,NQ_ONLY,xgb_d5,5,0.5,0.0248245894908905,10719,0.5,5655,0.52756787013714,0.518063765403983,0.537056992059809,0.00960910532698946,0.519824610504711,0.00774325963242839,53
10,NQ_ONLY,xgb_d5,5,0.2,0.0466087937355042,4288,0.200018658456946,2279,0.531483208955224,0.516413641633507,0.54650985121602,0.0109608208955224,0.518423507462687,0.0130597014925372,53
10,NQ_ONLY,xgb_d5,5,0.1,0.0603470504283905,2144,0.100009329228473,1141,0.532182835820896,0.51079728458947,0.553480289801826,0.0107276119402985,0.513992537313433,0.0181902985074627,53
10,NQ_ONLY,xgb_d5,5,0.05,0.0728285610675812,1072,0.0500046646142364,579,0.540111940298508,0.509735454052958,0.570267671798078,0.00932835820895522,0.502798507462687,0.0373134328358209,53
10,NQ_ONLY,xgb_d5,5,0.02,0.0878060483932495,429,0.0200111950741674,225,0.524475524475525,0.47602363891893,0.572587649306076,0.0186480186480186,0.477855477855478,0.0466200466200467,53
10,NQ_ONLY,xgb_d5,5,0.01,0.0967452767491341,215,0.0100289206082657,121,0.562790697674419,0.49368199187725,0.630143729706124,0.00465116279069768,0.511627906976744,0.0511627906976744,52
10,NQ_ONLY,xgb_d5,5,0.005,0.106700390577316,108,0.00503778337531486,63,0.583333333333333,0.484520759469443,0.677457468642603,0,0.509259259259259,0.0740740740740741,47
10,NQ_ES,logit,,0.5,0.0231595819193075,10719,0.5,5634,0.525608732157851,0.516103185257,0.535100361035291,0.00988898218117362,0.520104487358896,0.00550424479895506,53
10,NQ_ES,logit,,0.2,0.0428764548523574,4288,0.200018658456946,2254,0.525652985074627,0.510577411267061,0.540693583144157,0.00909514925373134,0.532416044776119,-0.00676305970149249,53
10,NQ_ES,logit,,0.1,0.0538225250985652,2144,0.100009329228473,1118,0.521455223880597,0.500059991694029,0.542791725532665,0.00932835820895522,0.524253731343284,-0.00279850746268651,53
10,NQ_ES,logit,,0.05,0.0644914223944693,1072,0.0500046646142364,549,0.512126865671642,0.481739927115485,0.542447068319993,0.00932835820895522,0.516791044776119,-0.00466417910447758,53
10,NQ_ES,logit,,0.02,0.0763077646746321,429,0.0200111950741674,226,0.526806526806527,0.478349721402972,0.574891210582298,0.013986013986014,0.547785547785548,-0.0209790209790209,53
10,NQ_ES,logit,,0.01,0.0845384311584628,215,0.0100289206082657,104,0.483720930232558,0.415229633858581,0.55266725886091,0.013953488372093,0.525581395348837,-0.0418604651162791,51
10,NQ_ES,logit,,0.005,0.0916517154922046,108,0.00503778337531486,53,0.490740740740741,0.393259811904044,0.58874219397567,0.00925925925925926,0.555555555555556,-0.0648148148148148,42
10,NQ_ES,ranger,,0.5,0.0184031856154883,10719,0.5,5581,0.520664241067264,0.511155702817847,0.530161548595224,0.0102621513200858,0.520570948782536,9.3292284727986e-05,53
10,NQ_ES,ranger,,0.2,0.0332921949435796,4288,0.200018658456946,2256,0.526119402985075,0.51104423451467,0.541158959777419,0.0118936567164179,0.520289179104478,0.00583022388059706,53
10,NQ_ES,ranger,,0.1,0.0439274640805372,2144,0.100009329228473,1150,0.536380597014925,0.515001497219526,0.557660107792825,0.0107276119402985,0.516791044776119,0.019589552238806,53
10,NQ_ES,ranger,,0.05,0.0539350058436642,1072,0.0500046646142364,564,0.526119402985075,0.495725948922438,0.556369115103568,0.00932835820895522,0.526119402985075,0,53
10,NQ_ES,ranger,,0.02,0.0640797177432457,429,0.0200111950741674,227,0.529137529137529,0.480676830274169,0.577193744722402,0.00932400932400932,0.55011655011655,-0.020979020979021,53
10,NQ_ES,ranger,,0.01,0.0698560049642963,215,0.0100289206082657,121,0.562790697674419,0.49368199187725,0.630143729706124,0.013953488372093,0.576744186046512,-0.0139534883720931,50
10,NQ_ES,ranger,,0.005,0.0748845168155556,108,0.00503778337531486,58,0.537037037037037,0.438491974539868,0.633499697077534,0.00925925925925926,0.601851851851852,-0.0648148148148148,42
10,NQ_ES,xgb_d2,2,0.5,0.0209026038646698,10719,0.5,5618,0.524116055602202,0.514609507812929,0.533609496631593,0.01054202817427,0.518425226233791,0.00569082936841114,53
10,NQ_ES,xgb_d2,2,0.2,0.0377698183059692,4288,0.200018658456946,2248,0.524253731343284,0.509177019913858,0.539297374849223,0.0132929104477612,0.520055970149254,0.00419776119402981,53
10,NQ_ES,xgb_d2,2,0.1,0.0478835791349411,2144,0.100009329228473,1144,0.533582089552239,0.512198522098696,0.5548737291978,0.0135261194029851,0.50419776119403,0.029384328358209,53
10,NQ_ES,xgb_d2,2,0.05,0.0572195425629616,1072,0.0500046646142364,576,0.537313432835821,0.506931668955827,0.567489845248541,0.0111940298507463,0.514925373134328,0.0223880597014925,53
10,NQ_ES,xgb_d2,2,0.02,0.0681512886285782,429,0.0200111950741674,235,0.547785547785548,0.499330758027777,0.595576926093578,0.0116550116550117,0.526806526806527,0.0209790209790209,53
10,NQ_ES,xgb_d2,2,0.01,0.0746079826354981,215,0.0100289206082657,118,0.548837209302326,0.479716571527937,0.616592505140204,0.013953488372093,0.544186046511628,0.00465116279069766,51
10,NQ_ES,xgb_d2,2,0.005,0.0789167556166646,108,0.00503778337531486,52,0.481481481481482,0.384308247637966,0.579695794516595,0.0185185185185185,0.509259259259259,-0.0277777777777779,47
10,NQ_ES,xgb_d3,3,0.5,0.0219495892524719,10719,0.5,5568,0.519451441365799,0.509942311131576,0.528950000024637,0.0108219050284541,0.520011195074167,-0.00055975370836836,53
10,NQ_ES,xgb_d3,3,0.2,0.0402219176292419,4288,0.200018658456946,2253,0.525419776119403,0.510344004543186,0.540460889927246,0.0118936567164179,0.516324626865672,0.00909514925373134,53
10,NQ_ES,xgb_d3,3,0.1,0.0517711967229843,2144,0.100009329228473,1145,0.534048507462687,0.512665638301326,0.555338171956731,0.0121268656716418,0.508861940298508,0.0251865671641791,53
10,NQ_ES,xgb_d3,3,0.05,0.0623370677232742,1072,0.0500046646142364,589,0.549440298507463,0.519088232105202,0.579520262704356,0.0130597014925373,0.498134328358209,0.0513059701492537,53
10,NQ_ES,xgb_d3,3,0.02,0.0738214635848999,429,0.0200111950741674,234,0.545454545454545,0.496995404561314,0.593282644948038,0.013986013986014,0.517482517482518,0.0279720279720279,53
10,NQ_ES,xgb_d3,3,0.01,0.0809800383448601,215,0.0100289206082657,114,0.530232558139535,0.461177039452762,0.59844297066573,0.0186046511627907,0.567441860465116,-0.0372093023255814,52
10,NQ_ES,xgb_d3,3,0.005,0.0881446796655653,108,0.00503778337531486,52,0.481481481481482,0.384308247637966,0.579695794516595,0.0277777777777778,0.555555555555556,-0.0740740740740741,45
10,NQ_ES,xgb_d4,4,0.5,0.0232768207788467,10719,0.5,5559,0.518611810803247,0.509102303423838,0.528111202938451,0.0102621513200858,0.520664241067264,-0.00205243026401714,53
10,NQ_ES,xgb_d4,4,0.2,0.0437289118766785,4288,0.200018658456946,2218,0.517257462686567,0.502176825461606,0.532314570951119,0.011660447761194,0.513992537313433,0.00326492537313428,53
10,NQ_ES,xgb_d4,4,0.1,0.0565125733613968,2144,0.100009329228473,1130,0.52705223880597,0.505660838228646,0.548369587265725,0.0102611940298507,0.515858208955224,0.0111940298507464,53
10,NQ_ES,xgb_d4,4,0.05,0.0684197708964347,1072,0.0500046646142364,578,0.539179104477612,0.508800754156532,0.569341834524021,0.00932835820895522,0.501865671641791,0.0373134328358209,53
10,NQ_ES,xgb_d4,4,0.02,0.0816349828243255,429,0.0200111950741674,228,0.531468531468532,0.483004966303228,0.579495250889502,0.013986013986014,0.505827505827506,0.0256410256410257,53
10,NQ_ES,xgb_d4,4,0.01,0.0921315228939057,215,0.0100289206082657,116,0.53953488372093,0.470435276471642,0.607529291419276,0.0186046511627907,0.525581395348837,0.0139534883720931,52
10,NQ_ES,xgb_d4,4,0.005,0.101502441763878,108,0.00503778337531486,58,0.537037037037037,0.438491974539868,0.633499697077534,0.0185185185185185,0.518518518518519,0.0185185185185186,43
10,NQ_ES,xgb_d5,5,0.5,0.0249353051185608,10719,0.5,5506,0.51366731971266,0.504156133622213,0.523171077832108,0.0108219050284541,0.514040488851572,-0.000373169138912166,53
10,NQ_ES,xgb_d5,5,0.2,0.0469489514827728,4288,0.200018658456946,2236,0.521455223880597,0.50637658980085,0.53650460564264,0.0104944029850746,0.520289179104478,0.00116604477611948,53
10,NQ_ES,xgb_d5,5,0.1,0.0608663409948349,2144,0.100009329228473,1136,0.529850746268657,0.508462258868851,0.551157520614981,0.00886194029850746,0.514925373134328,0.0149253731343283,53
10,NQ_ES,xgb_d5,5,0.05,0.073641663789749,1072,0.0500046646142364,574,0.53544776119403,0.505063002916231,0.565637436639076,0.0111940298507463,0.492537313432836,0.042910447761194,53
10,NQ_ES,xgb_d5,5,0.02,0.088911725282669,429,0.0200111950741674,228,0.531468531468532,0.483004966303228,0.579495250889502,0.0163170163170163,0.475524475524476,0.0559440559440559,53
10,NQ_ES,xgb_d5,5,0.01,0.101051805913448,215,0.0100289206082657,118,0.548837209302326,0.479716571527937,0.616592505140204,0.0186046511627907,0.47906976744186,0.0697674418604651,53
10,NQ_ES,xgb_d5,5,0.005,0.110529043376446,108,0.00503778337531486,62,0.574074074074074,0.475250378330473,0.668730982598792,0.00925925925925926,0.481481481481482,0.0925925925925926,45
15,NQ_ONLY,logit,,0.5,0.0222361176845704,10568,0.5,5645,0.534159727479182,0.524593545314677,0.543707078034687,0.00936790310370931,0.526968205904618,0.00719152157456471,53
15,NQ_ONLY,logit,,0.2,0.0410980128339649,4228,0.20003785011355,2240,0.529801324503311,0.514622336210839,0.544939101571094,0.00993377483443709,0.527672658467361,0.00212866603595085,53
15,NQ_ONLY,logit,,0.1,0.050948617839081,2114,0.100018925056775,1101,0.52081362346263,0.499265154733253,0.542304304193349,0.00993377483443709,0.526490066225166,-0.00567644276253554,53
15,NQ_ONLY,logit,,0.05,0.0593760720152507,1057,0.0500094625283876,548,0.51844843897824,0.487837580527526,0.548956318923221,0.0122989593188269,0.522232734153264,-0.00378429517502366,53
15,NQ_ONLY,logit,,0.02,0.0702613343866589,423,0.0200132475397426,223,0.527186761229314,0.4783791821182,0.575611521932272,0.0141843971631206,0.536643026004728,-0.00945626477541373,53
15,NQ_ONLY,logit,,0.01,0.0780095476082455,212,0.0100302800908403,105,0.495283018867925,0.426103730258365,0.564596046409015,0.00943396226415094,0.504716981132076,-0.009433962264151,46
15,NQ_ONLY,logit,,0.005,0.0855224732142797,106,0.00501514004542014,54,0.509433962264151,0.410484770125394,0.607842651268877,0,0.518867924528302,-0.00943396226415094,41
15,NQ_ONLY,ranger,,0.5,0.0208085076447066,10568,0.5,5586,0.528576835730507,0.519005503004853,0.538132414661593,0.00908402725208176,0.52715745647237,0.00141937925813773,53
15,NQ_ONLY,ranger,,0.2,0.0354121181251748,4228,0.20003785011355,2281,0.539498580889309,0.524333181333815,0.554609358463103,0.010643330179754,0.535241248817408,0.0042573320719016,53
15,NQ_ONLY,ranger,,0.1,0.0425840196764811,2114,0.100018925056775,1166,0.551561021759697,0.53006490759035,0.572913970084659,0.00993377483443709,0.548249763481552,0.00331125827814571,53
15,NQ_ONLY,ranger,,0.05,0.0480381774705136,1057,0.0500094625283876,564,0.533585619678335,0.502979951357748,0.564003808372729,0.00946073793755913,0.531693472090823,0.00189214758751188,53
15,NQ_ONLY,ranger,,0.02,0.0545741246546547,423,0.0200132475397426,228,0.539007092198582,0.490190568843919,0.587274327664166,0.00709219858156028,0.543735224586288,-0.00472813238770686,53
15,NQ_ONLY,ranger,,0.01,0.0584894919796791,212,0.0100302800908403,114,0.537735849056604,0.468141414783708,0.606260244477381,0.00471698113207547,0.561320754716981,-0.0235849056603774,53
15,NQ_ONLY,ranger,,0.005,0.0624015718206577,106,0.00501514004542014,60,0.566037735849057,0.466263914655311,0.662026164002542,0.00943396226415094,0.613207547169811,-0.0471698113207547,47
15,NQ_ONLY,xgb_d2,2,0.5,0.0208049118518829,10568,0.5,5585,0.528482210446631,0.518910800720664,0.538037918544022,0.00927327781983346,0.524318697956094,0.00416351249053748,53
15,NQ_ONLY,xgb_d2,2,0.2,0.0368802547454834,4228,0.20003785011355,2256,0.533585619678335,0.518411255457806,0.548713539273833,0.00993377483443709,0.529328287606433,0.0042573320719016,53
15,NQ_ONLY,xgb_d2,2,0.1,0.0445666909217834,2114,0.100018925056775,1145,0.54162724692526,0.520105336881428,0.56303357664075,0.011352885525071,0.543519394512772,-0.00189214758751177,53
15,NQ_ONLY,xgb_d2,2,0.05,0.0502218008041382,1057,0.0500094625283876,578,0.546830652790918,0.516252283193571,0.577147595879374,0.0132450331125828,0.559129612109745,-0.0122989593188269,53
15,NQ_ONLY,xgb_d2,2,0.02,0.0565826177597046,423,0.0200132475397426,226,0.534278959810875,0.48546281739109,0.582612405094254,0.016548463356974,0.57919621749409,-0.0449172576832151,53
15,NQ_ONLY,xgb_d2,2,0.01,0.0608071461319924,212,0.0100302800908403,115,0.542452830188679,0.472841979679054,0.610859848110949,0.0188679245283019,0.608490566037736,-0.0660377358490566,50
15,NQ_ONLY,xgb_d2,2,0.005,0.064523495733738,106,0.00501514004542014,55,0.518867924528302,0.419698129499,0.616956680266516,0.0283018867924528,0.60377358490566,-0.0849056603773585,42
15,NQ_ONLY,xgb_d3,3,0.5,0.0214421600103378,10568,0.5,5599,0.529806964420893,0.520236663918071,0.539360832970235,0.00936790310370931,0.526778955336866,0.00302800908402723,53
15,NQ_ONLY,xgb_d3,3,0.2,0.0388386845588684,4228,0.20003785011355,2288,0.541154210028382,0.525991701358152,0.556259807016014,0.010406811731315,0.535004730368969,0.00614947965941348,53
15,NQ_ONLY,xgb_d3,3,0.1,0.0481150448322296,2114,0.100018925056775,1150,0.54399243140965,0.522475891476498,0.565386823233924,0.0118259224219489,0.538789025543992,0.00520340586565748,53
15,NQ_ONLY,xgb_d3,3,0.05,0.0557952001690865,1057,0.0500094625283876,583,0.551561021759697,0.520997574705756,0.581836630146583,0.0141911069063387,0.550614947965941,0.000946073793755886,53
15,NQ_ONLY,xgb_d3,3,0.02,0.0646490842103958,423,0.0200132475397426,237,0.560283687943262,0.511518471438092,0.60819989262579,0.0141843971631206,0.59338061465721,-0.0330969267139479,53
15,NQ_ONLY,xgb_d3,3,0.01,0.0711473822593691,212,0.0100302800908403,111,0.523584905660377,0.454075463892532,0.592425622514856,0.00943396226415094,0.584905660377359,-0.0613207547169811,50
15,NQ_ONLY,xgb_d3,3,0.005,0.0778095796704293,106,0.00501514004542014,54,0.509433962264151,0.410484770125394,0.607842651268877,0.00943396226415094,0.650943396226415,-0.141509433962264,46
15,NQ_ONLY,xgb_d4,4,0.5,0.0226414501667023,10568,0.5,5563,0.526400454201363,0.516827437229976,0.53595891719325,0.00955715367146101,0.526116578349735,0.000283875851627591,53
15,NQ_ONLY,xgb_d4,4,0.2,0.0416752099990845,4228,0.20003785011355,2274,0.537842951750237,0.522674828008432,0.5529587431926,0.0101702932828761,0.534295175023652,0.00354777672658468,53
15,NQ_ONLY,xgb_d4,4,0.1,0.0529044270515442,2114,0.100018925056775,1153,0.545411542100284,0.523898455502165,0.566798539864156,0.010879848628193,0.543046357615894,0.00236518448438983,53
15,NQ_ONLY,xgb_d4,4,0.05,0.0626069903373718,1057,0.0500094625283876,587,0.555345316934721,0.524795776194593,0.585585888144995,0.0132450331125828,0.540208136234626,0.0151371807000946,53
15,NQ_ONLY,xgb_d4,4,0.02,0.0740164905786514,423,0.0200132475397426,244,0.576832151300236,0.528167356142513,0.62441471671797,0.00709219858156028,0.58628841607565,-0.00945626477541362,53
15,NQ_ONLY,xgb_d4,4,0.01,0.0823966503143311,212,0.0100302800908403,113,0.533018867924528,0.463446814350731,0.601654664128067,0.00943396226415094,0.59433962264151,-0.0613207547169811,51
15,NQ_ONLY,xgb_d4,4,0.005,0.0898938179016115,106,0.00501514004542014,53,0.5,0.40130451019057,0.59869548980943,0.0188679245283019,0.60377358490566,-0.10377358490566,45
15,NQ_ONLY,xgb_d5,5,0.5,0.0237487256526947,10568,0.5,5567,0.526778955336866,0.517206218248862,0.536336929782282,0.00965177895533687,0.527346707040121,-0.000567751703255071,53
15,NQ_ONLY,xgb_d5,5,0.2,0.0447925329208374,4228,0.20003785011355,2259,0.534295175023652,0.51912177448359,0.549421149667226,0.0134815515610218,0.531220435193945,0.00307473982970674,53
15,NQ_ONLY,xgb_d5,5,0.1,0.05732461810112,2114,0.100018925056775,1114,0.526963103122044,0.50541862110457,0.5484327227817,0.0122989593188269,0.530274361400189,-0.00331125827814571,53
15,NQ_ONLY,xgb_d5,5,0.05,0.0683190375566483,1057,0.0500094625283876,556,0.526017029328288,0.495405307054969,0.556483523541603,0.00662251655629139,0.535477767265847,-0.00946073793755908,53
15,NQ_ONLY,xgb_d5,5,0.02,0.0821344971656799,423,0.0200132475397426,219,0.517730496453901,0.468949217288226,0.566262118003761,0.00472813238770686,0.560283687943262,-0.0425531914893618,53
15,NQ_ONLY,xgb_d5,5,0.01,0.0912185788154604,212,0.0100302800908403,116,0.547169811320755,0.477548521816619,0.615453460665699,0.00943396226415094,0.589622641509434,-0.0424528301886793,52
15,NQ_ONLY,xgb_d5,5,0.005,0.100079743564129,106,0.00501514004542014,52,0.490566037735849,0.392157348731123,0.589515229874606,0.0188679245283019,0.566037735849057,-0.0754716981132075,43
15,NQ_ES,logit,,0.5,0.0216572683957348,10568,0.5,5619,0.53169947009841,0.522130870884866,0.541250594033216,0.00955715367146101,0.522520817562453,0.00917865253595762,53
15,NQ_ES,logit,,0.2,0.0410742786987225,4228,0.20003785011355,2248,0.531693472090823,0.516516687332502,0.546826428933997,0.00922421948912015,0.529564806054872,0.00212866603595074,53
15,NQ_ES,logit,,0.1,0.0518069660620879,2114,0.100018925056775,1104,0.522232734153264,0.500684898694838,0.543718841413889,0.010879848628193,0.524124881740776,-0.00189214758751177,53
15,NQ_ES,logit,,0.05,0.0612640898429124,1057,0.0500094625283876,549,0.519394512771996,0.488783168541166,0.549897597392612,0.0160832544938505,0.531693472090823,-0.0122989593188269,53
15,NQ_ES,logit,,0.02,0.0729074918352784,423,0.0200132475397426,226,0.534278959810875,0.48546281739109,0.582612405094254,0.0141843971631206,0.553191489361702,-0.0189125295508275,51
15,NQ_ES,logit,,0.01,0.0815619682536732,212,0.0100302800908403,108,0.509433962264151,0.440062945218141,0.578537499936393,0.00943396226415094,0.547169811320755,-0.0377358490566038,44
15,NQ_ES,logit,,0.005,0.089474148680367,106,0.00501514004542014,50,0.471698113207547,0.373962492311867,0.571055375768539,0,0.509433962264151,-0.0377358490566038,38
15,NQ_ES,ranger,,0.5,0.0198665400460914,10568,0.5,5586,0.528576835730507,0.519005503004853,0.538132414661593,0.00946252838758516,0.524129447388342,0.00444738834216496,53
15,NQ_ES,ranger,,0.2,0.0348756329368164,4228,0.20003785011355,2285,0.540444654683065,0.525280886641424,0.555552492344828,0.00946073793755913,0.535241248817408,0.00520340586565748,53
15,NQ_ES,ranger,,0.1,0.0423406792204889,2114,0.100018925056775,1148,0.543046357615894,0.521527611845153,0.564445582403966,0.010879848628193,0.536423841059603,0.00662251655629143,53
15,NQ_ES,ranger,,0.05,0.0479833378147658,1057,0.0500094625283876,570,0.53926206244087,0.508665485322289,0.569639469579486,0.0141911069063387,0.542100283822138,-0.00283822138126777,53
15,NQ_ES,ranger,,0.02,0.0540261598144059,423,0.0200132475397426,242,0.57210401891253,0.523405084491498,0.619787367951937,0.00945626477541371,0.58628841607565,-0.0141843971631205,53
15,NQ_ES,ranger,,0.01,0.0582580908167519,212,0.0100302800908403,119,0.561320754716981,0.491704164326139,0.62919818308945,0.00943396226415094,0.575471698113208,-0.0141509433962264,53
15,NQ_ES,ranger,,0.005,0.0620324183781694,106,0.00501514004542014,61,0.575471698113208,0.475677872526919,0.67093868087556,0.00943396226415094,0.60377358490566,-0.0283018867924528,45
15,NQ_ES,xgb_d2,2,0.5,0.0210335254669189,10568,0.5,5561,0.526211203633611,0.516638048777205,0.535769908842,0.00984102952308857,0.523940196820591,0.00227100681302039,53
15,NQ_ES,xgb_d2,2,0.2,0.0368849635124207,4228,0.20003785011355,2255,0.533349101229896,0.518174422569348,0.548477662355252,0.0101702932828761,0.524361400189215,0.00898770104068125,53
15,NQ_ES,xgb_d2,2,0.1,0.0445359647274017,2114,0.100018925056775,1150,0.54399243140965,0.522475891476498,0.565386823233924,0.0122989593188269,0.540208136234626,0.00378429517502366,53
15,NQ_ES,xgb_d2,2,0.05,0.050521582365036,1057,0.0500094625283876,565,0.534531693472091,0.503927269170212,0.564943356530897,0.0141911069063387,0.53926206244087,-0.00473036896877954,53
15,NQ_ES,xgb_d2,2,0.02,0.0564435958862305,423,0.0200132475397426,223,0.527186761229314,0.4783791821182,0.575611521932272,0.0118203309692671,0.543735224586288,-0.016548463356974,53
15,NQ_ES,xgb_d2,2,0.01,0.0607340365648271,212,0.0100302800908403,115,0.542452830188679,0.472841979679054,0.610859848110949,0.00471698113207547,0.561320754716981,-0.0188679245283019,52
15,NQ_ES,xgb_d2,2,0.005,0.0643324829638004,106,0.00501514004542014,62,0.584905660377359,0.485125939548562,0.679816809501053,0,0.622641509433962,-0.0377358490566038,45
15,NQ_ES,xgb_d3,3,0.5,0.0226702690124512,10568,0.5,5558,0.525927327781983,0.516353968668657,0.53548639374444,0.0105034065102195,0.520722937168812,0.00520439061317191,53
15,NQ_ES,xgb_d3,3,0.2,0.0397819876670837,4228,0.20003785011355,2270,0.536896877956481,0.521727272331579,0.552015459663743,0.010879848628193,0.536423841059603,0.000473036896877943,53
15,NQ_ES,xgb_d3,3,0.1,0.0486965775489807,2114,0.100018925056775,1136,0.537369914853359,0.515839551126187,0.558796519976657,0.0156102175969726,0.534058656575213,0.00331125827814571,53
15,NQ_ES,xgb_d3,3,0.05,0.0560413971543312,1057,0.0500094625283876,565,0.534531693472091,0.503927269170212,0.564943356530897,0.0151371807000946,0.53926206244087,-0.00473036896877954,53
15,NQ_ES,xgb_d3,3,0.02,0.0646486103534699,423,0.0200132475397426,230,0.543735224586288,0.494922592523861,0.591931973391792,0.0118203309692671,0.565011820330969,-0.0212765957446809,53
15,NQ_ES,xgb_d3,3,0.01,0.0701577290892601,212,0.0100302800908403,102,0.481132075471698,0.412197818193257,0.550601303595198,0.00943396226415094,0.566037735849057,-0.0849056603773585,52
15,NQ_ES,xgb_d3,3,0.005,0.0749819397926331,106,0.00501514004542014,50,0.471698113207547,0.373962492311867,0.571055375768539,0,0.584905660377359,-0.113207547169811,47
15,NQ_ES,xgb_d4,4,0.5,0.0240190923213959,10568,0.5,5577,0.527725208175625,0.518153194794477,0.537281937255732,0.0106926570779712,0.523372445117335,0.00435276305828913,53
15,NQ_ES,xgb_d4,4,0.2,0.0429540872573853,4228,0.20003785011355,2216,0.524124881740776,0.5089405834013,0.539275818822172,0.0115894039735099,0.526726584673605,-0.0026017029328288,53
15,NQ_ES,xgb_d4,4,0.1,0.0529817342758179,2114,0.100018925056775,1117,0.528382213812677,0.506839110864376,0.549846514100946,0.011352885525071,0.534531693472091,-0.00614947965941348,53
15,NQ_ES,xgb_d4,4,0.05,0.0621197521686554,1057,0.0500094625283876,569,0.538315988647115,0.507717624998336,0.568700464154241,0.011352885525071,0.536423841059603,0.00189214758751188,53
15,NQ_ES,xgb_d4,4,0.02,0.073822146654129,423,0.0200132475397426,229,0.541371158392435,0.492556046071179,0.589603685753655,0.00709219858156028,0.539007092198582,0.00236406619385343,53
15,NQ_ES,xgb_d4,4,0.01,0.0821545496582986,212,0.0100302800908403,115,0.542452830188679,0.472841979679054,0.610859848110949,0.00471698113207547,0.518867924528302,0.0235849056603774,51
15,NQ_ES,xgb_d4,4,0.005,0.0905175983905792,106,0.00501514004542014,65,0.613207547169811,0.513677977852933,0.706241277791765,0,0.481132075471698,0.132075471698113,46
15,NQ_ES,xgb_d5,5,0.5,0.02503702044487,10568,0.5,5550,0.525170325510977,0.515596436791509,0.534730338404861,0.0107872823618471,0.521574564723694,0.00359576078728241,53
15,NQ_ES,xgb_d5,5,0.2,0.046298086643219,4228,0.20003785011355,2254,0.533112582781457,0.517937593073751,0.548241782043489,0.010879848628193,0.53240302743614,0.000709555345316915,53
15,NQ_ES,xgb_d5,5,0.1,0.0582583248615265,2114,0.100018925056775,1119,0.529328287606433,0.507786199760166,0.550788945909334,0.010879848628193,0.544465468306528,-0.0151371807000945,53
15,NQ_ES,xgb_d5,5,0.05,0.0692146271467209,1057,0.0500094625283876,564,0.533585619678335,0.502979951357748,0.564003808372729,0.010406811731315,0.542100283822138,-0.0085146641438032,53
15,NQ_ES,xgb_d5,5,0.02,0.082636958360672,423,0.0200132475397426,238,0.562647754137116,0.513893623442923,0.61051956224856,0.016548463356974,0.522458628841608,0.0401891252955083,53
15,NQ_ES,xgb_d5,5,0.01,0.091881760954857,212,0.0100302800908403,113,0.533018867924528,0.463446814350731,0.601654664128067,0.00943396226415094,0.518867924528302,0.0141509433962265,51
15,NQ_ES,xgb_d5,5,0.005,0.101023799180985,106,0.00501514004542014,58,0.547169811320755,0.447537339574205,0.644099103326533,0,0.5,0.0471698113207547,45
30,NQ_ONLY,logit,,0.5,0.0227544201640255,10380,0.5,5504,0.530250481695568,0.520593806035847,0.539890177898076,0.00606936416184971,0.532177263969172,-0.0019267822736031,53
30,NQ_ONLY,logit,,0.2,0.0412876432305376,4152,0.2,2232,0.53757225433526,0.522264257752889,0.552827337313121,0.00505780346820809,0.539980732177264,-0.00240847784200382,53
30,NQ_ONLY,logit,,0.1,0.0513496317137866,2076,0.1,1131,0.544797687861272,0.52308455140875,0.566384148292432,0.00240847784200385,0.551541425818883,-0.00674373795761074,53
30,NQ_ONLY,logit,,0.05,0.0600644563036139,1038,0.05,567,0.546242774566474,0.515379245654255,0.576843392535424,0.00289017341040462,0.55009633911368,-0.0038535645472062,53
30,NQ_ONLY,logit,,0.02,0.0702419720858346,416,0.0200385356454721,225,0.540865384615385,0.491630904365458,0.589514602246222,0.00240384615384615,0.543269230769231,-0.00240384615384615,50
30,NQ_ONLY,logit,,0.01,0.078421494187167,208,0.010019267822736,119,0.572115384615385,0.50184833611445,0.640296944704895,0.00480769230769231,0.572115384615385,0,45
30,NQ_ONLY,logit,,0.005,0.086734123703832,104,0.00500963391136802,67,0.644230769230769,0.544333357367402,0.735682010873347,0,0.634615384615385,0.00961538461538469,36
30,NQ_ONLY,ranger,,0.5,0.0219242405621853,10380,0.5,5525,0.532273603082852,0.522618797238455,0.541910293870974,0.00568400770712909,0.53131021194605,0.00096339113680155,53
30,NQ_ONLY,ranger,,0.2,0.0369692416872304,4152,0.2,2304,0.554913294797688,0.539642056899932,0.570107194836936,0.00361271676300578,0.55611753371869,-0.00120423892100197,53
30,NQ_ONLY,ranger,,0.1,0.0442050552098331,2076,0.1,1153,0.555394990366089,0.533712719986553,0.576920613473267,0.00481695568400771,0.555876685934489,-0.00048169556840072,53
30,NQ_ONLY,ranger,,0.05,0.0506635144941668,1038,0.05,581,0.559730250481696,0.528915610492402,0.590205277235515,0.00481695568400771,0.565510597302505,-0.0057803468208093,53
30,NQ_ONLY,ranger,,0.02,0.0576114108406913,416,0.0200385356454721,243,0.584134615384615,0.53511127922074,0.631952583118675,0.00480769230769231,0.59375,-0.00961538461538458,50
30,NQ_ONLY,ranger,,0.01,0.061971796342755,208,0.010019267822736,112,0.538461538461538,0.468178255099165,0.607632921342965,0,0.557692307692308,-0.0192307692307693,45
30,NQ_ONLY,ranger,,0.005,0.0660598115271593,104,0.00500963391136802,55,0.528846153846154,0.428498782187268,0.627508428100276,0,0.567307692307692,-0.0384615384615384,38
30,NQ_ONLY,xgb_d2,2,0.5,0.0231082141399384,10380,0.5,5535,0.533236994219653,0.52358313443907,0.542872198180454,0.00645472061657033,0.532947976878613,0.000289017341040476,53
30,NQ_ONLY,xgb_d2,2,0.2,0.0379480242729187,4152,0.2,2276,0.548169556840077,0.532881822441717,0.563389451999286,0.00409441233140655,0.546965317919075,0.00120423892100197,53
30,NQ_ONLY,xgb_d2,2,0.1,0.0461858570575714,2076,0.1,1169,0.563102119460501,0.541448467220616,0.584577325214468,0.00433526011560694,0.562138728323699,0.00096339113680155,53
30,NQ_ONLY,xgb_d2,2,0.05,0.0531417042016983,1038,0.05,609,0.586705202312139,0.556056257434688,0.616861078949349,0.00481695568400771,0.581888246628131,0.00481695568400775,53
30,NQ_ONLY,xgb_d2,2,0.02,0.0588485765457153,416,0.0200385356454721,251,0.603365384615385,0.554554800961274,0.65069473688997,0.00240384615384615,0.598557692307692,0.00480769230769229,51
30,NQ_ONLY,xgb_d2,2,0.01,0.0625339764356613,208,0.010019267822736,127,0.610576923076923,0.540713023697301,0.677241054756976,0.00480769230769231,0.600961538461538,0.00961538461538469,48
30,NQ_ONLY,xgb_d2,2,0.005,0.0652512723207473,104,0.00500963391136802,62,0.596153846153846,0.495432310829084,0.691252783311745,0,0.576923076923077,0.0192307692307693,37
30,NQ_ONLY,xgb_d3,3,0.5,0.023227870464325,10380,0.5,5514,0.53121387283237,0.521558067810141,0.540852157636641,0.00616570327552987,0.53150289017341,-0.000289017341040476,53
30,NQ_ONLY,xgb_d3,3,0.2,0.0409850120544434,4152,0.2,2250,0.541907514450867,0.526606972671493,0.557149036786719,0.00481695568400771,0.541907514450867,0,53
30,NQ_ONLY,xgb_d3,3,0.1,0.0507098078727722,2076,0.1,1155,0.55635838150289,0.534679403515068,0.57787798741272,0.00433526011560694,0.559730250481696,-0.00337186897880537,53
30,NQ_ONLY,xgb_d3,3,0.05,0.0591907829046249,1038,0.05,584,0.5626204238921,0.531819187235023,0.593065609217048,0.00481695568400771,0.5626204238921,0,53
30,NQ_ONLY,xgb_d3,3,0.02,0.0679348993301392,416,0.0200385356454721,233,0.560096153846154,0.510910351183657,0.608421170637229,0.00480769230769231,0.555288461538462,0.00480769230769229,53
30,NQ_ONLY,xgb_d3,3,0.01,0.0740740603208542,208,0.010019267822736,121,0.581730769230769,0.511525550019517,0.649572126040382,0.00480769230769231,0.576923076923077,0.0048076923076924,50
30,NQ_ONLY,xgb_d3,3,0.005,0.079729462713003,104,0.00500963391136802,58,0.557692307692308,0.456972204386591,0.6550412354355,0,0.557692307692308,0,41
30,NQ_ONLY,xgb_d4,4,0.5,0.0236746966838837,10380,0.5,5551,0.534778420038536,0.525126148717359,0.544411170315431,0.00616570327552987,0.531695568400771,0.00308285163776489,53
30,NQ_ONLY,xgb_d4,4,0.2,0.0435862421989441,4152,0.2,2271,0.546965317919075,0.53167493307775,0.562189559660532,0.00457610789980732,0.544556840077071,0.00240847784200382,53
30,NQ_ONLY,xgb_d4,4,0.1,0.0545649021863938,2076,0.1,1151,0.554431599229287,0.532746117688043,0.575963158277814,0.00385356454720617,0.546242774566474,0.00818882466281312,53
30,NQ_ONLY,xgb_d4,4,0.05,0.0637080997228622,1038,0.05,580,0.558766859344894,0.527947981813552,0.589251602846243,0.00289017341040462,0.551059730250482,0.00770712909441229,53
30,NQ_ONLY,xgb_d4,4,0.02,0.0743819081783294,416,0.0200385356454721,239,0.574519230769231,0.525417240522092,0.62255371411837,0.00240384615384615,0.5625,0.0120192307692307,53
30,NQ_ONLY,xgb_d4,4,0.01,0.0824249464273453,208,0.010019267822736,118,0.567307692307692,0.497019330562344,0.635649712717938,0.00480769230769231,0.543269230769231,0.0240384615384616,53
30,NQ_ONLY,xgb_d4,4,0.005,0.0893384066224096,104,0.00500963391136802,58,0.557692307692308,0.456972204386591,0.6550412354355,0.00961538461538462,0.557692307692308,0,42
30,NQ_ONLY,xgb_d5,5,0.5,0.0242215692996979,10380,0.5,5539,0.533622350674374,0.523968879381237,0.543256949841942,0.00568400770712909,0.528034682080925,0.00558766859344895,53
30,NQ_ONLY,xgb_d5,5,0.2,0.0464663147926331,4152,0.2,2257,0.54359344894027,0.5282961179662,0.55882938594099,0.00553949903660886,0.542630057803468,0.00096339113680155,53
30,NQ_ONLY,xgb_d5,5,0.1,0.0592214345932007,2076,0.1,1126,0.542389210019268,0.520670422694744,0.563988132596969,0.00433526011560694,0.539499036608863,0.00289017341040465,53
30,NQ_ONLY,xgb_d5,5,0.05,0.0705682784318924,1038,0.05,580,0.558766859344894,0.527947981813552,0.589251602846243,0.00578034682080925,0.546242774566474,0.01252408477842,53
30,NQ_ONLY,xgb_d5,5,0.02,0.0828681719303131,416,0.0200385356454721,236,0.567307692307692,0.518158695203501,0.615492552812741,0.00721153846153846,0.564903846153846,0.00240384615384615,53
30,NQ_ONLY,xgb_d5,5,0.01,0.0926831340789795,208,0.010019267822736,113,0.543269230769231,0.472969369765669,0.612318161389177,0.00480769230769231,0.519230769230769,0.0240384615384615,53
30,NQ_ONLY,xgb_d5,5,0.005,0.102241249829531,104,0.00500963391136802,54,0.519230769230769,0.419077438923432,0.618260761287495,0,0.471153846153846,0.0480769230769231,45
30,NQ_ES,logit,,0.5,0.0214727575330974,10380,0.5,5507,0.530539499036609,0.52088308079835,0.540178775589564,0.00635838150289017,0.530346820809249,0.000192678227360354,53
30,NQ_ES,logit,,0.2,0.0410818809994977,4152,0.2,2237,0.538776493256262,0.523470451763089,0.554027925091677,0.00361271676300578,0.539258188824663,-0.00048169556840072,53
30,NQ_ES,logit,,0.1,0.0525803971054272,2076,0.1,1128,0.543352601156069,0.521636013687772,0.564946599382864,0.0033718689788054,0.541425818882466,0.00192678227360299,53
30,NQ_ES,logit,,0.05,0.0622173716181451,1038,0.05,582,0.560693641618497,0.529883354235003,0.591158836481914,0.00289017341040462,0.5626204238921,-0.0019267822736031,53
30,NQ_ES,logit,,0.02,0.0728718897106897,416,0.0200385356454721,236,0.567307692307692,0.518158695203501,0.615492552812741,0.00240384615384615,0.569711538461538,-0.00240384615384615,50
30,NQ_ES,logit,,0.01,0.0816619459799174,208,0.010019267822736,121,0.581730769230769,0.511525550019517,0.649572126040382,0,0.581730769230769,0,46
30,NQ_ES,logit,,0.005,0.0891544633682182,104,0.00500963391136802,62,0.596153846153846,0.495432310829084,0.691252783311745,0,0.586538461538462,0.00961538461538458,36
30,NQ_ES,ranger,,0.5,0.0201424517117905,10380,0.5,5502,0.530057803468208,0.52040095798906,0.539697777642139,0.00578034682080925,0.53121387283237,-0.0011560693641619,53
30,NQ_ES,ranger,,0.2,0.0355795264189187,4152,0.2,2280,0.549132947976879,0.533847398300503,0.564349301493727,0.00433526011560694,0.551300578034682,-0.00216763005780352,53
30,NQ_ES,ranger,,0.1,0.0434844995715732,2076,0.1,1151,0.554431599229287,0.532746117688043,0.575963158277814,0.00674373795761079,0.557321772639692,-0.00289017341040465,53
30,NQ_ES,ranger,,0.05,0.0506958416484038,1038,0.05,595,0.573217726396917,0.542474532256257,0.603544589487617,0.00674373795761079,0.581888246628131,-0.00867052023121384,53
30,NQ_ES,ranger,,0.02,0.0595637814701049,416,0.0200385356454721,232,0.557692307692308,0.50849649362802,0.606061782170456,0.00480769230769231,0.567307692307692,-0.00961538461538458,53
30,NQ_ES,ranger,,0.01,0.0650260983318507,208,0.010019267822736,121,0.581730769230769,0.511525550019517,0.649572126040382,0.00480769230769231,0.576923076923077,0.0048076923076924,47
30,NQ_ES,ranger,,0.005,0.0698610200113727,104,0.00500963391136802,63,0.605769230769231,0.505137701750562,0.700214434007312,0.00961538461538462,0.596153846153846,0.00961538461538458,39
30,NQ_ES,xgb_d2,2,0.5,0.0214435160160065,10380,0.5,5479,0.527842003853565,0.518183308623624,0.53748507152276,0.00597302504816956,0.531695568400771,-0.0038535645472062,53
30,NQ_ES,xgb_d2,2,0.2,0.0369756937026978,4152,0.2,2264,0.545279383429672,0.52998543804896,0.560509560285215,0.00529865125240848,0.547928709055877,-0.00264932562620424,53
30,NQ_ES,xgb_d2,2,0.1,0.0456864774227142,2076,0.1,1153,0.555394990366089,0.533712719986553,0.576920613473267,0.00529865125240848,0.555394990366089,0,53
30,NQ_ES,xgb_d2,2,0.05,0.0538924813270569,1038,0.05,565,0.544315992292871,0.513447308729033,0.574932721332857,0.00770712909441233,0.551059730250482,-0.00674373795761085,53
30,NQ_ES,xgb_d2,2,0.02,0.0625377970933914,416,0.0200385356454721,224,0.538461538461538,0.489226003365057,0.587146244744155,0.00480769230769231,0.538461538461538,0,53
30,NQ_ES,xgb_d2,2,0.01,0.0683949494361877,208,0.010019267822736,112,0.538461538461538,0.468178255099165,0.607632921342965,0.00480769230769231,0.538461538461538,0,48
30,NQ_ES,xgb_d2,2,0.005,0.0746839213371273,104,0.00500963391136802,53,0.509615384615385,0.409690833034612,0.608978285037949,0,0.548076923076923,-0.0384615384615385,46
30,NQ_ES,xgb_d3,3,0.5,0.0235126614570618,10380,0.5,5451,0.52514450867052,0.515483817648615,0.53479108624721,0.00558766859344894,0.533526011560694,-0.00838150289017348,53
30,NQ_ES,xgb_d3,3,0.2,0.0409422516822815,4153,0.20004816955684,2252,0.542258608235011,0.526960579864174,0.557497137070668,0.00505658560077053,0.546592824464243,-0.00433421622923191,53
30,NQ_ES,xgb_d3,3,0.1,0.0508042335510254,2076,0.1,1125,0.541907514450867,0.520187657429427,0.563508868965431,0.00529865125240848,0.544797687861272,-0.00289017341040465,53
30,NQ_ES,xgb_d3,3,0.05,0.060209184885025,1038,0.05,546,0.526011560693642,0.495116584614245,0.556758658168796,0.00674373795761079,0.541425818882466,-0.0154142581888247,53
30,NQ_ES,xgb_d3,3,0.02,0.0725572299957275,416,0.0200385356454721,226,0.543269230769231,0.494036919746867,0.59188184408454,0.00721153846153846,0.550480769230769,-0.00721153846153855,52
30,NQ_ES,xgb_d3,3,0.01,0.0792798393964767,208,0.010019267822736,121,0.581730769230769,0.511525550019517,0.649572126040382,0.00961538461538462,0.576923076923077,0.0048076923076924,48
30,NQ_ES,xgb_d3,3,0.005,0.0869156846404073,104,0.00500963391136802,61,0.586538461538462,0.485763412995113,0.682254246249398,0,0.586538461538462,0,41
30,NQ_ES,xgb_d4,4,0.5,0.0245387852191925,10380,0.5,5482,0.528131021194605,0.518472556473327,0.537773696127955,0.0058766859344894,0.527071290944123,0.00105973025048167,53
30,NQ_ES,xgb_d4,4,0.2,0.0438727915287018,4152,0.2,2263,0.545038535645472,0.529744095901336,0.560269546087507,0.00578034682080925,0.545038535645472,0,53
30,NQ_ES,xgb_d4,4,0.1,0.055768346786499,2076,0.1,1114,0.536608863198459,0.514878568210825,0.558235640011038,0.00578034682080925,0.544315992292871,-0.00770712909441229,53
30,NQ_ES,xgb_d4,4,0.05,0.0671621233224869,1038,0.05,557,0.536608863198459,0.505724115051917,0.567285480292093,0.00578034682080925,0.539499036608863,-0.00289017341040465,53
30,NQ_ES,xgb_d4,4,0.02,0.0808976668119431,416,0.0200385356454721,226,0.543269230769231,0.494036919746867,0.59188184408454,0.00480769230769231,0.560096153846154,-0.0168269230769231,52
30,NQ_ES,xgb_d4,4,0.01,0.0900963550806045,208,0.010019267822736,116,0.557692307692308,0.48738039668388,0.626336101149232,0,0.5625,-0.00480769230769229,50
30,NQ_ES,xgb_d4,4,0.005,0.0984638306498526,104,0.00500963391136802,59,0.567307692307692,0.46653366165173,0.664148127882226,0,0.567307692307692,0,47
30,NQ_ES,xgb_d5,5,0.5,0.0252386927604675,10380,0.5,5432,0.523314065510597,0.513652180225129,0.532962864781698,0.00616570327552987,0.527938342967245,-0.0046242774566474,53
30,NQ_ES,xgb_d5,5,0.2,0.047312319278717,4152,0.2,2220,0.534682080924856,0.519369754813204,0.54994556392113,0.00626204238921002,0.537813102119461,-0.00313102119460507,53
30,NQ_ES,xgb_d5,5,0.1,0.060734510421753,2076,0.1,1131,0.544797687861272,0.52308455140875,0.566384148292432,0.00626204238921002,0.536127167630058,0.00867052023121384,53
30,NQ_ES,xgb_d5,5,0.05,0.073224264383316,1038,0.05,571,0.55009633911368,0.519244488967904,0.580663364742241,0.00867052023121387,0.544315992292871,0.0057803468208093,53
30,NQ_ES,xgb_d5,5,0.02,0.0883014357089996,416,0.0200385356454721,219,0.526442307692308,0.477218173445274,0.575287765617256,0.00961538461538462,0.538461538461538,-0.0120192307692307,52
30,NQ_ES,xgb_d5,5,0.01,0.0981535232067108,208,0.010019267822736,117,0.5625,0.492196691808751,0.630996089856671,0.00961538461538462,0.572115384615385,-0.00961538461538458,49
30,NQ_ES,xgb_d5,5,0.005,0.109944864958524,104,0.00500963391136802,58,0.557692307692308,0.456972204386591,0.6550412354355,0.00961538461538462,0.596153846153846,-0.0384615384615384,42
60,NQ_ONLY,logit,,0.5,0.0288094227103425,10022,0.5,5364,0.535222510476951,0.525398832716165,0.54502570940972,0.00429056076631411,0.535422071442826,-0.000199560965875145,53
60,NQ_ONLY,logit,,0.2,0.0468063115989299,4009,0.200009978048294,2165,0.54003492142679,0.524457952084199,0.555553487642683,0.00224494886505363,0.539286605138439,0.000748316288351258,53
60,NQ_ONLY,logit,,0.1,0.0590500861124696,2005,0.100029934144881,1079,0.538154613466334,0.516040946619039,0.560156544686304,0.00199501246882793,0.538653366583541,-0.000498753117206929,53
60,NQ_ONLY,logit,,0.05,0.0703401691041295,1003,0.050039912193175,556,0.554336989032901,0.522956757838964,0.585397402330585,0.00299102691924227,0.558325024925224,-0.00398803589232299,52
60,NQ_ONLY,logit,,0.02,0.0821071441526227,401,0.0200059868289763,217,0.541147132169576,0.490977824921172,0.590704823232251,0.00498753117206983,0.541147132169576,0,44
60,NQ_ONLY,logit,,0.01,0.0902413552413735,201,0.0100279385352225,116,0.577114427860697,0.505616684363472,0.646303142846952,0.00497512437810945,0.562189054726368,0.0149253731343284,35
60,NQ_ONLY,logit,,0.005,0.097677170094431,101,0.00503891438834564,69,0.683168316831683,0.583080378531479,0.772186789535728,0,0.643564356435644,0.0396039603960396,22
60,NQ_ONLY,ranger,,0.5,0.0283500848029351,10022,0.5,5409,0.53971263220914,0.529894253481067,0.549507921389053,0.00339253641987627,0.538116144482139,0.00159648772700061,53
60,NQ_ONLY,ranger,,0.2,0.0391431754519686,4009,0.200009978048294,2227,0.555500124719381,0.539957795658863,0.57096148740031,0.00299326515340484,0.551509104514842,0.00399102020453979,53
60,NQ_ONLY,ranger,,0.1,0.0475487808287341,2005,0.100029934144881,1133,0.565087281795511,0.543056426687599,0.586927513221744,0.00399002493765586,0.564588528678304,0.00049875311720704,53
60,NQ_ONLY,ranger,,0.05,0.0590864554526123,1003,0.050039912193175,578,0.576271186440678,0.545004797663621,0.607088602331235,0.00498504486540379,0.575274177467597,0.000997008973080749,51
60,NQ_ONLY,ranger,,0.02,0.0725492302927482,401,0.0200059868289763,233,0.581047381546135,0.531059532910996,0.629830150855401,0.00249376558603491,0.5785536159601,0.00249376558603487,35
60,NQ_ONLY,ranger,,0.01,0.0800352371070741,201,0.0100279385352225,127,0.631840796019901,0.561120548280015,0.698609155900664,0.00497512437810945,0.626865671641791,0.00497512437810943,29
60,NQ_ONLY,ranger,,0.005,0.0854875477242713,101,0.00503891438834564,59,0.584158415841584,0.481818204328667,0.681430359239671,0.0099009900990099,0.584158415841584,0,25
60,NQ_ONLY,xgb_d2,2,0.5,0.0275560319423676,10022,0.5,5405,0.53931351027739,0.529494628285319,0.549109534786785,0.00349231690281381,0.537717022550389,0.00159648772700061,53
60,NQ_ONLY,xgb_d2,2,0.2,0.0427503108978272,4009,0.200009978048294,2133,0.53205288101771,0.516463886509883,0.547595117204499,0.00349214267897231,0.530556248441008,0.00149663257670252,53
60,NQ_ONLY,xgb_d2,2,0.1,0.0518556118011475,2005,0.100029934144881,1076,0.536658354114713,0.514541970957689,0.558667383789905,0.00349127182044888,0.536658354114713,0,53
60,NQ_ONLY,xgb_d2,2,0.05,0.0607991635799408,1003,0.050039912193175,550,0.548354935194417,0.516954187676636,0.579471081415264,0.00398803589232303,0.546360917248255,0.00199401794616161,52
60,NQ_ONLY,xgb_d2,2,0.02,0.0715130650997162,401,0.0200059868289763,229,0.571072319201995,0.521009349817427,0.620078631692127,0.00498753117206983,0.566084788029925,0.00498753117206974,37
60,NQ_ONLY,xgb_d2,2,0.01,0.0784575140476227,201,0.0100279385352225,105,0.522388059701493,0.450961506967678,0.593144571466254,0.00497512437810945,0.517412935323383,0.00497512437810943,25
60,NQ_ONLY,xgb_d2,2,0.005,0.0845212998986244,101,0.00503891438834564,53,0.524752475247525,0.422961205091635,0.625054227512429,0,0.514851485148515,0.00990099009900991,17
60,NQ_ONLY,xgb_d3,3,0.5,0.0289089679718018,10022,0.5,5374,0.536220315306326,0.526397746338054,0.546021825289601,0.00349231690281381,0.53442426661345,0.00179604869287564,53
60,NQ_ONLY,xgb_d3,3,0.2,0.0466281771659851,4009,0.200009978048294,2142,0.534297829882764,0.518711816008373,0.549833810376966,0.00349214267897231,0.531304564729359,0.00299326515340481,53
60,NQ_ONLY,xgb_d3,3,0.1,0.0567462146282196,2005,0.100029934144881,1101,0.549127182044888,0.527039477196829,0.57107101404699,0.0029925187032419,0.544638403990025,0.00448877805486281,53
60,NQ_ONLY,xgb_d3,3,0.05,0.0664357036352158,1003,0.050039912193175,554,0.55234297108674,0.520955402396113,0.583422461053406,0.00398803589232303,0.545363908275174,0.00697906281156535,51
60,NQ_ONLY,xgb_d3,3,0.02,0.0789783084392548,401,0.0200059868289763,225,0.561097256857855,0.510979104125851,0.610307133155544,0.00498753117206983,0.561097256857855,0,43
60,NQ_ONLY,xgb_d3,3,0.01,0.0869949558377266,201,0.0100279385352225,116,0.577114427860697,0.505616684363472,0.646303142846952,0.00497512437810945,0.562189054726368,0.0149253731343284,30
60,NQ_ONLY,xgb_d3,3,0.005,0.0947975474596023,101,0.00503891438834564,61,0.603960396039604,0.501744078492565,0.699913047466758,0.0099009900990099,0.574257425742574,0.0297029702970297,16
60,NQ_ONLY,xgb_d4,4,0.5,0.0300073623657227,10022,0.5,5353,0.534124925164638,0.524300073083519,0.543929936588511,0.00349231690281381,0.534524047096388,-0.000399121931750068,53
60,NQ_ONLY,xgb_d4,4,0.2,0.0503229379653931,4009,0.200009978048294,2146,0.535295584933899,0.519710996563591,0.550828684331999,0.00374158144175605,0.53604390122225,-0.000748316288351258,53
60,NQ_ONLY,xgb_d4,4,0.1,0.0627694249153137,2005,0.100029934144881,1084,0.540648379052369,0.518539678221534,0.562638040579694,0.00249376558603491,0.534663341645885,0.00598503740648382,53
60,NQ_ONLY,xgb_d4,4,0.05,0.0735772401094437,1003,0.050039912193175,549,0.547357926221336,0.515954195258469,0.578482925061905,0.000997008973080758,0.541375872382852,0.00598205383848449,53
60,NQ_ONLY,xgb_d4,4,0.02,0.087661759853363,401,0.0200059868289763,219,0.546134663341646,0.495970783088739,0.595612773017839,0.00249376558603491,0.526184538653367,0.0199501246882793,50
60,NQ_ONLY,xgb_d4,4,0.01,0.0980625760555267,201,0.0100279385352225,111,0.552238805970149,0.480670540473143,0.622243337975844,0.00497512437810945,0.507462686567164,0.0447761194029851,38
60,NQ_ONLY,xgb_d4,4,0.005,0.108651772737503,101,0.00503891438834564,51,0.504950495049505,0.403643067509507,0.605960039477128,0.0099009900990099,0.465346534653465,0.0396039603960396,22
60,NQ_ONLY,xgb_d5,5,0.5,0.0304669290781021,10022,0.5,5396,0.538415485930952,0.528595494605826,0.54821314191966,0.00389143883456396,0.538215924965077,0.000199560965875034,53
60,NQ_ONLY,xgb_d5,5,0.2,0.0536403059959412,4009,0.200009978048294,2154,0.537291095036169,0.521709543861505,0.55281824603481,0.00299326515340484,0.539037166375655,-0.00174607133948612,53
60,NQ_ONLY,xgb_d5,5,0.1,0.0683679461479187,2005,0.100029934144881,1081,0.539152119700748,0.517040373409647,0.56114920890944,0.000997506234413965,0.543142144638404,-0.00399002493765588,53
60,NQ_ONLY,xgb_d5,5,0.05,0.081506185233593,1003,0.050039912193175,543,0.541375872382852,0.50995684993726,0.572551376342332,0.00199401794616152,0.543369890329013,-0.0019940179461615,53
60,NQ_ONLY,xgb_d5,5,0.02,0.0964763855934143,401,0.0200059868289763,208,0.518703241895262,0.468569828727586,0.568558671467773,0,0.511221945137157,0.00748129675810472,52
60,NQ_ONLY,xgb_d5,5,0.01,0.107358033061028,201,0.0100279385352225,99,0.492537313432836,0.421496586295136,0.563801378926853,0,0.477611940298507,0.0149253731343283,42
60,NQ_ONLY,xgb_d5,5,0.005,0.117760415375233,101,0.00503891438834564,52,0.514851485148515,0.413283474733546,0.615525825783828,0,0.524752475247525,-0.00990099009900991,34
60,NQ_ES,logit,,0.5,0.0263758404914954,10022,0.5,5346,0.533426461784075,0.523600887135707,0.543232601882856,0.00429056076631411,0.533426461784075,0,53
60,NQ_ES,logit,,0.2,0.0472178630352417,4009,0.200009978048294,2155,0.537540533798952,0.521959379737008,0.553066923782485,0.00349214267897231,0.54203043152906,-0.00448989773010722,53
60,NQ_ES,logit,,0.1,0.061747836919496,2005,0.100029934144881,1091,0.544139650872818,0.522038825116086,0.566111211954509,0.00249376558603491,0.549625935162095,-0.00548628428927689,53
60,NQ_ES,logit,,0.05,0.0735368754593735,1003,0.050039912193175,546,0.544366899302094,0.512954963889092,0.575517709704224,0.00199401794616152,0.554336989032901,-0.0099700897308076,52
60,NQ_ES,logit,,0.02,0.0864255782162114,401,0.0200059868289763,234,0.58354114713217,0.533575214753244,0.632264887248796,0,0.598503740648379,-0.0149625935162095,44
60,NQ_ES,logit,,0.01,0.0965835006079706,201,0.0100279385352225,123,0.611940298507463,0.540836082987662,0.67969067896194,0,0.626865671641791,-0.0149253731343284,34
60,NQ_ES,logit,,0.005,0.106027992173438,101,0.00503891438834564,60,0.594059405940594,0.491761572277158,0.690691484309946,0,0.623762376237624,-0.0297029702970297,24
60,NQ_ES,ranger,,0.5,0.0260744470381669,10022,0.5,5399,0.538714827379765,0.528895202292733,0.54851194308179,0.0039912193175015,0.537717022550389,0.000997804829375393,53
60,NQ_ES,ranger,,0.2,0.0382148912918836,4009,0.200009978048294,2243,0.559491144923921,0.543960196524851,0.574935303790095,0.00374158144175605,0.555749563482165,0.00374158144175607,53
60,NQ_ES,ranger,,0.1,0.0452495770265389,2005,0.100029934144881,1133,0.565087281795511,0.543056426687599,0.586927513221744,0.00498753117206983,0.561097256857855,0.00399002493765588,53
60,NQ_ES,ranger,,0.05,0.0565909228489498,1003,0.050039912193175,591,0.589232303090728,0.558062025810363,0.619877263238448,0.00498504486540379,0.586241276171486,0.00299102691924225,50
60,NQ_ES,ranger,,0.02,0.0705294065641495,401,0.0200059868289763,234,0.58354114713217,0.533575214753244,0.632264887248796,0.00498753117206983,0.58354114713217,0,43
60,NQ_ES,ranger,,0.01,0.0790523763335864,201,0.0100279385352225,115,0.572139303482587,0.500613590281484,0.641505101298138,0.00497512437810945,0.577114427860697,-0.00497512437810954,32
60,NQ_ES,ranger,,0.005,0.0844385738668069,101,0.00503891438834564,56,0.554455445544555,0.452219218656169,0.65341382482194,0.0099009900990099,0.554455445544555,0,22
60,NQ_ES,xgb_d2,2,0.5,0.0260145962238312,10022,0.5,5414,0.540211534623828,0.530393793828634,0.550005895788587,0.00349231690281381,0.54090999800439,-0.000698463380562786,53
60,NQ_ES,xgb_d2,2,0.2,0.0419755935668945,4009,0.200009978048294,2186,0.545273135445248,0.529706219712559,0.560774005895063,0.00324270391618858,0.543527064105762,0.00174607133948623,53
60,NQ_ES,xgb_d2,2,0.1,0.0518672466278076,2005,0.100029934144881,1107,0.55211970074813,0.530040927161669,0.574045836280114,0.00399002493765586,0.550623441396509,0.0014962593516209,53
60,NQ_ES,xgb_d2,2,0.05,0.0606540322303772,1003,0.050039912193175,547,0.545363908275174,0.513954583433399,0.576506239136153,0.00299102691924227,0.547357926221336,-0.0019940179461615,52
60,NQ_ES,xgb_d2,2,0.02,0.0701405727863312,401,0.0200059868289763,217,0.541147132169576,0.490977824921172,0.590704823232251,0.00498753117206983,0.546134663341646,-0.00498753117206974,37
60,NQ_ES,xgb_d2,2,0.01,0.0756156122684479,201,0.0100279385352225,102,0.507462686567164,0.436198621073147,0.578503413704864,0.0099502487562189,0.517412935323383,-0.00995024875621886,29
60,NQ_ES,xgb_d2,2,0.005,0.0807715624570847,101,0.00503891438834564,50,0.495049504950495,0.394039960522872,0.596356932490493,0.0198019801980198,0.504950495049505,-0.00990099009900991,18
60,NQ_ES,xgb_d3,3,0.5,0.0274105072021484,10022,0.5,5430,0.541808022350828,0.531992389069053,0.551599347735672,0.00329275593693873,0.54011175414089,0.00169626820993807,53
60,NQ_ES,xgb_d3,3,0.2,0.0460645914077759,4009,0.200009978048294,2189,0.546021451733599,0.530456112417465,0.561519654011919,0.00374158144175605,0.547268645547518,-0.00124719381391869,53
60,NQ_ES,xgb_d3,3,0.1,0.0572462975978851,2005,0.100029934144881,1087,0.54214463840399,0.520039180710773,0.564126674524815,0.0029925187032419,0.548129675810474,-0.00598503740648371,53
60,NQ_ES,xgb_d3,3,0.05,0.0664579778909683,1003,0.050039912193175,539,0.537387836490528,0.505961099937984,0.568594529081459,0.00199401794616152,0.542372881355932,-0.00498504486540374,53
60,NQ_ES,xgb_d3,3,0.02,0.0773014867305755,401,0.0200059868289763,219,0.546134663341646,0.495970783088739,0.595612773017839,0.00498753117206983,0.556109725685786,-0.0099750623441397,47
60,NQ_ES,xgb_d3,3,0.01,0.0855065661668778,201,0.0100279385352225,107,0.532338308457712,0.460837297588871,0.602871436512857,0.0099502487562189,0.54726368159204,-0.0149253731343283,33
60,NQ_ES,xgb_d3,3,0.005,0.0932983431220055,101,0.00503891438834564,51,0.504950495049505,0.403643067509507,0.605960039477128,0.0099009900990099,0.504950495049505,0,24
60,NQ_ES,xgb_d4,4,0.5,0.029350608587265,10022,0.5,5361,0.534923169028138,0.525099166287196,0.544726866987835,0.00369187786868888,0.536120534823389,-0.00119736579525043,53
60,NQ_ES,xgb_d4,4,0.2,0.0508528709411621,4009,0.200009978048294,2177,0.543028186580195,0.527456751987917,0.558536851126252,0.00224494886505363,0.546520329259167,-0.00349214267897224,53
60,NQ_ES,xgb_d4,4,0.1,0.0631580799818039,2005,0.100029934144881,1096,0.546633416458853,0.524538875740428,0.568591388493314,0.00249376558603491,0.551122194513716,-0.00448877805486281,53
60,NQ_ES,xgb_d4,4,0.05,0.0748812809586525,1003,0.050039912193175,546,0.544366899302094,0.512954963889092,0.575517709704224,0.00199401794616152,0.560319042871386,-0.0159521435692922,53
60,NQ_ES,xgb_d4,4,0.02,0.0882883059978485,401,0.0200059868289763,228,0.56857855361596,0.518499925820032,0.617637623314454,0.00249376558603491,0.551122194513716,0.0174563591022444,50
60,NQ_ES,xgb_d4,4,0.01,0.0972311723232269,201,0.0100279385352225,114,0.567164179104478,0.495617455948929,0.636700070754914,0,0.552238805970149,0.0149253731343283,36
60,NQ_ES,xgb_d4,4,0.005,0.105672354400158,101,0.00503891438834564,60,0.594059405940594,0.491761572277158,0.690691484309946,0,0.574257425742574,0.0198019801980198,27
60,NQ_ES,xgb_d5,5,0.5,0.0304775536060333,10022,0.5,5343,0.533127120335263,0.523301241901037,0.542933738265804,0.00389143883456396,0.53362602274995,-0.000498902414687641,53
60,NQ_ES,xgb_d5,5,0.2,0.0541796684265137,4009,0.200009978048294,2166,0.540284360189574,0.52470783068808,0.555802122657035,0.00324270391618858,0.537041656273385,0.00324270391618864,53
60,NQ_ES,xgb_d5,5,0.1,0.0682135403156281,2005,0.100029934144881,1082,0.539650872817955,0.517540119724973,0.561645508093358,0.00249376558603491,0.540149625935162,-0.00049875311720704,53
60,NQ_ES,xgb_d5,5,0.05,0.0808093398809432,1003,0.050039912193175,539,0.537387836490528,0.505961099937984,0.568594529081459,0.00299102691924227,0.555333998005982,-0.0179461615154536,53
60,NQ_ES,xgb_d5,5,0.02,0.096706263422966,401,0.0200059868289763,211,0.526184538653367,0.47602822219374,0.575951669787953,0,0.533665835411471,-0.00748129675810472,52
60,NQ_ES,xgb_d5,5,0.01,0.107786398530006,201,0.0100279385352225,112,0.557213930348259,0.485645955901112,0.627069162093472,0,0.577114427860697,-0.0199004975124378,42
60,NQ_ES,xgb_d5,5,0.005,0.117372916638851,101,0.00503891438834564,63,0.623762376237624,0.521828369816015,0.718235405137901,0,0.653465346534654,-0.0297029702970297,30
