signal_et,signal_date,source_period,p_up,confidence,signal,outcome,correct_direction
2025-01-02T00:15:00Z,2025-01-01,2025 calibration,0.561669051647186,0.0616690516471863,BUY,-1,0
2025-01-02T03:45:00Z,2025-01-01,2025 calibration,0.572847425937653,0.0728474259376526,BUY,1,1
2025-01-02T07:45:00Z,2025-01-02,2025 calibration,0.570243239402771,0.070243239402771,BUY,-1,0
2025-01-02T08:30:00Z,2025-01-02,2025 calibration,0.561762273311615,0.061762273311615,BUY,-1,0
2025-01-03T08:30:00Z,2025-01-03,2025 calibration,0.56890219449997,0.0689021944999695,BUY,1,1
2025-01-03T14:00:00Z,2025-01-03,2025 calibration,0.566240549087524,0.0662405490875244,BUY,1,1
2025-01-03T17:15:00Z,2025-01-03,2025 calibration,0.571896374225617,0.0718963742256165,BUY,1,1
2025-01-06T08:15:00Z,2025-01-06,2025 calibration,0.431976556777954,0.0680234432220459,SELL,-1,1
2025-01-06T17:15:00Z,2025-01-06,2025 calibration,0.566632211208344,0.0666322112083435,BUY,-1,0
2025-01-07T01:00:00Z,2025-01-06,2025 calibration,0.5627720952034,0.0627720952033997,BUY,-1,0
2025-01-07T01:30:00Z,2025-01-06,2025 calibration,0.562120378017426,0.0621203780174255,BUY,1,1
2025-01-07T02:45:00Z,2025-01-06,2025 calibration,0.573734045028687,0.0737340450286865,BUY,-1,0
2025-01-07T03:00:00Z,2025-01-06,2025 calibration,0.587956547737122,0.0879565477371216,BUY,-1,0
2025-01-07T05:00:00Z,2025-01-07,2025 calibration,0.563406109809876,0.0634061098098755,BUY,1,1
2025-01-07T08:15:00Z,2025-01-07,2025 calibration,0.567577958106995,0.0675779581069946,BUY,-1,0
2025-01-07T10:00:00Z,2025-01-07,2025 calibration,0.565733194351196,0.0657331943511963,BUY,1,1
2025-01-08T03:15:00Z,2025-01-07,2025 calibration,0.56241911649704,0.0624191164970398,BUY,1,1
2025-01-08T20:15:00Z,2025-01-08,2025 calibration,0.566840350627899,0.0668403506278992,BUY,1,1
2025-01-09T00:15:00Z,2025-01-08,2025 calibration,0.564758777618408,0.0647587776184082,BUY,1,1
2025-01-09T00:30:00Z,2025-01-08,2025 calibration,0.574869990348816,0.0748699903488159,BUY,-1,0
2025-01-09T04:00:00Z,2025-01-08,2025 calibration,0.585461556911469,0.0854615569114685,BUY,1,1
2025-01-09T04:15:00Z,2025-01-08,2025 calibration,0.584409356117249,0.0844093561172485,BUY,0,0
2025-01-09T07:30:00Z,2025-01-09,2025 calibration,0.576046526432037,0.0760465264320374,BUY,-1,0
2025-01-10T00:15:00Z,2025-01-09,2025 calibration,0.57271546125412,0.0727154612541199,BUY,1,1
2025-01-10T05:30:00Z,2025-01-10,2025 calibration,0.436635404825211,0.0633645951747894,SELL,-1,1
2025-01-10T06:30:00Z,2025-01-10,2025 calibration,0.569377243518829,0.0693772435188294,BUY,1,1
2025-01-13T01:15:00Z,2025-01-12,2025 calibration,0.570673406124115,0.070673406124115,BUY,1,1
2025-01-13T01:30:00Z,2025-01-12,2025 calibration,0.564155220985413,0.0641552209854126,BUY,-1,0
2025-01-13T01:45:00Z,2025-01-12,2025 calibration,0.567293524742127,0.0672935247421265,BUY,1,1
2025-01-13T03:15:00Z,2025-01-12,2025 calibration,0.583505034446716,0.0835050344467163,BUY,1,1
2025-01-13T05:30:00Z,2025-01-13,2025 calibration,0.5700603723526,0.0700603723526001,BUY,-1,0
2025-01-13T08:30:00Z,2025-01-13,2025 calibration,0.565556883811951,0.0655568838119507,BUY,1,1
2025-01-13T09:00:00Z,2025-01-13,2025 calibration,0.56950569152832,0.0695056915283203,BUY,-1,0
2025-01-13T19:15:00Z,2025-01-13,2025 calibration,0.56305068731308,0.0630506873130798,BUY,1,1
2025-01-14T03:00:00Z,2025-01-13,2025 calibration,0.437183290719986,0.062816709280014,SELL,1,0
2025-01-14T04:00:00Z,2025-01-13,2025 calibration,0.584675192832947,0.0846751928329468,BUY,1,1
2025-01-14T06:00:00Z,2025-01-14,2025 calibration,0.439490407705307,0.060509592294693,SELL,-1,1
2025-01-14T11:30:00Z,2025-01-14,2025 calibration,0.563324987888336,0.0633249878883362,BUY,-1,0
2025-01-15T07:45:00Z,2025-01-15,2025 calibration,0.5830197930336,0.0830197930335999,BUY,-1,0
2025-01-16T02:00:00Z,2025-01-15,2025 calibration,0.567532420158386,0.0675324201583862,BUY,-1,0
2025-01-16T05:15:00Z,2025-01-16,2025 calibration,0.560843646526337,0.0608436465263367,BUY,0,0
2025-01-16T07:15:00Z,2025-01-16,2025 calibration,0.439218789339066,0.0607812106609345,SELL,1,0
2025-01-16T07:30:00Z,2025-01-16,2025 calibration,0.426961541175842,0.0730384588241577,SELL,1,0
2025-01-16T07:45:00Z,2025-01-16,2025 calibration,0.434744477272034,0.0652555227279663,SELL,1,0
2025-01-16T09:30:00Z,2025-01-16,2025 calibration,0.570263743400574,0.0702637434005737,BUY,-1,0
2025-01-16T21:15:00Z,2025-01-16,2025 calibration,0.562211275100708,0.062211275100708,BUY,-1,0
2025-01-17T02:45:00Z,2025-01-16,2025 calibration,0.561963737010956,0.0619637370109558,BUY,-1,0
2025-01-17T03:15:00Z,2025-01-16,2025 calibration,0.577569007873535,0.0775690078735352,BUY,1,1
2025-01-20T06:30:00Z,2025-01-20,2025 calibration,0.432021498680115,0.0679785013198853,SELL,-1,1
2025-01-20T06:45:00Z,2025-01-20,2025 calibration,0.434242397546768,0.0657576024532318,SELL,1,0
2025-01-20T12:15:00Z,2025-01-20,2025 calibration,0.56536328792572,0.0653632879257202,BUY,-1,0
2025-01-20T13:30:00Z,2025-01-20,2025 calibration,0.561776697635651,0.0617766976356506,BUY,1,1
2025-01-21T02:30:00Z,2025-01-20,2025 calibration,0.566829562187195,0.0668295621871948,BUY,-1,0
2025-01-21T06:45:00Z,2025-01-21,2025 calibration,0.582184970378876,0.0821849703788757,BUY,1,1
2025-01-21T11:00:00Z,2025-01-21,2025 calibration,0.563890099525452,0.0638900995254517,BUY,1,1
2025-01-22T14:15:00Z,2025-01-22,2025 calibration,0.561797499656677,0.0617974996566773,BUY,-1,0
2025-01-22T16:00:00Z,2025-01-22,2025 calibration,0.581227362155914,0.0812273621559143,BUY,1,1
2025-01-22T17:45:00Z,2025-01-22,2025 calibration,0.580466985702515,0.0804669857025147,BUY,1,1
2025-01-22T18:15:00Z,2025-01-22,2025 calibration,0.572758376598358,0.0727583765983582,BUY,-1,0
2025-01-22T21:30:00Z,2025-01-22,2025 calibration,0.566317558288574,0.0663175582885742,BUY,1,1
2025-01-23T00:30:00Z,2025-01-22,2025 calibration,0.560759544372559,0.0607595443725586,BUY,1,1
2025-01-23T00:45:00Z,2025-01-22,2025 calibration,0.574045240879059,0.0740452408790588,BUY,-1,0
2025-01-23T05:15:00Z,2025-01-23,2025 calibration,0.415704369544983,0.0842956304550171,SELL,1,0
2025-01-23T06:00:00Z,2025-01-23,2025 calibration,0.566503584384918,0.0665035843849182,BUY,1,1
2025-01-23T06:45:00Z,2025-01-23,2025 calibration,0.566314220428467,0.0663142204284668,BUY,1,1
2025-01-24T02:15:00Z,2025-01-23,2025 calibration,0.437470763921738,0.0625292360782623,SELL,1,0
2025-01-24T03:30:00Z,2025-01-23,2025 calibration,0.569191038608551,0.069191038608551,BUY,-1,0
2025-01-24T06:00:00Z,2025-01-24,2025 calibration,0.563752830028534,0.0637528300285339,BUY,1,1
2025-01-24T07:15:00Z,2025-01-24,2025 calibration,0.568150818347931,0.0681508183479309,BUY,1,1
2025-01-27T00:45:00Z,2025-01-26,2025 calibration,0.564189016819,0.0641890168190002,BUY,-1,0
2025-01-27T03:15:00Z,2025-01-26,2025 calibration,0.439566493034363,0.0604335069656372,SELL,1,0
2025-01-27T05:30:00Z,2025-01-27,2025 calibration,0.586936891078949,0.086936891078949,BUY,-1,0
2025-01-27T06:45:00Z,2025-01-27,2025 calibration,0.568744659423828,0.0687446594238281,BUY,1,1
2025-01-27T07:15:00Z,2025-01-27,2025 calibration,0.569466531276703,0.0694665312767029,BUY,-1,0
2025-01-27T08:00:00Z,2025-01-27,2025 calibration,0.572273433208466,0.0722734332084656,BUY,1,1
2025-01-27T10:15:00Z,2025-01-27,2025 calibration,0.571721613407135,0.071721613407135,BUY,-1,0
2025-01-28T11:30:00Z,2025-01-28,2025 calibration,0.564070224761963,0.0640702247619629,BUY,-1,0
2025-01-29T05:45:00Z,2025-01-29,2025 calibration,0.584731638431549,0.0847316384315491,BUY,1,1
2025-01-29T13:15:00Z,2025-01-29,2025 calibration,0.561304807662964,0.0613048076629639,BUY,-1,0
2025-01-30T06:30:00Z,2025-01-30,2025 calibration,0.564977705478668,0.0649777054786682,BUY,-1,0
2025-01-31T03:00:00Z,2025-01-30,2025 calibration,0.567273497581482,0.0672734975814819,BUY,1,1
2025-01-31T04:30:00Z,2025-01-30,2025 calibration,0.573207974433899,0.0732079744338989,BUY,-1,0
2025-01-31T04:45:00Z,2025-01-30,2025 calibration,0.572556376457214,0.0725563764572144,BUY,-1,0
2025-01-31T06:30:00Z,2025-01-31,2025 calibration,0.426887214183807,0.0731127858161926,SELL,1,0
2025-01-31T13:00:00Z,2025-01-31,2025 calibration,0.561601221561432,0.0616012215614319,BUY,-1,0
2025-02-03T01:45:00Z,2025-02-02,2025 calibration,0.567130744457245,0.0671307444572449,BUY,1,1
2025-02-04T07:00:00Z,2025-02-04,2025 calibration,0.433337330818176,0.0666626691818237,SELL,-1,1
2025-02-04T07:15:00Z,2025-02-04,2025 calibration,0.434131443500519,0.0658685564994812,SELL,-1,1
2025-02-04T19:00:00Z,2025-02-04,2025 calibration,0.564911365509033,0.0649113655090332,BUY,1,1
2025-02-05T02:00:00Z,2025-02-04,2025 calibration,0.581870019435883,0.0818700194358826,BUY,-1,0
2025-02-05T03:00:00Z,2025-02-04,2025 calibration,0.561932802200317,0.0619328022003174,BUY,1,1
2025-02-05T03:30:00Z,2025-02-04,2025 calibration,0.568878412246704,0.0688784122467041,BUY,1,1
2025-02-05T04:00:00Z,2025-02-04,2025 calibration,0.565928816795349,0.0659288167953491,BUY,1,1
2025-02-05T11:00:00Z,2025-02-05,2025 calibration,0.433370888233185,0.0666291117668152,SELL,1,0
2025-02-06T10:30:00Z,2025-02-06,2025 calibration,0.571969449520111,0.0719694495201111,BUY,1,1
2025-02-06T11:15:00Z,2025-02-06,2025 calibration,0.566205680370331,0.0662056803703308,BUY,-1,0
2025-02-06T13:45:00Z,2025-02-06,2025 calibration,0.562986075878143,0.0629860758781433,BUY,1,1
2025-02-06T19:30:00Z,2025-02-06,2025 calibration,0.563676953315735,0.0636769533157349,BUY,-1,0
2025-02-07T03:15:00Z,2025-02-06,2025 calibration,0.581911146640778,0.0819111466407776,BUY,0,0
2025-02-07T03:45:00Z,2025-02-06,2025 calibration,0.578006625175476,0.0780066251754761,BUY,1,1
2025-02-07T04:30:00Z,2025-02-06,2025 calibration,0.587993264198303,0.0879932641983032,BUY,-1,0
2025-02-07T05:45:00Z,2025-02-07,2025 calibration,0.565406262874603,0.0654062628746033,BUY,-1,0
2025-02-07T06:15:00Z,2025-02-07,2025 calibration,0.564163565635681,0.0641635656356812,BUY,1,1
2025-02-07T08:00:00Z,2025-02-07,2025 calibration,0.562001168727875,0.0620011687278748,BUY,1,1
2025-02-10T06:30:00Z,2025-02-10,2025 calibration,0.572902858257294,0.0729028582572937,BUY,-1,0
2025-02-10T19:45:00Z,2025-02-10,2025 calibration,0.566290557384491,0.066290557384491,BUY,-1,0
2025-02-11T00:15:00Z,2025-02-10,2025 calibration,0.566979050636292,0.0669790506362915,BUY,1,1
2025-02-11T01:30:00Z,2025-02-10,2025 calibration,0.58510035276413,0.0851003527641296,BUY,1,1
2025-02-11T02:00:00Z,2025-02-10,2025 calibration,0.560745000839233,0.0607450008392334,BUY,-1,0
2025-02-11T06:15:00Z,2025-02-11,2025 calibration,0.567360401153565,0.0673604011535645,BUY,-1,0
2025-02-11T08:00:00Z,2025-02-11,2025 calibration,0.572612822055817,0.0726128220558167,BUY,1,1
2025-02-11T17:00:00Z,2025-02-11,2025 calibration,0.563266336917877,0.0632663369178772,BUY,-1,0
2025-02-12T03:15:00Z,2025-02-11,2025 calibration,0.57101172208786,0.0710117220878601,BUY,1,1
2025-02-12T11:00:00Z,2025-02-12,2025 calibration,0.436339437961578,0.0636605620384216,SELL,-1,1
2025-02-13T05:00:00Z,2025-02-13,2025 calibration,0.573985517024994,0.0739855170249939,BUY,1,1
2025-02-13T07:00:00Z,2025-02-13,2025 calibration,0.565566003322601,0.0655660033226013,BUY,-1,0
2025-02-13T07:45:00Z,2025-02-13,2025 calibration,0.56291389465332,0.0629138946533203,BUY,-1,0
2025-02-14T11:15:00Z,2025-02-14,2025 calibration,0.565952956676483,0.0659529566764832,BUY,-1,0
2025-02-14T11:30:00Z,2025-02-14,2025 calibration,0.572264611721039,0.0722646117210388,BUY,1,1
2025-02-14T17:30:00Z,2025-02-14,2025 calibration,0.561882495880127,0.061882495880127,BUY,1,1
2025-02-17T05:15:00Z,2025-02-17,2025 calibration,0.431420981884003,0.0685790181159973,SELL,1,0
2025-02-17T07:15:00Z,2025-02-17,2025 calibration,0.561354100704193,0.0613541007041931,BUY,1,1
2025-02-17T07:45:00Z,2025-02-17,2025 calibration,0.574327528476715,0.0743275284767151,BUY,-1,0
2025-02-17T08:30:00Z,2025-02-17,2025 calibration,0.575075089931488,0.075075089931488,BUY,1,1
2025-02-17T11:15:00Z,2025-02-17,2025 calibration,0.438102424144745,0.0618975758552551,SELL,1,0
2025-02-18T05:15:00Z,2025-02-18,2025 calibration,0.569075405597687,0.0690754055976868,BUY,1,1
2025-02-18T05:45:00Z,2025-02-18,2025 calibration,0.569703221321106,0.069703221321106,BUY,-1,0
2025-02-18T06:30:00Z,2025-02-18,2025 calibration,0.435810506343842,0.0641894936561585,SELL,-1,1
2025-02-18T09:45:00Z,2025-02-18,2025 calibration,0.58952409029007,0.0895240902900696,BUY,1,1
2025-02-18T11:45:00Z,2025-02-18,2025 calibration,0.570541739463806,0.0705417394638062,BUY,1,1
2025-02-19T06:30:00Z,2025-02-19,2025 calibration,0.432084858417511,0.067915141582489,SELL,1,0
2025-02-19T07:00:00Z,2025-02-19,2025 calibration,0.579732000827789,0.0797320008277893,BUY,-1,0
2025-02-19T10:30:00Z,2025-02-19,2025 calibration,0.573547065258026,0.0735470652580261,BUY,-1,0
2025-02-19T10:45:00Z,2025-02-19,2025 calibration,0.572434663772583,0.072434663772583,BUY,1,1
2025-02-19T11:45:00Z,2025-02-19,2025 calibration,0.568594098091126,0.0685940980911255,BUY,1,1
2025-02-19T19:00:00Z,2025-02-19,2025 calibration,0.565301835536957,0.0653018355369568,BUY,1,1
2025-02-20T01:15:00Z,2025-02-19,2025 calibration,0.56846958398819,0.0684695839881897,BUY,-1,0
2025-02-21T08:00:00Z,2025-02-21,2025 calibration,0.583930015563965,0.0839300155639648,BUY,1,1
2025-02-21T14:30:00Z,2025-02-21,2025 calibration,0.566790640354157,0.0667906403541565,BUY,-1,0
2025-02-21T21:30:00Z,2025-02-21,2025 calibration,0.577570855617523,0.0775708556175232,BUY,-1,0
2025-02-21T21:45:00Z,2025-02-21,2025 calibration,0.566318929195404,0.0663189291954041,BUY,1,1
2025-02-24T07:45:00Z,2025-02-24,2025 calibration,0.584405481815338,0.0844054818153381,BUY,1,1
2025-02-24T12:15:00Z,2025-02-24,2025 calibration,0.569544851779938,0.0695448517799377,BUY,1,1
2025-02-25T05:00:00Z,2025-02-25,2025 calibration,0.589100897312164,0.0891008973121643,BUY,1,1
2025-02-25T06:15:00Z,2025-02-25,2025 calibration,0.435370534658432,0.064629465341568,SELL,-1,1
2025-02-25T06:30:00Z,2025-02-25,2025 calibration,0.571993350982666,0.071993350982666,BUY,-1,0
2025-02-25T07:30:00Z,2025-02-25,2025 calibration,0.575005352497101,0.0750053524971008,BUY,-1,0
2025-02-25T08:00:00Z,2025-02-25,2025 calibration,0.568782806396484,0.0687828063964844,BUY,1,1
2025-02-25T09:45:00Z,2025-02-25,2025 calibration,0.590109467506409,0.0901094675064087,BUY,-1,0
2025-02-25T10:00:00Z,2025-02-25,2025 calibration,0.573214769363403,0.0732147693634033,BUY,1,1
2025-02-26T01:30:00Z,2025-02-25,2025 calibration,0.567303359508514,0.0673033595085144,BUY,-1,0
2025-02-26T05:00:00Z,2025-02-26,2025 calibration,0.437622666358948,0.0623773336410523,SELL,1,0
2025-02-26T08:15:00Z,2025-02-26,2025 calibration,0.565953552722931,0.0659535527229309,BUY,1,1
2025-02-26T14:15:00Z,2025-02-26,2025 calibration,0.561484813690186,0.0614848136901856,BUY,1,1
2025-02-27T01:00:00Z,2025-02-26,2025 calibration,0.583458602428436,0.0834586024284363,BUY,-1,0
2025-02-27T04:00:00Z,2025-02-26,2025 calibration,0.591258049011231,0.0912580490112305,BUY,-1,0
2025-02-27T05:15:00Z,2025-02-27,2025 calibration,0.417362362146378,0.0826376378536224,SELL,1,0
2025-02-27T05:45:00Z,2025-02-27,2025 calibration,0.427372336387634,0.0726276636123657,SELL,-1,1
2025-02-27T08:00:00Z,2025-02-27,2025 calibration,0.570475339889526,0.0704753398895264,BUY,-1,0
2025-02-28T01:00:00Z,2025-02-27,2025 calibration,0.580000936985016,0.0800009369850159,BUY,1,1
2025-02-28T01:30:00Z,2025-02-27,2025 calibration,0.573471128940582,0.0734711289405823,BUY,-1,0
2025-02-28T02:45:00Z,2025-02-27,2025 calibration,0.567234516143799,0.0672345161437988,BUY,1,1
2025-02-28T12:15:00Z,2025-02-28,2025 calibration,0.563113570213318,0.0631135702133179,BUY,1,1
2025-03-03T06:45:00Z,2025-03-03,2025 calibration,0.43377947807312,0.0662205219268799,SELL,1,0
2025-03-04T02:00:00Z,2025-03-03,2025 calibration,0.570179879665375,0.0701798796653748,BUY,1,1
2025-03-04T03:15:00Z,2025-03-03,2025 calibration,0.57192462682724,0.07192462682724,BUY,1,1
2025-03-04T06:15:00Z,2025-03-04,2025 calibration,0.570784866809845,0.070784866809845,BUY,1,1
2025-03-04T10:30:00Z,2025-03-04,2025 calibration,0.578262388706207,0.0782623887062073,BUY,-1,0
2025-03-04T12:15:00Z,2025-03-04,2025 calibration,0.566001832485199,0.066001832485199,BUY,-1,0
2025-03-05T02:15:00Z,2025-03-04,2025 calibration,0.56143069267273,0.0614306926727295,BUY,1,1
2025-03-05T05:30:00Z,2025-03-05,2025 calibration,0.567436277866364,0.0674362778663635,BUY,1,1
2025-03-05T09:45:00Z,2025-03-05,2025 calibration,0.435125648975372,0.0648743510246277,SELL,1,0
2025-03-05T10:30:00Z,2025-03-05,2025 calibration,0.574324548244476,0.0743245482444763,BUY,1,1
2025-03-06T05:15:00Z,2025-03-06,2025 calibration,0.433745741844177,0.0662542581558228,SELL,-1,1
2025-03-07T03:15:00Z,2025-03-06,2025 calibration,0.580296576023102,0.0802965760231018,BUY,-1,0
2025-03-07T12:45:00Z,2025-03-07,2025 calibration,0.566355288028717,0.066355288028717,BUY,1,1
2025-03-10T03:30:00Z,2025-03-09,2025 calibration,0.570692479610443,0.0706924796104431,BUY,1,1
2025-03-10T04:45:00Z,2025-03-10,2025 calibration,0.564244627952576,0.0642446279525757,BUY,-1,0
2025-03-10T05:00:00Z,2025-03-10,2025 calibration,0.574702739715576,0.0747027397155762,BUY,1,1
2025-03-10T05:45:00Z,2025-03-10,2025 calibration,0.564682483673096,0.0646824836730957,BUY,-1,0
2025-03-10T08:45:00Z,2025-03-10,2025 calibration,0.561920344829559,0.0619203448295593,BUY,1,1
2025-03-10T09:00:00Z,2025-03-10,2025 calibration,0.561417043209076,0.0614170432090759,BUY,1,1
2025-03-11T00:45:00Z,2025-03-10,2025 calibration,0.562513649463654,0.0625136494636536,BUY,-1,0
2025-03-11T12:15:00Z,2025-03-11,2025 calibration,0.56587541103363,0.0658754110336304,BUY,1,1
2025-03-12T03:00:00Z,2025-03-11,2025 calibration,0.579248428344727,0.0792484283447266,BUY,1,1
2025-03-12T07:15:00Z,2025-03-12,2025 calibration,0.565491199493408,0.0654911994934082,BUY,1,1
2025-03-13T01:00:00Z,2025-03-12,2025 calibration,0.563189029693604,0.0631890296936035,BUY,-1,0
2025-03-13T03:00:00Z,2025-03-12,2025 calibration,0.565415382385254,0.0654153823852539,BUY,-1,0
2025-03-13T03:30:00Z,2025-03-12,2025 calibration,0.585456490516663,0.0854564905166626,BUY,-1,0
2025-03-13T07:45:00Z,2025-03-13,2025 calibration,0.573834180831909,0.0738341808319092,BUY,1,1
2025-03-14T04:30:00Z,2025-03-14,2025 calibration,0.569965898990631,0.0699658989906311,BUY,-1,0
2025-03-14T05:45:00Z,2025-03-14,2025 calibration,0.569123566150665,0.0691235661506653,BUY,-1,0
2025-03-14T12:30:00Z,2025-03-14,2025 calibration,0.43897420167923,0.0610257983207703,SELL,-1,1
2025-03-14T13:15:00Z,2025-03-14,2025 calibration,0.561208844184876,0.0612088441848755,BUY,-1,0
2025-03-17T23:15:00Z,2025-03-17,2025 calibration,0.576503574848175,0.0765035748481751,BUY,1,1
2025-03-18T01:45:00Z,2025-03-17,2025 calibration,0.567994952201843,0.0679949522018433,BUY,-1,0
2025-03-18T06:30:00Z,2025-03-18,2025 calibration,0.428970962762833,0.0710290372371674,SELL,-1,1
2025-03-18T10:00:00Z,2025-03-18,2025 calibration,0.574804425239563,0.074804425239563,BUY,-1,0
2025-03-18T13:00:00Z,2025-03-18,2025 calibration,0.564180850982666,0.064180850982666,BUY,-1,0
2025-03-18T16:15:00Z,2025-03-18,2025 calibration,0.438494652509689,0.0615053474903107,SELL,-1,1
2025-03-19T06:15:00Z,2025-03-19,2025 calibration,0.567768514156342,0.0677685141563416,BUY,1,1
2025-03-20T04:45:00Z,2025-03-20,2025 calibration,0.572324633598328,0.0723246335983276,BUY,1,1
2025-03-20T06:30:00Z,2025-03-20,2025 calibration,0.568307101726532,0.068307101726532,BUY,-1,0
2025-03-20T09:30:00Z,2025-03-20,2025 calibration,0.570890724658966,0.0708907246589661,BUY,-1,0
2025-03-20T09:45:00Z,2025-03-20,2025 calibration,0.566215038299561,0.0662150382995606,BUY,-1,0
2025-03-20T23:15:00Z,2025-03-20,2025 calibration,0.564760029315949,0.0647600293159485,BUY,-1,0
2025-03-21T04:00:00Z,2025-03-21,2025 calibration,0.572027742862701,0.0720277428627014,BUY,1,1
2025-03-21T05:45:00Z,2025-03-21,2025 calibration,0.581824243068695,0.0818242430686951,BUY,1,1
2025-03-21T07:45:00Z,2025-03-21,2025 calibration,0.561083972454071,0.061083972454071,BUY,1,1
2025-03-21T13:15:00Z,2025-03-21,2025 calibration,0.563020288944244,0.0630202889442444,BUY,-1,0
2025-03-21T15:45:00Z,2025-03-21,2025 calibration,0.562908172607422,0.0629081726074219,BUY,1,1
2025-03-24T00:30:00Z,2025-03-23,2025 calibration,0.434728056192398,0.0652719438076019,SELL,-1,1
2025-03-24T07:15:00Z,2025-03-24,2025 calibration,0.427812278270721,0.0721877217292786,SELL,1,0
2025-03-25T02:15:00Z,2025-03-24,2025 calibration,0.578256070613861,0.0782560706138611,BUY,1,1
2025-03-25T07:45:00Z,2025-03-25,2025 calibration,0.562741637229919,0.0627416372299194,BUY,-1,0
2025-03-25T08:00:00Z,2025-03-25,2025 calibration,0.575803577899933,0.0758035778999329,BUY,-1,0
2025-03-25T08:15:00Z,2025-03-25,2025 calibration,0.569030821323395,0.0690308213233948,BUY,-1,0
2025-03-25T10:00:00Z,2025-03-25,2025 calibration,0.438214004039764,0.0617859959602356,SELL,-1,1
2025-03-25T17:30:00Z,2025-03-25,2025 calibration,0.564578831195831,0.0645788311958313,BUY,1,1
2025-03-26T02:15:00Z,2025-03-25,2025 calibration,0.577747106552124,0.077747106552124,BUY,-1,0
2025-03-26T02:30:00Z,2025-03-25,2025 calibration,0.571236610412598,0.0712366104125977,BUY,1,1
2025-03-26T03:15:00Z,2025-03-25,2025 calibration,0.571841180324554,0.0718411803245544,BUY,1,1
2025-03-26T03:45:00Z,2025-03-25,2025 calibration,0.569763898849487,0.0697638988494873,BUY,1,1
2025-03-26T06:00:00Z,2025-03-26,2025 calibration,0.574571013450623,0.0745710134506226,BUY,1,1
2025-03-26T06:30:00Z,2025-03-26,2025 calibration,0.561760127544403,0.0617601275444031,BUY,1,1
2025-03-26T08:00:00Z,2025-03-26,2025 calibration,0.566296219825745,0.0662962198257446,BUY,-1,0
2025-03-26T10:00:00Z,2025-03-26,2025 calibration,0.575649440288544,0.0756494402885437,BUY,1,1
2025-03-26T11:00:00Z,2025-03-26,2025 calibration,0.437726318836212,0.0622736811637878,SELL,-1,1
2025-03-27T06:00:00Z,2025-03-27,2025 calibration,0.568459868431091,0.0684598684310913,BUY,-1,0
2025-03-27T11:00:00Z,2025-03-27,2025 calibration,0.569783508777618,0.0697835087776184,BUY,1,1
2025-03-27T11:30:00Z,2025-03-27,2025 calibration,0.561045050621033,0.0610450506210327,BUY,1,1
2025-03-28T02:00:00Z,2025-03-27,2025 calibration,0.573680102825165,0.0736801028251648,BUY,1,1
2025-03-28T04:15:00Z,2025-03-28,2025 calibration,0.575787663459778,0.0757876634597778,BUY,1,1
2025-03-28T07:00:00Z,2025-03-28,2025 calibration,0.569452941417694,0.0694529414176941,BUY,1,1
2025-03-28T07:45:00Z,2025-03-28,2025 calibration,0.574415624141693,0.0744156241416931,BUY,-1,0
2025-03-28T11:15:00Z,2025-03-28,2025 calibration,0.564548790454865,0.0645487904548645,BUY,1,1
2025-03-30T23:15:00Z,2025-03-30,2025 calibration,0.577846527099609,0.0778465270996094,BUY,-1,0
2025-03-30T23:30:00Z,2025-03-30,2025 calibration,0.572240829467773,0.0722408294677734,BUY,1,1
2025-03-31T03:15:00Z,2025-03-30,2025 calibration,0.584384918212891,0.0843849182128906,BUY,1,1
2025-03-31T09:00:00Z,2025-03-31,2025 calibration,0.565141797065735,0.0651417970657349,BUY,-1,0
2025-03-31T09:45:00Z,2025-03-31,2025 calibration,0.56149172782898,0.0614917278289795,BUY,1,1
2025-04-01T02:15:00Z,2025-03-31,2025 calibration,0.433932363986969,0.066067636013031,SELL,1,0
2025-04-01T05:15:00Z,2025-04-01,2025 calibration,0.423414468765259,0.0765855312347412,SELL,1,0
2025-04-02T00:15:00Z,2025-04-01,2025 calibration,0.569099009037018,0.0690990090370178,BUY,-1,0
2025-04-02T03:45:00Z,2025-04-01,2025 calibration,0.570639848709106,0.0706398487091065,BUY,1,1
2025-04-02T04:15:00Z,2025-04-02,2025 calibration,0.56343537569046,0.0634353756904602,BUY,1,1
2025-04-02T06:00:00Z,2025-04-02,2025 calibration,0.573185741901398,0.0731857419013977,BUY,-1,0
2025-04-02T12:00:00Z,2025-04-02,2025 calibration,0.570350587368012,0.0703505873680115,BUY,-1,0
2025-04-02T12:30:00Z,2025-04-02,2025 calibration,0.567043721675873,0.0670437216758728,BUY,1,1
2025-04-02T13:30:00Z,2025-04-02,2025 calibration,0.560800015926361,0.0608000159263611,BUY,1,1
2025-04-03T09:30:00Z,2025-04-03,2025 calibration,0.561242461204529,0.0612424612045288,BUY,1,1
2025-04-03T20:30:00Z,2025-04-03,2025 calibration,0.56960517168045,0.0696051716804504,BUY,1,1
2025-04-04T02:00:00Z,2025-04-03,2025 calibration,0.565715789794922,0.0657157897949219,BUY,1,1
2025-04-04T03:00:00Z,2025-04-03,2025 calibration,0.584578573703766,0.0845785737037659,BUY,-1,0
2025-04-04T05:30:00Z,2025-04-04,2025 calibration,0.425244718790054,0.0747552812099457,SELL,1,0
2025-04-04T05:45:00Z,2025-04-04,2025 calibration,0.430517345666885,0.0694826543331146,SELL,-1,1
2025-04-04T06:00:00Z,2025-04-04,2025 calibration,0.433450698852539,0.0665493011474609,SELL,1,0
2025-04-04T07:00:00Z,2025-04-04,2025 calibration,0.56292074918747,0.0629207491874695,BUY,1,1
2025-04-04T09:30:00Z,2025-04-04,2025 calibration,0.570776045322418,0.0707760453224182,BUY,1,1
2025-04-07T03:15:00Z,2025-04-06,2025 calibration,0.574668049812317,0.0746680498123169,BUY,-1,0
2025-04-07T04:30:00Z,2025-04-07,2025 calibration,0.562476634979248,0.0624766349792481,BUY,-1,0
2025-04-08T03:45:00Z,2025-04-07,2025 calibration,0.577505826950073,0.0775058269500732,BUY,-1,0
2025-04-08T12:00:00Z,2025-04-08,2025 calibration,0.436065047979355,0.0639349520206451,SELL,-1,1
2025-04-09T03:30:00Z,2025-04-08,2025 calibration,0.561069011688232,0.0610690116882324,BUY,-1,0
2025-04-09T03:45:00Z,2025-04-08,2025 calibration,0.56416243314743,0.0641624331474304,BUY,1,1
2025-04-10T03:00:00Z,2025-04-09,2025 calibration,0.56494265794754,0.0649426579475403,BUY,-1,0
2025-04-10T06:00:00Z,2025-04-10,2025 calibration,0.437482059001923,0.0625179409980774,SELL,-1,1
2025-04-11T07:30:00Z,2025-04-11,2025 calibration,0.565694570541382,0.0656945705413818,BUY,1,1
2025-04-11T10:00:00Z,2025-04-11,2025 calibration,0.417720407247543,0.0822795927524567,SELL,-1,1
2025-04-14T02:15:00Z,2025-04-13,2025 calibration,0.434616684913635,0.0653833150863648,SELL,-1,1
2025-04-14T04:30:00Z,2025-04-14,2025 calibration,0.433228820562363,0.0667711794376373,SELL,-1,1
2025-04-14T23:45:00Z,2025-04-14,2025 calibration,0.561038434505463,0.0610384345054627,BUY,1,1
2025-04-15T02:30:00Z,2025-04-14,2025 calibration,0.576700329780579,0.0767003297805786,BUY,1,1
2025-04-15T02:45:00Z,2025-04-14,2025 calibration,0.572059571743012,0.0720595717430115,BUY,1,1
2025-04-15T05:30:00Z,2025-04-15,2025 calibration,0.581804573535919,0.0818045735359192,BUY,-1,0
2025-04-15T09:45:00Z,2025-04-15,2025 calibration,0.567124485969544,0.0671244859695435,BUY,1,1
2025-04-15T10:45:00Z,2025-04-15,2025 calibration,0.576868176460266,0.0768681764602661,BUY,1,1
2025-04-15T11:15:00Z,2025-04-15,2025 calibration,0.562070608139038,0.0620706081390381,BUY,1,1
2025-04-15T11:45:00Z,2025-04-15,2025 calibration,0.565999329090118,0.0659993290901184,BUY,-1,0
2025-04-15T20:30:00Z,2025-04-15,2025 calibration,0.563407361507416,0.0634073615074158,BUY,-1,0
2025-04-16T00:45:00Z,2025-04-15,2025 calibration,0.568462252616882,0.0684622526168823,BUY,1,1
2025-04-16T03:30:00Z,2025-04-15,2025 calibration,0.581587374210358,0.0815873742103577,BUY,1,1
2025-04-16T03:45:00Z,2025-04-15,2025 calibration,0.573589026927948,0.073589026927948,BUY,1,1
2025-04-16T04:00:00Z,2025-04-16,2025 calibration,0.568391919136047,0.0683919191360474,BUY,-1,0
2025-04-16T05:15:00Z,2025-04-16,2025 calibration,0.561689674854279,0.0616896748542786,BUY,-1,0
2025-04-16T08:00:00Z,2025-04-16,2025 calibration,0.57204931974411,0.0720493197441101,BUY,1,1
2025-04-16T10:00:00Z,2025-04-16,2025 calibration,0.583316683769226,0.0833166837692261,BUY,1,1
2025-04-16T20:15:00Z,2025-04-16,2025 calibration,0.429709434509277,0.0702905654907227,SELL,-1,1
2025-04-17T04:45:00Z,2025-04-17,2025 calibration,0.438855230808258,0.0611447691917419,SELL,-1,1
2025-04-17T08:45:00Z,2025-04-17,2025 calibration,0.578304350376129,0.0783043503761292,BUY,-1,0
2025-04-17T09:00:00Z,2025-04-17,2025 calibration,0.573395133018494,0.0733951330184937,BUY,1,1
2025-04-17T10:45:00Z,2025-04-17,2025 calibration,0.561218917369843,0.0612189173698425,BUY,-1,0
2025-04-17T11:15:00Z,2025-04-17,2025 calibration,0.561456799507141,0.0614567995071411,BUY,1,1
2025-04-21T01:00:00Z,2025-04-20,2025 calibration,0.568074643611908,0.068074643611908,BUY,-1,0
2025-04-21T02:45:00Z,2025-04-20,2025 calibration,0.565003633499146,0.0650036334991455,BUY,1,1
2025-04-21T06:45:00Z,2025-04-21,2025 calibration,0.569028913974762,0.069028913974762,BUY,1,1
2025-04-21T07:15:00Z,2025-04-21,2025 calibration,0.56300288438797,0.06300288438797,BUY,-1,0
2025-04-21T08:00:00Z,2025-04-21,2025 calibration,0.57301127910614,0.0730112791061401,BUY,1,1
2025-04-22T08:15:00Z,2025-04-22,2025 calibration,0.560507297515869,0.0605072975158691,BUY,1,1
2025-04-22T15:45:00Z,2025-04-22,2025 calibration,0.566794514656067,0.0667945146560669,BUY,1,1
2025-04-23T00:30:00Z,2025-04-22,2025 calibration,0.56354683637619,0.0635468363761902,BUY,-1,0
2025-04-23T00:45:00Z,2025-04-22,2025 calibration,0.564124286174774,0.0641242861747742,BUY,1,1
2025-04-23T05:15:00Z,2025-04-23,2025 calibration,0.567856907844544,0.0678569078445435,BUY,1,1
2025-04-23T08:15:00Z,2025-04-23,2025 calibration,0.439230918884277,0.0607690811157227,SELL,1,0
2025-04-24T02:00:00Z,2025-04-23,2025 calibration,0.582465946674347,0.0824659466743469,BUY,1,1
2025-04-24T03:00:00Z,2025-04-23,2025 calibration,0.582960307598114,0.082960307598114,BUY,1,1
2025-04-24T04:15:00Z,2025-04-24,2025 calibration,0.58383584022522,0.0838358402252197,BUY,-1,0
2025-04-24T08:30:00Z,2025-04-24,2025 calibration,0.56202507019043,0.0620250701904297,BUY,-1,0
2025-04-24T10:45:00Z,2025-04-24,2025 calibration,0.432644844055176,0.0673551559448242,SELL,-1,1
2025-04-24T19:30:00Z,2025-04-24,2025 calibration,0.561467409133911,0.0614674091339111,BUY,1,1
2025-04-25T02:15:00Z,2025-04-24,2025 calibration,0.568547070026398,0.0685470700263977,BUY,-1,0
2025-04-25T02:30:00Z,2025-04-24,2025 calibration,0.561665296554565,0.0616652965545654,BUY,-1,0
2025-04-25T02:45:00Z,2025-04-24,2025 calibration,0.564531266689301,0.0645312666893005,BUY,-1,0
2025-04-28T03:00:00Z,2025-04-27,2025 calibration,0.562191843986511,0.0621918439865112,BUY,-1,0
2025-04-28T03:15:00Z,2025-04-27,2025 calibration,0.569106459617615,0.0691064596176148,BUY,1,1
2025-04-28T07:00:00Z,2025-04-28,2025 calibration,0.436865627765656,0.0631343722343445,SELL,1,0
2025-04-28T09:30:00Z,2025-04-28,2025 calibration,0.437107384204865,0.0628926157951355,SELL,-1,1
2025-04-29T02:45:00Z,2025-04-28,2025 calibration,0.562024414539337,0.0620244145393372,BUY,-1,0
2025-04-29T05:00:00Z,2025-04-29,2025 calibration,0.560787200927734,0.0607872009277344,BUY,1,1
2025-04-29T06:00:00Z,2025-04-29,2025 calibration,0.566488325595856,0.0664883255958557,BUY,1,1
2025-04-29T20:30:00Z,2025-04-29,2025 calibration,0.571039140224457,0.0710391402244568,BUY,-1,0
2025-04-30T03:00:00Z,2025-04-29,2025 calibration,0.570253312587738,0.070253312587738,BUY,-1,0
2025-04-30T06:00:00Z,2025-04-30,2025 calibration,0.434850543737412,0.0651494562625885,SELL,1,0
2025-04-30T23:30:00Z,2025-04-30,2025 calibration,0.439411848783493,0.060588151216507,SELL,-1,1
2025-05-01T03:30:00Z,2025-04-30,2025 calibration,0.439012914896011,0.0609870851039887,SELL,1,0
2025-05-01T05:15:00Z,2025-05-01,2025 calibration,0.438335746526718,0.0616642534732819,SELL,-1,1
2025-05-01T20:45:00Z,2025-05-01,2025 calibration,0.562940657138825,0.0629406571388245,BUY,1,1
2025-05-02T08:00:00Z,2025-05-02,2025 calibration,0.568437337875366,0.0684373378753662,BUY,-1,0
2025-05-02T09:00:00Z,2025-05-02,2025 calibration,0.560724556446075,0.0607245564460754,BUY,1,1
2025-05-04T23:45:00Z,2025-05-04,2025 calibration,0.578886926174164,0.0788869261741638,BUY,1,1
2025-05-05T01:30:00Z,2025-05-04,2025 calibration,0.5826376080513,0.0826376080513001,BUY,-1,0
2025-05-05T07:00:00Z,2025-05-05,2025 calibration,0.560980677604675,0.0609806776046753,BUY,-1,0
2025-05-05T08:30:00Z,2025-05-05,2025 calibration,0.562509894371033,0.0625098943710327,BUY,-1,0
2025-05-06T01:30:00Z,2025-05-05,2025 calibration,0.565845429897308,0.0658454298973084,BUY,-1,0
2025-05-06T01:45:00Z,2025-05-05,2025 calibration,0.567789733409882,0.0677897334098816,BUY,1,1
2025-05-06T04:30:00Z,2025-05-06,2025 calibration,0.569404244422913,0.0694042444229126,BUY,-1,0
2025-05-06T05:30:00Z,2025-05-06,2025 calibration,0.565295159816742,0.0652951598167419,BUY,-1,0
2025-05-06T07:30:00Z,2025-05-06,2025 calibration,0.577535212039948,0.0775352120399475,BUY,-1,0
2025-05-06T12:45:00Z,2025-05-06,2025 calibration,0.562888145446777,0.0628881454467773,BUY,1,1
2025-05-06T20:00:00Z,2025-05-06,2025 calibration,0.561051547527313,0.0610515475273132,BUY,1,1
2025-05-06T20:30:00Z,2025-05-06,2025 calibration,0.562702059745789,0.0627020597457886,BUY,1,1
2025-05-07T02:30:00Z,2025-05-06,2025 calibration,0.565100848674774,0.0651008486747742,BUY,1,1
2025-05-07T05:45:00Z,2025-05-07,2025 calibration,0.569814145565033,0.069814145565033,BUY,1,1
2025-05-08T00:45:00Z,2025-05-07,2025 calibration,0.569850325584412,0.0698503255844116,BUY,1,1
2025-05-08T09:30:00Z,2025-05-08,2025 calibration,0.439137011766434,0.0608629882335663,SELL,1,0
2025-05-08T11:45:00Z,2025-05-08,2025 calibration,0.563640475273132,0.0636404752731323,BUY,1,1
2025-05-08T18:00:00Z,2025-05-08,2025 calibration,0.569388031959534,0.0693880319595337,BUY,-1,0
2025-05-08T19:45:00Z,2025-05-08,2025 calibration,0.566538155078888,0.0665381550788879,BUY,-1,0
2025-05-09T00:15:00Z,2025-05-08,2025 calibration,0.565086543560028,0.0650865435600281,BUY,1,1
2025-05-09T03:00:00Z,2025-05-08,2025 calibration,0.565830945968628,0.0658309459686279,BUY,1,1
2025-05-09T03:30:00Z,2025-05-08,2025 calibration,0.563157260417938,0.0631572604179382,BUY,1,1
2025-05-09T07:15:00Z,2025-05-09,2025 calibration,0.56136953830719,0.0613695383071899,BUY,1,1
2025-05-09T10:00:00Z,2025-05-09,2025 calibration,0.433247536420822,0.0667524635791779,SELL,1,0
2025-05-12T19:00:00Z,2025-05-12,2025 calibration,0.561096370220184,0.0610963702201843,BUY,1,1
2025-05-13T00:00:00Z,2025-05-12,2025 calibration,0.578152894973755,0.0781528949737549,BUY,-1,0
2025-05-13T04:00:00Z,2025-05-13,2025 calibration,0.573369264602661,0.0733692646026611,BUY,-1,0
2025-05-13T10:00:00Z,2025-05-13,2025 calibration,0.418687909841538,0.0813120901584625,SELL,-1,1
2025-05-13T18:00:00Z,2025-05-13,2025 calibration,0.576935589313507,0.0769355893135071,BUY,1,1
2025-05-13T20:00:00Z,2025-05-13,2025 calibration,0.564832925796509,0.0648329257965088,BUY,-1,0
2025-05-14T00:15:00Z,2025-05-13,2025 calibration,0.561265051364899,0.0612650513648987,BUY,-1,0
2025-05-14T07:30:00Z,2025-05-14,2025 calibration,0.563243567943573,0.063243567943573,BUY,1,1
2025-05-14T11:15:00Z,2025-05-14,2025 calibration,0.439213216304779,0.060786783695221,SELL,1,0
2025-05-14T11:30:00Z,2025-05-14,2025 calibration,0.431670516729355,0.0683294832706451,SELL,-1,1
2025-05-15T01:30:00Z,2025-05-14,2025 calibration,0.568019330501556,0.0680193305015564,BUY,1,1
2025-05-15T02:15:00Z,2025-05-14,2025 calibration,0.573112785816193,0.0731127858161926,BUY,1,1
2025-05-15T04:00:00Z,2025-05-15,2025 calibration,0.560670495033264,0.0606704950332642,BUY,1,1
2025-05-15T05:15:00Z,2025-05-15,2025 calibration,0.564749538898468,0.064749538898468,BUY,0,0
2025-05-15T05:30:00Z,2025-05-15,2025 calibration,0.569519579410553,0.069519579410553,BUY,-1,0
2025-05-15T05:45:00Z,2025-05-15,2025 calibration,0.567737221717835,0.0677372217178345,BUY,-1,0
2025-05-15T07:15:00Z,2025-05-15,2025 calibration,0.577417314052582,0.0774173140525818,BUY,1,1
2025-05-15T18:15:00Z,2025-05-15,2025 calibration,0.563267827033997,0.0632678270339966,BUY,-1,0
2025-05-16T01:00:00Z,2025-05-15,2025 calibration,0.563268065452576,0.0632680654525757,BUY,-1,0
2025-05-16T05:15:00Z,2025-05-16,2025 calibration,0.569347739219666,0.0693477392196655,BUY,1,1
2025-05-16T06:30:00Z,2025-05-16,2025 calibration,0.573374390602112,0.0733743906021118,BUY,1,1
2025-05-16T06:45:00Z,2025-05-16,2025 calibration,0.562468111515045,0.0624681115150452,BUY,-1,0
2025-05-18T23:45:00Z,2025-05-18,2025 calibration,0.437744081020355,0.0622559189796448,SELL,-1,1
2025-05-19T00:30:00Z,2025-05-18,2025 calibration,0.569217622280121,0.0692176222801209,BUY,-1,0
2025-05-19T03:00:00Z,2025-05-18,2025 calibration,0.565497815608978,0.0654978156089783,BUY,-1,0
2025-05-19T03:15:00Z,2025-05-18,2025 calibration,0.576851963996887,0.0768519639968872,BUY,-1,0
2025-05-19T03:45:00Z,2025-05-18,2025 calibration,0.570653378963471,0.0706533789634705,BUY,-1,0
2025-05-19T07:00:00Z,2025-05-19,2025 calibration,0.569556415081024,0.0695564150810242,BUY,1,1
2025-05-19T07:15:00Z,2025-05-19,2025 calibration,0.575121760368347,0.0751217603683472,BUY,1,1
2025-05-19T08:30:00Z,2025-05-19,2025 calibration,0.565878033638001,0.0658780336380005,BUY,-1,0
2025-05-19T09:30:00Z,2025-05-19,2025 calibration,0.436939358711243,0.0630606412887573,SELL,1,0
2025-05-20T01:00:00Z,2025-05-19,2025 calibration,0.560676217079163,0.0606762170791626,BUY,-1,0
2025-05-20T05:15:00Z,2025-05-20,2025 calibration,0.43868213891983,0.0613178610801697,SELL,1,0
2025-05-20T07:30:00Z,2025-05-20,2025 calibration,0.437295496463776,0.0627045035362244,SELL,-1,1
2025-05-21T00:00:00Z,2025-05-20,2025 calibration,0.4346062541008,0.0653937458992004,SELL,-1,1
2025-05-21T01:30:00Z,2025-05-20,2025 calibration,0.564965546131134,0.064965546131134,BUY,-1,0
2025-05-21T02:30:00Z,2025-05-20,2025 calibration,0.566015303134918,0.0660153031349182,BUY,1,1
2025-05-21T05:45:00Z,2025-05-21,2025 calibration,0.571342349052429,0.0713423490524292,BUY,-1,0
2025-05-21T06:15:00Z,2025-05-21,2025 calibration,0.57076895236969,0.0707689523696899,BUY,1,1
2025-05-21T09:45:00Z,2025-05-21,2025 calibration,0.562384247779846,0.0623842477798462,BUY,1,1
2025-05-21T10:00:00Z,2025-05-21,2025 calibration,0.57445502281189,0.0744550228118897,BUY,-1,0
2025-05-21T11:45:00Z,2025-05-21,2025 calibration,0.435140728950501,0.0648592710494995,SELL,-1,1
2025-05-21T20:15:00Z,2025-05-21,2025 calibration,0.56085866689682,0.0608586668968201,BUY,1,1
2025-05-22T02:00:00Z,2025-05-21,2025 calibration,0.578203499317169,0.0782034993171692,BUY,1,1
2025-05-22T07:45:00Z,2025-05-22,2025 calibration,0.564722120761871,0.0647221207618713,BUY,1,1
2025-05-22T19:45:00Z,2025-05-22,2025 calibration,0.572345852851868,0.0723458528518677,BUY,-1,0
2025-05-22T20:15:00Z,2025-05-22,2025 calibration,0.567034125328064,0.067034125328064,BUY,1,1
2025-05-23T03:45:00Z,2025-05-22,2025 calibration,0.562900841236115,0.0629008412361145,BUY,1,1
2025-05-23T04:30:00Z,2025-05-23,2025 calibration,0.573941767215729,0.0739417672157288,BUY,-1,0
2025-05-23T07:30:00Z,2025-05-23,2025 calibration,0.43818798661232,0.0618120133876801,SELL,1,0
2025-05-23T09:30:00Z,2025-05-23,2025 calibration,0.573491513729096,0.0734915137290955,BUY,1,1
2025-05-26T04:15:00Z,2025-05-26,2025 calibration,0.575065910816193,0.0750659108161926,BUY,1,1
2025-05-26T05:15:00Z,2025-05-26,2025 calibration,0.568096041679382,0.0680960416793823,BUY,1,1
2025-05-26T05:30:00Z,2025-05-26,2025 calibration,0.564926862716675,0.0649268627166748,BUY,1,1
2025-05-26T06:30:00Z,2025-05-26,2025 calibration,0.430051982402802,0.0699480175971985,SELL,-1,1
2025-05-26T13:00:00Z,2025-05-26,2025 calibration,0.562988996505737,0.0629889965057373,BUY,1,1
2025-05-27T01:15:00Z,2025-05-26,2025 calibration,0.584366917610169,0.0843669176101685,BUY,-1,0
2025-05-27T02:00:00Z,2025-05-26,2025 calibration,0.569128632545471,0.0691286325454712,BUY,-1,0
2025-05-27T02:15:00Z,2025-05-26,2025 calibration,0.57703047990799,0.0770304799079895,BUY,-1,0
2025-05-27T03:15:00Z,2025-05-26,2025 calibration,0.565707981586456,0.0657079815864563,BUY,1,1
2025-05-27T03:45:00Z,2025-05-26,2025 calibration,0.601052403450012,0.101052403450012,BUY,1,1
2025-05-27T11:00:00Z,2025-05-27,2025 calibration,0.564377069473267,0.0643770694732666,BUY,-1,0
2025-05-27T12:15:00Z,2025-05-27,2025 calibration,0.564298450946808,0.0642984509468079,BUY,1,1
2025-05-27T12:45:00Z,2025-05-27,2025 calibration,0.56585693359375,0.06585693359375,BUY,1,1
2025-05-27T19:00:00Z,2025-05-27,2025 calibration,0.564498126506805,0.0644981265068054,BUY,-1,0
2025-05-28T03:15:00Z,2025-05-27,2025 calibration,0.427619516849518,0.0723804831504822,SELL,-1,1
2025-05-28T03:45:00Z,2025-05-27,2025 calibration,0.581223845481873,0.0812238454818726,BUY,-1,0
2025-05-28T07:00:00Z,2025-05-28,2025 calibration,0.577150583267212,0.0771505832672119,BUY,1,1
2025-05-28T07:30:00Z,2025-05-28,2025 calibration,0.564382910728455,0.0643829107284546,BUY,1,1
2025-05-28T10:00:00Z,2025-05-28,2025 calibration,0.435093462467194,0.0649065375328064,SELL,1,0
2025-05-28T12:45:00Z,2025-05-28,2025 calibration,0.438676625490189,0.0613233745098114,SELL,-1,1
2025-05-29T03:45:00Z,2025-05-28,2025 calibration,0.568615257740021,0.0686152577400208,BUY,-1,0
2025-05-29T04:00:00Z,2025-05-29,2025 calibration,0.560948133468628,0.0609481334686279,BUY,1,1
2025-05-29T06:15:00Z,2025-05-29,2025 calibration,0.573846578598023,0.0738465785980225,BUY,1,1
2025-05-29T06:45:00Z,2025-05-29,2025 calibration,0.562715291976929,0.0627152919769287,BUY,1,1
2025-05-29T08:30:00Z,2025-05-29,2025 calibration,0.569060862064362,0.0690608620643616,BUY,-1,0
2025-05-29T11:30:00Z,2025-05-29,2025 calibration,0.563721299171448,0.0637212991714478,BUY,1,1
2025-05-30T00:00:00Z,2025-05-29,2025 calibration,0.570649385452271,0.0706493854522705,BUY,1,1
2025-05-30T04:45:00Z,2025-05-30,2025 calibration,0.574604332447052,0.074604332447052,BUY,1,1
2025-05-30T05:45:00Z,2025-05-30,2025 calibration,0.435394138097763,0.0646058619022369,SELL,-1,1
2025-05-30T06:30:00Z,2025-05-30,2025 calibration,0.560905814170837,0.0609058141708374,BUY,1,1
2025-05-30T06:45:00Z,2025-05-30,2025 calibration,0.564448356628418,0.064448356628418,BUY,1,1
2025-05-30T10:15:00Z,2025-05-30,2025 calibration,0.569223165512085,0.069223165512085,BUY,1,1
2025-06-01T23:30:00Z,2025-06-01,2025 calibration,0.565372347831726,0.0653723478317261,BUY,1,1
2025-06-02T02:15:00Z,2025-06-01,2025 calibration,0.564413964748383,0.0644139647483826,BUY,1,1
2025-06-02T06:15:00Z,2025-06-02,2025 calibration,0.574870824813843,0.0748708248138428,BUY,1,1
2025-06-02T09:45:00Z,2025-06-02,2025 calibration,0.56695282459259,0.0669528245925903,BUY,1,1
2025-06-03T00:30:00Z,2025-06-02,2025 calibration,0.578023910522461,0.0780239105224609,BUY,1,1
2025-06-03T02:15:00Z,2025-06-02,2025 calibration,0.578140497207642,0.0781404972076416,BUY,-1,0
2025-06-03T03:15:00Z,2025-06-02,2025 calibration,0.562399029731751,0.0623990297317505,BUY,0,0
2025-06-03T03:30:00Z,2025-06-02,2025 calibration,0.564886152744293,0.0648861527442932,BUY,1,1
2025-06-03T07:30:00Z,2025-06-03,2025 calibration,0.56306791305542,0.0630679130554199,BUY,1,1
2025-06-03T11:00:00Z,2025-06-03,2025 calibration,0.433332800865173,0.0666671991348267,SELL,1,0
2025-06-03T11:30:00Z,2025-06-03,2025 calibration,0.431602358818054,0.0683976411819458,SELL,1,0
2025-06-03T18:00:00Z,2025-06-03,2025 calibration,0.565565645694733,0.0655656456947327,BUY,-1,0
2025-06-03T18:15:00Z,2025-06-03,2025 calibration,0.561320722103119,0.0613207221031189,BUY,1,1
2025-06-04T01:00:00Z,2025-06-03,2025 calibration,0.569137454032898,0.069137454032898,BUY,1,1
2025-06-04T08:15:00Z,2025-06-04,2025 calibration,0.438541978597641,0.061458021402359,SELL,-1,1
2025-06-05T09:15:00Z,2025-06-05,2025 calibration,0.582743227481842,0.082743227481842,BUY,1,1
2025-06-05T10:45:00Z,2025-06-05,2025 calibration,0.564972758293152,0.0649727582931519,BUY,1,1
2025-06-05T11:15:00Z,2025-06-05,2025 calibration,0.578686416149139,0.0786864161491394,BUY,1,1
2025-06-05T16:15:00Z,2025-06-05,2025 calibration,0.566965222358704,0.0669652223587036,BUY,-1,0
2025-06-05T16:45:00Z,2025-06-05,2025 calibration,0.565738141536713,0.0657381415367127,BUY,-1,0
2025-06-06T05:00:00Z,2025-06-06,2025 calibration,0.424343705177307,0.0756562948226929,SELL,1,0
2025-06-06T05:45:00Z,2025-06-06,2025 calibration,0.429569363594055,0.0704306364059448,SELL,-1,1
2025-06-06T11:00:00Z,2025-06-06,2025 calibration,0.565768480300903,0.0657684803009033,BUY,1,1
2025-06-09T08:45:00Z,2025-06-09,2025 calibration,0.561710000038147,0.061710000038147,BUY,1,1
2025-06-10T01:15:00Z,2025-06-09,2025 calibration,0.432325333356857,0.0676746666431427,SELL,1,0
2025-06-10T04:30:00Z,2025-06-10,2025 calibration,0.581907391548157,0.0819073915481567,BUY,1,1
2025-06-10T07:45:00Z,2025-06-10,2025 calibration,0.568604528903961,0.0686045289039612,BUY,1,1
2025-06-10T08:15:00Z,2025-06-10,2025 calibration,0.562174201011658,0.0621742010116577,BUY,1,1
2025-06-11T04:30:00Z,2025-06-11,2025 calibration,0.570459544658661,0.0704595446586609,BUY,-1,0
2025-06-11T11:15:00Z,2025-06-11,2025 calibration,0.574316442012787,0.0743164420127869,BUY,-1,0
2025-06-11T15:45:00Z,2025-06-11,2025 calibration,0.561411559581757,0.0614115595817566,BUY,1,1
2025-06-12T01:30:00Z,2025-06-11,2025 calibration,0.568896651268005,0.0688966512680054,BUY,1,1
2025-06-12T05:45:00Z,2025-06-12,2025 calibration,0.580866396427155,0.0808663964271545,BUY,1,1
2025-06-12T07:45:00Z,2025-06-12,2025 calibration,0.570070683956146,0.0700706839561462,BUY,-1,0
2025-06-12T12:00:00Z,2025-06-12,2025 calibration,0.562215149402618,0.0622151494026184,BUY,1,1
2025-06-13T00:00:00Z,2025-06-12,2025 calibration,0.577291965484619,0.0772919654846191,BUY,-1,0
2025-06-13T06:00:00Z,2025-06-13,2025 calibration,0.431315660476685,0.0686843395233154,SELL,1,0
2025-06-16T04:45:00Z,2025-06-16,2025 calibration,0.573861598968506,0.0738615989685059,BUY,1,1
2025-06-16T09:15:00Z,2025-06-16,2025 calibration,0.578656315803528,0.0786563158035278,BUY,1,1
2025-06-16T13:30:00Z,2025-06-16,2025 calibration,0.566410958766937,0.0664109587669373,BUY,1,1
2025-06-16T16:00:00Z,2025-06-16,2025 calibration,0.562050819396973,0.0620508193969727,BUY,-1,0
2025-06-16T16:45:00Z,2025-06-16,2025 calibration,0.5661940574646,0.0661940574645996,BUY,1,1
2025-06-17T00:00:00Z,2025-06-16,2025 calibration,0.579382121562958,0.0793821215629578,BUY,-1,0
2025-06-17T02:15:00Z,2025-06-16,2025 calibration,0.571441054344177,0.0714410543441773,BUY,-1,0
2025-06-18T03:00:00Z,2025-06-17,2025 calibration,0.572584092617035,0.0725840926170349,BUY,-1,0
2025-06-18T11:00:00Z,2025-06-18,2025 calibration,0.567938327789307,0.0679383277893066,BUY,1,1
2025-06-19T01:45:00Z,2025-06-18,2025 calibration,0.586086690425873,0.0860866904258728,BUY,-1,0
2025-06-19T05:30:00Z,2025-06-19,2025 calibration,0.565443515777588,0.0654435157775879,BUY,1,1
2025-06-19T06:00:00Z,2025-06-19,2025 calibration,0.57536792755127,0.0753679275512695,BUY,1,1
2025-06-19T06:15:00Z,2025-06-19,2025 calibration,0.568034708499908,0.0680347084999085,BUY,1,1
2025-06-19T10:15:00Z,2025-06-19,2025 calibration,0.584829568862915,0.084829568862915,BUY,1,1
2025-06-19T11:15:00Z,2025-06-19,2025 calibration,0.563318490982056,0.0633184909820557,BUY,1,1
2025-06-19T12:45:00Z,2025-06-19,2025 calibration,0.572201728820801,0.0722017288208008,BUY,-1,0
2025-06-20T05:15:00Z,2025-06-20,2025 calibration,0.562905073165894,0.0629050731658936,BUY,1,1
2025-06-20T08:45:00Z,2025-06-20,2025 calibration,0.573718905448914,0.0737189054489136,BUY,-1,0
2025-06-23T10:00:00Z,2025-06-23,2025 calibration,0.576042473316193,0.0760424733161926,BUY,1,1
2025-06-23T15:30:00Z,2025-06-23,2025 calibration,0.573358535766602,0.0733585357666016,BUY,1,1
2025-06-23T18:30:00Z,2025-06-23,2025 calibration,0.570380687713623,0.0703806877136231,BUY,1,1
2025-06-24T04:15:00Z,2025-06-24,2025 calibration,0.575625419616699,0.0756254196166992,BUY,1,1
2025-06-24T05:15:00Z,2025-06-24,2025 calibration,0.436608046293259,0.0633919537067413,SELL,-1,1
2025-06-24T06:30:00Z,2025-06-24,2025 calibration,0.428558796644211,0.0714412033557892,SELL,-1,1
2025-06-24T07:30:00Z,2025-06-24,2025 calibration,0.573670327663422,0.0736703276634216,BUY,-1,0
2025-06-24T20:00:00Z,2025-06-24,2025 calibration,0.574130654335022,0.074130654335022,BUY,-1,0
2025-06-25T01:30:00Z,2025-06-24,2025 calibration,0.589956998825073,0.0899569988250732,BUY,1,1
2025-06-25T14:15:00Z,2025-06-25,2025 calibration,0.574428200721741,0.0744282007217407,BUY,1,1
2025-06-26T15:30:00Z,2025-06-26,2025 calibration,0.567421853542328,0.0674218535423279,BUY,1,1
2025-06-26T16:45:00Z,2025-06-26,2025 calibration,0.561280071735382,0.0612800717353821,BUY,1,1
2025-06-26T23:15:00Z,2025-06-26,2025 calibration,0.567706346511841,0.0677063465118408,BUY,1,1
2025-06-27T00:15:00Z,2025-06-26,2025 calibration,0.573201835155487,0.0732018351554871,BUY,1,1
2025-06-27T01:00:00Z,2025-06-26,2025 calibration,0.585515737533569,0.0855157375335693,BUY,1,1
2025-06-27T05:00:00Z,2025-06-27,2025 calibration,0.585008144378662,0.0850081443786621,BUY,1,1
2025-06-27T09:15:00Z,2025-06-27,2025 calibration,0.563100576400757,0.0631005764007568,BUY,1,1
2025-06-27T17:45:00Z,2025-06-27,2025 calibration,0.562397241592407,0.0623972415924072,BUY,-1,0
2025-06-27T18:30:00Z,2025-06-27,2025 calibration,0.566813290119171,0.0668132901191711,BUY,-1,0
2025-06-30T03:45:00Z,2025-06-29,2025 calibration,0.431837797164917,0.068162202835083,SELL,1,0
2025-06-30T07:15:00Z,2025-06-30,2025 calibration,0.571705281734467,0.0717052817344666,BUY,1,1
2025-06-30T09:30:00Z,2025-06-30,2025 calibration,0.438613325357437,0.0613866746425629,SELL,1,0
2025-06-30T23:30:00Z,2025-06-30,2025 calibration,0.569103002548218,0.0691030025482178,BUY,1,1
2025-07-01T02:45:00Z,2025-06-30,2025 calibration,0.566383719444275,0.0663837194442749,BUY,-1,0
2025-07-01T04:45:00Z,2025-07-01,2025 calibration,0.567981839179993,0.0679818391799927,BUY,1,1
2025-07-01T05:45:00Z,2025-07-01,2025 calibration,0.565751791000366,0.0657517910003662,BUY,1,1
2025-07-02T02:00:00Z,2025-07-01,2025 calibration,0.570984363555908,0.0709843635559082,BUY,-1,0
2025-07-02T03:00:00Z,2025-07-01,2025 calibration,0.422629535198212,0.0773704648017883,SELL,1,0
2025-07-02T05:30:00Z,2025-07-02,2025 calibration,0.572979271411896,0.0729792714118958,BUY,1,1
2025-07-02T07:30:00Z,2025-07-02,2025 calibration,0.571134805679321,0.0711348056793213,BUY,1,1
2025-07-02T07:45:00Z,2025-07-02,2025 calibration,0.588559567928314,0.0885595679283142,BUY,-1,0
2025-07-02T10:30:00Z,2025-07-02,2025 calibration,0.57662844657898,0.0766284465789795,BUY,1,1
2025-07-03T02:15:00Z,2025-07-02,2025 calibration,0.574956059455872,0.0749560594558716,BUY,1,1
2025-07-03T03:45:00Z,2025-07-02,2025 calibration,0.430875837802887,0.069124162197113,SELL,-1,1
2025-07-03T08:45:00Z,2025-07-03,2025 calibration,0.566835284233093,0.0668352842330933,BUY,-1,0
2025-07-03T09:00:00Z,2025-07-03,2025 calibration,0.573673009872437,0.0736730098724365,BUY,1,1
2025-07-03T23:15:00Z,2025-07-03,2025 calibration,0.573351502418518,0.0733515024185181,BUY,1,1
2025-07-04T08:00:00Z,2025-07-04,2025 calibration,0.572980344295502,0.0729803442955017,BUY,1,1
2025-07-04T08:15:00Z,2025-07-04,2025 calibration,0.577109158039093,0.077109158039093,BUY,1,1
2025-07-04T09:00:00Z,2025-07-04,2025 calibration,0.565105140209198,0.065105140209198,BUY,1,1
2025-07-07T00:45:00Z,2025-07-06,2025 calibration,0.577008962631226,0.0770089626312256,BUY,1,1
2025-07-07T01:15:00Z,2025-07-06,2025 calibration,0.570512712001801,0.0705127120018005,BUY,1,1
2025-07-07T04:00:00Z,2025-07-07,2025 calibration,0.437710881233215,0.0622891187667847,SELL,1,0
2025-07-07T04:45:00Z,2025-07-07,2025 calibration,0.574675858020783,0.0746758580207825,BUY,1,1
2025-07-07T06:15:00Z,2025-07-07,2025 calibration,0.561363816261292,0.0613638162612915,BUY,-1,0
2025-07-07T09:00:00Z,2025-07-07,2025 calibration,0.57230019569397,0.0723001956939697,BUY,1,1
2025-07-07T10:00:00Z,2025-07-07,2025 calibration,0.438300371170044,0.0616996288299561,SELL,1,0
2025-07-07T12:45:00Z,2025-07-07,2025 calibration,0.567433536052704,0.0674335360527039,BUY,-1,0
2025-07-07T20:45:00Z,2025-07-07,2025 calibration,0.586922943592072,0.0869229435920715,BUY,1,1
2025-07-08T01:45:00Z,2025-07-07,2025 calibration,0.572054505348206,0.0720545053482056,BUY,1,1
2025-07-09T00:30:00Z,2025-07-08,2025 calibration,0.562115550041199,0.0621155500411987,BUY,1,1
2025-07-09T05:30:00Z,2025-07-09,2025 calibration,0.569613814353943,0.0696138143539429,BUY,1,1
2025-07-09T09:15:00Z,2025-07-09,2025 calibration,0.438713252544403,0.0612867474555969,SELL,1,0
2025-07-09T23:15:00Z,2025-07-09,2025 calibration,0.587096393108368,0.0870963931083679,BUY,1,1
2025-07-10T00:15:00Z,2025-07-09,2025 calibration,0.568270862102509,0.0682708621025085,BUY,-1,0
2025-07-10T00:30:00Z,2025-07-09,2025 calibration,0.566103219985962,0.0661032199859619,BUY,-1,0
2025-07-10T00:45:00Z,2025-07-09,2025 calibration,0.563721060752869,0.0637210607528687,BUY,1,1
2025-07-10T03:15:00Z,2025-07-09,2025 calibration,0.585236847400665,0.0852368474006653,BUY,1,1
2025-07-10T03:45:00Z,2025-07-09,2025 calibration,0.564511179924011,0.0645111799240112,BUY,1,1
2025-07-10T11:45:00Z,2025-07-10,2025 calibration,0.436425685882568,0.0635743141174316,SELL,1,0
2025-07-11T00:15:00Z,2025-07-10,2025 calibration,0.572260320186615,0.072260320186615,BUY,-1,0
2025-07-11T00:45:00Z,2025-07-10,2025 calibration,0.564824163913727,0.0648241639137268,BUY,1,1
2025-07-11T03:30:00Z,2025-07-10,2025 calibration,0.433862656354904,0.0661373436450958,SELL,-1,1
2025-07-11T06:00:00Z,2025-07-11,2025 calibration,0.577577650547028,0.0775776505470276,BUY,1,1
2025-07-11T07:15:00Z,2025-07-11,2025 calibration,0.568737685680389,0.0687376856803894,BUY,-1,0
2025-07-11T09:30:00Z,2025-07-11,2025 calibration,0.575856506824493,0.0758565068244934,BUY,1,1
2025-07-11T10:00:00Z,2025-07-11,2025 calibration,0.563450157642365,0.0634501576423645,BUY,1,1
2025-07-11T15:15:00Z,2025-07-11,2025 calibration,0.568273663520813,0.068273663520813,BUY,1,1
2025-07-11T19:00:00Z,2025-07-11,2025 calibration,0.56401789188385,0.0640178918838501,BUY,-1,0
2025-07-11T20:15:00Z,2025-07-11,2025 calibration,0.569693863391876,0.0696938633918762,BUY,-1,0
2025-07-14T01:00:00Z,2025-07-13,2025 calibration,0.568023324012756,0.0680233240127564,BUY,1,1
2025-07-14T05:00:00Z,2025-07-14,2025 calibration,0.578116476535797,0.0781164765357971,BUY,1,1
2025-07-14T05:45:00Z,2025-07-14,2025 calibration,0.575185775756836,0.0751857757568359,BUY,-1,0
2025-07-14T06:00:00Z,2025-07-14,2025 calibration,0.573106110095978,0.0731061100959778,BUY,-1,0
2025-07-15T05:30:00Z,2025-07-15,2025 calibration,0.4325170814991,0.0674829185009003,SELL,-1,1
2025-07-15T19:00:00Z,2025-07-15,2025 calibration,0.561222553253174,0.0612225532531738,BUY,1,1
2025-07-15T20:00:00Z,2025-07-15,2025 calibration,0.56737220287323,0.06737220287323,BUY,-1,0
2025-07-15T20:15:00Z,2025-07-15,2025 calibration,0.568194150924683,0.0681941509246826,BUY,-1,0
2025-07-15T23:30:00Z,2025-07-15,2025 calibration,0.561849296092987,0.0618492960929871,BUY,1,1
2025-07-16T02:45:00Z,2025-07-15,2025 calibration,0.562925577163696,0.0629255771636963,BUY,1,1
2025-07-17T05:45:00Z,2025-07-17,2025 calibration,0.426777750253677,0.0732222497463226,SELL,1,0
2025-07-17T06:30:00Z,2025-07-17,2025 calibration,0.436167806386948,0.0638321936130524,SELL,-1,1
2025-07-17T08:00:00Z,2025-07-17,2025 calibration,0.561473309993744,0.0614733099937439,BUY,1,1
2025-07-17T13:30:00Z,2025-07-17,2025 calibration,0.562091708183289,0.0620917081832886,BUY,-1,0
2025-07-17T18:15:00Z,2025-07-17,2025 calibration,0.57048225402832,0.0704822540283203,BUY,1,1
2025-07-18T04:15:00Z,2025-07-18,2025 calibration,0.569452702999115,0.069452702999115,BUY,1,1
2025-07-18T07:15:00Z,2025-07-18,2025 calibration,0.570653080940247,0.0706530809402466,BUY,1,1
2025-07-18T08:00:00Z,2025-07-18,2025 calibration,0.567216336727142,0.0672163367271423,BUY,1,1
2025-07-21T11:15:00Z,2025-07-21,2025 calibration,0.574611246585846,0.074611246585846,BUY,1,1
2025-07-21T13:00:00Z,2025-07-21,2025 calibration,0.564350485801697,0.0643504858016968,BUY,-1,0
2025-07-21T19:00:00Z,2025-07-21,2025 calibration,0.563615024089813,0.0636150240898132,BUY,-1,0
2025-07-22T01:00:00Z,2025-07-21,2025 calibration,0.563534379005432,0.0635343790054321,BUY,1,1
2025-07-22T02:45:00Z,2025-07-21,2025 calibration,0.581585586071014,0.0815855860710144,BUY,-1,0
2025-07-22T03:15:00Z,2025-07-21,2025 calibration,0.579556405544281,0.079556405544281,BUY,-1,0
2025-07-22T03:30:00Z,2025-07-21,2025 calibration,0.573946118354797,0.0739461183547974,BUY,-1,0
2025-07-22T04:15:00Z,2025-07-22,2025 calibration,0.568175792694092,0.0681757926940918,BUY,-1,0
2025-07-23T09:30:00Z,2025-07-23,2025 calibration,0.576398313045502,0.0763983130455017,BUY,1,1
2025-07-24T03:15:00Z,2025-07-23,2025 calibration,0.579448580741882,0.0794485807418823,BUY,1,1
2025-07-24T04:00:00Z,2025-07-24,2025 calibration,0.568781793117523,0.0687817931175232,BUY,1,1
2025-07-24T06:45:00Z,2025-07-24,2025 calibration,0.56728857755661,0.0672885775566101,BUY,1,1
2025-07-24T10:30:00Z,2025-07-24,2025 calibration,0.568577408790588,0.0685774087905884,BUY,1,1
2025-07-24T12:45:00Z,2025-07-24,2025 calibration,0.571715772151947,0.071715772151947,BUY,1,1
2025-07-24T20:00:00Z,2025-07-24,2025 calibration,0.575356304645538,0.0753563046455383,BUY,1,1
2025-07-25T03:00:00Z,2025-07-24,2025 calibration,0.590816199779511,0.0908161997795105,BUY,1,1
2025-07-25T04:00:00Z,2025-07-25,2025 calibration,0.562839388847351,0.0628393888473511,BUY,-1,0
2025-07-25T07:00:00Z,2025-07-25,2025 calibration,0.568706393241882,0.0687063932418823,BUY,-1,0
2025-07-25T19:45:00Z,2025-07-25,2025 calibration,0.562914848327637,0.0629148483276367,BUY,-1,0
2025-07-28T07:00:00Z,2025-07-28,2025 calibration,0.581730604171753,0.0817306041717529,BUY,-1,0
2025-07-28T07:45:00Z,2025-07-28,2025 calibration,0.5612473487854,0.0612473487854004,BUY,1,1
2025-07-28T09:45:00Z,2025-07-28,2025 calibration,0.562385857105255,0.0623858571052551,BUY,1,1
2025-07-28T10:45:00Z,2025-07-28,2025 calibration,0.582660853862763,0.0826608538627625,BUY,-1,0
2025-07-28T12:15:00Z,2025-07-28,2025 calibration,0.566987216472626,0.0669872164726257,BUY,1,1
2025-07-28T17:30:00Z,2025-07-28,2025 calibration,0.56204229593277,0.0620422959327698,BUY,1,1
2025-07-28T18:00:00Z,2025-07-28,2025 calibration,0.574492454528809,0.0744924545288086,BUY,-1,0
2025-07-29T02:00:00Z,2025-07-28,2025 calibration,0.56089574098587,0.0608957409858704,BUY,1,1
2025-07-29T05:45:00Z,2025-07-29,2025 calibration,0.437939763069153,0.0620602369308472,SELL,1,0
2025-07-29T06:30:00Z,2025-07-29,2025 calibration,0.564405381679535,0.0644053816795349,BUY,1,1
2025-07-29T07:45:00Z,2025-07-29,2025 calibration,0.438650488853455,0.0613495111465454,SELL,1,0
2025-07-29T20:45:00Z,2025-07-29,2025 calibration,0.561782777309418,0.0617827773094177,BUY,1,1
2025-07-30T01:30:00Z,2025-07-29,2025 calibration,0.561465740203857,0.0614657402038574,BUY,1,1
2025-07-30T02:30:00Z,2025-07-29,2025 calibration,0.570002675056458,0.0700026750564575,BUY,-1,0
2025-07-30T10:00:00Z,2025-07-30,2025 calibration,0.437248826026917,0.0627511739730835,SELL,-1,1
2025-07-30T23:15:00Z,2025-07-30,2025 calibration,0.436624944210053,0.0633750557899475,SELL,-1,1
2025-07-31T05:30:00Z,2025-07-31,2025 calibration,0.567265510559082,0.067265510559082,BUY,1,1
2025-07-31T11:00:00Z,2025-07-31,2025 calibration,0.568519294261932,0.0685192942619324,BUY,1,1
2025-07-31T13:30:00Z,2025-07-31,2025 calibration,0.564436316490173,0.0644363164901733,BUY,-1,0
2025-08-01T04:00:00Z,2025-08-01,2025 calibration,0.573803067207336,0.0738030672073364,BUY,1,1
2025-08-01T05:45:00Z,2025-08-01,2025 calibration,0.569223403930664,0.0692234039306641,BUY,1,1
2025-08-01T06:15:00Z,2025-08-01,2025 calibration,0.569490194320679,0.0694901943206787,BUY,1,1
2025-08-01T06:30:00Z,2025-08-01,2025 calibration,0.576947748661041,0.0769477486610413,BUY,-1,0
2025-08-01T07:30:00Z,2025-08-01,2025 calibration,0.573335349559784,0.0733353495597839,BUY,-1,0
2025-08-01T10:45:00Z,2025-08-01,2025 calibration,0.565916001796722,0.0659160017967224,BUY,-1,0
2025-08-01T13:15:00Z,2025-08-01,2025 calibration,0.563227891921997,0.0632278919219971,BUY,1,1
2025-08-04T04:15:00Z,2025-08-04,2025 calibration,0.567470610141754,0.0674706101417542,BUY,-1,0
2025-08-04T17:45:00Z,2025-08-04,2025 calibration,0.568507730960846,0.068507730960846,BUY,1,1
2025-08-05T02:15:00Z,2025-08-04,2025 calibration,0.571158111095429,0.0711581110954285,BUY,-1,0
2025-08-05T07:30:00Z,2025-08-05,2025 calibration,0.561669588088989,0.0616695880889893,BUY,-1,0
2025-08-06T00:00:00Z,2025-08-05,2025 calibration,0.589490592479706,0.0894905924797058,BUY,1,1
2025-08-06T03:15:00Z,2025-08-05,2025 calibration,0.56328272819519,0.0632827281951904,BUY,1,1
2025-08-06T08:30:00Z,2025-08-06,2025 calibration,0.567045569419861,0.0670455694198608,BUY,-1,0
2025-08-07T02:45:00Z,2025-08-06,2025 calibration,0.573572993278503,0.0735729932785034,BUY,1,1
2025-08-07T04:30:00Z,2025-08-07,2025 calibration,0.593216836452484,0.0932168364524841,BUY,1,1
2025-08-07T04:45:00Z,2025-08-07,2025 calibration,0.569723904132843,0.069723904132843,BUY,-1,0
2025-08-07T07:00:00Z,2025-08-07,2025 calibration,0.568608224391937,0.0686082243919373,BUY,1,1
2025-08-07T10:15:00Z,2025-08-07,2025 calibration,0.436777859926224,0.0632221400737763,SELL,1,0
2025-08-08T03:30:00Z,2025-08-07,2025 calibration,0.587776839733124,0.0877768397331238,BUY,-1,0
2025-08-08T03:45:00Z,2025-08-07,2025 calibration,0.581765234470367,0.0817652344703674,BUY,-1,0
2025-08-08T05:45:00Z,2025-08-08,2025 calibration,0.56243509054184,0.0624350905418396,BUY,1,1
2025-08-08T06:00:00Z,2025-08-08,2025 calibration,0.569234549999237,0.0692345499992371,BUY,1,1
2025-08-08T12:15:00Z,2025-08-08,2025 calibration,0.562092423439026,0.0620924234390259,BUY,-1,0
2025-08-10T23:30:00Z,2025-08-10,2025 calibration,0.568308532238007,0.0683085322380066,BUY,-1,0
2025-08-11T04:30:00Z,2025-08-11,2025 calibration,0.586503803730011,0.086503803730011,BUY,1,1
2025-08-12T01:00:00Z,2025-08-11,2025 calibration,0.564723789691925,0.0647237896919251,BUY,1,1
2025-08-12T05:30:00Z,2025-08-12,2025 calibration,0.580455124378204,0.0804551243782044,BUY,-1,0
2025-08-12T08:15:00Z,2025-08-12,2025 calibration,0.560525178909302,0.0605251789093018,BUY,1,1
2025-08-13T02:30:00Z,2025-08-12,2025 calibration,0.428357183933258,0.0716428160667419,SELL,1,0
2025-08-13T05:15:00Z,2025-08-13,2025 calibration,0.57063364982605,0.0706336498260498,BUY,0,0
2025-08-14T00:45:00Z,2025-08-13,2025 calibration,0.573250472545624,0.0732504725456238,BUY,-1,0
2025-08-14T01:00:00Z,2025-08-13,2025 calibration,0.567683517932892,0.0676835179328919,BUY,-1,0
2025-08-14T01:45:00Z,2025-08-13,2025 calibration,0.572015583515167,0.0720155835151672,BUY,1,1
2025-08-14T05:15:00Z,2025-08-14,2025 calibration,0.572567880153656,0.072567880153656,BUY,1,1
2025-08-14T05:45:00Z,2025-08-14,2025 calibration,0.589498281478882,0.0894982814788818,BUY,-1,0
2025-08-14T06:15:00Z,2025-08-14,2025 calibration,0.561819791793823,0.0618197917938232,BUY,1,1
2025-08-14T18:15:00Z,2025-08-14,2025 calibration,0.571444511413574,0.0714445114135742,BUY,1,1
2025-08-14T20:15:00Z,2025-08-14,2025 calibration,0.566806197166443,0.0668061971664429,BUY,1,1
2025-08-15T00:00:00Z,2025-08-14,2025 calibration,0.569674372673035,0.0696743726730347,BUY,-1,0
2025-08-15T05:15:00Z,2025-08-15,2025 calibration,0.574637830257416,0.0746378302574158,BUY,-1,0
2025-08-15T09:00:00Z,2025-08-15,2025 calibration,0.564768970012665,0.0647689700126648,BUY,1,1
2025-08-18T02:00:00Z,2025-08-17,2025 calibration,0.431066870689392,0.0689331293106079,SELL,-1,1
2025-08-18T03:30:00Z,2025-08-17,2025 calibration,0.576718151569367,0.0767181515693665,BUY,-1,0
2025-08-18T05:00:00Z,2025-08-18,2025 calibration,0.568020164966583,0.0680201649665833,BUY,1,1
2025-08-18T06:15:00Z,2025-08-18,2025 calibration,0.578746795654297,0.0787467956542969,BUY,-1,0
2025-08-18T06:45:00Z,2025-08-18,2025 calibration,0.572785198688507,0.0727851986885071,BUY,1,1
2025-08-18T08:15:00Z,2025-08-18,2025 calibration,0.587061405181885,0.0870614051818848,BUY,1,1
2025-08-19T00:30:00Z,2025-08-18,2025 calibration,0.575066924095154,0.0750669240951538,BUY,-1,0
2025-08-19T02:00:00Z,2025-08-18,2025 calibration,0.5672687292099,0.0672687292098999,BUY,1,1
2025-08-19T03:00:00Z,2025-08-18,2025 calibration,0.577948570251465,0.0779485702514648,BUY,-1,0
2025-08-19T03:45:00Z,2025-08-18,2025 calibration,0.573880970478058,0.0738809704780579,BUY,-1,0
2025-08-19T05:15:00Z,2025-08-19,2025 calibration,0.569391787052155,0.0693917870521545,BUY,-1,0
2025-08-19T13:00:00Z,2025-08-19,2025 calibration,0.562618672847748,0.0626186728477478,BUY,-1,0
2025-08-19T15:00:00Z,2025-08-19,2025 calibration,0.560878694057465,0.0608786940574646,BUY,-1,0
2025-08-20T01:30:00Z,2025-08-19,2025 calibration,0.57256555557251,0.0725655555725098,BUY,-1,0
2025-08-20T03:15:00Z,2025-08-19,2025 calibration,0.579824686050415,0.079824686050415,BUY,1,1
2025-08-20T03:45:00Z,2025-08-19,2025 calibration,0.561518788337708,0.0615187883377075,BUY,-1,0
2025-08-20T08:15:00Z,2025-08-20,2025 calibration,0.566026568412781,0.0660265684127808,BUY,1,1
2025-08-21T02:15:00Z,2025-08-20,2025 calibration,0.429896235466003,0.0701037645339966,SELL,1,0
2025-08-21T04:00:00Z,2025-08-21,2025 calibration,0.565981805324554,0.0659818053245544,BUY,-1,0
2025-08-21T06:15:00Z,2025-08-21,2025 calibration,0.431588590145111,0.0684114098548889,SELL,1,0
2025-08-21T07:15:00Z,2025-08-21,2025 calibration,0.565727829933167,0.0657278299331665,BUY,1,1
2025-08-21T09:00:00Z,2025-08-21,2025 calibration,0.57728374004364,0.0772837400436401,BUY,1,1
2025-08-21T10:15:00Z,2025-08-21,2025 calibration,0.565505146980286,0.0655051469802856,BUY,-1,0
2025-08-22T00:15:00Z,2025-08-21,2025 calibration,0.569723010063171,0.0697230100631714,BUY,1,1
2025-08-22T03:00:00Z,2025-08-21,2025 calibration,0.588283121585846,0.088283121585846,BUY,-1,0
2025-08-22T03:15:00Z,2025-08-21,2025 calibration,0.582557559013367,0.0825575590133667,BUY,1,1
2025-08-22T16:00:00Z,2025-08-22,2025 calibration,0.563310861587524,0.0633108615875244,BUY,1,1
2025-08-25T03:00:00Z,2025-08-24,2025 calibration,0.563071310520172,0.0630713105201721,BUY,1,1
2025-08-25T06:00:00Z,2025-08-25,2025 calibration,0.434181183576584,0.0658188164234161,SELL,-1,1
2025-08-25T10:00:00Z,2025-08-25,2025 calibration,0.429636418819428,0.0703635811805725,SELL,-1,1
2025-08-25T20:00:00Z,2025-08-25,2025 calibration,0.564608931541443,0.0646089315414429,BUY,1,1
2025-08-26T04:45:00Z,2025-08-26,2025 calibration,0.562385141849518,0.0623851418495178,BUY,1,1
2025-08-26T12:15:00Z,2025-08-26,2025 calibration,0.568938136100769,0.068938136100769,BUY,1,1
2025-08-26T20:45:00Z,2025-08-26,2025 calibration,0.432535797357559,0.0674642026424408,SELL,-1,1
2025-08-27T08:15:00Z,2025-08-27,2025 calibration,0.561427891254425,0.0614278912544251,BUY,1,1
2025-08-27T13:30:00Z,2025-08-27,2025 calibration,0.572000503540039,0.0720005035400391,BUY,1,1
2025-08-27T19:15:00Z,2025-08-27,2025 calibration,0.56060802936554,0.0606080293655396,BUY,1,1
2025-08-28T05:45:00Z,2025-08-28,2025 calibration,0.581654965877533,0.081654965877533,BUY,-1,0
2025-08-28T06:30:00Z,2025-08-28,2025 calibration,0.432247042655945,0.0677529573440552,SELL,1,0
2025-08-28T10:45:00Z,2025-08-28,2025 calibration,0.576401710510254,0.0764017105102539,BUY,1,1
2025-08-28T11:15:00Z,2025-08-28,2025 calibration,0.567300975322723,0.0673009753227234,BUY,-1,0
2025-08-29T04:30:00Z,2025-08-29,2025 calibration,0.566109418869019,0.0661094188690186,BUY,1,1
2025-08-29T08:00:00Z,2025-08-29,2025 calibration,0.565719783306122,0.0657197833061218,BUY,-1,0
2025-08-29T08:15:00Z,2025-08-29,2025 calibration,0.577469885349274,0.0774698853492737,BUY,1,1
2025-09-01T02:15:00Z,2025-08-31,2025 calibration,0.572196424007416,0.0721964240074158,BUY,-1,0
2025-09-01T02:30:00Z,2025-08-31,2025 calibration,0.562389016151428,0.0623890161514282,BUY,1,1
2025-09-01T04:00:00Z,2025-09-01,2025 calibration,0.563403785228729,0.0634037852287293,BUY,-1,0
2025-09-01T04:15:00Z,2025-09-01,2025 calibration,0.562427401542664,0.0624274015426636,BUY,1,1
2025-09-01T04:30:00Z,2025-09-01,2025 calibration,0.569867014884949,0.0698670148849487,BUY,-1,0
2025-09-01T06:30:00Z,2025-09-01,2025 calibration,0.572454810142517,0.0724548101425171,BUY,1,1
2025-09-01T11:30:00Z,2025-09-01,2025 calibration,0.567283987998962,0.0672839879989624,BUY,-1,0
2025-09-02T02:00:00Z,2025-09-01,2025 calibration,0.583274722099304,0.0832747220993042,BUY,1,1
2025-09-02T02:15:00Z,2025-09-01,2025 calibration,0.574780464172363,0.0747804641723633,BUY,-1,0
2025-09-02T07:15:00Z,2025-09-02,2025 calibration,0.572806417942047,0.0728064179420471,BUY,1,1
2025-09-02T07:45:00Z,2025-09-02,2025 calibration,0.570176661014557,0.0701766610145569,BUY,-1,0
2025-09-02T10:00:00Z,2025-09-02,2025 calibration,0.576332151889801,0.076332151889801,BUY,1,1
2025-09-03T11:30:00Z,2025-09-03,2025 calibration,0.566376209259033,0.0663762092590332,BUY,1,1
2025-09-03T23:45:00Z,2025-09-03,2025 calibration,0.573372185230255,0.0733721852302551,BUY,1,1
2025-09-04T02:30:00Z,2025-09-03,2025 calibration,0.582582533359528,0.0825825333595276,BUY,0,0
2025-09-04T03:00:00Z,2025-09-03,2025 calibration,0.590557932853699,0.0905579328536987,BUY,-1,0
2025-09-04T07:00:00Z,2025-09-04,2025 calibration,0.576670169830322,0.0766701698303223,BUY,1,1
2025-09-04T10:00:00Z,2025-09-04,2025 calibration,0.438622504472733,0.0613774955272675,SELL,1,0
2025-09-05T02:15:00Z,2025-09-04,2025 calibration,0.564879477024078,0.0648794770240784,BUY,1,1
2025-09-05T02:30:00Z,2025-09-04,2025 calibration,0.564787566661835,0.0647875666618347,BUY,1,1
2025-09-05T11:00:00Z,2025-09-05,2025 calibration,0.581816077232361,0.0818160772323608,BUY,1,1
2025-09-05T12:00:00Z,2025-09-05,2025 calibration,0.567436218261719,0.0674362182617188,BUY,1,1
2025-09-08T01:00:00Z,2025-09-07,2025 calibration,0.568781971931458,0.0687819719314575,BUY,1,1
2025-09-08T02:15:00Z,2025-09-07,2025 calibration,0.567527830600739,0.0675278306007385,BUY,-1,0
2025-09-08T02:30:00Z,2025-09-07,2025 calibration,0.568149328231812,0.0681493282318115,BUY,1,1
2025-09-08T04:15:00Z,2025-09-08,2025 calibration,0.581610798835754,0.0816107988357544,BUY,-1,0
2025-09-08T20:45:00Z,2025-09-08,2025 calibration,0.572909295558929,0.0729092955589294,BUY,-1,0
2025-09-08T23:45:00Z,2025-09-08,2025 calibration,0.579900681972504,0.0799006819725037,BUY,1,1
2025-09-09T10:30:00Z,2025-09-09,2025 calibration,0.561840832233429,0.061840832233429,BUY,1,1
2025-09-09T23:30:00Z,2025-09-09,2025 calibration,0.577380776405335,0.0773807764053345,BUY,1,1
2025-09-10T08:30:00Z,2025-09-10,2025 calibration,0.568370521068573,0.068370521068573,BUY,-1,0
2025-09-10T08:45:00Z,2025-09-10,2025 calibration,0.56308901309967,0.0630890130996704,BUY,1,1
2025-09-10T10:00:00Z,2025-09-10,2025 calibration,0.42745578289032,0.0725442171096802,SELL,-1,1
2025-09-10T10:30:00Z,2025-09-10,2025 calibration,0.439363986253738,0.0606360137462616,SELL,1,0
2025-09-10T16:45:00Z,2025-09-10,2025 calibration,0.564562559127808,0.0645625591278076,BUY,1,1
2025-09-11T05:15:00Z,2025-09-11,2025 calibration,0.577285051345825,0.0772850513458252,BUY,1,1
2025-09-11T09:45:00Z,2025-09-11,2025 calibration,0.56535005569458,0.0653500556945801,BUY,1,1
2025-09-11T20:00:00Z,2025-09-11,2025 calibration,0.582653224468231,0.0826532244682312,BUY,1,1
2025-09-12T02:15:00Z,2025-09-11,2025 calibration,0.572152972221375,0.0721529722213745,BUY,-1,0
2025-09-12T06:45:00Z,2025-09-12,2025 calibration,0.569974541664124,0.0699745416641235,BUY,1,1
2025-09-12T08:15:00Z,2025-09-12,2025 calibration,0.571756720542908,0.0717567205429077,BUY,-1,0
2025-09-14T23:30:00Z,2025-09-14,2025 calibration,0.574859082698822,0.074859082698822,BUY,-1,0
2025-09-15T03:45:00Z,2025-09-14,2025 calibration,0.428906232118607,0.0710937678813934,SELL,-1,1
2025-09-16T02:30:00Z,2025-09-15,2025 calibration,0.438560307025909,0.0614396929740906,SELL,1,0
2025-09-18T05:30:00Z,2025-09-18,2025 calibration,0.573433458805084,0.0734334588050842,BUY,1,1
2025-09-18T06:15:00Z,2025-09-18,2025 calibration,0.568982601165772,0.0689826011657715,BUY,1,1
2025-09-18T13:00:00Z,2025-09-18,2025 calibration,0.582697927951813,0.0826979279518127,BUY,-1,0
2025-09-18T17:30:00Z,2025-09-18,2025 calibration,0.564484894275665,0.0644848942756653,BUY,-1,0
2025-09-19T00:15:00Z,2025-09-18,2025 calibration,0.572547554969788,0.0725475549697876,BUY,-1,0
2025-09-19T00:30:00Z,2025-09-18,2025 calibration,0.565124154090881,0.0651241540908814,BUY,1,1
2025-09-19T02:30:00Z,2025-09-18,2025 calibration,0.567242681980133,0.0672426819801331,BUY,1,1
2025-09-19T04:15:00Z,2025-09-19,2025 calibration,0.573239862918854,0.0732398629188538,BUY,-1,0
2025-09-19T05:45:00Z,2025-09-19,2025 calibration,0.561116218566895,0.0611162185668945,BUY,1,1
2025-09-19T07:00:00Z,2025-09-19,2025 calibration,0.570833325386047,0.0708333253860474,BUY,-1,0
2025-09-19T14:45:00Z,2025-09-19,2025 calibration,0.567077338695526,0.0670773386955261,BUY,-1,0
2025-09-22T01:00:00Z,2025-09-21,2025 calibration,0.565199553966522,0.0651995539665222,BUY,1,1
2025-09-22T01:30:00Z,2025-09-21,2025 calibration,0.564075887203217,0.0640758872032166,BUY,1,1
2025-09-22T06:15:00Z,2025-09-22,2025 calibration,0.560590863227844,0.0605908632278442,BUY,-1,0
2025-09-22T09:00:00Z,2025-09-22,2025 calibration,0.569388329982758,0.0693883299827576,BUY,-1,0
2025-09-22T09:15:00Z,2025-09-22,2025 calibration,0.566642105579376,0.0666421055793762,BUY,1,1
2025-09-23T02:30:00Z,2025-09-22,2025 calibration,0.573436439037323,0.073436439037323,BUY,1,1
2025-09-23T04:30:00Z,2025-09-23,2025 calibration,0.566364824771881,0.0663648247718811,BUY,-1,0
2025-09-23T05:45:00Z,2025-09-23,2025 calibration,0.429679244756699,0.0703207552433014,SELL,-1,1
2025-09-23T09:00:00Z,2025-09-23,2025 calibration,0.572470545768738,0.0724705457687378,BUY,-1,0
2025-09-23T10:30:00Z,2025-09-23,2025 calibration,0.566647112369537,0.0666471123695374,BUY,-1,0
2025-09-23T11:15:00Z,2025-09-23,2025 calibration,0.560449361801148,0.0604493618011475,BUY,1,1
2025-09-24T10:30:00Z,2025-09-24,2025 calibration,0.564121544361115,0.0641215443611145,BUY,1,1
2025-09-24T20:45:00Z,2025-09-24,2025 calibration,0.43190136551857,0.0680986344814301,SELL,-1,1
2025-09-25T03:00:00Z,2025-09-24,2025 calibration,0.427950024604797,0.0720499753952026,SELL,-1,1
2025-09-25T05:00:00Z,2025-09-25,2025 calibration,0.5611732006073,0.0611732006072998,BUY,-1,0
2025-09-25T05:15:00Z,2025-09-25,2025 calibration,0.565584421157837,0.0655844211578369,BUY,1,1
2025-09-25T07:15:00Z,2025-09-25,2025 calibration,0.564379692077637,0.0643796920776367,BUY,1,1
2025-09-25T09:45:00Z,2025-09-25,2025 calibration,0.577641546726227,0.0776415467262268,BUY,-1,0
2025-09-25T10:45:00Z,2025-09-25,2025 calibration,0.561316192150116,0.061316192150116,BUY,-1,0
2025-09-25T11:15:00Z,2025-09-25,2025 calibration,0.561499536037445,0.0614995360374451,BUY,-1,0
2025-09-25T11:45:00Z,2025-09-25,2025 calibration,0.577881336212158,0.0778813362121582,BUY,1,1
2025-09-25T12:45:00Z,2025-09-25,2025 calibration,0.565023005008698,0.0650230050086975,BUY,-1,0
2025-09-26T00:00:00Z,2025-09-25,2025 calibration,0.565150797367096,0.065150797367096,BUY,-1,0
2025-09-26T02:30:00Z,2025-09-25,2025 calibration,0.43933168053627,0.0606683194637299,SELL,1,0
2025-09-26T03:15:00Z,2025-09-25,2025 calibration,0.560711681842804,0.060711681842804,BUY,-1,0
2025-09-26T05:00:00Z,2025-09-26,2025 calibration,0.580308496952057,0.0803084969520569,BUY,1,1
2025-09-26T06:15:00Z,2025-09-26,2025 calibration,0.424335807561874,0.0756641924381256,SELL,1,0
2025-09-26T08:45:00Z,2025-09-26,2025 calibration,0.579378962516785,0.0793789625167847,BUY,-1,0
2025-09-26T09:00:00Z,2025-09-26,2025 calibration,0.572478175163269,0.072478175163269,BUY,1,1
2025-09-26T13:30:00Z,2025-09-26,2025 calibration,0.566900670528412,0.0669006705284119,BUY,1,1
2025-09-29T04:30:00Z,2025-09-29,2025 calibration,0.438138514757156,0.0618614852428436,SELL,-1,1
2025-09-29T11:15:00Z,2025-09-29,2025 calibration,0.568247497081757,0.0682474970817566,BUY,1,1
2025-09-29T11:30:00Z,2025-09-29,2025 calibration,0.571784794330597,0.0717847943305969,BUY,1,1
2025-09-29T13:30:00Z,2025-09-29,2025 calibration,0.560742437839508,0.0607424378395081,BUY,1,1
2025-09-29T15:15:00Z,2025-09-29,2025 calibration,0.582627892494202,0.0826278924942017,BUY,-1,0
2025-09-29T15:30:00Z,2025-09-29,2025 calibration,0.566566407680512,0.0665664076805115,BUY,-1,0
2025-09-29T16:45:00Z,2025-09-29,2025 calibration,0.564703166484833,0.0647031664848328,BUY,-1,0
2025-09-30T05:00:00Z,2025-09-30,2025 calibration,0.576426684856415,0.0764266848564148,BUY,-1,0
2025-09-30T07:00:00Z,2025-09-30,2025 calibration,0.572033941745758,0.0720339417457581,BUY,-1,0
2025-09-30T07:15:00Z,2025-09-30,2025 calibration,0.569337844848633,0.0693378448486328,BUY,-1,0
2025-09-30T07:45:00Z,2025-09-30,2025 calibration,0.560664415359497,0.0606644153594971,BUY,1,1
2025-10-01T00:00:00Z,2025-09-30,2025 calibration,0.564825177192688,0.064825177192688,BUY,1,1
2025-10-01T00:30:00Z,2025-09-30,2025 calibration,0.564003825187683,0.0640038251876831,BUY,1,1
2025-10-01T06:45:00Z,2025-10-01,2025 calibration,0.57616513967514,0.0761651396751404,BUY,-1,0
2025-10-01T09:30:00Z,2025-10-01,2025 calibration,0.43422469496727,0.0657753050327301,SELL,-1,1
2025-10-01T13:30:00Z,2025-10-01,2025 calibration,0.569333553314209,0.069333553314209,BUY,1,1
2025-10-02T09:30:00Z,2025-10-02,2025 calibration,0.568110466003418,0.068110466003418,BUY,-1,0
2025-10-02T23:30:00Z,2025-10-02,2025 calibration,0.435504257678986,0.0644957423210144,SELL,1,0
2025-10-03T06:00:00Z,2025-10-03,2025 calibration,0.571963965892792,0.0719639658927918,BUY,-1,0
2025-10-03T10:00:00Z,2025-10-03,2025 calibration,0.417746245861053,0.0822537541389465,SELL,1,0
2025-10-03T11:00:00Z,2025-10-03,2025 calibration,0.572548568248749,0.0725485682487488,BUY,1,1
2025-10-03T12:45:00Z,2025-10-03,2025 calibration,0.568377375602722,0.0683773756027222,BUY,-1,0
2025-10-06T05:15:00Z,2025-10-06,2025 calibration,0.587508022785187,0.0875080227851868,BUY,1,1
2025-10-06T05:30:00Z,2025-10-06,2025 calibration,0.569971442222595,0.0699714422225952,BUY,1,1
2025-10-06T19:45:00Z,2025-10-06,2025 calibration,0.560764789581299,0.0607647895812988,BUY,-1,0
2025-10-06T20:00:00Z,2025-10-06,2025 calibration,0.562049210071564,0.0620492100715637,BUY,-1,0
2025-10-06T20:15:00Z,2025-10-06,2025 calibration,0.563298404216766,0.0632984042167664,BUY,1,1
2025-10-07T00:00:00Z,2025-10-06,2025 calibration,0.563915550708771,0.0639155507087708,BUY,-1,0
2025-10-07T05:00:00Z,2025-10-07,2025 calibration,0.435107499361038,0.0648925006389618,SELL,-1,1
2025-10-07T11:00:00Z,2025-10-07,2025 calibration,0.568211734294891,0.0682117342948914,BUY,-1,0
2025-10-07T12:00:00Z,2025-10-07,2025 calibration,0.435183882713318,0.0648161172866821,SELL,-1,1
2025-10-07T14:30:00Z,2025-10-07,2025 calibration,0.561383306980133,0.0613833069801331,BUY,-1,0
2025-10-07T23:15:00Z,2025-10-07,2025 calibration,0.580136895179749,0.0801368951797485,BUY,-1,0
2025-10-08T00:15:00Z,2025-10-07,2025 calibration,0.560601234436035,0.0606012344360352,BUY,1,1
2025-10-08T05:15:00Z,2025-10-08,2025 calibration,0.571011126041412,0.0710111260414124,BUY,1,1
2025-10-08T06:00:00Z,2025-10-08,2025 calibration,0.567439258098602,0.0674392580986023,BUY,-1,0
2025-10-08T06:30:00Z,2025-10-08,2025 calibration,0.580067217350006,0.0800672173500061,BUY,-1,0
2025-10-08T11:30:00Z,2025-10-08,2025 calibration,0.573601365089417,0.0736013650894165,BUY,1,1
2025-10-08T12:15:00Z,2025-10-08,2025 calibration,0.574045479297638,0.0740454792976379,BUY,1,1
2025-10-09T01:15:00Z,2025-10-08,2025 calibration,0.586460888385773,0.0864608883857727,BUY,1,1
2025-10-09T03:00:00Z,2025-10-08,2025 calibration,0.577291071414948,0.0772910714149475,BUY,1,1
2025-10-09T05:30:00Z,2025-10-09,2025 calibration,0.430588573217392,0.069411426782608,SELL,-1,1
2025-10-09T07:30:00Z,2025-10-09,2025 calibration,0.568826615810394,0.0688266158103943,BUY,-1,0
2025-10-09T08:15:00Z,2025-10-09,2025 calibration,0.574830174446106,0.074830174446106,BUY,1,1
2025-10-09T10:30:00Z,2025-10-09,2025 calibration,0.575889110565186,0.0758891105651856,BUY,1,1
2025-10-10T03:30:00Z,2025-10-09,2025 calibration,0.568432748317719,0.0684327483177185,BUY,1,1
2025-10-10T05:00:00Z,2025-10-10,2025 calibration,0.571431815624237,0.0714318156242371,BUY,-1,0
2025-10-10T06:00:00Z,2025-10-10,2025 calibration,0.437034785747528,0.0629652142524719,SELL,1,0
2025-10-10T06:15:00Z,2025-10-10,2025 calibration,0.437122672796249,0.0628773272037506,SELL,-1,1
2025-10-10T09:30:00Z,2025-10-10,2025 calibration,0.568021357059479,0.0680213570594788,BUY,-1,0
2025-10-10T10:00:00Z,2025-10-10,2025 calibration,0.57332044839859,0.0733204483985901,BUY,1,1
2025-10-10T12:45:00Z,2025-10-10,2025 calibration,0.562193155288696,0.0621931552886963,BUY,1,1
2025-10-13T02:45:00Z,2025-10-12,2025 calibration,0.573148846626282,0.0731488466262817,BUY,0,0
2025-10-13T03:00:00Z,2025-10-12,2025 calibration,0.593649089336395,0.0936490893363953,BUY,1,1
2025-10-13T03:45:00Z,2025-10-12,2025 calibration,0.564763069152832,0.064763069152832,BUY,-1,0
2025-10-13T08:30:00Z,2025-10-13,2025 calibration,0.57614678144455,0.0761467814445496,BUY,1,1
2025-10-13T08:45:00Z,2025-10-13,2025 calibration,0.582465410232544,0.082465410232544,BUY,1,1
2025-10-13T23:15:00Z,2025-10-13,2025 calibration,0.575902998447418,0.0759029984474182,BUY,1,1
2025-10-14T02:30:00Z,2025-10-13,2025 calibration,0.592300117015839,0.0923001170158386,BUY,-1,0
2025-10-14T03:00:00Z,2025-10-13,2025 calibration,0.584380686283112,0.0843806862831116,BUY,-1,0
2025-10-14T04:15:00Z,2025-10-14,2025 calibration,0.574605107307434,0.0746051073074341,BUY,-1,0
2025-10-14T10:30:00Z,2025-10-14,2025 calibration,0.566528916358948,0.0665289163589478,BUY,-1,0
2025-10-14T10:45:00Z,2025-10-14,2025 calibration,0.560811638832092,0.0608116388320923,BUY,-1,0
2025-10-15T05:15:00Z,2025-10-15,2025 calibration,0.435676068067551,0.0643239319324493,SELL,1,0
2025-10-15T09:15:00Z,2025-10-15,2025 calibration,0.439303070306778,0.0606969296932221,SELL,-1,1
2025-10-16T00:15:00Z,2025-10-15,2025 calibration,0.579111099243164,0.0791110992431641,BUY,-1,0
2025-10-16T02:30:00Z,2025-10-15,2025 calibration,0.573380708694458,0.073380708694458,BUY,-1,0
2025-10-16T03:15:00Z,2025-10-15,2025 calibration,0.563138723373413,0.0631387233734131,BUY,-1,0
2025-10-16T04:15:00Z,2025-10-16,2025 calibration,0.436494916677475,0.063505083322525,SELL,1,0
2025-10-16T12:15:00Z,2025-10-16,2025 calibration,0.570854127407074,0.070854127407074,BUY,1,1
2025-10-16T13:30:00Z,2025-10-16,2025 calibration,0.561319887638092,0.061319887638092,BUY,1,1
2025-10-16T23:30:00Z,2025-10-16,2025 calibration,0.568814039230347,0.0688140392303467,BUY,1,1
2025-10-17T03:15:00Z,2025-10-16,2025 calibration,0.565685629844666,0.0656856298446655,BUY,1,1
2025-10-17T03:45:00Z,2025-10-16,2025 calibration,0.589388191699982,0.0893881916999817,BUY,1,1
2025-10-17T04:45:00Z,2025-10-17,2025 calibration,0.561244308948517,0.0612443089485169,BUY,-1,0
2025-10-17T05:15:00Z,2025-10-17,2025 calibration,0.576014280319214,0.0760142803192139,BUY,1,1
2025-10-17T07:15:00Z,2025-10-17,2025 calibration,0.572824776172638,0.0728247761726379,BUY,-1,0
2025-10-20T08:45:00Z,2025-10-20,2025 calibration,0.563376784324646,0.063376784324646,BUY,-1,0
2025-10-20T20:00:00Z,2025-10-20,2025 calibration,0.580206632614136,0.0802066326141357,BUY,1,1
2025-10-21T02:45:00Z,2025-10-20,2025 calibration,0.584291338920593,0.0842913389205933,BUY,-1,0
2025-10-21T03:30:00Z,2025-10-20,2025 calibration,0.593784153461456,0.0937841534614563,BUY,0,0
2025-10-21T05:45:00Z,2025-10-21,2025 calibration,0.576393127441406,0.0763931274414063,BUY,-1,0
2025-10-21T07:15:00Z,2025-10-21,2025 calibration,0.562275946140289,0.0622759461402893,BUY,1,1
2025-10-21T10:15:00Z,2025-10-21,2025 calibration,0.571232080459595,0.0712320804595947,BUY,-1,0
2025-10-21T20:00:00Z,2025-10-21,2025 calibration,0.568866729736328,0.0688667297363281,BUY,-1,0
2025-10-22T00:45:00Z,2025-10-21,2025 calibration,0.577753841876984,0.0777538418769836,BUY,1,1
2025-10-22T02:30:00Z,2025-10-21,2025 calibration,0.432996451854706,0.0670035481452942,SELL,-1,1
2025-10-22T03:00:00Z,2025-10-21,2025 calibration,0.43803858757019,0.0619614124298096,SELL,-1,1
2025-10-22T03:15:00Z,2025-10-21,2025 calibration,0.570735275745392,0.0707352757453919,BUY,-1,0
2025-10-22T04:45:00Z,2025-10-22,2025 calibration,0.431061923503876,0.0689380764961243,SELL,-1,1
2025-10-22T05:45:00Z,2025-10-22,2025 calibration,0.573423683643341,0.0734236836433411,BUY,1,1
2025-10-22T08:15:00Z,2025-10-22,2025 calibration,0.570048749446869,0.0700487494468689,BUY,-1,0
2025-10-22T23:45:00Z,2025-10-22,2025 calibration,0.568641483783722,0.0686414837837219,BUY,-1,0
2025-10-23T00:00:00Z,2025-10-22,2025 calibration,0.561943829059601,0.0619438290596008,BUY,-1,0
2025-10-23T03:30:00Z,2025-10-22,2025 calibration,0.563707590103149,0.0637075901031494,BUY,1,1
2025-10-23T04:15:00Z,2025-10-23,2025 calibration,0.570575296878815,0.0705752968788147,BUY,1,1
2025-10-23T11:45:00Z,2025-10-23,2025 calibration,0.567060887813568,0.0670608878135681,BUY,-1,0
2025-10-23T15:45:00Z,2025-10-23,2025 calibration,0.560663104057312,0.060663104057312,BUY,1,1
2025-10-24T01:30:00Z,2025-10-23,2025 calibration,0.568369746208191,0.0683697462081909,BUY,-1,0
2025-10-24T02:45:00Z,2025-10-23,2025 calibration,0.579471826553345,0.0794718265533447,BUY,1,1
2025-10-24T20:15:00Z,2025-10-24,2025 calibration,0.562332630157471,0.0623326301574707,BUY,1,1
2025-10-27T01:15:00Z,2025-10-26,2025 calibration,0.561868727207184,0.0618687272071838,BUY,1,1
2025-10-27T03:15:00Z,2025-10-26,2025 calibration,0.4171983897686,0.0828016102313995,SELL,1,0
2025-10-27T10:00:00Z,2025-10-27,2025 calibration,0.424477189779282,0.0755228102207184,SELL,-1,1
2025-10-27T11:45:00Z,2025-10-27,2025 calibration,0.561073362827301,0.061073362827301,BUY,-1,0
2025-10-28T00:00:00Z,2025-10-27,2025 calibration,0.565352916717529,0.0653529167175293,BUY,-1,0
2025-10-28T01:15:00Z,2025-10-27,2025 calibration,0.575368583202362,0.0753685832023621,BUY,0,0
2025-10-28T04:45:00Z,2025-10-28,2025 calibration,0.565469980239868,0.0654699802398682,BUY,1,1
2025-10-28T05:00:00Z,2025-10-28,2025 calibration,0.561797678470612,0.0617976784706116,BUY,-1,0
2025-10-28T05:15:00Z,2025-10-28,2025 calibration,0.569582760334015,0.0695827603340149,BUY,1,1
2025-10-28T20:00:00Z,2025-10-28,2025 calibration,0.575257480144501,0.0752574801445007,BUY,-1,0
2025-10-29T04:15:00Z,2025-10-29,2025 calibration,0.572023749351502,0.0720237493515015,BUY,1,1
2025-10-30T05:30:00Z,2025-10-30,2025 calibration,0.438765674829483,0.061234325170517,SELL,-1,1
2025-10-30T07:00:00Z,2025-10-30,2025 calibration,0.561518490314484,0.0615184903144836,BUY,-1,0
2025-10-30T08:15:00Z,2025-10-30,2025 calibration,0.572963178157806,0.0729631781578064,BUY,1,1
2025-10-30T12:15:00Z,2025-10-30,2025 calibration,0.561582267284393,0.0615822672843933,BUY,1,1
2025-10-30T13:00:00Z,2025-10-30,2025 calibration,0.563648998737335,0.0636489987373352,BUY,1,1
2025-10-31T02:45:00Z,2025-10-30,2025 calibration,0.562130272388458,0.0621302723884583,BUY,1,1
2025-10-31T03:30:00Z,2025-10-30,2025 calibration,0.562897920608521,0.0628979206085205,BUY,1,1
2025-10-31T08:15:00Z,2025-10-31,2025 calibration,0.56778210401535,0.0677821040153503,BUY,1,1
2025-11-03T03:15:00Z,2025-11-02,2025 calibration,0.582946181297302,0.0829461812973023,BUY,0,0
2025-11-03T06:15:00Z,2025-11-03,2025 calibration,0.562616407871246,0.0626164078712463,BUY,-1,0
2025-11-03T07:45:00Z,2025-11-03,2025 calibration,0.576273858547211,0.0762738585472107,BUY,1,1
2025-11-04T00:15:00Z,2025-11-03,2025 calibration,0.572598278522492,0.0725982785224915,BUY,-1,0
2025-11-04T00:30:00Z,2025-11-03,2025 calibration,0.573290288448334,0.0732902884483337,BUY,1,1
2025-11-04T02:30:00Z,2025-11-03,2025 calibration,0.562008082866669,0.0620080828666687,BUY,-1,0
2025-11-04T02:45:00Z,2025-11-03,2025 calibration,0.578219056129456,0.0782190561294556,BUY,-1,0
2025-11-04T03:00:00Z,2025-11-03,2025 calibration,0.587992250919342,0.087992250919342,BUY,1,1
2025-11-04T04:00:00Z,2025-11-03,2025 calibration,0.568161368370056,0.0681613683700562,BUY,-1,0
2025-11-04T04:15:00Z,2025-11-03,2025 calibration,0.569298684597015,0.0692986845970154,BUY,-1,0
2025-11-04T05:15:00Z,2025-11-04,2025 calibration,0.571127355098724,0.0711273550987244,BUY,-1,0
2025-11-04T05:30:00Z,2025-11-04,2025 calibration,0.582588076591492,0.0825880765914917,BUY,1,1
2025-11-04T05:45:00Z,2025-11-04,2025 calibration,0.579637110233307,0.0796371102333069,BUY,-1,0
2025-11-04T06:30:00Z,2025-11-04,2025 calibration,0.565079927444458,0.065079927444458,BUY,1,1
2025-11-04T08:15:00Z,2025-11-04,2025 calibration,0.561177730560303,0.0611777305603027,BUY,1,1
2025-11-04T10:00:00Z,2025-11-04,2025 calibration,0.565419435501099,0.0654194355010986,BUY,-1,0
2025-11-05T00:30:00Z,2025-11-04,2025 calibration,0.564761161804199,0.0647611618041992,BUY,-1,0
2025-11-05T00:45:00Z,2025-11-04,2025 calibration,0.565702497959137,0.065702497959137,BUY,1,1
2025-11-05T01:00:00Z,2025-11-04,2025 calibration,0.561008512973785,0.0610085129737854,BUY,-1,0
2025-11-05T01:30:00Z,2025-11-04,2025 calibration,0.568540334701538,0.0685403347015381,BUY,1,1
2025-11-05T05:45:00Z,2025-11-05,2025 calibration,0.567404866218567,0.0674048662185669,BUY,-1,0
2025-11-05T07:15:00Z,2025-11-05,2025 calibration,0.575539886951447,0.0755398869514465,BUY,-1,0
2025-11-05T11:00:00Z,2025-11-05,2025 calibration,0.58249706029892,0.0824970602989197,BUY,1,1
2025-11-05T21:15:00Z,2025-11-05,2025 calibration,0.563640475273132,0.0636404752731323,BUY,1,1
2025-11-06T00:30:00Z,2025-11-05,2025 calibration,0.575839579105377,0.0758395791053772,BUY,1,1
2025-11-06T05:45:00Z,2025-11-06,2025 calibration,0.572020411491394,0.072020411491394,BUY,-1,0
2025-11-06T12:00:00Z,2025-11-06,2025 calibration,0.570747494697571,0.0707474946975708,BUY,1,1
2025-11-06T14:30:00Z,2025-11-06,2025 calibration,0.562775492668152,0.0627754926681519,BUY,-1,0
2025-11-07T01:00:00Z,2025-11-06,2025 calibration,0.579628467559815,0.0796284675598145,BUY,-1,0
2025-11-07T01:30:00Z,2025-11-06,2025 calibration,0.577615082263947,0.0776150822639465,BUY,-1,0
2025-11-07T02:30:00Z,2025-11-06,2025 calibration,0.561966478824616,0.0619664788246155,BUY,1,1
2025-11-07T03:45:00Z,2025-11-06,2025 calibration,0.577651023864746,0.0776510238647461,BUY,1,1
2025-11-07T08:30:00Z,2025-11-07,2025 calibration,0.57082200050354,0.07082200050354,BUY,-1,0
2025-11-07T10:15:00Z,2025-11-07,2025 calibration,0.572214603424072,0.0722146034240723,BUY,-1,0
2025-11-07T11:15:00Z,2025-11-07,2025 calibration,0.575369417667389,0.0753694176673889,BUY,1,1
2025-11-07T12:45:00Z,2025-11-07,2025 calibration,0.576394736766815,0.0763947367668152,BUY,-1,0
2025-11-10T07:00:00Z,2025-11-10,2025 calibration,0.567870557308197,0.067870557308197,BUY,-1,0
2025-11-10T08:15:00Z,2025-11-10,2025 calibration,0.573951363563538,0.0739513635635376,BUY,1,1
2025-11-10T19:00:00Z,2025-11-10,2025 calibration,0.569731593132019,0.069731593132019,BUY,1,1
2025-11-11T03:30:00Z,2025-11-10,2025 calibration,0.566097736358643,0.0660977363586426,BUY,0,0
2025-11-11T05:15:00Z,2025-11-11,2025 calibration,0.565977871417999,0.0659778714179993,BUY,1,1
2025-11-12T10:45:00Z,2025-11-12,2025 calibration,0.564542651176453,0.0645426511764526,BUY,1,1
2025-11-12T11:15:00Z,2025-11-12,2025 calibration,0.572166204452515,0.0721662044525147,BUY,1,1
2025-11-12T11:30:00Z,2025-11-12,2025 calibration,0.570201218128204,0.0702012181282044,BUY,1,1
2025-11-12T12:00:00Z,2025-11-12,2025 calibration,0.561271786689758,0.0612717866897583,BUY,1,1
2025-11-13T02:45:00Z,2025-11-12,2025 calibration,0.566854536533356,0.0668545365333557,BUY,1,1
2025-11-13T03:15:00Z,2025-11-12,2025 calibration,0.564995050430298,0.0649950504302979,BUY,1,1
2025-11-13T07:45:00Z,2025-11-13,2025 calibration,0.560823559761047,0.0608235597610474,BUY,-1,0
2025-11-13T08:00:00Z,2025-11-13,2025 calibration,0.570152521133423,0.0701525211334229,BUY,1,1
2025-11-13T08:15:00Z,2025-11-13,2025 calibration,0.571335732936859,0.0713357329368591,BUY,1,1
2025-11-13T09:15:00Z,2025-11-13,2025 calibration,0.564118266105652,0.0641182661056519,BUY,-1,0
2025-11-13T09:30:00Z,2025-11-13,2025 calibration,0.573934018611908,0.073934018611908,BUY,-1,0
2025-11-14T05:15:00Z,2025-11-14,2025 calibration,0.573675751686096,0.0736757516860962,BUY,1,1
2025-11-14T06:30:00Z,2025-11-14,2025 calibration,0.570853352546692,0.0708533525466919,BUY,1,1
2025-11-14T07:15:00Z,2025-11-14,2025 calibration,0.567780315876007,0.0677803158760071,BUY,-1,0
2025-11-14T11:15:00Z,2025-11-14,2025 calibration,0.561365187168121,0.0613651871681213,BUY,-1,0
2025-11-17T02:00:00Z,2025-11-16,2025 calibration,0.56557685136795,0.0655768513679504,BUY,1,1
2025-11-17T13:45:00Z,2025-11-17,2025 calibration,0.566875159740448,0.066875159740448,BUY,1,1
2025-11-18T00:30:00Z,2025-11-17,2025 calibration,0.570233047008514,0.0702330470085144,BUY,-1,0
2025-11-18T00:45:00Z,2025-11-17,2025 calibration,0.562819480895996,0.0628194808959961,BUY,1,1
2025-11-18T02:45:00Z,2025-11-17,2025 calibration,0.563922822475433,0.0639228224754334,BUY,-1,0
2025-11-18T03:00:00Z,2025-11-17,2025 calibration,0.567438185214996,0.0674381852149963,BUY,-1,0
2025-11-18T03:30:00Z,2025-11-17,2025 calibration,0.575448513031006,0.0754485130310059,BUY,-1,0
2025-11-18T04:15:00Z,2025-11-17,2025 calibration,0.573521196842194,0.0735211968421936,BUY,-1,0
2025-11-18T06:00:00Z,2025-11-18,2025 calibration,0.575576543807983,0.0755765438079834,BUY,1,1
2025-11-19T05:45:00Z,2025-11-19,2025 calibration,0.576147377490997,0.0761473774909973,BUY,1,1
2025-11-19T14:30:00Z,2025-11-19,2025 calibration,0.565214157104492,0.0652141571044922,BUY,1,1
2025-11-20T09:00:00Z,2025-11-20,2025 calibration,0.564131081104279,0.0641310811042786,BUY,-1,0
2025-11-20T09:30:00Z,2025-11-20,2025 calibration,0.570717871189117,0.0707178711891174,BUY,1,1
2025-11-20T10:45:00Z,2025-11-20,2025 calibration,0.43865093588829,0.0613490641117096,SELL,1,0
2025-11-21T02:15:00Z,2025-11-20,2025 calibration,0.570388495922089,0.0703884959220886,BUY,1,1
2025-11-21T03:00:00Z,2025-11-20,2025 calibration,0.58671236038208,0.0867123603820801,BUY,1,1
2025-11-21T06:30:00Z,2025-11-21,2025 calibration,0.569976508617401,0.0699765086174011,BUY,1,1
2025-11-21T09:45:00Z,2025-11-21,2025 calibration,0.576557815074921,0.0765578150749207,BUY,1,1
2025-11-21T10:00:00Z,2025-11-21,2025 calibration,0.578285157680512,0.0782851576805115,BUY,-1,0
2025-11-21T20:30:00Z,2025-11-21,2025 calibration,0.567046403884888,0.0670464038848877,BUY,1,1
2025-11-24T02:45:00Z,2025-11-23,2025 calibration,0.438347458839417,0.0616525411605835,SELL,1,0
2025-11-24T03:00:00Z,2025-11-23,2025 calibration,0.427196085453033,0.0728039145469666,SELL,-1,1
2025-11-24T04:15:00Z,2025-11-23,2025 calibration,0.566809713840485,0.0668097138404846,BUY,-1,0
2025-11-24T06:15:00Z,2025-11-24,2025 calibration,0.569977104663849,0.0699771046638489,BUY,1,1
2025-11-24T06:45:00Z,2025-11-24,2025 calibration,0.565082907676697,0.0650829076766968,BUY,1,1
2025-11-24T19:45:00Z,2025-11-24,2025 calibration,0.564580023288727,0.0645800232887268,BUY,-1,0
2025-11-25T00:15:00Z,2025-11-24,2025 calibration,0.562035977840424,0.0620359778404236,BUY,-1,0
2025-11-25T00:30:00Z,2025-11-24,2025 calibration,0.581944584846497,0.0819445848464966,BUY,1,1
2025-11-25T07:45:00Z,2025-11-25,2025 calibration,0.434058129787445,0.0659418702125549,SELL,-1,1
2025-11-25T09:30:00Z,2025-11-25,2025 calibration,0.57477605342865,0.0747760534286499,BUY,1,1
2025-11-26T01:45:00Z,2025-11-25,2025 calibration,0.436650305986404,0.0633496940135956,SELL,-1,1
2025-11-26T04:30:00Z,2025-11-25,2025 calibration,0.566946029663086,0.0669460296630859,BUY,-1,0
2025-11-26T09:00:00Z,2025-11-26,2025 calibration,0.579422175884247,0.0794221758842468,BUY,-1,0
2025-11-26T12:15:00Z,2025-11-26,2025 calibration,0.562438726425171,0.0624387264251709,BUY,-1,0
2025-11-26T18:45:00Z,2025-11-26,2025 calibration,0.570694506168366,0.0706945061683655,BUY,1,1
2025-11-26T21:00:00Z,2025-11-26,2025 calibration,0.583240866661072,0.0832408666610718,BUY,1,1
2025-11-27T03:00:00Z,2025-11-26,2025 calibration,0.562351286411285,0.0623512864112854,BUY,-1,0
2025-11-27T03:30:00Z,2025-11-26,2025 calibration,0.563646018505096,0.0636460185050964,BUY,1,1
2025-11-27T06:15:00Z,2025-11-27,2025 calibration,0.580561399459839,0.0805613994598389,BUY,-1,0
2025-11-27T09:00:00Z,2025-11-27,2025 calibration,0.576744437217712,0.0767444372177124,BUY,1,1
2025-11-27T12:00:00Z,2025-11-27,2025 calibration,0.564094603061676,0.064094603061676,BUY,1,1
2025-12-01T00:45:00Z,2025-11-30,2025 calibration,0.565539598464966,0.0655395984649658,BUY,-1,0
2025-12-01T03:15:00Z,2025-11-30,2025 calibration,0.577211260795593,0.0772112607955933,BUY,0,0
2025-12-01T11:45:00Z,2025-12-01,2025 calibration,0.561081171035767,0.0610811710357666,BUY,1,1
2025-12-01T14:15:00Z,2025-12-01,2025 calibration,0.435944586992264,0.0640554130077362,SELL,-1,1
2025-12-02T10:45:00Z,2025-12-02,2025 calibration,0.437886893749237,0.0621131062507629,SELL,1,0
2025-12-02T18:00:00Z,2025-12-02,2025 calibration,0.565041601657867,0.0650416016578674,BUY,1,1
2025-12-02T21:45:00Z,2025-12-02,2025 calibration,0.582340180873871,0.0823401808738709,BUY,1,1
2025-12-03T00:30:00Z,2025-12-02,2025 calibration,0.581431388854981,0.0814313888549805,BUY,1,1
2025-12-03T07:45:00Z,2025-12-03,2025 calibration,0.576474606990814,0.0764746069908142,BUY,1,1
2025-12-03T21:30:00Z,2025-12-03,2025 calibration,0.565266609191895,0.0652666091918945,BUY,1,1
2025-12-04T02:15:00Z,2025-12-03,2025 calibration,0.58284991979599,0.08284991979599,BUY,1,1
2025-12-04T13:15:00Z,2025-12-04,2025 calibration,0.575096428394318,0.0750964283943176,BUY,1,1
2025-12-05T16:15:00Z,2025-12-05,2025 calibration,0.565109133720398,0.065109133720398,BUY,1,1
2025-12-08T03:00:00Z,2025-12-07,2025 calibration,0.429521262645721,0.0704787373542786,SELL,1,0
2025-12-08T04:15:00Z,2025-12-07,2025 calibration,0.43157172203064,0.0684282779693604,SELL,1,0
2025-12-08T07:00:00Z,2025-12-08,2025 calibration,0.565612971782684,0.0656129717826843,BUY,-1,0
2025-12-09T01:30:00Z,2025-12-08,2025 calibration,0.581744492053986,0.0817444920539856,BUY,-1,0
2025-12-09T06:45:00Z,2025-12-09,2025 calibration,0.434903115034103,0.0650968849658966,SELL,-1,1
2025-12-09T19:45:00Z,2025-12-09,2025 calibration,0.568793058395386,0.0687930583953857,BUY,1,1
2025-12-10T01:00:00Z,2025-12-09,2025 calibration,0.564891993999481,0.0648919939994812,BUY,1,1
2025-12-10T10:30:00Z,2025-12-10,2025 calibration,0.573115885257721,0.073115885257721,BUY,1,1
2025-12-11T02:30:00Z,2025-12-10,2025 calibration,0.565218329429627,0.0652183294296265,BUY,-1,0
2025-12-11T05:30:00Z,2025-12-11,2025 calibration,0.561717331409454,0.0617173314094544,BUY,1,1
2025-12-11T06:30:00Z,2025-12-11,2025 calibration,0.581495821475983,0.0814958214759827,BUY,1,1
2025-12-12T02:45:00Z,2025-12-11,2025 calibration,0.43175545334816,0.0682445466518402,SELL,-1,1
2025-12-12T09:30:00Z,2025-12-12,2025 calibration,0.575489044189453,0.0754890441894531,BUY,-1,0
2025-12-12T09:45:00Z,2025-12-12,2025 calibration,0.565336525440216,0.0653365254402161,BUY,1,1
2025-12-12T12:45:00Z,2025-12-12,2025 calibration,0.564803719520569,0.0648037195205689,BUY,1,1
2025-12-15T04:15:00Z,2025-12-14,2025 calibration,0.586722731590271,0.086722731590271,BUY,-1,0
2025-12-15T07:30:00Z,2025-12-15,2025 calibration,0.561695754528046,0.0616957545280457,BUY,1,1
2025-12-16T00:15:00Z,2025-12-15,2025 calibration,0.575223624706268,0.0752236247062683,BUY,1,1
2025-12-16T01:00:00Z,2025-12-15,2025 calibration,0.561888217926025,0.0618882179260254,BUY,1,1
2025-12-16T01:45:00Z,2025-12-15,2025 calibration,0.561459720134735,0.0614597201347351,BUY,1,1
2025-12-16T07:45:00Z,2025-12-16,2025 calibration,0.579802811145783,0.0798028111457825,BUY,1,1
2025-12-16T09:15:00Z,2025-12-16,2025 calibration,0.43866240978241,0.0613375902175903,SELL,-1,1
2025-12-16T10:45:00Z,2025-12-16,2025 calibration,0.437656790018082,0.0623432099819183,SELL,-1,1
2025-12-16T18:00:00Z,2025-12-16,2025 calibration,0.563405394554138,0.0634053945541382,BUY,-1,0
2025-12-17T04:00:00Z,2025-12-16,2025 calibration,0.56761234998703,0.06761234998703,BUY,1,1
2025-12-17T05:00:00Z,2025-12-17,2025 calibration,0.564069747924805,0.0640697479248047,BUY,1,1
2025-12-17T06:15:00Z,2025-12-17,2025 calibration,0.428782671689987,0.0712173283100128,SELL,-1,1
2025-12-17T13:00:00Z,2025-12-17,2025 calibration,0.561458706855774,0.0614587068557739,BUY,1,1
2025-12-17T13:15:00Z,2025-12-17,2025 calibration,0.581988990306854,0.0819889903068543,BUY,-1,0
2025-12-17T14:15:00Z,2025-12-17,2025 calibration,0.572193205356598,0.0721932053565979,BUY,1,1
2025-12-17T14:30:00Z,2025-12-17,2025 calibration,0.570012271404266,0.0700122714042664,BUY,-1,0
2025-12-17T16:15:00Z,2025-12-17,2025 calibration,0.565382361412048,0.0653823614120483,BUY,1,1
2025-12-18T03:15:00Z,2025-12-17,2025 calibration,0.586964547634125,0.0869645476341248,BUY,-1,0
2025-12-18T03:45:00Z,2025-12-17,2025 calibration,0.560538113117218,0.060538113117218,BUY,1,1
2025-12-18T21:45:00Z,2025-12-18,2025 calibration,0.591340482234955,0.0913404822349548,BUY,1,1
2025-12-19T03:00:00Z,2025-12-18,2025 calibration,0.562563478946686,0.0625634789466858,BUY,-1,0
2025-12-19T13:00:00Z,2025-12-19,2025 calibration,0.567265868186951,0.0672658681869507,BUY,1,1
2025-12-19T18:45:00Z,2025-12-19,2025 calibration,0.562851548194885,0.0628515481948853,BUY,1,1
2025-12-19T20:45:00Z,2025-12-19,2025 calibration,0.571290016174316,0.0712900161743164,BUY,1,1
2025-12-22T03:30:00Z,2025-12-21,2025 calibration,0.565093398094177,0.0650933980941773,BUY,1,1
2025-12-22T05:15:00Z,2025-12-22,2025 calibration,0.579847395420075,0.0798473954200745,BUY,-1,0
2025-12-23T04:30:00Z,2025-12-22,2025 calibration,0.565968632698059,0.0659686326980591,BUY,-1,0
2025-12-23T04:45:00Z,2025-12-22,2025 calibration,0.567150175571442,0.0671501755714417,BUY,-1,0
2025-12-23T06:00:00Z,2025-12-23,2025 calibration,0.588811576366425,0.0888115763664246,BUY,1,1
2025-12-23T06:15:00Z,2025-12-23,2025 calibration,0.563476741313934,0.0634767413139343,BUY,-1,0
2025-12-23T06:30:00Z,2025-12-23,2025 calibration,0.572580754756928,0.0725807547569275,BUY,1,1
2025-12-23T11:15:00Z,2025-12-23,2025 calibration,0.569879472255707,0.0698794722557068,BUY,1,1
2025-12-23T12:30:00Z,2025-12-23,2025 calibration,0.565971910953522,0.0659719109535217,BUY,1,1
2025-12-24T05:45:00Z,2025-12-24,2025 calibration,0.433623760938644,0.0663762390613556,SELL,-1,1
2025-12-24T09:15:00Z,2025-12-24,2025 calibration,0.43654015660286,0.0634598433971405,SELL,1,0
2025-12-26T03:45:00Z,2025-12-25,2025 calibration,0.569069564342499,0.0690695643424988,BUY,1,1
2025-12-26T10:15:00Z,2025-12-26,2025 calibration,0.437380582094193,0.0626194179058075,SELL,1,0
2025-12-29T01:30:00Z,2025-12-28,2025 calibration,0.561221957206726,0.0612219572067261,BUY,-1,0
2025-12-29T01:45:00Z,2025-12-28,2025 calibration,0.565553069114685,0.0655530691146851,BUY,1,1
2025-12-29T04:45:00Z,2025-12-28,2025 calibration,0.435780256986618,0.064219743013382,SELL,-1,1
2025-12-29T05:15:00Z,2025-12-29,2025 calibration,0.579724371433258,0.0797243714332581,BUY,-1,0
2025-12-29T06:00:00Z,2025-12-29,2025 calibration,0.579553961753845,0.0795539617538452,BUY,0,0
2025-12-29T07:15:00Z,2025-12-29,2025 calibration,0.569948017597199,0.0699480175971985,BUY,-1,0
2025-12-29T12:45:00Z,2025-12-29,2025 calibration,0.560790777206421,0.0607907772064209,BUY,1,1
2025-12-30T02:30:00Z,2025-12-29,2025 calibration,0.565216660499573,0.0652166604995728,BUY,1,1
2025-12-30T05:15:00Z,2025-12-30,2025 calibration,0.574121594429016,0.0741215944290161,BUY,-1,0
2025-12-30T06:30:00Z,2025-12-30,2025 calibration,0.583157479763031,0.083157479763031,BUY,1,1
2025-12-30T07:15:00Z,2025-12-30,2025 calibration,0.564781963825226,0.0647819638252258,BUY,-1,0
2025-12-30T14:30:00Z,2025-12-30,2025 calibration,0.567184746265411,0.0671847462654114,BUY,-1,0
2025-12-30T17:00:00Z,2025-12-30,2025 calibration,0.561322808265686,0.061322808265686,BUY,1,1
2025-12-30T21:00:00Z,2025-12-30,2025 calibration,0.571311712265015,0.0713117122650147,BUY,-1,0
2025-12-31T01:00:00Z,2025-12-30,2025 calibration,0.571394562721252,0.0713945627212524,BUY,-1,0
2025-12-31T03:30:00Z,2025-12-30,2025 calibration,0.573028683662415,0.0730286836624146,BUY,-1,0
2025-12-31T05:15:00Z,2025-12-31,2025 calibration,0.570687174797058,0.0706871747970581,BUY,-1,0
2025-12-31T06:00:00Z,2025-12-31,2025 calibration,0.567221283912659,0.0672212839126587,BUY,1,1
2025-12-31T08:30:00Z,2025-12-31,2025 calibration,0.568587779998779,0.0685877799987793,BUY,-1,0
2025-12-31T13:45:00Z,2025-12-31,2025 calibration,0.434558868408203,0.0654411315917969,SELL,1,0
2025-12-31T14:30:00Z,2025-12-31,2025 calibration,0.560588777065277,0.0605887770652771,BUY,-1,0
2025-12-31T21:00:00Z,2025-12-31,2025 calibration,0.563783705234528,0.0637837052345276,BUY,-1,0
2026-01-05T03:45:00Z,2026-01-04,2026 through Mar13,0.561642289161682,0.0616422891616821,BUY,-1,0
2026-01-05T04:45:00Z,2026-01-04,2026 through Mar13,0.432846486568451,0.0671535134315491,SELL,1,0
2026-01-05T06:30:00Z,2026-01-05,2026 through Mar13,0.581266343593597,0.0812663435935974,BUY,1,1
2026-01-05T17:00:00Z,2026-01-05,2026 through Mar13,0.561811029911041,0.0618110299110413,BUY,1,1
2026-01-05T19:30:00Z,2026-01-05,2026 through Mar13,0.564725399017334,0.064725399017334,BUY,-1,0
2026-01-06T00:15:00Z,2026-01-05,2026 through Mar13,0.577821910381317,0.0778219103813171,BUY,1,1
2026-01-06T08:15:00Z,2026-01-06,2026 through Mar13,0.5725137591362,0.0725137591362,BUY,-1,0
2026-01-06T08:30:00Z,2026-01-06,2026 through Mar13,0.566870093345642,0.0668700933456421,BUY,-1,0
2026-01-06T15:45:00Z,2026-01-06,2026 through Mar13,0.563422441482544,0.063422441482544,BUY,1,1
2026-01-06T16:00:00Z,2026-01-06,2026 through Mar13,0.567817091941834,0.0678170919418335,BUY,-1,0
2026-01-06T16:45:00Z,2026-01-06,2026 through Mar13,0.560836732387543,0.0608367323875427,BUY,1,1
2026-01-06T20:00:00Z,2026-01-06,2026 through Mar13,0.563066899776459,0.0630668997764587,BUY,-1,0
2026-01-06T21:00:00Z,2026-01-06,2026 through Mar13,0.574202597141266,0.0742025971412659,BUY,1,1
2026-01-07T02:30:00Z,2026-01-06,2026 through Mar13,0.586322605609894,0.0863226056098938,BUY,-1,0
2026-01-07T04:00:00Z,2026-01-06,2026 through Mar13,0.590754926204681,0.0907549262046814,BUY,-1,0
2026-01-07T04:30:00Z,2026-01-06,2026 through Mar13,0.592741787433624,0.0927417874336243,BUY,1,1
2026-01-07T06:30:00Z,2026-01-07,2026 through Mar13,0.562586843967438,0.0625868439674377,BUY,-1,0
2026-01-07T07:00:00Z,2026-01-07,2026 through Mar13,0.569711208343506,0.0697112083435059,BUY,1,1
2026-01-07T09:00:00Z,2026-01-07,2026 through Mar13,0.577349364757538,0.0773493647575378,BUY,-1,0
2026-01-07T10:30:00Z,2026-01-07,2026 through Mar13,0.562721192836762,0.0627211928367615,BUY,1,1
2026-01-07T20:00:00Z,2026-01-07,2026 through Mar13,0.571774840354919,0.0717748403549194,BUY,1,1
2026-01-07T20:15:00Z,2026-01-07,2026 through Mar13,0.560925126075745,0.0609251260757446,BUY,1,1
2026-01-08T02:45:00Z,2026-01-07,2026 through Mar13,0.575486183166504,0.0754861831665039,BUY,-1,0
2026-01-08T03:45:00Z,2026-01-07,2026 through Mar13,0.563091397285461,0.0630913972854614,BUY,1,1
2026-01-08T05:15:00Z,2026-01-08,2026 through Mar13,0.58734530210495,0.08734530210495,BUY,1,1
2026-01-08T05:45:00Z,2026-01-08,2026 through Mar13,0.569864630699158,0.0698646306991577,BUY,1,1
2026-01-08T06:00:00Z,2026-01-08,2026 through Mar13,0.603082776069641,0.103082776069641,BUY,-1,0
2026-01-08T06:15:00Z,2026-01-08,2026 through Mar13,0.570504188537598,0.0705041885375977,BUY,-1,0
2026-01-08T06:30:00Z,2026-01-08,2026 through Mar13,0.560575127601624,0.0605751276016235,BUY,1,1
2026-01-09T21:00:00Z,2026-01-09,2026 through Mar13,0.571411550045013,0.0714115500450134,BUY,1,1
2026-01-12T00:15:00Z,2026-01-11,2026 through Mar13,0.567376017570496,0.0673760175704956,BUY,1,1
2026-01-12T02:15:00Z,2026-01-11,2026 through Mar13,0.562874495983124,0.0628744959831238,BUY,-1,0
2026-01-12T05:15:00Z,2026-01-12,2026 through Mar13,0.56110155582428,0.0611015558242798,BUY,1,1
2026-01-12T05:45:00Z,2026-01-12,2026 through Mar13,0.560698330402374,0.0606983304023743,BUY,1,1
2026-01-12T08:15:00Z,2026-01-12,2026 through Mar13,0.562698721885681,0.0626987218856812,BUY,-1,0
2026-01-12T21:00:00Z,2026-01-12,2026 through Mar13,0.575991034507752,0.0759910345077515,BUY,1,1
2026-01-13T05:30:00Z,2026-01-13,2026 through Mar13,0.432189285755157,0.0678107142448425,SELL,-1,1
2026-01-13T10:15:00Z,2026-01-13,2026 through Mar13,0.571925938129425,0.0719259381294251,BUY,1,1
2026-01-13T17:45:00Z,2026-01-13,2026 through Mar13,0.567468166351318,0.0674681663513184,BUY,-1,0
2026-01-14T04:15:00Z,2026-01-13,2026 through Mar13,0.584202647209168,0.0842026472091675,BUY,1,1
2026-01-14T04:45:00Z,2026-01-13,2026 through Mar13,0.585373818874359,0.0853738188743591,BUY,-1,0
2026-01-14T10:15:00Z,2026-01-14,2026 through Mar13,0.565469801425934,0.0654698014259338,BUY,-1,0
2026-01-14T10:30:00Z,2026-01-14,2026 through Mar13,0.569863021373749,0.0698630213737488,BUY,-1,0
2026-01-14T13:45:00Z,2026-01-14,2026 through Mar13,0.562845468521118,0.0628454685211182,BUY,1,1
2026-01-15T03:30:00Z,2026-01-14,2026 through Mar13,0.58241480588913,0.0824148058891296,BUY,1,1
2026-01-15T04:00:00Z,2026-01-14,2026 through Mar13,0.565602481365204,0.0656024813652039,BUY,-1,0
2026-01-15T06:45:00Z,2026-01-15,2026 through Mar13,0.435594528913498,0.0644054710865021,SELL,-1,1
2026-01-15T17:30:00Z,2026-01-15,2026 through Mar13,0.572620570659638,0.0726205706596375,BUY,-1,0
2026-01-16T10:00:00Z,2026-01-16,2026 through Mar13,0.568382263183594,0.0683822631835938,BUY,1,1
2026-01-16T12:00:00Z,2026-01-16,2026 through Mar13,0.569731712341309,0.0697317123413086,BUY,1,1
2026-01-16T18:00:00Z,2026-01-16,2026 through Mar13,0.569608390331268,0.0696083903312683,BUY,1,1
2026-01-19T00:30:00Z,2026-01-18,2026 through Mar13,0.565903127193451,0.0659031271934509,BUY,1,1
2026-01-19T03:30:00Z,2026-01-18,2026 through Mar13,0.560977458953857,0.0609774589538574,BUY,-1,0
2026-01-19T07:30:00Z,2026-01-19,2026 through Mar13,0.563146233558655,0.0631462335586548,BUY,-1,0
2026-01-19T07:45:00Z,2026-01-19,2026 through Mar13,0.578445851802826,0.0784458518028259,BUY,1,1
2026-01-19T12:45:00Z,2026-01-19,2026 through Mar13,0.437442541122437,0.0625574588775635,SELL,-1,1
2026-01-20T01:00:00Z,2026-01-19,2026 through Mar13,0.562124669551849,0.0621246695518494,BUY,1,1
2026-01-20T04:45:00Z,2026-01-19,2026 through Mar13,0.571441650390625,0.071441650390625,BUY,1,1
2026-01-20T06:30:00Z,2026-01-20,2026 through Mar13,0.56113737821579,0.0611373782157898,BUY,-1,0
2026-01-20T07:45:00Z,2026-01-20,2026 through Mar13,0.560910642147064,0.0609106421470642,BUY,1,1
2026-01-21T02:30:00Z,2026-01-20,2026 through Mar13,0.573646545410156,0.0736465454101563,BUY,-1,0
2026-01-21T03:45:00Z,2026-01-20,2026 through Mar13,0.560594141483307,0.0605941414833069,BUY,-1,0
2026-01-21T07:00:00Z,2026-01-21,2026 through Mar13,0.560899376869202,0.0608993768692017,BUY,1,1
2026-01-21T08:15:00Z,2026-01-21,2026 through Mar13,0.561753451824188,0.0617534518241882,BUY,1,1
2026-01-21T09:00:00Z,2026-01-21,2026 through Mar13,0.562322676181793,0.0623226761817932,BUY,1,1
2026-01-21T10:00:00Z,2026-01-21,2026 through Mar13,0.576185941696167,0.076185941696167,BUY,1,1
2026-01-21T11:15:00Z,2026-01-21,2026 through Mar13,0.572954475879669,0.0729544758796692,BUY,1,1
2026-01-21T12:00:00Z,2026-01-21,2026 through Mar13,0.573008120059967,0.073008120059967,BUY,1,1
2026-01-22T05:45:00Z,2026-01-22,2026 through Mar13,0.568274974822998,0.0682749748229981,BUY,-1,0
2026-01-22T06:15:00Z,2026-01-22,2026 through Mar13,0.578750669956207,0.0787506699562073,BUY,1,1
2026-01-22T08:00:00Z,2026-01-22,2026 through Mar13,0.435473084449768,0.0645269155502319,SELL,1,0
2026-01-22T20:30:00Z,2026-01-22,2026 through Mar13,0.569527268409729,0.069527268409729,BUY,-1,0
2026-01-23T08:15:00Z,2026-01-23,2026 through Mar13,0.579681813716888,0.0796818137168884,BUY,-1,0
2026-01-23T08:30:00Z,2026-01-23,2026 through Mar13,0.569845318794251,0.0698453187942505,BUY,-1,0
2026-01-23T10:15:00Z,2026-01-23,2026 through Mar13,0.567419409751892,0.0674194097518921,BUY,1,1
2026-01-23T13:30:00Z,2026-01-23,2026 through Mar13,0.563667953014374,0.0636679530143738,BUY,1,1
2026-01-23T21:15:00Z,2026-01-23,2026 through Mar13,0.56499195098877,0.0649919509887695,BUY,-1,0
2026-01-26T02:45:00Z,2026-01-25,2026 through Mar13,0.572122871875763,0.0721228718757629,BUY,-1,0
2026-01-26T09:15:00Z,2026-01-26,2026 through Mar13,0.563750624656677,0.0637506246566773,BUY,-1,0
2026-01-26T09:30:00Z,2026-01-26,2026 through Mar13,0.571551501750946,0.071551501750946,BUY,-1,0
2026-01-26T09:45:00Z,2026-01-26,2026 through Mar13,0.57282167673111,0.0728216767311096,BUY,-1,0
2026-01-27T05:45:00Z,2026-01-27,2026 through Mar13,0.42670339345932,0.0732966065406799,SELL,1,0
2026-01-27T12:30:00Z,2026-01-27,2026 through Mar13,0.561094462871552,0.0610944628715515,BUY,1,1
2026-01-27T17:00:00Z,2026-01-27,2026 through Mar13,0.568461954593658,0.0684619545936585,BUY,-1,0
2026-01-28T01:45:00Z,2026-01-27,2026 through Mar13,0.568490147590637,0.0684901475906372,BUY,1,1
2026-01-28T02:30:00Z,2026-01-27,2026 through Mar13,0.562435030937195,0.0624350309371948,BUY,1,1
2026-01-28T03:30:00Z,2026-01-27,2026 through Mar13,0.560994923114777,0.0609949231147766,BUY,1,1
2026-01-28T03:45:00Z,2026-01-27,2026 through Mar13,0.581821918487549,0.0818219184875488,BUY,1,1
2026-01-28T13:15:00Z,2026-01-28,2026 through Mar13,0.563326716423035,0.0633267164230347,BUY,1,1
2026-01-28T15:15:00Z,2026-01-28,2026 through Mar13,0.563952922821045,0.0639529228210449,BUY,1,1
2026-01-28T16:45:00Z,2026-01-28,2026 through Mar13,0.563614964485169,0.0636149644851685,BUY,-1,0
2026-01-29T10:00:00Z,2026-01-29,2026 through Mar13,0.568239033222199,0.0682390332221985,BUY,-1,0
2026-01-29T11:00:00Z,2026-01-29,2026 through Mar13,0.583141624927521,0.0831416249275208,BUY,-1,0
2026-01-29T12:45:00Z,2026-01-29,2026 through Mar13,0.563899040222168,0.063899040222168,BUY,1,1
2026-01-29T14:15:00Z,2026-01-29,2026 through Mar13,0.563446164131165,0.0634461641311646,BUY,1,1
2026-01-29T14:30:00Z,2026-01-29,2026 through Mar13,0.56315940618515,0.0631594061851502,BUY,-1,0
2026-01-30T02:30:00Z,2026-01-29,2026 through Mar13,0.569355964660645,0.0693559646606445,BUY,1,1
2026-01-30T05:45:00Z,2026-01-30,2026 through Mar13,0.564848899841309,0.0648488998413086,BUY,1,1
2026-01-30T06:00:00Z,2026-01-30,2026 through Mar13,0.579806923866272,0.079806923866272,BUY,-1,0
2026-01-30T06:15:00Z,2026-01-30,2026 through Mar13,0.56434953212738,0.0643495321273804,BUY,-1,0
2026-01-30T07:00:00Z,2026-01-30,2026 through Mar13,0.561263203620911,0.0612632036209106,BUY,1,1
2026-01-30T08:00:00Z,2026-01-30,2026 through Mar13,0.561921954154968,0.0619219541549683,BUY,-1,0
2026-02-02T03:15:00Z,2026-02-01,2026 through Mar13,0.581196486949921,0.0811964869499207,BUY,0,0
2026-02-02T03:30:00Z,2026-02-01,2026 through Mar13,0.560919165611267,0.0609191656112671,BUY,-1,0
2026-02-02T06:15:00Z,2026-02-02,2026 through Mar13,0.56755268573761,0.0675526857376099,BUY,-1,0
2026-02-02T10:45:00Z,2026-02-02,2026 through Mar13,0.568127036094666,0.0681270360946655,BUY,1,1
2026-02-03T03:45:00Z,2026-02-02,2026 through Mar13,0.430931359529495,0.0690686404705048,SELL,-1,1
2026-02-03T14:30:00Z,2026-02-03,2026 through Mar13,0.561025977134705,0.0610259771347046,BUY,-1,0
2026-02-04T01:00:00Z,2026-02-03,2026 through Mar13,0.567775666713715,0.0677756667137146,BUY,1,1
2026-02-04T08:30:00Z,2026-02-04,2026 through Mar13,0.564100563526154,0.0641005635261536,BUY,1,1
2026-02-05T02:15:00Z,2026-02-04,2026 through Mar13,0.562794327735901,0.0627943277359009,BUY,1,1
2026-02-05T03:00:00Z,2026-02-04,2026 through Mar13,0.573076367378235,0.0730763673782349,BUY,1,1
2026-02-05T09:00:00Z,2026-02-05,2026 through Mar13,0.578010439872742,0.0780104398727417,BUY,-1,0
2026-02-06T01:45:00Z,2026-02-05,2026 through Mar13,0.438736826181412,0.0612631738185883,SELL,1,0
2026-02-06T02:00:00Z,2026-02-05,2026 through Mar13,0.437911808490753,0.0620881915092468,SELL,1,0
2026-02-06T09:15:00Z,2026-02-06,2026 through Mar13,0.437315791845322,0.0626842081546783,SELL,1,0
2026-02-06T11:00:00Z,2026-02-06,2026 through Mar13,0.430695414543152,0.0693045854568481,SELL,1,0
2026-02-09T09:00:00Z,2026-02-09,2026 through Mar13,0.561593532562256,0.0615935325622559,BUY,1,1
2026-02-09T21:00:00Z,2026-02-09,2026 through Mar13,0.564208149909973,0.0642081499099731,BUY,1,1
2026-02-10T00:15:00Z,2026-02-09,2026 through Mar13,0.563963711261749,0.0639637112617493,BUY,1,1
2026-02-10T08:00:00Z,2026-02-10,2026 through Mar13,0.438311368227005,0.061688631772995,SELL,-1,1
2026-02-10T13:00:00Z,2026-02-10,2026 through Mar13,0.560710072517395,0.060710072517395,BUY,-1,0
2026-02-11T04:30:00Z,2026-02-10,2026 through Mar13,0.587591350078583,0.0875913500785828,BUY,-1,0
2026-02-11T05:30:00Z,2026-02-11,2026 through Mar13,0.562204003334045,0.0622040033340454,BUY,-1,0
2026-02-11T05:45:00Z,2026-02-11,2026 through Mar13,0.580394446849823,0.080394446849823,BUY,0,0
2026-02-11T06:30:00Z,2026-02-11,2026 through Mar13,0.56710022687912,0.0671002268791199,BUY,1,1
2026-02-11T07:15:00Z,2026-02-11,2026 through Mar13,0.579058289527893,0.0790582895278931,BUY,1,1
2026-02-11T08:15:00Z,2026-02-11,2026 through Mar13,0.576185464859009,0.0761854648590088,BUY,-1,0
2026-02-11T10:00:00Z,2026-02-11,2026 through Mar13,0.571522057056427,0.071522057056427,BUY,-1,0
2026-02-11T12:00:00Z,2026-02-11,2026 through Mar13,0.563573122024536,0.0635731220245361,BUY,1,1
2026-02-12T06:45:00Z,2026-02-12,2026 through Mar13,0.565859496593475,0.0658594965934753,BUY,1,1
2026-02-12T13:15:00Z,2026-02-12,2026 through Mar13,0.57832545042038,0.0783254504203796,BUY,1,1
2026-02-13T00:45:00Z,2026-02-12,2026 through Mar13,0.570126473903656,0.070126473903656,BUY,-1,0
2026-02-13T04:00:00Z,2026-02-12,2026 through Mar13,0.565541207790375,0.0655412077903748,BUY,1,1
2026-02-13T04:45:00Z,2026-02-12,2026 through Mar13,0.5613072514534,0.0613072514533997,BUY,-1,0
2026-02-13T05:15:00Z,2026-02-13,2026 through Mar13,0.56637167930603,0.0663716793060303,BUY,-1,0
2026-02-13T05:30:00Z,2026-02-13,2026 through Mar13,0.579445660114288,0.0794456601142883,BUY,1,1
2026-02-13T11:00:00Z,2026-02-13,2026 through Mar13,0.571753919124603,0.0717539191246033,BUY,-1,0
2026-02-13T11:15:00Z,2026-02-13,2026 through Mar13,0.573009073734283,0.0730090737342835,BUY,1,1
2026-02-13T20:15:00Z,2026-02-13,2026 through Mar13,0.562755405902863,0.0627554059028626,BUY,1,1
2026-02-16T03:30:00Z,2026-02-15,2026 through Mar13,0.574950158596039,0.0749501585960388,BUY,-1,0
2026-02-16T05:45:00Z,2026-02-16,2026 through Mar13,0.566368162631989,0.0663681626319885,BUY,1,1
2026-02-16T14:00:00Z,2026-02-16,2026 through Mar13,0.561680674552918,0.0616806745529175,BUY,-1,0
2026-02-16T14:15:00Z,2026-02-16,2026 through Mar13,0.563721477985382,0.0637214779853821,BUY,-1,0
2026-02-17T01:30:00Z,2026-02-16,2026 through Mar13,0.574250102043152,0.0742501020431519,BUY,1,1
2026-02-17T02:00:00Z,2026-02-16,2026 through Mar13,0.563881576061249,0.0638815760612488,BUY,-1,0
2026-02-17T05:15:00Z,2026-02-17,2026 through Mar13,0.577779412269592,0.0777794122695923,BUY,-1,0
2026-02-17T07:15:00Z,2026-02-17,2026 through Mar13,0.562872588634491,0.062872588634491,BUY,1,1
2026-02-17T07:30:00Z,2026-02-17,2026 through Mar13,0.564687609672546,0.0646876096725464,BUY,1,1
2026-02-18T14:30:00Z,2026-02-18,2026 through Mar13,0.572493433952332,0.0724934339523315,BUY,-1,0
2026-02-18T17:00:00Z,2026-02-18,2026 through Mar13,0.566456496715546,0.0664564967155457,BUY,1,1
2026-02-19T00:30:00Z,2026-02-18,2026 through Mar13,0.56999009847641,0.0699900984764099,BUY,1,1
2026-02-19T04:30:00Z,2026-02-18,2026 through Mar13,0.572106420993805,0.0721064209938049,BUY,1,1
2026-02-19T05:00:00Z,2026-02-19,2026 through Mar13,0.563908278942108,0.0639082789421082,BUY,-1,0
2026-02-19T08:45:00Z,2026-02-19,2026 through Mar13,0.565980315208435,0.0659803152084351,BUY,-1,0
2026-02-19T09:45:00Z,2026-02-19,2026 through Mar13,0.565957069396973,0.0659570693969727,BUY,-1,0
2026-02-19T10:15:00Z,2026-02-19,2026 through Mar13,0.570509910583496,0.0705099105834961,BUY,-1,0
2026-02-19T21:45:00Z,2026-02-19,2026 through Mar13,0.567524194717407,0.0675241947174072,BUY,1,1
2026-02-20T04:15:00Z,2026-02-19,2026 through Mar13,0.439415007829666,0.0605849921703339,SELL,-1,1
2026-02-20T05:30:00Z,2026-02-20,2026 through Mar13,0.439381659030914,0.0606183409690857,SELL,1,0
2026-02-20T06:15:00Z,2026-02-20,2026 through Mar13,0.424472868442535,0.0755271315574646,SELL,-1,1
2026-02-20T11:00:00Z,2026-02-20,2026 through Mar13,0.570998311042786,0.0709983110427856,BUY,-1,0
2026-02-23T02:15:00Z,2026-02-22,2026 through Mar13,0.566324651241303,0.0663246512413025,BUY,1,1
2026-02-23T06:15:00Z,2026-02-23,2026 through Mar13,0.422870069742203,0.0771299302577972,SELL,-1,1
2026-02-23T14:15:00Z,2026-02-23,2026 through Mar13,0.438304632902145,0.0616953670978546,SELL,-1,1
2026-02-24T07:45:00Z,2026-02-24,2026 through Mar13,0.561581313610077,0.0615813136100769,BUY,1,1
2026-02-24T11:15:00Z,2026-02-24,2026 through Mar13,0.56096875667572,0.0609687566757202,BUY,-1,0
2026-02-24T14:30:00Z,2026-02-24,2026 through Mar13,0.572655379772186,0.0726553797721863,BUY,-1,0
2026-02-25T03:15:00Z,2026-02-24,2026 through Mar13,0.563705384731293,0.0637053847312927,BUY,-1,0
2026-02-25T04:15:00Z,2026-02-24,2026 through Mar13,0.562809824943543,0.0628098249435425,BUY,-1,0
2026-02-25T17:30:00Z,2026-02-25,2026 through Mar13,0.573968946933746,0.0739689469337463,BUY,1,1
2026-02-26T01:30:00Z,2026-02-25,2026 through Mar13,0.589608252048492,0.0896082520484924,BUY,1,1
2026-02-26T02:15:00Z,2026-02-25,2026 through Mar13,0.564380407333374,0.064380407333374,BUY,1,1
2026-02-26T04:00:00Z,2026-02-25,2026 through Mar13,0.563601136207581,0.0636011362075806,BUY,-1,0
2026-02-26T06:15:00Z,2026-02-26,2026 through Mar13,0.435476571321487,0.0645234286785126,SELL,-1,1
2026-02-26T14:30:00Z,2026-02-26,2026 through Mar13,0.56257438659668,0.0625743865966797,BUY,-1,0
2026-02-27T00:45:00Z,2026-02-26,2026 through Mar13,0.582004547119141,0.0820045471191406,BUY,1,1
2026-02-27T06:15:00Z,2026-02-27,2026 through Mar13,0.59388655424118,0.0938865542411804,BUY,-1,0
2026-02-27T09:45:00Z,2026-02-27,2026 through Mar13,0.573437631130219,0.0734376311302185,BUY,1,1
2026-02-27T11:45:00Z,2026-02-27,2026 through Mar13,0.564422249794006,0.0644222497940064,BUY,1,1
2026-02-27T12:45:00Z,2026-02-27,2026 through Mar13,0.572870194911957,0.0728701949119568,BUY,1,1
2026-03-02T02:30:00Z,2026-03-01,2026 through Mar13,0.564281582832336,0.0642815828323364,BUY,1,1
2026-03-02T05:00:00Z,2026-03-02,2026 through Mar13,0.569865942001343,0.0698659420013428,BUY,-1,0
2026-03-02T06:45:00Z,2026-03-02,2026 through Mar13,0.565530359745026,0.0655303597450256,BUY,-1,0
2026-03-04T06:15:00Z,2026-03-04,2026 through Mar13,0.574524641036987,0.0745246410369873,BUY,-1,0
2026-03-04T17:30:00Z,2026-03-04,2026 through Mar13,0.566184163093567,0.0661841630935669,BUY,1,1
2026-03-04T20:15:00Z,2026-03-04,2026 through Mar13,0.574017584323883,0.0740175843238831,BUY,-1,0
2026-03-04T21:00:00Z,2026-03-04,2026 through Mar13,0.561376333236694,0.0613763332366943,BUY,1,1
2026-03-05T01:30:00Z,2026-03-04,2026 through Mar13,0.580023586750031,0.0800235867500305,BUY,1,1
2026-03-05T01:45:00Z,2026-03-04,2026 through Mar13,0.582436740398407,0.082436740398407,BUY,-1,0
2026-03-05T03:30:00Z,2026-03-04,2026 through Mar13,0.565111577510834,0.0651115775108337,BUY,-1,0
2026-03-05T05:45:00Z,2026-03-05,2026 through Mar13,0.561194837093353,0.0611948370933533,BUY,1,1
2026-03-05T06:00:00Z,2026-03-05,2026 through Mar13,0.580846071243286,0.0808460712432861,BUY,-1,0
2026-03-05T06:15:00Z,2026-03-05,2026 through Mar13,0.572847664356232,0.0728476643562317,BUY,1,1
2026-03-05T07:00:00Z,2026-03-05,2026 through Mar13,0.426307588815689,0.0736924111843109,SELL,-1,1
2026-03-06T04:00:00Z,2026-03-05,2026 through Mar13,0.438558906316757,0.0614410936832428,SELL,-1,1
2026-03-06T09:30:00Z,2026-03-06,2026 through Mar13,0.566177248954773,0.066177248954773,BUY,-1,0
2026-03-09T02:00:00Z,2026-03-08,2026 through Mar13,0.562967598438263,0.0629675984382629,BUY,1,1
2026-03-09T12:45:00Z,2026-03-09,2026 through Mar13,0.561414778232575,0.0614147782325745,BUY,-1,0
2026-03-09T23:45:00Z,2026-03-09,2026 through Mar13,0.563044369220734,0.0630443692207336,BUY,-1,0
2026-03-10T03:45:00Z,2026-03-09,2026 through Mar13,0.564641118049622,0.0646411180496216,BUY,1,1
2026-03-10T08:00:00Z,2026-03-10,2026 through Mar13,0.438564270734787,0.061435729265213,SELL,1,0
2026-03-11T05:00:00Z,2026-03-11,2026 through Mar13,0.573553025722504,0.0735530257225037,BUY,-1,0
2026-03-11T05:15:00Z,2026-03-11,2026 through Mar13,0.564987301826477,0.0649873018264771,BUY,1,1
2026-03-11T05:45:00Z,2026-03-11,2026 through Mar13,0.580554127693176,0.0805541276931763,BUY,-1,0
2026-03-11T07:30:00Z,2026-03-11,2026 through Mar13,0.563590168952942,0.0635901689529419,BUY,-1,0
2026-03-11T10:00:00Z,2026-03-11,2026 through Mar13,0.56459653377533,0.0645965337753296,BUY,1,1
2026-03-11T23:30:00Z,2026-03-11,2026 through Mar13,0.574483275413513,0.0744832754135132,BUY,-1,0
2026-03-11T23:45:00Z,2026-03-11,2026 through Mar13,0.584017813205719,0.084017813205719,BUY,1,1
2026-03-12T00:15:00Z,2026-03-11,2026 through Mar13,0.56188440322876,0.0618844032287598,BUY,1,1
2026-03-12T02:15:00Z,2026-03-11,2026 through Mar13,0.574196577072144,0.0741965770721436,BUY,-1,0
2026-03-12T02:30:00Z,2026-03-11,2026 through Mar13,0.578336834907532,0.0783368349075317,BUY,-1,0
2026-03-12T03:30:00Z,2026-03-11,2026 through Mar13,0.577965676784515,0.0779656767845154,BUY,-1,0
2026-03-12T04:45:00Z,2026-03-12,2026 through Mar13,0.568528413772583,0.068528413772583,BUY,1,1
2026-03-12T08:00:00Z,2026-03-12,2026 through Mar13,0.439123600721359,0.0608763992786408,SELL,1,0
2026-03-13T00:00:00Z,2026-03-12,2026 through Mar13,0.568192780017853,0.0681927800178528,BUY,-1,0
2026-03-13T02:45:00Z,2026-03-12,2026 through Mar13,0.572832405567169,0.0728324055671692,BUY,-1,0
2026-03-13T03:15:00Z,2026-03-12,2026 through Mar13,0.578238666057587,0.0782386660575867,BUY,1,1
2026-03-13T04:30:00Z,2026-03-13,2026 through Mar13,0.563771843910217,0.0637718439102173,BUY,-1,0
2026-03-13T05:15:00Z,2026-03-13,2026 through Mar13,0.568040788173676,0.0680407881736755,BUY,1,1
2026-03-13T06:45:00Z,2026-03-13,2026 through Mar13,0.568207144737244,0.0682071447372437,BUY,-1,0
2026-03-13T07:15:00Z,2026-03-13,2026 through Mar13,0.5656658411026,0.0656658411026001,BUY,-1,0
