year,horizon_min,model,tau,n,wins,base_wins_selected,coverage,win_rate,selected_baseline_win_rate,full_n,full_model_wins,full_base_wins,full_model_win_rate,full_baseline_win_rate,selection_gain_vs_full_baseline,selected_directional_edge,n_long,long_wins,long_win_rate,n_short,short_wins,short_win_rate,mean_p_up,mean_confidence
2017,1,Calendar-only,0,7576,3861,3859,1,0.509635691657867,0.509371700105597,7576,3861,3859,0.509635691657867,0.509371700105597,0.000263991552270304,0.000263991552270304,4320,2232,0.516666666666667,3256,1629,0.500307125307125,0.503606889491107,0.0186199978819803
2017,1,Calendar-only,0.025,2155,1116,1125,0.284450897571278,0.517865429234339,0.522041763341067,7576,3861,3859,0.509635691657867,0.509371700105597,0.00849372912874213,-0.00417633410672857,1286,686,0.53343701399689,869,430,0.49482163406214,0.510450212972838,0.0391041269757395
2017,1,Calendar-only,0.05,375,230,216,0.0494984160506864,0.613333333333333,0.576,7576,3861,3859,0.509635691657867,0.509371700105597,0.103961633227737,0.0373333333333333,285,178,0.624561403508772,90,52,0.577777777777778,0.536364623511958,0.0643064619015337
2017,1,Calendar-only,0.075,89,66,66,0.0117476240760296,0.741573033707865,0.741573033707865,7576,3861,3859,0.509635691657867,0.509371700105597,0.232201333602269,0,89,66,0.741573033707865,0,0,,0.58106497336647,0.0810649733664697
2017,1,Market-state,0,7576,3995,3859,1,0.527323125659979,0.509371700105597,7576,3995,3859,0.527323125659979,0.509371700105597,0.0179514255543822,0.0179514255543822,4918,2598,0.528263521756812,2658,1397,0.525583145221971,0.506232033856586,0.013615123649512
2017,1,Market-state,0.025,1050,571,586,0.138595564941922,0.543809523809524,0.558095238095238,7576,3995,3859,0.527323125659979,0.509371700105597,0.0344378237039272,-0.0142857142857142,829,468,0.56453558504222,221,103,0.46606334841629,0.524932433781524,0.0412336614555744
2017,1,Market-state,0.05,219,125,127,0.0289070749736008,0.570776255707763,0.579908675799087,7576,3995,3859,0.527323125659979,0.509371700105597,0.061404555602166,-0.0091324200913242,185,109,0.589189189189189,34,16,0.470588235294118,0.548235470549692,0.0694244346037344
2017,1,Market-state,0.075,63,34,33,0.00831573389651531,0.53968253968254,0.523809523809524,7576,3995,3859,0.527323125659979,0.509371700105597,0.030310839576943,0.0158730158730158,52,28,0.538461538461538,11,6,0.545454545454545,0.562675773265918,0.0933379623843238
2017,1,Market-state,0.1,11,4,5,0.0014519535374868,0.363636363636364,0.454545454545455,7576,3995,3859,0.527323125659979,0.509371700105597,-0.145735336469233,-0.0909090909090909,10,4,0.4,1,0,0,0.608186500239675,0.127876226047564
2017,1,Market-state,0.15,1,0,0,0.000131995776135164,0,0,7576,3995,3859,0.527323125659979,0.509371700105597,-0.509371700105597,0,1,0,0,0,0,,0.653496381399637,0.153496381399637
2017,1,Full,0,7576,3985,3859,1,0.526003167898627,0.509371700105597,7576,3985,3859,0.526003167898627,0.509371700105597,0.0166314677930306,0.0166314677930306,4542,2405,0.529502421840599,3034,1580,0.520764667106131,0.505681359532231,0.0193240282838193
2017,1,Full,0.025,1951,1082,1062,0.257523759239704,0.554587391081497,0.544336237826756,7576,3985,3859,0.526003167898627,0.509371700105597,0.0452156909759001,0.0102511532547411,1317,755,0.57327258921792,634,327,0.515772870662461,0.516128295552511,0.044669893564328
2017,1,Full,0.05,547,312,310,0.0722016895459345,0.570383912248629,0.56672760511883,7576,3985,3859,0.526003167898627,0.509371700105597,0.0610122121430322,0.00365630712979881,379,227,0.598944591029024,168,85,0.505952380952381,0.527254420518312,0.0713034574767804
2017,1,Full,0.075,178,107,104,0.0234952481520591,0.601123595505618,0.584269662921348,7576,3985,3859,0.526003167898627,0.509371700105597,0.0917518954000214,0.0168539325842697,127,80,0.62992125984252,51,27,0.529411764705882,0.53732306140556,0.0925177478225177
2017,1,Full,0.1,45,22,19,0.00593980992608237,0.488888888888889,0.422222222222222,7576,3985,3859,0.526003167898627,0.509371700105597,-0.0204828112167078,0.0666666666666667,30,13,0.433333333333333,15,9,0.6,0.534908631118275,0.117844797798191
2017,1,Full,0.15,5,2,1,0.000659978880675818,0.4,0.2,7576,3985,3859,0.526003167898627,0.509371700105597,-0.109371700105597,0.2,2,0,0,3,2,0.666666666666667,0.4734703342351,0.157874442569593
2018,1,Calendar-only,0,14777,7438,7308,1,0.503349800365433,0.494552344860256,14777,7438,7308,0.503349800365433,0.494552344860256,0.00879745550517697,0.00879745550517697,7981,3975,0.498057887482772,6796,3463,0.50956444967628,0.503853806725402,0.016469946445976
2018,1,Calendar-only,0.025,3085,1563,1553,0.208770386411315,0.506645056726094,0.503403565640195,14777,7438,7308,0.503349800365433,0.494552344860256,0.0120927118658383,0.00324149108589955,1995,1013,0.507769423558897,1090,550,0.504587155963303,0.51410401660769,0.0404144245669209
2018,1,Calendar-only,0.05,567,311,299,0.0383704405495026,0.548500881834215,0.527336860670194,14777,7438,7308,0.503349800365433,0.494552344860256,0.0539485369739594,0.0211640211640212,425,234,0.550588235294118,142,77,0.542253521126761,0.538838397637762,0.0687443403906923
2018,1,Calendar-only,0.075,185,98,98,0.0125194559112134,0.52972972972973,0.52972972972973,14777,7438,7308,0.503349800365433,0.494552344860256,0.035177384869474,0,185,98,0.52972972972973,0,0,,0.589958904501333,0.0899589045013327
2018,1,Calendar-only,0.1,50,28,28,0.00338363673276037,0.56,0.56,14777,7438,7308,0.503349800365433,0.494552344860256,0.0654476551397443,0,50,28,0.56,0,0,,0.600972719286679,0.100972719286679
2018,1,Market-state,0,14777,7732,7308,1,0.523245584354064,0.494552344860256,14777,7732,7308,0.523245584354064,0.494552344860256,0.028693239493808,0.028693239493808,8937,4600,0.514714109880273,5840,3132,0.536301369863014,0.504828642973619,0.0210750939255218
2018,1,Market-state,0.025,4039,2179,2020,0.273330175272383,0.539489972765536,0.500123793018074,14777,7732,7308,0.523245584354064,0.494552344860256,0.0449376279052802,0.0393661797474623,2508,1334,0.531897926634769,1531,845,0.551926845199216,0.510832279848404,0.0503706378333799
2018,1,Market-state,0.05,1412,786,689,0.0955539013331529,0.556657223796034,0.487960339943343,14777,7732,7308,0.523245584354064,0.494552344860256,0.0621048789357782,0.0686968838526912,851,457,0.537015276145711,561,329,0.586452762923351,0.513868145734655,0.0793155194146463
2018,1,Market-state,0.075,564,316,277,0.038167422345537,0.560283687943262,0.49113475177305,14777,7732,7308,0.523245584354064,0.494552344860256,0.0657313430830067,0.0691489361702128,329,179,0.544072948328267,235,137,0.582978723404255,0.513569646152301,0.107768598609997
2018,1,Market-state,0.1,231,128,115,0.0156324017053529,0.554112554112554,0.497835497835498,14777,7732,7308,0.523245584354064,0.494552344860256,0.0595602092522983,0.0562770562770563,124,68,0.548387096774194,107,60,0.560747663551402,0.505362863900996,0.140465405074507
2018,1,Market-state,0.15,69,43,32,0.00466941869120931,0.623188405797102,0.463768115942029,14777,7732,7308,0.523245584354064,0.494552344860256,0.128636060936846,0.159420289855072,26,16,0.615384615384615,43,27,0.627906976744186,0.459318237249962,0.184831366982277
2018,1,Full,0,14777,7589,7308,1,0.513568383298369,0.494552344860256,14777,7589,7308,0.513568383298369,0.494552344860256,0.0190160384381133,0.0190160384381133,7660,3890,0.507832898172324,7117,3699,0.519741464100042,0.499492136749588,0.0280903730903848
2018,1,Full,0.025,6077,3159,3030,0.411247208499695,0.519828862925786,0.498601283528057,14777,7589,7308,0.513568383298369,0.494552344860256,0.02527651806553,0.0212275793977292,2950,1531,0.518983050847458,3127,1628,0.520626798848737,0.497026764616102,0.0521713828025176
2018,1,Full,0.05,2421,1320,1189,0.163835690600257,0.545229244114003,0.491119372160264,14777,7589,7308,0.513568383298369,0.494552344860256,0.0506768992537467,0.0541098719537382,1094,591,0.540219378427788,1327,729,0.549359457422758,0.492322701616436,0.0775207355016168
2018,1,Full,0.075,940,512,445,0.063612370575895,0.54468085106383,0.473404255319149,14777,7589,7308,0.513568383298369,0.494552344860256,0.050128506203574,0.0712765957446809,409,213,0.52078239608802,531,299,0.563088512241055,0.487149591632225,0.103685020639677
2018,1,Full,0.1,376,208,173,0.025444948230358,0.553191489361702,0.460106382978723,14777,7589,7308,0.513568383298369,0.494552344860256,0.0586391445014464,0.0930851063829787,169,87,0.514792899408284,207,121,0.584541062801932,0.486840081341386,0.131498022257691
2018,1,Full,0.15,78,47,37,0.00527847330310618,0.602564102564103,0.474358974358974,14777,7589,7308,0.513568383298369,0.494552344860256,0.108011757703847,0.128205128205128,32,19,0.59375,46,28,0.608695652173913,0.469711508656829,0.186358067585178
2019,1,Calendar-only,0,16242,8168,8294,1,0.502893732298978,0.510651397611132,16242,8168,8294,0.502893732298978,0.510651397611132,-0.00775766531215372,-0.00775766531215372,8432,4326,0.513045540796964,7810,3842,0.491933418693982,0.501559195087061,0.0188051167605143
2019,1,Calendar-only,0.025,4481,2247,2264,0.275889668760005,0.501450569069404,0.505244365097077,16242,8168,8294,0.502893732298978,0.510651397611132,-0.00920082854172755,-0.00379379602767249,2442,1236,0.506142506142506,2039,1011,0.495831289847965,0.505703802056464,0.0389658236775426
2019,1,Calendar-only,0.05,721,360,379,0.0443910848417683,0.499306518723994,0.525658807212205,16242,8168,8294,0.502893732298978,0.510651397611132,-0.0113448788871372,-0.0263522884882108,462,240,0.51948051948052,259,120,0.463320463320463,0.521348147665382,0.0658365037793275
2019,1,Calendar-only,0.075,142,78,78,0.00874276566925256,0.549295774647887,0.549295774647887,16242,8168,8294,0.502893732298978,0.510651397611132,0.0386443770367557,0,142,78,0.549295774647887,0,0,,0.590512938518107,0.0905129385181066
2019,1,Market-state,0,16242,8506,8294,1,0.523703977342692,0.510651397611132,16242,8506,8294,0.523703977342692,0.510651397611132,0.0130525797315602,0.0130525797315602,10340,5449,0.526982591876209,5902,3057,0.517960013554727,0.504735741559341,0.0148532339258243
2019,1,Market-state,0.025,2666,1424,1353,0.164142347001601,0.534133533383346,0.507501875468867,16242,8506,8294,0.523703977342692,0.510651397611132,0.0234821357722141,0.0266316579144785,1757,934,0.531587933978372,909,490,0.539053905390539,0.513570698510705,0.0435516030425773
2019,1,Market-state,0.05,651,364,337,0.0400812707794607,0.559139784946237,0.517665130568356,16242,8506,8294,0.523703977342692,0.510651397611132,0.0484883873351049,0.0414746543778801,440,245,0.556818181818182,211,119,0.563981042654029,0.523192908748728,0.0722926857407203
2019,1,Market-state,0.075,190,96,106,0.0116980667405492,0.505263157894737,0.557894736842105,16242,8506,8294,0.523703977342692,0.510651397611132,-0.00538823971639479,-0.0526315789473684,120,66,0.55,70,30,0.428571428571429,0.523018480792913,0.101694076447043
2019,1,Market-state,0.1,63,31,35,0.00387883265607684,0.492063492063492,0.555555555555556,16242,8506,8294,0.523703977342692,0.510651397611132,-0.0185879055476396,-0.0634920634920635,31,17,0.548387096774194,32,14,0.4375,0.498116394935558,0.134282356073309
2019,1,Market-state,0.15,14,4,6,0.00086196281246152,0.285714285714286,0.428571428571429,16242,8506,8294,0.523703977342692,0.510651397611132,-0.224937111896846,-0.142857142857143,8,2,0.25,6,2,0.333333333333333,0.51600493896618,0.193704758093003
2019,1,Full,0,16242,8356,8294,1,0.51446866149489,0.510651397611132,16242,8356,8294,0.51446866149489,0.510651397611132,0.00381726388375814,0.00381726388375814,8886,4647,0.522957461174882,7356,3709,0.504214246873301,0.503661814706386,0.0200440168217815
2019,1,Full,0.025,4491,2408,2268,0.276505356483192,0.536183478067246,0.50501002004008,16242,8356,8294,0.51446866149489,0.510651397611132,0.025532080456114,0.0311734580271655,2839,1512,0.532581895033463,1652,896,0.542372881355932,0.511598525769457,0.0444617217903256
2019,1,Full,0.05,1163,643,595,0.0716044822066248,0.552880481513328,0.511607910576096,16242,8356,8294,0.51446866149489,0.510651397611132,0.0422290839021959,0.0412725709372312,721,398,0.552011095700416,442,245,0.554298642533937,0.516786394455049,0.0737694314697299
2019,1,Full,0.075,433,235,218,0.0266592784139884,0.542725173210162,0.503464203233256,16242,8356,8294,0.51446866149489,0.510651397611132,0.03207377559903,0.0392609699769053,256,138,0.5390625,177,97,0.548022598870056,0.517928828547727,0.0970364620312617
2019,1,Full,0.1,131,63,61,0.00806550917374708,0.480916030534351,0.465648854961832,16242,8356,8294,0.51446866149489,0.510651397611132,-0.0297353670767805,0.0152671755725191,83,38,0.457831325301205,48,25,0.520833333333333,0.529281234702715,0.123957823073223
2019,1,Full,0.15,17,9,10,0.00104666912941756,0.529411764705882,0.588235294117647,16242,8356,8294,0.51446866149489,0.510651397611132,0.0187603670947507,-0.0588235294117647,10,6,0.6,7,3,0.428571428571429,0.526460393974809,0.188668139022124
2020,1,Calendar-only,0,17500,8776,8801,1,0.501485714285714,0.502914285714286,17500,8776,8801,0.501485714285714,0.502914285714286,-0.00142857142857145,-0.00142857142857145,9263,4670,0.504156320846378,8237,4106,0.498482457205293,0.503458831180564,0.0193854397103249
2020,1,Calendar-only,0.025,5089,2607,2519,0.2908,0.512281391235999,0.494989192375712,17500,8776,8801,0.501485714285714,0.502914285714286,0.00936710552171349,0.0172921988602869,3143,1590,0.505886096086542,1946,1017,0.522610483042138,0.511770765648302,0.0401700388754433
2020,1,Calendar-only,0.05,767,416,415,0.0438285714285714,0.542372881355932,0.541069100391134,17500,8776,8801,0.501485714285714,0.502914285714286,0.0394585956416464,0.00130378096479788,576,320,0.555555555555556,191,96,0.50261780104712,0.53549959273044,0.0669961235634109
2020,1,Calendar-only,0.075,242,139,144,0.0138285714285714,0.574380165289256,0.59504132231405,17500,8776,8801,0.501485714285714,0.502914285714286,0.0714658795749704,-0.0206611570247934,195,118,0.605128205128205,47,21,0.446808510638298,0.552508986940178,0.0846071850235476
2020,1,Market-state,0,17500,8996,8801,1,0.514057142857143,0.502914285714286,17500,8996,8801,0.514057142857143,0.502914285714286,0.0111428571428571,0.0111428571428571,9881,5089,0.51502884323449,7619,3907,0.512796954980969,0.499995424422501,0.0247378225661818
2020,1,Market-state,0.025,5465,2846,2700,0.312285714285714,0.520768526989936,0.494053064958829,17500,8996,8801,0.514057142857143,0.502914285714286,0.0178542412756502,0.026715462031107,2711,1396,0.514939136849871,2754,1450,0.526506899055919,0.495142064377862,0.0560907496123585
2020,1,Market-state,0.05,2209,1157,1055,0.126228571428571,0.523766410140335,0.477591670439113,17500,8996,8801,0.514057142857143,0.502914285714286,0.0208521244260492,0.0461747397012223,967,485,0.501551189245088,1242,672,0.541062801932367,0.484467792646035,0.0872038929268306
2020,1,Market-state,0.075,1023,547,476,0.0584571428571429,0.534701857282502,0.465298142717498,17500,8996,8801,0.514057142857143,0.502914285714286,0.0317875715682167,0.0694037145650049,424,212,0.5,599,335,0.559265442404007,0.472560242715423,0.118405219621249
2020,1,Market-state,0.1,541,291,252,0.0309142857142857,0.537892791127542,0.465804066543438,17500,8996,8801,0.514057142857143,0.502914285714286,0.0349785054132559,0.0720887245841035,200,101,0.505,341,190,0.557184750733138,0.453399738891523,0.14762748999586
2020,1,Market-state,0.15,167,86,84,0.00954285714285714,0.51497005988024,0.502994011976048,17500,8996,8801,0.514057142857143,0.502914285714286,0.0120557741659537,0.0119760479041916,47,25,0.531914893617021,120,61,0.508333333333333,0.400766235733816,0.209909119321721
2020,1,Full,0,17500,8940,8801,1,0.510857142857143,0.502914285714286,17500,8940,8801,0.510857142857143,0.502914285714286,0.00794285714285714,0.00794285714285714,8331,4286,0.514464049933982,9169,4654,0.507579888755589,0.495951501100656,0.0283699052486476
2020,1,Full,0.025,6660,3492,3307,0.380571428571429,0.524324324324324,0.496546546546547,17500,8940,8801,0.510857142857143,0.502914285714286,0.0214100386100385,0.0277777777777777,2969,1554,0.523408555069047,3691,1938,0.525060959089678,0.489676448305038,0.0562229233953452
2020,1,Full,0.05,2692,1400,1303,0.153828571428571,0.520059435364042,0.484026745913819,17500,8940,8801,0.510857142857143,0.502914285714286,0.0171451496497559,0.0360326894502229,1071,541,0.505135387488329,1621,859,0.529919802590993,0.477006374614243,0.0872817745114681
2020,1,Full,0.075,1274,689,601,0.0728,0.540816326530612,0.471742543171115,17500,8940,8801,0.510857142857143,0.502914285714286,0.0379020408163265,0.0690737833594977,460,238,0.517391304347826,814,451,0.554054054054054,0.46140317910089,0.116893975778205
2020,1,Full,0.1,631,345,291,0.0360571428571429,0.54675118858954,0.461172741679873,17500,8940,8801,0.510857142857143,0.502914285714286,0.0438369028752547,0.0855784469096672,199,102,0.512562814070352,432,243,0.5625,0.438165754037583,0.147846805451247
2020,1,Full,0.15,208,117,102,0.0118857142857143,0.5625,0.490384615384615,17500,8940,8801,0.510857142857143,0.502914285714286,0.0595857142857143,0.0721153846153846,47,29,0.617021276595745,161,88,0.546583850931677,0.382341912925937,0.20561779228963
2021,1,Calendar-only,0,17948,8938,9100,1,0.497994205482505,0.507020280811232,17948,8938,9100,0.497994205482505,0.507020280811232,-0.0090260753287274,-0.0090260753287274,9666,4878,0.504655493482309,8282,4060,0.490219753682685,0.503217388298883,0.0191334246706599
2021,1,Calendar-only,0.025,5091,2518,2596,0.283652774682416,0.494598310744451,0.509919465723826,17948,8938,9100,0.497994205482505,0.507020280811232,-0.0124219700667814,-0.0153211549793754,3061,1542,0.50375694217576,2030,976,0.480788177339902,0.510154523806777,0.0398926131883993
2021,1,Calendar-only,0.05,801,418,434,0.0446289280142634,0.521847690387016,0.541822721598003,17948,8938,9100,0.497994205482505,0.507020280811232,0.0148274095757839,-0.0199750312109862,617,334,0.541329011345219,184,84,0.456521739130435,0.54065138022985,0.0671573622620926
2021,1,Calendar-only,0.075,199,108,108,0.0110875863605973,0.542713567839196,0.542713567839196,17948,8938,9100,0.497994205482505,0.507020280811232,0.0356932870279636,0,199,108,0.542713567839196,0,0,,0.586343814974234,0.0863438149742344
2021,1,Calendar-only,0.1,50,26,26,0.00278582571874304,0.52,0.52,17948,8938,9100,0.497994205482505,0.507020280811232,0.0129797191887676,0,50,26,0.52,0,0,,0.602981675377582,0.102981675377582
2021,1,Market-state,0,17948,9318,9100,1,0.519166480944952,0.507020280811232,17948,9318,9100,0.519166480944952,0.507020280811232,0.0121462001337197,0.0121462001337197,12566,6518,0.518701257361133,5382,2800,0.520252694165738,0.505816438084302,0.0141739870175147
2021,1,Market-state,0.025,2604,1383,1351,0.145085803432137,0.53110599078341,0.518817204301075,17948,9318,9100,0.519166480944952,0.507020280811232,0.0240857099721777,0.0122887864823349,1738,934,0.537399309551208,866,449,0.518475750577367,0.513698531607331,0.042112916611463
2021,1,Market-state,0.05,597,323,303,0.0332627590817918,0.541038525963149,0.507537688442211,17948,9318,9100,0.519166480944952,0.507020280811232,0.0340182451519167,0.033500837520938,381,205,0.538057742782152,216,118,0.546296296296296,0.519142551626791,0.0696186869977071
2021,1,Market-state,0.075,160,93,82,0.00891464229997771,0.58125,0.5125,17948,9318,9100,0.519166480944952,0.507020280811232,0.0742297191887676,0.0687500000000001,99,57,0.575757575757576,61,36,0.59016393442623,0.524699340654481,0.0968986938379736
2021,1,Market-state,0.1,50,32,31,0.00278582571874304,0.64,0.62,17948,9318,9100,0.519166480944952,0.507020280811232,0.132979719188768,0.02,31,22,0.709677419354839,19,10,0.526315789473684,0.534570985553249,0.120081900208194
2021,1,Market-state,0.15,4,3,3,0.000222866057499443,0.75,0.75,17948,9318,9100,0.519166480944952,0.507020280811232,0.242979719188768,0,4,3,0.75,0,0,,0.698521661156838,0.198521661156838
2021,1,Full,0,17948,9170,9100,1,0.510920436817473,0.507020280811232,17948,9170,9100,0.510920436817473,0.507020280811232,0.00390015600624027,0.00390015600624027,11186,5754,0.514392991239049,6762,3416,0.505175983436853,0.505683610402013,0.0172379199646449
2021,1,Full,0.025,3677,1919,1882,0.204869623356363,0.52189284742997,0.511830296437313,17948,9170,9100,0.510920436817473,0.507020280811232,0.0148725666187377,0.0100625509926571,2466,1295,0.525141930251419,1211,624,0.515276630883567,0.516444107220827,0.0459776003990466
2021,1,Full,0.05,1225,661,645,0.0682527301092044,0.539591836734694,0.526530612244898,17948,9170,9100,0.510920436817473,0.507020280811232,0.0325715559234615,0.013061224489796,865,473,0.546820809248555,360,188,0.522222222222222,0.528344202862469,0.0686807937368688
2021,1,Full,0.075,292,167,163,0.0162692221974593,0.571917808219178,0.558219178082192,17948,9170,9100,0.510920436817473,0.507020280811232,0.0648975274079456,0.0136986301369862,206,122,0.592233009708738,86,45,0.523255813953488,0.539632793981406,0.0945214578240777
2021,1,Full,0.1,73,40,43,0.00406730554936483,0.547945205479452,0.589041095890411,17948,9170,9100,0.510920436817473,0.507020280811232,0.0409249246682196,-0.041095890410959,50,30,0.6,23,10,0.434782608695652,0.549883109001555,0.122878564002901
2021,1,Full,0.15,9,6,6,0.000501448629373746,0.666666666666667,0.666666666666667,17948,9170,9100,0.510920436817473,0.507020280811232,0.159646385855434,0,9,6,0.666666666666667,0,0,,0.680287806177899,0.180287806177899
2022,1,Calendar-only,0,18752,9295,9255,1,0.495680460750853,0.493547354948806,18752,9295,9255,0.495680460750853,0.493547354948806,0.00213310580204779,0.00213310580204779,10132,4965,0.49003158310304,8620,4330,0.502320185614849,0.503777908501905,0.0185534921368376
2022,1,Calendar-only,0.025,5071,2566,2559,0.270424488054608,0.506014592782489,0.504634194438967,18752,9295,9255,0.495680460750853,0.493547354948806,0.0124672378336831,0.00138039834352199,3200,1627,0.5084375,1871,939,0.501870657402459,0.512818458500955,0.0382291160427507
2022,1,Calendar-only,0.05,684,370,370,0.0364761092150171,0.54093567251462,0.54093567251462,18752,9295,9255,0.495680460750853,0.493547354948806,0.0473883175658145,0,584,320,0.547945205479452,100,50,0.5,0.551415775901236,0.068141543228556
2022,1,Calendar-only,0.075,150,82,82,0.00799914675767918,0.546666666666667,0.546666666666667,18752,9295,9255,0.495680460750853,0.493547354948806,0.0531193117178612,0,150,82,0.546666666666667,0,0,,0.587356637924432,0.0873566379244319
2022,1,Market-state,0,18752,9627,9255,1,0.51338523890785,0.493547354948806,18752,9627,9255,0.51338523890785,0.493547354948806,0.0198378839590443,0.0198378839590443,10384,5257,0.506259630200308,8368,4370,0.522227533460803,0.501222190365318,0.0215233758734963
2022,1,Market-state,0.025,5287,2754,2659,0.281943259385666,0.520900321543408,0.502931719311519,18752,9627,9255,0.51338523890785,0.493547354948806,0.0273529665946029,0.0179686022318896,2718,1422,0.52317880794702,2569,1332,0.518489684702219,0.500410110699722,0.0503336427920207
2022,1,Market-state,0.05,1807,928,852,0.0963630546075085,0.513558384061981,0.471499723298284,18752,9627,9255,0.51338523890785,0.493547354948806,0.0200110291131757,0.0420586607636967,867,420,0.484429065743945,940,508,0.540425531914894,0.497192274000079,0.0798549662475885
2022,1,Market-state,0.075,717,353,346,0.0382359215017065,0.492329149232915,0.482566248256625,18752,9627,9255,0.51338523890785,0.493547354948806,-0.00121820571589054,0.00976290097629012,330,156,0.472727272727273,387,197,0.509043927648579,0.494999560002336,0.109234384965638
2022,1,Market-state,0.1,313,142,139,0.0166915529010239,0.453674121405751,0.44408945686901,18752,9627,9255,0.51338523890785,0.493547354948806,-0.0398732335430547,0.00958466453674123,154,61,0.396103896103896,159,81,0.509433962264151,0.503382122575969,0.139126917418249
2022,1,Market-state,0.15,73,29,39,0.0038929180887372,0.397260273972603,0.534246575342466,18752,9627,9255,0.51338523890785,0.493547354948806,-0.0962870809762028,-0.136986301369863,37,16,0.432432432432432,36,13,0.361111111111111,0.527366886857965,0.212737897267229
2022,1,Full,0,18752,9626,9255,1,0.513331911262799,0.493547354948806,18752,9626,9255,0.513331911262799,0.493547354948806,0.0197845563139932,0.0197845563139932,9789,4959,0.506589028501379,8963,4667,0.520696195470267,0.500500212910248,0.0234032141501606
2022,1,Full,0.025,6012,3189,3030,0.320605802047782,0.530439121756487,0.503992015968064,18752,9626,9255,0.513331911262799,0.493547354948806,0.0368917668076815,0.0264471057884231,3047,1627,0.533967837216935,2965,1562,0.52681281618887,0.499955784373469,0.0502311361163323
2022,1,Full,0.05,2102,1102,997,0.112094709897611,0.524262607040913,0.474310180780209,18752,9626,9255,0.513331911262799,0.493547354948806,0.030715252092108,0.0499524262607041,1019,508,0.498527968596663,1083,594,0.548476454293629,0.497337459719539,0.078356091025144
2022,1,Full,0.075,804,402,371,0.0428754266211604,0.5,0.461442786069652,18752,9626,9255,0.513331911262799,0.493547354948806,0.00645264505119453,0.0385572139303483,367,168,0.457765667574932,437,234,0.535469107551488,0.492748434583987,0.107782609698293
2022,1,Full,0.1,330,147,143,0.0175981228668942,0.445454545454545,0.433333333333333,18752,9626,9255,0.513331911262799,0.493547354948806,-0.04809280949426,0.0121212121212121,150,55,0.366666666666667,180,92,0.511111111111111,0.492420138047038,0.139622692333752
2022,1,Full,0.15,75,29,41,0.00399957337883959,0.386666666666667,0.546666666666667,18752,9626,9255,0.513331911262799,0.493547354948806,-0.106880688282139,-0.16,35,15,0.428571428571429,40,14,0.35,0.5122183639106,0.215330803120954
2023,1,Calendar-only,0,18161,9148,8986,1,0.50371675568526,0.494796542040637,18161,9148,8986,0.50371675568526,0.494796542040637,0.00892021364462309,0.00892021364462309,9127,4550,0.498520872137614,9034,4598,0.508966127961036,0.502038352310048,0.0175563846954294
2023,1,Calendar-only,0.025,4366,2276,2189,0.240405264027311,0.521300961978928,0.501374255611544,18161,9148,8986,0.50371675568526,0.494796542040637,0.0265044199382915,0.0199267063673844,2377,1238,0.520824568784182,1989,1038,0.521870286576169,0.508676105760475,0.0396818464906013
2023,1,Calendar-only,0.05,660,360,349,0.0363416111447607,0.545454545454545,0.528787878787879,18161,9148,8986,0.50371675568526,0.494796542040637,0.0506580034139089,0.0166666666666666,573,311,0.542757417102967,87,49,0.563218390804598,0.55417785156284,0.0685283459509538
2023,1,Calendar-only,0.075,151,88,88,0.00831452012554375,0.582781456953642,0.582781456953642,18161,9148,8986,0.50371675568526,0.494796542040637,0.0879849149130058,0,151,88,0.582781456953642,0,0,,0.584081103708637,0.0840811037086366
2023,1,Market-state,0,18161,9145,8986,1,0.503551566543693,0.494796542040637,18161,9145,8986,0.503551566543693,0.494796542040637,0.00875502450305593,0.00875502450305593,12354,6162,0.498785818358426,5807,2983,0.51369037368693,0.503886965048672,0.0118406251303163
2023,1,Market-state,0.025,1865,948,915,0.102692583007544,0.508310991957105,0.490616621983914,18161,9145,8986,0.503551566543693,0.494796542040637,0.0135144499164681,0.0176943699731904,1098,548,0.499089253187614,767,400,0.521512385919166,0.505776017717017,0.0395554305391584
2023,1,Market-state,0.05,300,140,152,0.0165189141567094,0.466666666666667,0.506666666666667,18161,9145,8986,0.503551566543693,0.494796542040637,-0.0281298753739699,-0.04,158,75,0.474683544303797,142,65,0.457746478873239,0.5017232988523,0.0707514616446582
2023,1,Market-state,0.075,81,46,46,0.00446010682231155,0.567901234567901,0.567901234567901,18161,9145,8986,0.503551566543693,0.494796542040637,0.0731046925272647,0,39,25,0.641025641025641,42,21,0.5,0.493305840925176,0.0993898024941324
2023,1,Market-state,0.1,28,15,18,0.00154176532129288,0.535714285714286,0.642857142857143,18161,9145,8986,0.503551566543693,0.494796542040637,0.0409177436736491,-0.107142857142857,11,8,0.727272727272727,17,7,0.411764705882353,0.473068547350279,0.126951993271382
2023,1,Market-state,0.15,4,2,4,0.000220252188756126,0.5,1,18161,9145,8986,0.503551566543693,0.494796542040637,0.00520345795936344,-0.5,2,2,1,2,0,0,0.488605777887625,0.171797246194501
2023,1,Full,0,18161,9100,8986,1,0.501073729420186,0.494796542040637,18161,9100,8986,0.501073729420186,0.494796542040637,0.00627718737954958,0.00627718737954958,11011,5468,0.496594314776133,7150,3632,0.507972027972028,0.504241599187,0.0142822666980356
2023,1,Full,0.025,2918,1529,1493,0.160673971697594,0.523989033584647,0.511651816312543,18161,9100,8986,0.501073729420186,0.494796542040637,0.0291924915440104,0.0123372172721041,1964,1034,0.526476578411405,954,495,0.518867924528302,0.513959322337518,0.0412796729804588
2023,1,Full,0.05,614,312,322,0.0338087109740653,0.50814332247557,0.52442996742671,18161,9100,8986,0.501073729420186,0.494796542040637,0.0133467804349335,-0.0162866449511401,424,222,0.523584905660377,190,90,0.473684210526316,0.523223182134217,0.066641953356316
2023,1,Full,0.075,118,60,70,0.00649743956830571,0.508474576271186,0.593220338983051,18161,9100,8986,0.501073729420186,0.494796542040637,0.0136780342305499,-0.0847457627118644,68,40,0.588235294117647,50,20,0.4,0.509992459556856,0.0959837205082288
2023,1,Full,0.1,34,20,18,0.00187214360442707,0.588235294117647,0.529411764705882,18161,9100,8986,0.501073729420186,0.494796542040637,0.0934387520770105,0.0588235294117647,12,8,0.666666666666667,22,12,0.545454545454545,0.466109662823386,0.126514921525422
2023,1,Full,0.15,7,5,6,0.00038544133032322,0.714285714285714,0.857142857142857,18161,9100,8986,0.501073729420186,0.494796542040637,0.219489172245078,-0.142857142857143,4,4,1,3,1,0.333333333333333,0.521343345140394,0.16961984525946
2024,1,Calendar-only,0,18270,9114,9072,1,0.498850574712644,0.496551724137931,18270,9114,9072,0.498850574712644,0.496551724137931,0.00229885057471263,0.00229885057471263,8956,4436,0.495310406431443,9314,4678,0.502254670388662,0.500980112244807,0.0173075071376751
2024,1,Calendar-only,0.025,4497,2290,2218,0.246141215106732,0.50922837447187,0.493217700689348,18270,9114,9072,0.498850574712644,0.496551724137931,0.0126766503339391,0.0160106737825216,2423,1217,0.502269913330582,2074,1073,0.517357762777242,0.506966004337488,0.0388247152748692
2024,1,Calendar-only,0.05,674,326,319,0.0368910782703886,0.483679525222552,0.473293768545994,18270,9114,9072,0.498850574712644,0.496551724137931,-0.0128721989153791,0.0103857566765578,627,299,0.476874003189793,47,27,0.574468085106383,0.558009745164616,0.0666635370477999
2024,1,Calendar-only,0.075,196,86,86,0.010727969348659,0.438775510204082,0.438775510204082,18270,9114,9072,0.498850574712644,0.496551724137931,-0.0577762139338494,0,196,86,0.438775510204082,0,0,,0.584445800587688,0.0844458005876883
2024,1,Market-state,0,18270,9219,9072,1,0.504597701149425,0.496551724137931,18270,9219,9072,0.504597701149425,0.496551724137931,0.00804597701149423,0.00804597701149423,12093,6057,0.500868270900521,6177,3162,0.511898980087421,0.503191434911268,0.00991504853858113
2024,1,Market-state,0.025,1392,727,707,0.0761904761904762,0.522270114942529,0.507902298850575,18270,9219,9072,0.504597701149425,0.496551724137931,0.0257183908045977,0.014367816091954,868,455,0.524193548387097,524,272,0.519083969465649,0.509446161322165,0.0399308879523067
2024,1,Market-state,0.05,245,128,132,0.0134099616858238,0.522448979591837,0.538775510204082,18270,9219,9072,0.504597701149425,0.496551724137931,0.0258972554539058,-0.0163265306122449,155,85,0.548387096774194,90,43,0.477777777777778,0.514919312790444,0.0688183092986464
2024,1,Market-state,0.075,60,35,31,0.00328407224958949,0.583333333333333,0.516666666666667,18270,9219,9072,0.504597701149425,0.496551724137931,0.0867816091954023,0.0666666666666667,34,20,0.588235294117647,26,15,0.576923076923077,0.503684530569856,0.100559075055149
2024,1,Market-state,0.1,15,7,9,0.000821018062397373,0.466666666666667,0.6,18270,9219,9072,0.504597701149425,0.496551724137931,-0.0298850574712644,-0.133333333333333,5,3,0.6,10,4,0.4,0.439319943948137,0.153188473727861
2024,1,Market-state,0.15,6,1,4,0.000328407224958949,0.166666666666667,0.666666666666667,18270,9219,9072,0.504597701149425,0.496551724137931,-0.329885057471264,-0.5,1,0,0,5,1,0.2,0.363666019541129,0.204993165459204
2024,1,Full,0,18270,9237,9072,1,0.505582922824302,0.496551724137931,18270,9237,9072,0.505582922824302,0.496551724137931,0.00903119868637114,0.00903119868637114,10465,5252,0.501863354037267,7805,3985,0.510570147341448,0.503666364538657,0.0132148134099943
2024,1,Full,0.025,2560,1333,1239,0.140120415982485,0.520703125,0.483984375,18270,9237,9072,0.505582922824302,0.496551724137931,0.024151400862069,0.03671875,1844,928,0.503253796095445,716,405,0.565642458100559,0.51891524096535,0.0407386301236126
2024,1,Full,0.05,508,256,251,0.0278051450465244,0.503937007874016,0.494094488188976,18270,9237,9072,0.505582922824302,0.496551724137931,0.00738528373608471,0.00984251968503935,413,206,0.498789346246973,95,50,0.526315789473684,0.538234004686144,0.0661530141361936
2024,1,Full,0.075,93,47,49,0.00509031198686371,0.505376344086022,0.526881720430108,18270,9237,9072,0.505582922824302,0.496551724137931,0.00882461994809047,-0.021505376344086,67,35,0.522388059701493,26,12,0.461538461538462,0.534359750915028,0.0988513168318716
2024,1,Full,0.1,22,9,11,0.00120415982484948,0.409090909090909,0.5,18270,9237,9072,0.505582922824302,0.496551724137931,-0.0874608150470219,-0.0909090909090909,12,5,0.416666666666667,10,4,0.4,0.495787830564331,0.143880358669822
2024,1,Full,0.15,6,1,4,0.000328407224958949,0.166666666666667,0.666666666666667,18270,9237,9072,0.505582922824302,0.496551724137931,-0.329885057471264,-0.5,1,0,0,5,1,0.2,0.358800171840769,0.21055556258185
2025,1,Calendar-only,0,18420,9149,9252,1,0.496688382193268,0.50228013029316,18420,9149,9252,0.496688382193268,0.50228013029316,-0.00559174809989149,-0.00559174809989149,8843,4412,0.498925703946625,9577,4737,0.494622533152344,0.500347396740104,0.0168850116076828
2025,1,Calendar-only,0.025,4248,2105,2122,0.230618892508143,0.495527306967985,0.499529190207156,18420,9149,9252,0.496688382193268,0.50228013029316,-0.00675282332517474,-0.00400188323917139,2227,1103,0.495285136955546,2021,1002,0.495794161306284,0.504759795358212,0.0384930967713985
2025,1,Calendar-only,0.05,628,311,305,0.0340933767643865,0.495222929936306,0.485668789808917,18420,9149,9252,0.496688382193268,0.50228013029316,-0.00705720035685392,0.00955414012738853,530,259,0.488679245283019,98,52,0.530612244897959,0.543763187250598,0.0629351662368336
2025,1,Calendar-only,0.075,147,67,67,0.00798045602605863,0.45578231292517,0.45578231292517,18420,9149,9252,0.496688382193268,0.50228013029316,-0.0464978173679896,0,147,67,0.45578231292517,0,0,,0.577366448732606,0.0773664487326058
2025,1,Market-state,0,18420,9286,9252,1,0.504125950054289,0.50228013029316,18420,9286,9252,0.504125950054289,0.50228013029316,0.00184581976112919,0.00184581976112919,11016,5567,0.505355846042121,7404,3719,0.502296056185846,0.50155615603771,0.0106194797285898
2025,1,Market-state,0.025,1714,890,852,0.0930510314875136,0.519253208868145,0.49708284714119,18420,9286,9252,0.504125950054289,0.50228013029316,0.0169730785749851,0.0221703617269545,910,469,0.515384615384615,804,421,0.52363184079602,0.500155289662343,0.0444305579030516
2025,1,Market-state,0.05,416,220,204,0.0225841476655809,0.528846153846154,0.490384615384615,18420,9286,9252,0.504125950054289,0.50228013029316,0.0265660235529942,0.0384615384615385,200,104,0.52,216,116,0.537037037037037,0.491301220918767,0.0775926545124224
2025,1,Market-state,0.075,141,78,79,0.00765472312703583,0.553191489361702,0.560283687943262,18420,9286,9252,0.504125950054289,0.50228013029316,0.0509113590685425,-0.00709219858156029,52,34,0.653846153846154,89,44,0.49438202247191,0.46562864817047,0.112915380908789
2025,1,Market-state,0.1,57,33,35,0.00309446254071661,0.578947368421053,0.614035087719298,18420,9286,9252,0.504125950054289,0.50228013029316,0.076667238127893,-0.0350877192982456,21,16,0.761904761904762,36,17,0.472222222222222,0.449376395425537,0.151636292455185
2025,1,Market-state,0.15,21,11,13,0.0011400651465798,0.523809523809524,0.619047619047619,18420,9286,9252,0.504125950054289,0.50228013029316,0.0215293935163642,-0.0952380952380952,5,4,0.8,16,7,0.4375,0.385350697932769,0.20912455048209
2025,1,Full,0,18420,9377,9252,1,0.509066232356135,0.50228013029316,18420,9377,9252,0.509066232356135,0.50228013029316,0.00678610206297503,0.00678610206297503,9801,5005,0.510662177328844,8619,4372,0.507251421278571,0.501092742726494,0.0140739344718444
2025,1,Full,0.025,2683,1401,1319,0.145656894679696,0.522176667909057,0.491613865076407,18420,9377,9252,0.509066232356135,0.50228013029316,0.0198965376158974,0.03056280283265,1551,794,0.511927788523533,1132,607,0.536219081272085,0.503969525797947,0.0438423274781668
2025,1,Full,0.05,650,331,316,0.0352877307274701,0.509230769230769,0.486153846153846,18420,9377,9252,0.509066232356135,0.50228013029316,0.00695063893760961,0.0230769230769231,321,159,0.495327102803738,329,172,0.522796352583587,0.493866152500424,0.0728965390596156
2025,1,Full,0.075,177,98,97,0.00960912052117264,0.553672316384181,0.548022598870056,18420,9377,9252,0.509066232356135,0.50228013029316,0.0513921860910211,0.00564971751412435,72,45,0.625,105,53,0.504761904761905,0.468214648809621,0.109917501265887
2025,1,Full,0.1,71,36,39,0.00385450597176982,0.507042253521127,0.549295774647887,18420,9377,9252,0.509066232356135,0.50228013029316,0.0047621232279671,-0.0422535211267606,16,10,0.625,55,26,0.472727272727273,0.415999815213575,0.146832322600518
2025,1,Full,0.15,21,11,12,0.0011400651465798,0.523809523809524,0.571428571428571,18420,9377,9252,0.509066232356135,0.50228013029316,0.0215293935163642,-0.0476190476190476,4,3,0.75,17,8,0.470588235294118,0.358616277118295,0.216571659780828
2026,1,Calendar-only,0,3738,1879,1917,1,0.502675227394329,0.512841091492777,3738,1879,1917,0.502675227394329,0.512841091492777,-0.0101658640984483,-0.0101658640984483,1878,968,0.515441959531416,1860,911,0.489784946236559,0.500416151242622,0.0159445125389742
2026,1,Calendar-only,0.025,805,404,402,0.215355805243446,0.501863354037267,0.499378881987578,3738,1879,1917,0.502675227394329,0.512841091492777,-0.0109777374555098,0.00248447204968949,377,189,0.50132625994695,428,215,0.502336448598131,0.501671132394184,0.0367206860973056
2026,1,Calendar-only,0.05,105,39,45,0.0280898876404494,0.371428571428571,0.428571428571429,3738,1879,1917,0.502675227394329,0.512841091492777,-0.141412520064205,-0.0571428571428571,87,33,0.379310344827586,18,6,0.333333333333333,0.540624384486087,0.0605773376365788
2026,1,Market-state,0,3738,1910,1917,1,0.510968432316747,0.512841091492777,3738,1910,1917,0.510968432316747,0.512841091492777,-0.00187265917602997,-0.00187265917602997,2155,1122,0.520649651972158,1583,788,0.497789008212255,0.501343719343293,0.0103217842481334
2026,1,Market-state,0.025,311,162,172,0.0831995719636169,0.520900321543408,0.553054662379421,3738,1910,1917,0.510968432316747,0.512841091492777,0.00805923005063147,-0.0321543408360129,155,89,0.574193548387097,156,73,0.467948717948718,0.501067480475502,0.0395276991510382
2026,1,Market-state,0.05,58,34,28,0.0155163188871054,0.586206896551724,0.482758620689655,3738,1910,1917,0.510968432316747,0.512841091492777,0.0733658050589472,0.103448275862069,34,19,0.558823529411765,24,15,0.625,0.511314115222977,0.066387692401793
2026,1,Market-state,0.075,12,4,1,0.00321027287319422,0.333333333333333,0.0833333333333333,3738,1910,1917,0.510968432316747,0.512841091492777,-0.179507758159444,0.25,7,0,0,5,4,0.8,0.516516453767797,0.0905702493213471
2026,1,Market-state,0.1,2,1,0,0.000535045478865704,0.5,0,3738,1910,1917,0.510968432316747,0.512841091492777,-0.0128410914927769,0.5,1,0,0,1,1,1,0.500400031841178,0.114110956644918
2026,1,Full,0,3738,1890,1917,1,0.50561797752809,0.512841091492777,3738,1890,1917,0.50561797752809,0.512841091492777,-0.007223113964687,-0.007223113964687,1887,978,0.518282988871224,1851,912,0.492706645056726,0.500417977590007,0.0132892680825011
2026,1,Full,0.025,518,257,262,0.138576779026217,0.496138996138996,0.505791505791506,3738,1890,1917,0.50561797752809,0.512841091492777,-0.0167020953537808,-0.00965250965250963,285,143,0.501754385964912,233,114,0.489270386266094,0.503445679720739,0.0387262116445174
2026,1,Full,0.05,94,53,46,0.0251471375066881,0.563829787234043,0.48936170212766,3738,1890,1917,0.50561797752809,0.512841091492777,0.0509886957412656,0.074468085106383,49,27,0.551020408163265,45,26,0.577777777777778,0.502806989717431,0.063993866250536
2026,1,Full,0.075,14,5,2,0.00374531835205993,0.357142857142857,0.142857142857143,3738,1890,1917,0.50561797752809,0.512841091492777,-0.15569823434992,0.214285714285714,7,0,0,7,5,0.714285714285714,0.501622997625321,0.0918072259071831
2026,1,Full,0.1,3,2,0,0.000802568218298555,0.666666666666667,0,3738,1890,1917,0.50561797752809,0.512841091492777,0.15382557517389,0.666666666666667,1,0,0,2,2,1,0.463946388135506,0.11575017096247
2017,2,Calendar-only,0,7873,3992,3856,1,0.507049409373809,0.489775180998349,7873,3992,3856,0.507049409373809,0.489775180998349,0.0172742283754605,0.0172742283754605,3860,1998,0.517616580310881,4013,1994,0.496885123349115,0.498975187474153,0.0188512723243441
2017,2,Calendar-only,0.025,2390,1192,1189,0.303569160421694,0.498744769874477,0.497489539748954,7873,3992,3856,0.507049409373809,0.489775180998349,0.0089695888761282,0.00125523012552298,1167,585,0.501285347043702,1223,607,0.496320523303352,0.499002758398281,0.0365787093734974
2017,2,Calendar-only,0.05,287,161,145,0.0364537025276261,0.560975609756098,0.505226480836237,7873,3992,3856,0.507049409373809,0.489775180998349,0.0712004287577488,0.0557491289198607,190,103,0.542105263157895,97,58,0.597938144329897,0.516229852923821,0.056412794829943
2017,2,Market-state,0,7873,4120,3856,1,0.52330750666836,0.489775180998349,7873,4120,3856,0.52330750666836,0.489775180998349,0.0335323256700115,0.0335323256700115,4520,2392,0.529203539823009,3353,1728,0.515359379660006,0.502134676621177,0.0139927312411256
2017,2,Market-state,0.025,1163,650,571,0.147720055887209,0.558899398108341,0.490971625107481,7873,4120,3856,0.52330750666836,0.489775180998349,0.0691242171099918,0.0679277730008599,631,355,0.562599049128368,532,295,0.554511278195489,0.504405530538119,0.0414654024271142
2017,2,Market-state,0.05,250,128,126,0.0317540962784199,0.512,0.504,7873,4120,3856,0.52330750666836,0.489775180998349,0.0222248190016512,0.00800000000000001,150,76,0.506666666666667,100,52,0.52,0.514638197698615,0.0688896580024245
2017,2,Market-state,0.075,71,34,43,0.00901816334307126,0.47887323943662,0.605633802816901,7873,4120,3856,0.52330750666836,0.489775180998349,-0.0109019415617291,-0.126760563380282,45,18,0.4,26,16,0.615384615384615,0.5256677540021,0.0936736330183358
2017,2,Market-state,0.1,18,8,11,0.00228629493204623,0.444444444444444,0.611111111111111,7873,4120,3856,0.52330750666836,0.489775180998349,-0.0453307365539044,-0.166666666666667,13,5,0.384615384615385,5,3,0.6,0.55315518135111,0.119640599516461
2017,2,Market-state,0.15,1,0,1,0.00012701638511368,0,1,7873,4120,3856,0.52330750666836,0.489775180998349,-0.489775180998349,-1,1,0,0,0,0,,0.693609681517092,0.193609681517092
2017,2,Full,0,7873,4083,3856,1,0.518607900419154,0.489775180998349,7873,4083,3856,0.518607900419154,0.489775180998349,0.0288327194208053,0.0288327194208053,4105,2166,0.527649208282582,3768,1917,0.50875796178344,0.501626330102453,0.0182906262746256
2017,2,Full,0.025,1881,1006,915,0.238917820398831,0.534821903242956,0.486443381180223,7873,4083,3856,0.518607900419154,0.489775180998349,0.0450467222446071,0.0483785220627326,1069,580,0.542563143124415,812,426,0.524630541871921,0.505278827639561,0.0429767334708064
2017,2,Full,0.05,452,239,214,0.0574114060713832,0.528761061946903,0.473451327433628,7873,4083,3856,0.518607900419154,0.489775180998349,0.0389858809485539,0.0553097345132743,253,139,0.549407114624506,199,100,0.50251256281407,0.507145617435404,0.0702963136470098
2017,2,Full,0.075,138,63,79,0.0175282611456878,0.456521739130435,0.572463768115942,7873,4083,3856,0.518607900419154,0.489775180998349,-0.033253441867914,-0.115942028985507,74,29,0.391891891891892,64,34,0.53125,0.505135932798782,0.0954124835796004
2017,2,Full,0.1,34,18,22,0.00431855709386511,0.529411764705882,0.647058823529412,7873,4083,3856,0.518607900419154,0.489775180998349,0.0396365837075336,-0.117647058823529,18,7,0.388888888888889,16,11,0.6875,0.496786203443829,0.128989323579404
2017,2,Full,0.15,7,4,4,0.000889114695795758,0.571428571428571,0.571428571428571,7873,4083,3856,0.518607900419154,0.489775180998349,0.0816533904302226,0,2,1,0.5,5,3,0.6,0.40354904665107,0.198828756647613
2018,2,Calendar-only,0,15117,7582,7553,1,0.501554541244956,0.499636171197989,15117,7582,7553,0.501554541244956,0.499636171197989,0.00191837004696699,0.00191837004696699,7470,3744,0.501204819277108,7647,3838,0.501896168432065,0.499471442499881,0.017011462641634
2018,2,Calendar-only,0.025,3235,1616,1660,0.213997486273732,0.499536321483771,0.513137557959815,15117,7582,7553,0.501554541244956,0.499636171197989,-9.98497142177812e-05,-0.0136012364760433,1501,771,0.513657561625583,1734,845,0.487312572087659,0.497354463660631,0.0369469796920191
2018,2,Calendar-only,0.05,417,207,201,0.0275848382615598,0.496402877697842,0.482014388489209,15117,7582,7553,0.501554541244956,0.499636171197989,-0.00323329350014728,0.0143884892086331,139,65,0.467625899280576,278,142,0.510791366906475,0.482772172923257,0.0621819615545194
2018,2,Calendar-only,0.075,49,25,25,0.00324138387246147,0.510204081632653,0.510204081632653,15117,7582,7553,0.501554541244956,0.499636171197989,0.010567910434664,0,49,25,0.510204081632653,0,0,,0.577598736832624,0.0775987368326238
2018,2,Market-state,0,15117,7936,7553,1,0.524971885956208,0.499636171197989,15117,7936,7553,0.524971885956208,0.499636171197989,0.0253357147582192,0.0253357147582192,8802,4587,0.521131561008862,6315,3349,0.530324623911322,0.501139987170899,0.0233599702360495
2018,2,Market-state,0.025,4638,2519,2302,0.306806906132169,0.543122035360069,0.496334626994394,15117,7936,7553,0.524971885956208,0.499636171197989,0.0434858641620799,0.0467874083656749,2343,1263,0.539052496798976,2295,1256,0.547276688453159,0.497291251255988,0.0523750688804307
2018,2,Market-state,0.05,1703,945,816,0.112654627240855,0.554903112155021,0.479154433352907,15117,7936,7553,0.524971885956208,0.499636171197989,0.0552669409570315,0.0757486788021139,774,416,0.537467700258398,929,529,0.569429494079656,0.489257743815455,0.0825248831309984
2018,2,Market-state,0.075,759,405,361,0.0502083746775154,0.533596837944664,0.47562582345191,15117,7936,7553,0.524971885956208,0.499636171197989,0.033960666746675,0.0579710144927537,321,164,0.510903426791277,438,241,0.550228310502283,0.479422890322265,0.109411903635438
2018,2,Market-state,0.1,346,190,161,0.0228881391810544,0.549132947976879,0.465317919075145,15117,7936,7553,0.524971885956208,0.499636171197989,0.0494967767788896,0.0838150289017341,135,70,0.518518518518519,211,120,0.568720379146919,0.465442424678706,0.137704703005643
2018,2,Market-state,0.15,96,57,41,0.00635046636237349,0.59375,0.427083333333333,15117,7936,7553,0.524971885956208,0.499636171197989,0.094113828802011,0.166666666666667,30,16,0.533333333333333,66,41,0.621212121212121,0.427558815123708,0.186718687883223
2018,2,Full,0,15117,7914,7553,1,0.523516570748164,0.499636171197989,15117,7914,7553,0.523516570748164,0.499636171197989,0.0238803995501752,0.0238803995501752,6392,3371,0.527377972465582,8725,4543,0.520687679083095,0.493222678537479,0.027297468262917
2018,2,Full,0.025,5843,3144,2834,0.386518489118211,0.538079753551258,0.485024816019168,15117,7914,7553,0.523516570748164,0.499636171197989,0.0384435823532689,0.0530549375320897,2097,1116,0.532188841201717,3746,2028,0.541377469300587,0.484332915992369,0.0531729824433122
2018,2,Full,0.05,2228,1204,1074,0.147383740160085,0.540394973070018,0.482046678635548,15117,7914,7553,0.523516570748164,0.499636171197989,0.0407588018720289,0.0583482944344704,826,438,0.530266343825666,1402,766,0.546362339514979,0.476468206373268,0.0819206844115905
2018,2,Full,0.075,953,507,445,0.0630416087848118,0.532004197271773,0.46694648478489,15117,7914,7553,0.523516570748164,0.499636171197989,0.0323680260737844,0.0650577124868836,347,173,0.498559077809798,606,334,0.551155115511551,0.464410856941246,0.110847867220056
2018,2,Full,0.1,433,236,204,0.0286432493219554,0.545034642032333,0.471131639722864,15117,7914,7553,0.523516570748164,0.499636171197989,0.0453984708343435,0.0739030023094688,131,69,0.526717557251908,302,167,0.552980132450331,0.439548155896068,0.141001358830695
2018,2,Full,0.15,134,75,56,0.00886419263081299,0.559701492537313,0.417910447761194,15117,7914,7553,0.523516570748164,0.499636171197989,0.0600653213393244,0.141791044776119,29,13,0.448275862068966,105,62,0.590476190476191,0.387636242303058,0.191867632202371
2019,2,Calendar-only,0,16656,8438,8439,1,0.506604226705091,0.506664265129683,16656,8438,8439,0.506604226705091,0.506664265129683,-6.00384245916796e-05,-6.00384245916796e-05,8729,4475,0.512658952915569,7927,3963,0.499936924435474,0.499776268554243,0.0196886956973725
2019,2,Calendar-only,0.025,5355,2709,2682,0.321505763688761,0.505882352941176,0.500840336134454,16656,8438,8439,0.506604226705091,0.506664265129683,-0.000781912188506539,0.00504201680672267,2662,1349,0.506761833208114,2693,1360,0.505012996658002,0.499963786172809,0.0368043272813421
2019,2,Calendar-only,0.05,537,261,255,0.0322406340057637,0.486033519553073,0.474860335195531,16656,8438,8439,0.506604226705091,0.506664265129683,-0.0206307455766104,0.0111731843575419,261,120,0.459770114942529,276,141,0.510869565217391,0.494529504583432,0.0597142905190335
2019,2,Calendar-only,0.075,51,26,25,0.00306195965417867,0.509803921568627,0.490196078431373,16656,8438,8439,0.506604226705091,0.506664265129683,0.00313965643894443,0.0196078431372549,0,0,,51,26,0.509803921568627,0.422351035269716,0.0776489647302845
2019,2,Market-state,0,16656,8693,8439,1,0.521914024975985,0.506664265129683,16656,8693,8439,0.521914024975985,0.506664265129683,0.0152497598463016,0.0152497598463016,11222,5849,0.521208340759223,5434,2844,0.523371365476629,0.504456459612685,0.0168130418578377
2019,2,Market-state,0.025,3124,1706,1568,0.187560038424592,0.546094750320103,0.501920614596671,16656,8693,8439,0.521914024975985,0.506664265129683,0.0394304851904195,0.0441741357234315,1760,955,0.542613636363636,1364,751,0.55058651026393,0.50240164717892,0.0438369062966884
2019,2,Market-state,0.05,796,443,401,0.047790585975024,0.556532663316583,0.503768844221106,16656,8693,8439,0.521914024975985,0.506664265129683,0.0498683981868999,0.0527638190954773,368,208,0.565217391304348,428,235,0.549065420560748,0.492010866959136,0.0728382352096627
2019,2,Market-state,0.075,249,129,122,0.0149495677233429,0.518072289156627,0.48995983935743,16656,8693,8439,0.521914024975985,0.506664265129683,0.0114080240269435,0.0281124497991968,100,51,0.51,149,78,0.523489932885906,0.476819758467446,0.101327628105921
2019,2,Market-state,0.1,84,37,40,0.00504322766570605,0.440476190476191,0.476190476190476,16656,8693,8439,0.521914024975985,0.506664265129683,-0.0661880746534925,-0.0357142857142857,31,12,0.387096774193548,53,25,0.471698113207547,0.459981223273213,0.133165343578984
2019,2,Market-state,0.15,18,8,9,0.0010806916426513,0.444444444444444,0.5,16656,8693,8439,0.521914024975985,0.506664265129683,-0.0622198206852386,-0.0555555555555556,5,2,0.4,13,6,0.461538461538462,0.406904641092191,0.192681036180216
2019,2,Full,0,16656,8602,8439,1,0.516450528338137,0.506664265129683,16656,8602,8439,0.516450528338137,0.506664265129683,0.00978626320845344,0.00978626320845344,9421,4903,0.520433075045112,7235,3699,0.511264685556323,0.503195894821289,0.0206862168656366
2019,2,Full,0.025,4891,2594,2431,0.293647934678194,0.530361889184216,0.497035371089757,16656,8602,8439,0.516450528338137,0.506664265129683,0.0236976240545329,0.0333265180944592,2972,1553,0.522543741588156,1919,1041,0.542470036477332,0.50715406900999,0.0439876537311373
2019,2,Full,0.05,1236,663,601,0.0742074927953891,0.536407766990291,0.486245954692557,16656,8602,8439,0.516450528338137,0.506664265129683,0.0297435018606083,0.0501618122977346,626,327,0.522364217252396,610,336,0.550819672131148,0.499606882704204,0.0719072379242666
2019,2,Full,0.075,361,184,179,0.0216738712776177,0.509695290858726,0.49584487534626,16656,8602,8439,0.516450528338137,0.506664265129683,0.00303102572904279,0.0138504155124654,170,86,0.505882352941176,191,98,0.513089005235602,0.493683055200296,0.100612416164408
2019,2,Full,0.1,133,59,64,0.00798511047070125,0.443609022556391,0.481203007518797,16656,8602,8439,0.516450528338137,0.506664265129683,-0.063055242573292,-0.037593984962406,70,30,0.428571428571429,63,29,0.46031746031746,0.50064686136755,0.128017155163778
2019,2,Full,0.15,18,9,9,0.0010806916426513,0.5,0.5,16656,8602,8439,0.516450528338137,0.506664265129683,-0.00666426512968299,0,6,3,0.5,12,6,0.5,0.425359496674648,0.194956527484876
2020,2,Calendar-only,0,17684,8842,9043,1,0.5,0.511366206740556,17684,8842,9043,0.5,0.511366206740556,-0.0113662067405564,-0.0113662067405564,8855,4528,0.511349520045172,8829,4314,0.488617057424397,0.50125566035124,0.0203690463900171
2020,2,Calendar-only,0.025,5660,2841,2896,0.320063334087311,0.501943462897526,0.511660777385159,17684,8842,9043,0.5,0.511366206740556,-0.00942274384302999,-0.00971731448763258,3281,1679,0.511734227369704,2379,1162,0.488440521227407,0.506027619253515,0.0378521090845997
2020,2,Calendar-only,0.05,576,321,302,0.0325718163311468,0.557291666666667,0.524305555555556,17684,8842,9043,0.5,0.511366206740556,0.0459254599261102,0.0329861111111111,241,144,0.597510373443983,335,177,0.528358208955224,0.491315466550038,0.0613721321954255
2020,2,Calendar-only,0.075,47,33,33,0.00265776973535399,0.702127659574468,0.702127659574468,17684,8842,9043,0.5,0.511366206740556,0.190761452833912,0,47,33,0.702127659574468,0,0,,0.586062359169373,0.0860623591693728
2020,2,Market-state,0,17684,9075,9043,1,0.513175752092287,0.511366206740556,17684,9075,9043,0.513175752092287,0.511366206740556,0.00180954535173039,0.00180954535173039,9470,4952,0.522914466737064,8214,4123,0.501947893839786,0.496107825498824,0.0275339869032491
2020,2,Market-state,0.025,6154,3206,3071,0.347998190454648,0.520961975950601,0.499025024374391,17684,9075,9043,0.513175752092287,0.511366206740556,0.00959576921004479,0.0219369515762106,2579,1351,0.523846452113222,3575,1855,0.518881118881119,0.484454346134531,0.0588085021818267
2020,2,Market-state,0.05,2579,1303,1262,0.14583804569102,0.505234587049244,0.489336952307096,17684,9075,9043,0.513175752092287,0.511366206740556,-0.0061316196913126,0.0158976347421481,894,440,0.492170022371365,1685,863,0.512166172106825,0.466488681353014,0.0917490718141378
2020,2,Market-state,0.075,1307,663,626,0.0739086179597376,0.507268553940321,0.478959449120122,17684,9075,9043,0.513175752092287,0.511366206740556,-0.00409765280023511,0.0283091048201989,408,195,0.477941176470588,899,468,0.520578420467186,0.448103421170135,0.122041953340086
2020,2,Market-state,0.1,718,368,350,0.0406016738294504,0.512534818941504,0.487465181058496,17684,9075,9043,0.513175752092287,0.511366206740556,0.00116861220094777,0.0250696378830084,200,100,0.5,518,268,0.517374517374517,0.426418976408671,0.151392993414146
2020,2,Market-state,0.15,258,137,119,0.0145894593983262,0.531007751937985,0.461240310077519,17684,9075,9043,0.513175752092287,0.511366206740556,0.0196415451974281,0.0697674418604652,50,24,0.48,208,113,0.543269230769231,0.369853108539327,0.206996434130667
2020,2,Full,0,17684,9071,9043,1,0.512949558923321,0.511366206740556,17684,9071,9043,0.512949558923321,0.511366206740556,0.00158335218276406,0.00158335218276406,7912,4171,0.527173913043478,9772,4900,0.501432664756447,0.491202584380043,0.0304374321813091
2020,2,Full,0.025,7015,3662,3537,0.396686270074644,0.522024233784747,0.504205274411974,17684,9071,9043,0.512949558923321,0.511366206740556,0.0106580270441905,0.0178189593727726,2582,1383,0.535631293570875,4433,2279,0.514098804421385,0.478042019417758,0.0595135834667759
2020,2,Full,0.05,3044,1550,1490,0.172133001583352,0.509198423127464,0.489487516425756,17684,9071,9043,0.512949558923321,0.511366206740556,-0.00216778361309256,0.0197109067017083,894,445,0.497762863534676,2150,1105,0.513953488372093,0.457067672743004,0.0912294337452263
2020,2,Full,0.075,1500,771,722,0.0848224383623615,0.514,0.481333333333333,17684,9071,9043,0.512949558923321,0.511366206740556,0.00263379325944357,0.0326666666666667,385,189,0.490909090909091,1115,582,0.521973094170404,0.434607901049474,0.122417731375692
2020,2,Full,0.1,825,428,394,0.0466523410992988,0.518787878787879,0.477575757575758,17684,9071,9043,0.512949558923321,0.511366206740556,0.00742167204732236,0.0412121212121212,199,98,0.492462311557789,626,330,0.527156549520767,0.413150731343467,0.151917305297413
2020,2,Full,0.15,295,162,136,0.0166817462112644,0.549152542372881,0.461016949152542,17684,9071,9043,0.512949558923321,0.511366206740556,0.0377863356323249,0.088135593220339,43,23,0.534883720930233,252,139,0.551587301587302,0.346789027398334,0.210709222504742
2021,2,Calendar-only,0,18129,9026,9209,1,0.497876330740802,0.507970654752055,18129,9026,9209,0.497876330740802,0.507970654752055,-0.0100943240112527,-0.0100943240112527,10188,5147,0.505202198665096,7941,3879,0.488477521722705,0.502954656056272,0.0190336372016539
2021,2,Calendar-only,0.025,5243,2572,2664,0.289205140934414,0.490558840358573,0.50810604615678,18129,9026,9209,0.497876330740802,0.507970654752055,-0.0174118143934814,-0.0175472057982071,3239,1616,0.498919419573943,2004,956,0.477045908183633,0.509811901501357,0.0383214378751625
2021,2,Calendar-only,0.05,820,407,406,0.0452313972088918,0.496341463414634,0.495121951219512,18129,9026,9209,0.497876330740802,0.507970654752055,-0.0116291913374206,0.00121951219512195,525,259,0.493333333333333,295,148,0.501694915254237,0.518570727336146,0.0620443909073938
2021,2,Calendar-only,0.075,91,44,45,0.00501958188537702,0.483516483516484,0.494505494505495,18129,9026,9209,0.497876330740802,0.507970654752055,-0.0244541712355712,-0.010989010989011,44,21,0.477272727272727,47,23,0.48936170212766,0.514662956007261,0.0929741964404537
2021,2,Calendar-only,0.1,44,21,21,0.00242705058194054,0.477272727272727,0.477272727272727,18129,9026,9209,0.497876330740802,0.507970654752055,-0.0306979274793274,0,44,21,0.477272727272727,0,0,,0.611306600826614,0.111306600826614
2021,2,Market-state,0,18129,9349,9209,1,0.515693088421866,0.507970654752055,18129,9349,9209,0.515693088421866,0.507970654752055,0.00772243366981085,0.00772243366981085,12983,6706,0.516521605176,5146,2643,0.513602798289934,0.506033423342826,0.0157106406669999
2021,2,Market-state,0.025,2806,1440,1463,0.154779634839208,0.513186029935852,0.521382751247327,18129,9349,9209,0.515693088421866,0.507970654752055,0.005215375183797,-0.00819672131147542,1693,895,0.528647371529829,1113,545,0.489667565139263,0.506712746042709,0.0429453235325081
2021,2,Market-state,0.05,676,335,348,0.0372883225770864,0.495562130177515,0.514792899408284,18129,9349,9209,0.515693088421866,0.507970654752055,-0.0124085245745399,-0.0192307692307692,347,177,0.510086455331412,329,158,0.480243161094225,0.500690977303699,0.0712417058843426
2021,2,Market-state,0.075,206,101,102,0.0113630095427216,0.490291262135922,0.495145631067961,18129,9349,9209,0.515693088421866,0.507970654752055,-0.0176793926161324,-0.00485436893203883,99,48,0.484848484848485,107,53,0.495327102803738,0.494955288768062,0.0976374163438044
2021,2,Market-state,0.1,70,31,39,0.0038612168349054,0.442857142857143,0.557142857142857,18129,9349,9209,0.515693088421866,0.507970654752055,-0.0651135118949119,-0.114285714285714,26,13,0.5,44,18,0.409090909090909,0.471633008578378,0.120834272355871
2021,2,Market-state,0.15,7,4,5,0.00038612168349054,0.571428571428571,0.714285714285714,18129,9349,9209,0.515693088421866,0.507970654752055,0.0634579166765167,-0.142857142857143,4,3,0.75,3,1,0.333333333333333,0.536483177016546,0.174924033988916
2021,2,Full,0,18129,9167,9209,1,0.505653924651112,0.507970654752055,18129,9167,9209,0.505653924651112,0.507970654752055,-0.00231673010094324,-0.00231673010094324,11457,5852,0.510779436152571,6672,3315,0.496852517985612,0.505479179056664,0.018161646799145
2021,2,Full,0.025,4322,2220,2238,0.238402559435159,0.513651087459509,0.517815826006479,18129,9167,9209,0.505653924651112,0.507970654752055,0.00568043270745477,-0.00416473854696897,2860,1498,0.523776223776224,1462,722,0.493844049247606,0.511460806733283,0.041813914110168
2021,2,Full,0.05,991,504,510,0.0546637983341607,0.508577194752775,0.514631685166498,18129,9167,9209,0.505653924651112,0.507970654752055,0.000606540000720246,-0.00605449041372352,567,295,0.520282186948854,424,209,0.492924528301887,0.508089094258349,0.068048031376033
2021,2,Full,0.075,229,114,114,0.0126316950741905,0.497816593886463,0.497816593886463,18129,9167,9209,0.505653924651112,0.507970654752055,-0.0101540608655918,0,113,56,0.495575221238938,116,58,0.5,0.496713120886941,0.0976272462659729
2021,2,Full,0.1,73,30,40,0.00402669755640135,0.410958904109589,0.547945205479452,18129,9167,9209,0.505653924651112,0.507970654752055,-0.0970117506424657,-0.136986301369863,27,12,0.444444444444444,46,18,0.391304347826087,0.470671836590783,0.123727812810099
2021,2,Full,0.15,7,3,4,0.00038612168349054,0.428571428571429,0.571428571428571,18129,9167,9209,0.505653924651112,0.507970654752055,-0.0793992261806262,-0.142857142857143,4,2,0.5,3,1,0.333333333333333,0.533836166399726,0.177949615131503
2022,2,Calendar-only,0,18910,9404,9317,1,0.49730301427816,0.492702273929138,18910,9404,9317,0.49730301427816,0.492702273929138,0.00460074034902169,0.00460074034902169,10465,5138,0.490969899665552,8445,4266,0.505150976909414,0.50383963762506,0.0183394686524169
2022,2,Calendar-only,0.025,5092,2544,2498,0.269275515600212,0.499607227022781,0.49057344854674,18910,9404,9317,0.49730301427816,0.492702273929138,0.00690495309364281,0.00903377847604081,3198,1574,0.492182614133834,1894,970,0.512143611404435,0.510374660835029,0.0364398169339742
2022,2,Calendar-only,0.05,585,292,284,0.0309360126916975,0.499145299145299,0.485470085470085,18910,9404,9317,0.49730301427816,0.492702273929138,0.00644302521616114,0.0136752136752137,391,191,0.48849104859335,194,101,0.520618556701031,0.521039645686222,0.0600870730979321
2022,2,Calendar-only,0.075,47,28,28,0.00248545742993125,0.595744680851064,0.595744680851064,18910,9404,9317,0.49730301427816,0.492702273929138,0.103042406921926,0,47,28,0.595744680851064,0,0,,0.589491233527301,0.0894912335273009
2022,2,Market-state,0,18910,9577,9317,1,0.506451612903226,0.492702273929138,18910,9577,9317,0.506451612903226,0.492702273929138,0.0137493389740878,0.0137493389740878,10656,5320,0.499249249249249,8254,4257,0.51574993942331,0.500187629795001,0.022209395113309
2022,2,Market-state,0.025,5469,2780,2732,0.289212057112639,0.508319619674529,0.499542878039861,18910,9577,9317,0.506451612903226,0.492702273929138,0.0156173457453912,0.00877674163466818,2615,1329,0.508221797323136,2854,1451,0.508409250175193,0.494964683115115,0.0510290666034116
2022,2,Market-state,0.05,1924,977,920,0.10174510840825,0.507796257796258,0.478170478170478,18910,9577,9317,0.506451612903226,0.492702273929138,0.0150939838671198,0.0296257796257796,787,380,0.48284625158831,1137,597,0.525065963060686,0.484431379717864,0.0807421616672889
2022,2,Market-state,0.075,798,387,368,0.0421998942358541,0.484962406015038,0.461152882205514,18910,9577,9317,0.506451612903226,0.492702273929138,-0.00773986791410042,0.0238095238095238,293,125,0.426621160409556,505,262,0.518811881188119,0.473353168655833,0.109192668037211
2022,2,Market-state,0.1,357,159,158,0.0188789000528821,0.445378151260504,0.442577030812325,18910,9577,9317,0.506451612903226,0.492702273929138,-0.0473241226686338,0.00280112044817932,128,44,0.34375,229,115,0.502183406113537,0.466743823756406,0.138457693881311
2022,2,Market-state,0.15,84,31,44,0.0044420941300899,0.369047619047619,0.523809523809524,18910,9577,9317,0.506451612903226,0.492702273929138,-0.123654654881519,-0.154761904761905,31,11,0.354838709677419,53,20,0.377358490566038,0.468574339946035,0.207133261173653
2022,2,Full,0,18910,9614,9317,1,0.508408249603385,0.492702273929138,18910,9614,9317,0.508408249603385,0.492702273929138,0.0157059756742465,0.0157059756742465,9639,4830,0.501089324618736,9271,4784,0.516017689569626,0.498667626269409,0.0231096467612751
2022,2,Full,0.025,5893,3009,2903,0.311634056054997,0.510605803495673,0.492618360767012,18910,9614,9317,0.508408249603385,0.492702273929138,0.0179035295665348,0.0179874427286612,2743,1381,0.503463361283267,3150,1628,0.516825396825397,0.493675850215309,0.0509617351287629
2022,2,Full,0.05,2067,1043,984,0.109307244843998,0.50459603289792,0.476052249637155,18910,9614,9317,0.508408249603385,0.492702273929138,0.0118937589687816,0.0285437832607643,838,399,0.476133651551313,1229,644,0.524003254678601,0.483012466352743,0.0802870191274735
2022,2,Full,0.075,846,418,389,0.0447382337387626,0.494089834515367,0.459810874704492,18910,9614,9317,0.508408249603385,0.492702273929138,0.00138756058622841,0.0342789598108747,299,130,0.434782608695652,547,288,0.526508226691042,0.468944045801808,0.109123264885049
2022,2,Full,0.1,378,175,165,0.0199894235854045,0.462962962962963,0.436507936507937,18910,9614,9317,0.508408249603385,0.492702273929138,-0.029739310966175,0.0264550264550265,122,42,0.344262295081967,256,133,0.51953125,0.455799097073899,0.138694492290092
2022,2,Full,0.15,89,32,49,0.0047065044949762,0.359550561797753,0.550561797752809,18910,9614,9317,0.508408249603385,0.492702273929138,-0.133151712131385,-0.191011235955056,30,11,0.366666666666667,59,21,0.355932203389831,0.452041495429474,0.207542792027919
2023,2,Calendar-only,0,18381,9261,9226,1,0.503835482291497,0.501931342146782,18381,9261,9226,0.503835482291497,0.501931342146782,0.00190414014471463,0.00190414014471463,9738,4922,0.505442596015609,8643,4339,0.502024759921324,0.501783697001364,0.017451900368321
2023,2,Calendar-only,0.025,4406,2228,2232,0.239704042217507,0.505674080798911,0.506581933726736,18381,9261,9226,0.503835482291497,0.501931342146782,0.0037427386521286,-0.000907852927825692,2556,1305,0.51056338028169,1850,923,0.498918918918919,0.505914869205562,0.0361542044789357
2023,2,Calendar-only,0.05,440,216,231,0.0239377618192699,0.490909090909091,0.525,18381,9261,9226,0.503835482291497,0.501931342146782,-0.0110222512376911,-0.0340909090909091,247,127,0.51417004048583,193,89,0.461139896373057,0.510339063577144,0.0606005915908313
2023,2,Calendar-only,0.075,50,28,28,0.00272020020673522,0.56,0.56,18381,9261,9226,0.503835482291497,0.501931342146782,0.058068657853218,0,50,28,0.56,0,0,,0.589934599677426,0.0899345996774258
2023,2,Market-state,0,18381,9257,9226,1,0.503617866274958,0.501931342146782,18381,9257,9226,0.503617866274958,0.501931342146782,0.00168652412817583,0.00168652412817583,13080,6591,0.503899082568807,5301,2666,0.502923976608187,0.503946428330455,0.0116640057787101
2023,2,Market-state,0.025,1654,830,822,0.0899842228388009,0.501813784764208,0.496977025392987,18381,9257,9226,0.503617866274958,0.501931342146782,-0.000117557382574018,0.0048367593712213,846,422,0.498817966903073,808,408,0.504950495049505,0.498256348756762,0.0391035609351503
2023,2,Market-state,0.05,260,122,132,0.0141450410750231,0.469230769230769,0.507692307692308,18381,9257,9226,0.503617866274958,0.501931342146782,-0.0327005729160128,-0.0384615384615384,94,44,0.468085106382979,166,78,0.469879518072289,0.4777168640647,0.0695008018392633
2023,2,Market-state,0.075,67,31,33,0.00364506827702519,0.462686567164179,0.492537313432836,18381,9257,9226,0.503617866274958,0.501931342146782,-0.0392447749826029,-0.0298507462686567,19,8,0.421052631578947,48,23,0.479166666666667,0.454498689268424,0.0985089204653232
2023,2,Market-state,0.1,21,6,12,0.00114248408682879,0.285714285714286,0.571428571428571,18381,9257,9226,0.503617866274958,0.501931342146782,-0.216217056432496,-0.285714285714286,5,1,0.2,16,5,0.3125,0.427724475676272,0.128315419344218
2023,2,Market-state,0.15,3,1,2,0.000163212012404113,0.333333333333333,0.666666666666667,18381,9257,9226,0.503617866274958,0.501931342146782,-0.168598008813449,-0.333333333333333,0,0,,3,1,0.333333333333333,0.329928555848308,0.170071444151692
2023,2,Full,0,18381,9340,9226,1,0.508133398618138,0.501931342146782,18381,9340,9226,0.508133398618138,0.501931342146782,0.0062020564713563,0.0062020564713563,11559,5872,0.508002422354875,6822,3468,0.508355321020229,0.503449189377266,0.0126647252583507
2023,2,Full,0.025,2148,1103,1091,0.116859800881345,0.513500931098696,0.507914338919926,18381,9340,9226,0.508133398618138,0.501931342146782,0.0115695889519144,0.00558659217877089,1234,640,0.518638573743922,914,463,0.50656455142232,0.502565186575013,0.0388908733055369
2023,2,Full,0.05,305,150,149,0.0165932212610848,0.491803278688525,0.488524590163934,18381,9340,9226,0.508133398618138,0.501931342146782,-0.0101280634582575,0.00327868852459018,126,60,0.476190476190476,179,90,0.502793296089386,0.483067473467307,0.0689646375089454
2023,2,Full,0.075,77,35,39,0.00418910831837223,0.454545454545455,0.506493506493507,18381,9340,9226,0.508133398618138,0.501931342146782,-0.0473858876013275,-0.0519480519480519,19,8,0.421052631578947,58,27,0.46551724137931,0.44812235030897,0.0979366834102978
2023,2,Full,0.1,27,10,14,0.00146890811163702,0.37037037037037,0.518518518518519,18381,9340,9226,0.508133398618138,0.501931342146782,-0.131560971776412,-0.148148148148148,5,1,0.2,22,9,0.409090909090909,0.418125721928479,0.125772770380986
2023,2,Full,0.15,3,1,2,0.000163212012404113,0.333333333333333,0.666666666666667,18381,9340,9226,0.508133398618138,0.501931342146782,-0.168598008813449,-0.333333333333333,0,0,,3,1,0.333333333333333,0.326688864604105,0.173311135395895
2024,2,Calendar-only,0,18480,9061,9285,1,0.490313852813853,0.502435064935065,18480,9061,9285,0.490313852813853,0.502435064935065,-0.0121212121212121,-0.0121212121212121,9846,4856,0.493195206175097,8634,4205,0.487028028723651,0.501625620514461,0.0173810891095758
2024,2,Calendar-only,0.025,4215,2088,2153,0.228084415584416,0.495373665480427,0.51079478054567,18480,9061,9285,0.490313852813853,0.502435064935065,-0.00706139945463791,-0.0154211150652431,2176,1101,0.505974264705882,2039,987,0.484060814124571,0.502415551030623,0.0371101945346638
2024,2,Calendar-only,0.05,423,223,229,0.0228896103896104,0.527186761229314,0.541371158392435,18480,9061,9285,0.490313852813853,0.502435064935065,0.0247516962942495,-0.0141843971631206,281,155,0.551601423487545,142,68,0.47887323943662,0.52084792352146,0.0598218569104642
2024,2,Calendar-only,0.075,49,24,24,0.00265151515151515,0.489795918367347,0.489795918367347,18480,9061,9285,0.490313852813853,0.502435064935065,-0.012639146567718,0,49,24,0.489795918367347,0,0,,0.585807685006188,0.085807685006188
2024,2,Market-state,0,18480,9425,9285,1,0.510010822510823,0.502435064935065,18480,9425,9285,0.510010822510823,0.502435064935065,0.00757575757575757,0.00757575757575757,13558,6894,0.508482077002508,4922,2531,0.514221861032101,0.504371478808483,0.0100236562941287
2024,2,Market-state,0.025,1181,643,604,0.0639069264069264,0.544453852667231,0.511430990685859,18480,9425,9285,0.510010822510823,0.502435064935065,0.0420187877321662,0.0330228619813717,712,389,0.546348314606742,469,254,0.541577825159915,0.505864227687589,0.0387316597460001
2024,2,Market-state,0.05,172,84,75,0.00930735930735931,0.488372093023256,0.436046511627907,18480,9425,9285,0.510010822510823,0.502435064935065,-0.0140629719118092,0.0523255813953488,93,40,0.43010752688172,79,44,0.556962025316456,0.498805692017865,0.0689710216888504
2024,2,Market-state,0.075,35,16,17,0.00189393939393939,0.457142857142857,0.485714285714286,18480,9425,9285,0.510010822510823,0.502435064935065,-0.0452922077922078,-0.0285714285714286,10,4,0.4,25,12,0.48,0.445661944788876,0.108074282662909
2024,2,Market-state,0.1,11,5,5,0.000595238095238095,0.454545454545455,0.454545454545455,18480,9425,9285,0.510010822510823,0.502435064935065,-0.0478896103896104,0,3,1,0.333333333333333,8,4,0.5,0.40811492768566,0.157067704336831
2024,2,Market-state,0.15,5,2,3,0.000270562770562771,0.4,0.6,18480,9425,9285,0.510010822510823,0.502435064935065,-0.102435064935065,-0.2,0,0,,5,2,0.4,0.305758955875168,0.194241044124832
2024,2,Full,0,18480,9491,9285,1,0.513582251082251,0.502435064935065,18480,9491,9285,0.513582251082251,0.502435064935065,0.0111471861471861,0.0111471861471861,11636,5966,0.512719147473359,6844,3525,0.515049678550555,0.503995812214021,0.0119969646219917
2024,2,Full,0.025,1769,953,902,0.0957251082251082,0.53872244205766,0.509892594686264,18480,9491,9285,0.513582251082251,0.502435064935065,0.0362873771225948,0.0288298473713963,1142,614,0.537653239929948,627,339,0.54066985645933,0.508756144064074,0.0370552909870466
2024,2,Full,0.05,198,98,91,0.0107142857142857,0.494949494949495,0.45959595959596,18480,9491,9285,0.513582251082251,0.502435064935065,-0.00748556998556999,0.0353535353535354,111,51,0.45945945945946,87,47,0.540229885057471,0.501705486630786,0.0689697420572018
2024,2,Full,0.075,43,18,19,0.00232683982683983,0.418604651162791,0.441860465116279,18480,9491,9285,0.513582251082251,0.502435064935065,-0.0838304137722742,-0.0232558139534884,16,5,0.3125,27,13,0.481481481481482,0.460119115359854,0.104719418700091
2024,2,Full,0.1,13,6,6,0.000703463203463204,0.461538461538462,0.461538461538462,18480,9491,9285,0.513582251082251,0.502435064935065,-0.0408966033966034,0,3,1,0.333333333333333,10,5,0.5,0.399339438707125,0.153633532799178
2024,2,Full,0.15,5,2,3,0.000270562770562771,0.4,0.6,18480,9491,9285,0.513582251082251,0.502435064935065,-0.102435064935065,-0.2,0,0,,5,2,0.4,0.298001091096123,0.201998908903877
2025,2,Calendar-only,0,18573,9262,9440,1,0.498680880848544,0.50826468529586,18573,9262,9440,0.498680880848544,0.50826468529586,-0.00958380444731599,-0.00958380444731599,9691,4910,0.50665565989062,8882,4352,0.489979734294078,0.50182375885887,0.0161133106375466
2025,2,Calendar-only,0.025,4153,2094,2110,0.223604156571367,0.504213821333975,0.508066457982182,18573,9262,9440,0.498680880848544,0.50826468529586,-0.00405086396188414,-0.00385263664820612,2445,1248,0.510429447852761,1708,846,0.495316159250586,0.506865270808859,0.0350171526436907
2025,2,Calendar-only,0.05,288,149,149,0.0155063802293652,0.517361111111111,0.517361111111111,18573,9262,9440,0.498680880848544,0.50826468529586,0.00909642581525161,0,240,125,0.520833333333333,48,24,0.5,0.543352005312004,0.061860353899967
2025,2,Market-state,0,18573,9476,9440,1,0.51020298282453,0.50826468529586,18573,9476,9440,0.51020298282453,0.50826468529586,0.0019382975286707,0.0019382975286707,13101,6722,0.513090603770705,5472,2754,0.503289473684211,0.5031423067053,0.0111004688080593
2025,2,Market-state,0.025,1574,831,814,0.0847466752813224,0.527954256670902,0.51715374841169,18573,9476,9440,0.51020298282453,0.50826468529586,0.0196895713750426,0.0108005082592122,791,431,0.5448798988622,783,400,0.510855683269476,0.495351341725461,0.0445527536792352
2025,2,Market-state,0.05,362,190,184,0.0194906584827438,0.524861878453039,0.50828729281768,18573,9476,9440,0.51020298282453,0.50826468529586,0.0165971931571791,0.0165745856353591,138,75,0.543478260869565,224,115,0.513392857142857,0.472666399103099,0.0800442967386679
2025,2,Market-state,0.075,142,81,71,0.00764550691864535,0.570422535211268,0.5,18573,9476,9440,0.51020298282453,0.50826468529586,0.0621578499154081,0.0704225352112676,30,20,0.666666666666667,112,61,0.544642857142857,0.43257586230022,0.111791069038443
2025,2,Market-state,0.1,55,28,32,0.00296128789102461,0.509090909090909,0.581818181818182,18573,9476,9440,0.51020298282453,0.50826468529586,0.000826223795049486,-0.0727272727272728,11,8,0.727272727272727,44,20,0.454545454545455,0.401452313706578,0.152782051185139
2025,2,Market-state,0.15,20,10,11,0.00107683196037258,0.5,0.55,18573,9476,9440,0.51020298282453,0.50826468529586,-0.00826468529585955,-0.05,3,2,0.666666666666667,17,8,0.470588235294118,0.343756471846441,0.2108974850574
2025,2,Full,0,18573,9464,9440,1,0.509556883648307,0.50826468529586,18573,9464,9440,0.509556883648307,0.50826468529586,0.00129219835244709,0.00129219835244709,11261,5796,0.51469674096439,7312,3668,0.50164113785558,0.502334339789375,0.0135142850246534
2025,2,Full,0.025,2263,1208,1172,0.121843536316158,0.533804684047724,0.517896597437031,18573,9464,9440,0.509556883648307,0.50826468529586,0.0255399987518647,0.0159080866106938,1197,657,0.548872180451128,1066,551,0.516885553470919,0.497149486943392,0.0415986402897689
2025,2,Full,0.05,414,218,212,0.0222904215797125,0.526570048309179,0.51207729468599,18573,9464,9440,0.509556883648307,0.50826468529586,0.0183053630133192,0.0144927536231884,148,82,0.554054054054054,266,136,0.511278195488722,0.467690008680006,0.080056728842053
2025,2,Full,0.075,158,91,73,0.00850697248694341,0.575949367088608,0.462025316455696,18573,9464,9440,0.509556883648307,0.50826468529586,0.067684681792748,0.113924050632911,32,19,0.59375,126,72,0.571428571428571,0.425163367890475,0.114091154629427
2025,2,Full,0.1,67,34,36,0.00360738706724816,0.507462686567164,0.537313432835821,18573,9464,9440,0.509556883648307,0.50826468529586,-0.000801998728695352,-0.0298507462686567,9,6,0.666666666666667,58,28,0.482758620689655,0.38334630412308,0.152465152557225
2025,2,Full,0.15,25,10,16,0.00134603995046573,0.4,0.64,18573,9464,9440,0.509556883648307,0.50826468529586,-0.10826468529586,-0.24,3,2,0.666666666666667,22,8,0.363636363636364,0.33134719961305,0.210721920135028
2026,2,Calendar-only,0,3752,1896,1884,1,0.505330490405117,0.502132196162047,3752,1896,1884,0.505330490405117,0.502132196162047,0.00319829424307028,0.00319829424307028,2076,1052,0.506743737957611,1676,844,0.503579952267303,0.502479950770552,0.0153207314314196
2026,2,Calendar-only,0.025,841,421,442,0.224147121535181,0.500594530321046,0.525564803804994,3752,1896,1884,0.505330490405117,0.502132196162047,-0.00153766584100057,-0.0249702734839476,484,253,0.522727272727273,357,168,0.470588235294118,0.506129747942625,0.0339756908349779
2026,2,Calendar-only,0.05,40,21,21,0.0106609808102345,0.525,0.525,3752,1896,1884,0.505330490405117,0.502132196162047,0.0228678038379531,0,40,21,0.525,0,0,,0.561513184751055,0.0615131847510551
2026,2,Market-state,0,3752,1958,1884,1,0.521855010660981,0.502132196162047,3752,1958,1884,0.521855010660981,0.502132196162047,0.0197228144989339,0.0197228144989339,2522,1306,0.517842981760508,1230,652,0.530081300813008,0.503252193512703,0.0107597622819106
2026,2,Market-state,0.025,311,161,176,0.0828891257995736,0.517684887459807,0.565916398713826,3752,1958,1884,0.521855010660981,0.502132196162047,0.0155526912977602,-0.0482315112540193,166,96,0.578313253012048,145,65,0.448275862068966,0.501582461739479,0.0381732089389967
2026,2,Market-state,0.05,56,28,25,0.0149253731343284,0.5,0.446428571428571,3752,1958,1884,0.521855010660981,0.502132196162047,-0.00213219616204696,0.0535714285714286,27,12,0.444444444444444,29,16,0.551724137931035,0.496737975982883,0.0650314844298268
2026,2,Market-state,0.075,10,3,3,0.00266524520255864,0.3,0.3,3752,1958,1884,0.521855010660981,0.502132196162047,-0.202132196162047,0,6,1,0.166666666666667,4,2,0.5,0.512993609454792,0.0897084999822456
2026,2,Market-state,0.1,2,1,1,0.000533049040511727,0.5,0.5,3752,1958,1884,0.521855010660981,0.502132196162047,-0.00213219616204696,0,0,0,,2,1,0.5,0.392517077083534,0.107482922916466
2026,2,Full,0,3752,1980,1884,1,0.52771855010661,0.502132196162047,3752,1980,1884,0.52771855010661,0.502132196162047,0.0255863539445629,0.0255863539445629,2210,1161,0.525339366515837,1542,819,0.531128404669261,0.502341360641084,0.0127418647487004
2026,2,Full,0.025,419,214,219,0.111673773987207,0.510739856801909,0.522673031026253,3752,1980,1884,0.52771855010661,0.502132196162047,0.00860766063986229,-0.0119331742243437,226,120,0.530973451327434,193,94,0.487046632124352,0.50201135103102,0.0372437434660984
2026,2,Full,0.05,60,30,29,0.0159914712153518,0.5,0.483333333333333,3752,1980,1884,0.52771855010661,0.502132196162047,-0.00213219616204696,0.0166666666666667,31,15,0.483870967741936,29,15,0.517241379310345,0.500096881534411,0.0655953046973652
2026,2,Full,0.075,11,4,4,0.0029317697228145,0.363636363636364,0.363636363636364,3752,1980,1884,0.52771855010661,0.502132196162047,-0.138495832525683,0,5,1,0.2,6,3,0.5,0.489236870103962,0.0902764247815246
2026,2,Full,0.1,2,1,1,0.000533049040511727,0.5,0.5,3752,1980,1884,0.52771855010661,0.502132196162047,-0.00213219616204696,0,0,0,,2,1,0.5,0.390257578209839,0.109742421790161
2017,3,Calendar-only,0,7997,4012,3966,1,0.501688133049894,0.495935975990997,7997,4012,3966,0.501688133049894,0.495935975990997,0.00575215705889703,0.00575215705889703,3812,1929,0.506033578174187,4185,2083,0.497729988052569,0.497919619426808,0.0195340046952921
2017,3,Calendar-only,0.025,2562,1301,1242,0.320370138802051,0.507806401249024,0.484777517564403,7997,4012,3966,0.501688133049894,0.495935975990997,0.0118704252580276,0.0230288836846214,1139,599,0.525899912203688,1423,702,0.493323963457484,0.494635260947193,0.0366753367346411
2017,3,Calendar-only,0.05,323,168,166,0.0403901463048643,0.520123839009288,0.513931888544892,7997,4012,3966,0.501688133049894,0.495935975990997,0.0241878630182913,0.00619195046439625,84,43,0.511904761904762,239,125,0.523012552301255,0.472240045538236,0.0590882112718586
2017,3,Market-state,0,7997,4179,3966,1,0.522570964111542,0.495935975990997,7997,4179,3966,0.522570964111542,0.495935975990997,0.0266349881205452,0.0266349881205452,3855,2034,0.527626459143969,4142,2145,0.517865765330758,0.500331056678559,0.0132281594497357
2017,3,Market-state,0.025,1108,599,562,0.138551956983869,0.540613718411552,0.507220216606498,7997,4179,3966,0.522570964111542,0.495935975990997,0.0446777424205557,0.0333935018050542,579,308,0.531951640759931,529,291,0.550094517958412,0.504890577046128,0.0414997385874102
2017,3,Market-state,0.05,246,127,131,0.0307615355758409,0.516260162601626,0.532520325203252,7997,4179,3966,0.522570964111542,0.495935975990997,0.0203241866106294,-0.016260162601626,158,77,0.487341772151899,88,50,0.568181818181818,0.523353219015301,0.0689077164219736
2017,3,Market-state,0.075,68,33,39,0.00850318869576091,0.485294117647059,0.573529411764706,7997,4179,3966,0.522570964111542,0.495935975990997,-0.0106418583439378,-0.088235294117647,54,24,0.444444444444444,14,9,0.642857142857143,0.557828254213439,0.0940110745398775
2017,3,Market-state,0.1,20,7,14,0.00250093785169439,0.35,0.7,7997,4179,3966,0.522570964111542,0.495935975990997,-0.145935975990997,-0.35,17,5,0.294117647058824,3,2,0.666666666666667,0.584785569159213,0.118675004416007
2017,3,Market-state,0.15,1,0,1,0.000125046892584719,0,1,7997,4179,3966,0.522570964111542,0.495935975990997,-0.495935975990997,-1,1,0,0,0,0,,0.708556940963733,0.208556940963733
2017,3,Full,0,7997,4172,3966,1,0.521695635863449,0.495935975990997,7997,4172,3966,0.521695635863449,0.495935975990997,0.0257596598724522,0.0257596598724522,4028,2117,0.525571002979146,3969,2055,0.517762660619804,0.501548710271985,0.0174235059849332
2017,3,Full,0.025,1719,926,853,0.214955608353132,0.538685282140779,0.496218731820826,7997,4172,3966,0.521695635863449,0.495935975990997,0.0427493061497828,0.0424665503199534,945,509,0.538624338624339,774,417,0.538759689922481,0.50743747477556,0.0434297383566597
2017,3,Full,0.05,393,201,199,0.0491434287857947,0.511450381679389,0.506361323155216,7997,4172,3966,0.521695635863449,0.495935975990997,0.0155144056883926,0.00508905852417296,254,128,0.503937007874016,139,73,0.525179856115108,0.526689718214409,0.0750877572587043
2017,3,Full,0.075,118,53,63,0.0147555333249969,0.449152542372881,0.533898305084746,7997,4172,3966,0.521695635863449,0.495935975990997,-0.0467834336181153,-0.0847457627118644,92,41,0.445652173913043,26,12,0.461538461538462,0.562890805594484,0.112137684134801
2017,3,Full,0.1,53,22,34,0.00662748530699012,0.415094339622642,0.641509433962264,7997,4172,3966,0.521695635863449,0.495935975990997,-0.0808416363683551,-0.226415094339623,40,14,0.35,13,8,0.615384615384615,0.576092759148068,0.143832176673414
2017,3,Full,0.15,19,6,12,0.00237589095910967,0.315789473684211,0.631578947368421,7997,4172,3966,0.521695635863449,0.495935975990997,-0.180146502306786,-0.315789473684211,18,6,0.333333333333333,1,0,0,0.661176494600684,0.177241197422718
2018,3,Calendar-only,0,15273,7800,7624,1,0.510705165979179,0.499181562234008,15273,7800,7624,0.510705165979179,0.499181562234008,0.0115236037451712,0.0115236037451712,7464,3820,0.511789924973205,7809,3980,0.509668331412473,0.498443623530962,0.0167972714369294
2018,3,Calendar-only,0.025,3474,1777,1733,0.227460223924573,0.511514104778354,0.498848589522165,15273,7800,7624,0.510705165979179,0.499181562234008,0.0123325425443457,0.0126655152561888,1422,733,0.515471167369902,2052,1044,0.508771929824562,0.493593406289763,0.0375773184256417
2018,3,Calendar-only,0.05,432,221,229,0.028285209192693,0.511574074074074,0.530092592592593,15273,7800,7624,0.510705165979179,0.499181562234008,0.0123925118400663,-0.0185185185185185,144,68,0.472222222222222,288,153,0.53125,0.47799342968915,0.059952428506516
2018,3,Calendar-only,0.075,48,30,30,0.00314280102141033,0.625,0.625,15273,7800,7624,0.510705165979179,0.499181562234008,0.125818437765992,0,0,0,,48,30,0.625,0.41763077336517,0.0823692266348305
2018,3,Market-state,0,15273,8046,7624,1,0.526812021213907,0.499181562234008,15273,8046,7624,0.526812021213907,0.499181562234008,0.0276304589798992,0.0276304589798992,7834,4128,0.526933877967833,7439,3918,0.526683694044898,0.499181886228214,0.0224971657464738
2018,3,Market-state,0.025,4458,2432,2266,0.291887644863485,0.545536114849709,0.508299685957829,15273,8046,7624,0.526812021213907,0.499181562234008,0.0463545526157007,0.0372364288918798,2078,1122,0.539942252165544,2380,1310,0.550420168067227,0.495666391741835,0.0534670705983004
2018,3,Market-state,0.05,1738,955,921,0.113795586983566,0.549482163406214,0.529919447640967,15273,8046,7624,0.526812021213907,0.499181562234008,0.0503006011722063,0.0195627157652474,804,419,0.521144278606965,934,536,0.573875802997859,0.492651372454808,0.0822767812888057
2018,3,Market-state,0.075,767,435,389,0.0502193413212859,0.567144719687093,0.507170795306389,15273,8046,7624,0.526812021213907,0.499181562234008,0.0679631574530848,0.059973924380704,346,196,0.566473988439307,421,239,0.567695961995249,0.487443376691833,0.109841346284362
2018,3,Market-state,0.1,350,201,189,0.0229162574477837,0.574285714285714,0.54,15273,8046,7624,0.526812021213907,0.499181562234008,0.0751041520517066,0.0342857142857143,158,85,0.537974683544304,192,116,0.604166666666667,0.482682213054784,0.138074195729547
2018,3,Market-state,0.15,100,61,56,0.00654750212793819,0.61,0.56,15273,8046,7624,0.526812021213907,0.499181562234008,0.110818437765992,0.0499999999999999,37,21,0.567567567567568,63,40,0.634920634920635,0.449342659699383,0.187210837853885
2018,3,Full,0,15273,7971,7624,1,0.521901394617953,0.499181562234008,15273,7971,7624,0.521901394617953,0.499181562234008,0.0227198323839455,0.0227198323839455,7019,3683,0.524718620886166,8254,4288,0.519505694208868,0.497342825337675,0.026773539703184
2018,3,Full,0.025,5859,3178,2968,0.383618149675899,0.542413381123059,0.506571087216249,15273,7971,7624,0.521901394617953,0.499181562234008,0.0432318188890509,0.03584229390681,2596,1403,0.540446841294299,3263,1775,0.543977934416182,0.494643238979414,0.0516813706292521
2018,3,Full,0.05,2144,1186,1109,0.140378445622995,0.553171641791045,0.517257462686567,15273,7971,7624,0.521901394617953,0.499181562234008,0.053990079557037,0.0359141791044776,997,537,0.538615847542628,1147,649,0.565823888404534,0.493879804507903,0.0807523323742907
2018,3,Full,0.075,939,521,477,0.0614810449813396,0.554845580404686,0.507987220447284,15273,7971,7624,0.521901394617953,0.499181562234008,0.0556640181706781,0.0468583599574014,458,251,0.548034934497817,481,270,0.561330561330561,0.493768996647108,0.106665035954808
2018,3,Full,0.1,387,217,189,0.0253388332351208,0.560723514211886,0.488372093023256,15273,7971,7624,0.521901394617953,0.499181562234008,0.0615419519778785,0.0723514211886305,174,101,0.580459770114943,213,116,0.544600938967136,0.482148663653116,0.136770660290808
2018,3,Full,0.15,103,63,57,0.00674392719177634,0.611650485436893,0.553398058252427,15273,7971,7624,0.521901394617953,0.499181562234008,0.112468923202885,0.058252427184466,36,21,0.583333333333333,67,42,0.626865671641791,0.442103157451152,0.188363364233369
2019,3,Calendar-only,0,16865,8496,8408,1,0.503765194189149,0.498547287281352,16865,8496,8408,0.503765194189149,0.498547287281352,0.00521790690779722,0.00521790690779722,8382,4235,0.505249343832021,8483,4261,0.502298715077213,0.499525532038727,0.0199921589149442
2019,3,Calendar-only,0.025,4877,2429,2454,0.289178772605989,0.498052081197458,0.503178183309412,16865,8496,8408,0.503765194189149,0.498547287281352,-0.000495206083894417,-0.00512610211195408,2215,1095,0.494356659142212,2662,1334,0.501126972201352,0.496836989762459,0.038240826534561
2019,3,Calendar-only,0.05,763,398,383,0.045241624666469,0.521625163826999,0.501965923984273,16865,8496,8408,0.503765194189149,0.498547287281352,0.0230778765456467,0.019659239842726,357,186,0.521008403361345,406,212,0.522167487684729,0.492274683362665,0.0610157356673416
2019,3,Calendar-only,0.075,101,56,56,0.00598873406463089,0.554455445544555,0.554455445544555,16865,8496,8408,0.503765194189149,0.498547287281352,0.0559081582632026,0,0,0,,101,56,0.554455445544555,0.417484508579573,0.0825154914204272
2019,3,Market-state,0,16865,8810,8408,1,0.522383634746517,0.498547287281352,16865,8810,8408,0.522383634746517,0.498547287281352,0.0238363474651646,0.0238363474651646,10734,5568,0.518725544997205,6131,3242,0.528788125917469,0.503079245511872,0.0159952956294453
2019,3,Market-state,0.025,3023,1643,1544,0.17924696116217,0.543499834601389,0.510750909692359,16865,8810,8408,0.522383634746517,0.498547287281352,0.0449525473200375,0.0327489249090308,1607,853,0.530802738021157,1416,790,0.557909604519774,0.500908928261475,0.0445308083920611
2019,3,Market-state,0.05,818,446,389,0.0485028164838423,0.545232273838631,0.475550122249389,16865,8810,8408,0.522383634746517,0.498547287281352,0.0466849865572789,0.0696821515892421,395,226,0.572151898734177,423,220,0.520094562647754,0.495369623174975,0.0728899474853058
2019,3,Market-state,0.075,258,130,117,0.0152979543433146,0.503875968992248,0.453488372093023,16865,8810,8408,0.522383634746517,0.498547287281352,0.00532868171089618,0.0503875968992248,115,64,0.556521739130435,143,66,0.461538461538462,0.485529814371601,0.101596337558992
2019,3,Market-state,0.1,91,44,41,0.00539579009783575,0.483516483516484,0.450549450549451,16865,8810,8408,0.522383634746517,0.498547287281352,-0.0150308037648684,0.032967032967033,35,19,0.542857142857143,56,25,0.446428571428571,0.464782648259141,0.13227953362107
2019,3,Market-state,0.15,19,8,11,0.00112659353691076,0.421052631578947,0.578947368421053,16865,8810,8408,0.522383634746517,0.498547287281352,-0.0774946557024046,-0.157894736842105,7,2,0.285714285714286,12,6,0.5,0.437209313980445,0.186828633816002
2019,3,Full,0,16865,8826,8408,1,0.523332345093389,0.498547287281352,16865,8826,8408,0.523332345093389,0.498547287281352,0.0247850578120368,0.0247850578120368,9552,4985,0.521880234505863,7313,3841,0.52522904416792,0.503169076490007,0.0195660016725278
2019,3,Full,0.025,4427,2396,2194,0.262496294100208,0.54122430539869,0.495595211203976,16865,8826,8408,0.523332345093389,0.498547287281352,0.0426770181173379,0.0456290941947142,2622,1412,0.538520213577422,1805,984,0.545152354570637,0.50790675347833,0.044010340927026
2019,3,Full,0.05,1099,589,543,0.0651645419507857,0.535941765241128,0.494085532302093,16865,8826,8408,0.523332345093389,0.498547287281352,0.0373944779597765,0.0418562329390356,640,343,0.5359375,459,246,0.535947712418301,0.512266693564902,0.0741338343034097
2019,3,Full,0.075,367,195,164,0.0217610435813816,0.53133514986376,0.446866485013624,16865,8826,8408,0.523332345093389,0.498547287281352,0.0327878625824083,0.0844686648501362,225,128,0.568888888888889,142,67,0.471830985915493,0.521137332894092,0.102927484373576
2019,3,Full,0.1,141,70,68,0.00836050993181144,0.49645390070922,0.482269503546099,16865,8826,8408,0.523332345093389,0.498547287281352,-0.00209338657213204,0.0141843971631206,86,44,0.511627906976744,55,26,0.472727272727273,0.524299719193286,0.131847497524801
2019,3,Full,0.15,24,10,12,0.00142306552030833,0.416666666666667,0.5,16865,8826,8408,0.523332345093389,0.498547287281352,-0.0818806206146852,-0.0833333333333333,10,4,0.4,14,6,0.428571428571429,0.457871776533659,0.182694660037886
2020,3,Calendar-only,0,17810,8883,8712,1,0.498764738910724,0.489163391353172,17810,8883,8712,0.498764738910724,0.489163391353172,0.00960134755755193,0.00960134755755193,8383,4277,0.510199212692354,9427,4606,0.488596584279198,0.499668168993848,0.0208295555877162
2020,3,Calendar-only,0.025,5596,2771,2762,0.31420550252667,0.49517512508935,0.493566833452466,17810,8883,8712,0.498764738910724,0.489163391353172,0.00601173373617714,0.00160829163688347,2685,1347,0.501675977653631,2911,1424,0.489178976296805,0.498131918208019,0.0387654696217692
2020,3,Calendar-only,0.05,920,460,442,0.051656372824256,0.5,0.480434782608696,17810,8883,8712,0.498764738910724,0.489163391353172,0.0108366086468276,0.0195652173913043,382,200,0.523560209424084,538,260,0.483271375464684,0.487972596243577,0.0604690153635625
2020,3,Calendar-only,0.075,95,56,43,0.00533408197641774,0.589473684210526,0.452631578947368,17810,8883,8712,0.498764738910724,0.489163391353172,0.100310292857354,0.136842105263158,45,29,0.644444444444445,50,27,0.54,0.495218798487989,0.085326444807485
2020,3,Market-state,0,17810,9108,8712,1,0.511398090960135,0.489163391353172,17810,9108,8712,0.511398090960135,0.489163391353172,0.0222346996069624,0.0222346996069624,8770,4583,0.522576966932725,9040,4525,0.500553097345133,0.49453710757938,0.0271609639803285
2020,3,Market-state,0.025,6059,3078,3048,0.340202133632791,0.508004621224625,0.503053309126919,17810,9108,8712,0.511398090960135,0.489163391353172,0.0188412298714521,0.00495131209770594,2342,1186,0.506404782237404,3717,1892,0.509012644605865,0.48247236243557,0.0595665299671327
2020,3,Market-state,0.05,2630,1299,1354,0.147669848399775,0.493916349809886,0.514828897338403,17810,9108,8712,0.511398090960135,0.489163391353172,0.00475295845671353,-0.0209125475285172,911,428,0.469813391877058,1719,871,0.506689936009308,0.467728280409309,0.0911945707970943
2020,3,Market-state,0.075,1312,660,674,0.0736664795058956,0.503048780487805,0.513719512195122,17810,9108,8712,0.511398090960135,0.489163391353172,0.0138853891346325,-0.010670731707317,414,200,0.483091787439614,898,460,0.512249443207127,0.450849983497832,0.121528121437595
2020,3,Market-state,0.1,710,374,356,0.0398652442448063,0.526760563380282,0.501408450704225,17810,9108,8712,0.511398090960135,0.489163391353172,0.0375971720271093,0.0253521126760563,212,115,0.542452830188679,498,259,0.520080321285141,0.433099501908735,0.151679552986484
2020,3,Market-state,0.15,251,136,123,0.014093206064009,0.541832669322709,0.49003984063745,17810,9108,8712,0.511398090960135,0.489163391353172,0.0526692779695368,0.0517928286852589,61,37,0.60655737704918,190,99,0.521052631578947,0.386377851103746,0.210483692973172
2020,3,Full,0,17810,8982,8712,1,0.504323413812465,0.489163391353172,17810,8982,8712,0.504323413812465,0.489163391353172,0.0151600224592925,0.0151600224592925,7438,3854,0.518150040333423,10372,5128,0.494408021596606,0.491250386438005,0.0310438095182291
2020,3,Full,0.025,7580,3855,3781,0.425603593486805,0.508575197889182,0.498812664907652,17810,8982,8712,0.504323413812465,0.489163391353172,0.0194118065360097,0.00976253298153035,2816,1445,0.513139204545455,4764,2410,0.505877413937867,0.481373880409111,0.0572132152788311
2020,3,Full,0.05,3063,1550,1544,0.171982032565974,0.506039830231799,0.504080966372837,17810,8982,8712,0.504323413812465,0.489163391353172,0.0168764388786265,0.00195886385896182,1002,504,0.502994011976048,2061,1046,0.507520621057739,0.464610568094715,0.0897300687362187
2020,3,Full,0.075,1496,766,749,0.0839977540707468,0.512032085561497,0.500668449197861,17810,8982,8712,0.504323413812465,0.489163391353172,0.022868694208325,0.0113636363636365,443,230,0.519187358916479,1053,536,0.509021842355176,0.445883127988083,0.120296795198562
2020,3,Full,0.1,776,407,396,0.0435710275126334,0.524484536082474,0.510309278350515,17810,8982,8712,0.504323413812465,0.489163391353172,0.0353211447293019,0.0141752577319588,209,110,0.526315789473684,567,297,0.523809523809524,0.422856955032313,0.152455385726079
2020,3,Full,0.15,286,155,142,0.0160583941605839,0.541958041958042,0.496503496503497,17810,8982,8712,0.504323413812465,0.489163391353172,0.0527946506048696,0.0454545454545455,57,35,0.614035087719298,229,120,0.524017467248908,0.369204792928921,0.208986386297643
2021,3,Calendar-only,0,18228,9058,9242,1,0.496927803379416,0.507022163704191,18228,9058,9242,0.496927803379416,0.507022163704191,-0.0100943603247751,-0.0100943603247751,9974,5023,0.503609384399439,8254,4035,0.488853889023504,0.501838922034356,0.0192678435792903
2021,3,Calendar-only,0.025,5399,2718,2703,0.296192670616634,0.503426560474162,0.500648268197814,18228,9058,9242,0.496927803379416,0.507022163704191,-0.0035956032300295,0.00277829227634752,3010,1516,0.503654485049834,2389,1202,0.503139388865634,0.503149543004003,0.0377238509687649
2021,3,Calendar-only,0.05,825,449,422,0.0452600394996708,0.544242424242424,0.511515151515152,18228,9058,9242,0.496927803379416,0.507022163704191,0.0372202605382328,0.0327272727272727,380,213,0.560526315789474,445,236,0.530337078651685,0.494910784545098,0.0588238671365698
2021,3,Calendar-only,0.075,91,39,49,0.00499231950844854,0.428571428571429,0.538461538461538,18228,9058,9242,0.496927803379416,0.507022163704191,-0.0784507351327629,-0.10989010989011,41,19,0.463414634146342,50,20,0.4,0.499329879846903,0.08898695469048
2021,3,Market-state,0,18228,9382,9242,1,0.514702655255651,0.507022163704191,18228,9382,9242,0.514702655255651,0.507022163704191,0.00768049155145922,0.00768049155145922,12370,6383,0.516006467259499,5858,2999,0.51194947080915,0.503795308874962,0.0138393369539241
2021,3,Market-state,0.025,2476,1271,1299,0.135834979152952,0.513327948303716,0.524636510500808,18228,9382,9242,0.514702655255651,0.507022163704191,0.00630578459952425,-0.0113085621970921,1318,706,0.535660091047041,1158,565,0.487910189982729,0.501549591359421,0.0420990594909204
2021,3,Market-state,0.05,554,271,306,0.0303928022822032,0.489169675090253,0.552346570397112,18228,9382,9242,0.514702655255651,0.507022163704191,-0.0178524886139387,-0.0631768953068592,265,144,0.543396226415094,289,127,0.439446366782007,0.495715265011081,0.0702180444883243
2021,3,Market-state,0.075,164,76,88,0.00899714724599517,0.463414634146342,0.536585365853659,18228,9382,9242,0.514702655255651,0.507022163704191,-0.0436075295578499,-0.0731707317073171,74,37,0.5,90,39,0.433333333333333,0.48818439531871,0.0966339378817444
2021,3,Market-state,0.1,50,23,31,0.00274303269694975,0.46,0.62,18228,9382,9242,0.514702655255651,0.507022163704191,-0.0470221637041914,-0.16,18,11,0.611111111111111,32,12,0.375,0.467683003381785,0.121837916345073
2021,3,Market-state,0.15,5,2,4,0.000274303269694975,0.4,0.8,18228,9382,9242,0.514702655255651,0.507022163704191,-0.107022163704191,-0.4,3,2,0.666666666666667,2,0,0,0.533574431246159,0.165751049791115
2021,3,Full,0,18228,9249,9242,1,0.507406188281764,0.507022163704191,18228,9249,9242,0.507406188281764,0.507022163704191,0.000384024577572917,0.000384024577572917,10681,5472,0.512311581312611,7547,3777,0.50046376043461,0.503979848418342,0.0165751519458621
2021,3,Full,0.025,3787,1968,1994,0.207757296466974,0.519672564034856,0.52653815685239,18228,9249,9242,0.507406188281764,0.507022163704191,0.0126504003306647,-0.00686559281753374,2465,1320,0.535496957403651,1322,648,0.490166414523449,0.510740553457046,0.0405858038243588
2021,3,Full,0.05,705,359,386,0.0386767610269914,0.509219858156028,0.547517730496454,18228,9249,9242,0.507406188281764,0.507022163704191,0.00219769445183693,-0.0382978723404256,398,219,0.550251256281407,307,140,0.456026058631922,0.508056320980146,0.0704336136196206
2021,3,Full,0.075,216,102,116,0.0118499012508229,0.472222222222222,0.537037037037037,18228,9249,9242,0.507406188281764,0.507022163704191,-0.0347999414819692,-0.0648148148148149,118,60,0.508474576271186,98,42,0.428571428571429,0.506187615509372,0.0948456891250486
2021,3,Full,0.1,59,29,33,0.0032367785824007,0.491525423728814,0.559322033898305,18228,9249,9242,0.507406188281764,0.507022163704191,-0.0154967399753778,-0.0677966101694915,25,14,0.56,34,15,0.441176470588235,0.480659173250609,0.120567823654832
2021,3,Full,0.15,5,2,4,0.000274303269694975,0.4,0.8,18228,9249,9242,0.507406188281764,0.507022163704191,-0.107022163704191,-0.4,3,2,0.666666666666667,2,0,0,0.533059717380801,0.166656813969337
2022,3,Calendar-only,0,18958,9408,9281,1,0.496254879206667,0.489555860322819,18958,9408,9281,0.496254879206667,0.489555860322819,0.00669901888384855,0.00669901888384855,10399,5065,0.48706606404462,8559,4343,0.507419091015306,0.502620421178174,0.0188087441915293
2022,3,Calendar-only,0.025,5269,2652,2540,0.277930161409431,0.50332131334219,0.482064907952173,18958,9408,9281,0.496254879206667,0.489555860322819,0.0137654530193714,0.0212564053900171,3065,1494,0.487438825448613,2204,1158,0.52540834845735,0.504582341465028,0.0372872705050579
2022,3,Calendar-only,0.05,801,409,401,0.0422512923304146,0.510611735330837,0.500624219725343,18958,9408,9281,0.496254879206667,0.489555860322819,0.0210558750080176,0.00998751560549316,353,181,0.512747875354108,448,228,0.508928571428571,0.493524773383647,0.0609104066177296
2022,3,Calendar-only,0.075,48,26,26,0.00253191264901361,0.541666666666667,0.541666666666667,18958,9408,9281,0.496254879206667,0.489555860322819,0.0521108063438478,0,48,26,0.541666666666667,0,0,,0.577262663577679,0.0772626635776786
2022,3,Market-state,0,18958,9601,9281,1,0.50643527798291,0.489555860322819,18958,9601,9281,0.50643527798291,0.489555860322819,0.0168794176600907,0.0168794176600907,10178,5051,0.496266457064256,8780,4550,0.518223234624146,0.499200130949831,0.0208917444391651
2022,3,Market-state,0.025,5146,2624,2558,0.271442135246334,0.509910610182666,0.497085114652157,18958,9601,9281,0.50643527798291,0.489555860322819,0.0203547498598473,0.0128254955305092,2306,1171,0.507805724197745,2840,1453,0.511619718309859,0.493221662170459,0.0501129761287328
2022,3,Market-state,0.05,1756,894,831,0.0926258044097479,0.509111617312073,0.473234624145786,18958,9601,9281,0.50643527798291,0.489555860322819,0.019555756989254,0.035876993166287,695,332,0.477697841726619,1061,562,0.529688972667295,0.48351781469155,0.0794946788348435
2022,3,Market-state,0.075,710,346,338,0.0374512079333263,0.487323943661972,0.476056338028169,18958,9601,9281,0.50643527798291,0.489555860322819,-0.00223191666084699,0.0112676056338029,274,124,0.452554744525548,436,222,0.509174311926605,0.476627004619506,0.107212476640265
2022,3,Market-state,0.1,286,132,136,0.0150859795337061,0.461538461538462,0.475524475524476,18958,9601,9281,0.50643527798291,0.489555860322819,-0.0280173987843573,-0.013986013986014,108,45,0.416666666666667,178,87,0.48876404494382,0.46960358741101,0.139232453457371
2022,3,Market-state,0.15,63,26,36,0.00332313535183036,0.412698412698413,0.571428571428571,18958,9601,9281,0.50643527798291,0.489555860322819,-0.0768574476244062,-0.158730158730159,25,12,0.48,38,14,0.368421052631579,0.471996473816331,0.209788171645237
2022,3,Full,0,18958,9748,9281,1,0.514189260470514,0.489555860322819,18958,9748,9281,0.514189260470514,0.489555860322819,0.0246334001476949,0.0246334001476949,9099,4585,0.5039015276404,9859,5163,0.523683943604828,0.498308897469862,0.0221292392928424
2022,3,Full,0.025,5716,2882,2828,0.301508597953371,0.504198740377887,0.494751574527642,18958,9748,9281,0.514189260470514,0.489555860322819,0.0146428800550678,0.00944716585024491,2678,1336,0.498879761015683,3038,1546,0.508887425938117,0.494957145844119,0.0492853842939965
2022,3,Full,0.05,1889,962,901,0.0996413123747231,0.50926416093171,0.476971942826893,18958,9748,9281,0.514189260470514,0.489555860322819,0.0197083006088911,0.0322922181048174,798,386,0.483709273182957,1091,576,0.527956003666361,0.485837468161377,0.0783127102687406
2022,3,Full,0.075,740,364,360,0.0390336533389598,0.491891891891892,0.486486486486487,18958,9748,9281,0.514189260470514,0.489555860322819,0.00233603156907308,0.00540540540540541,270,127,0.47037037037037,470,237,0.504255319148936,0.47182301517048,0.106433998175147
2022,3,Full,0.1,294,137,137,0.0155079649752084,0.465986394557823,0.465986394557823,18958,9748,9281,0.514189260470514,0.489555860322819,-0.0235694657649957,0,100,40,0.4,194,97,0.5,0.460298990746488,0.138443935125062
2022,3,Full,0.15,63,26,37,0.00332313535183036,0.412698412698413,0.587301587301587,18958,9748,9281,0.514189260470514,0.489555860322819,-0.0768574476244062,-0.174603174603175,24,12,0.5,39,14,0.358974358974359,0.465789917725549,0.208803909003905
2023,3,Calendar-only,0,18456,9170,9342,1,0.496857390550499,0.506176853055917,18456,9170,9342,0.496857390550499,0.506176853055917,-0.00931946250541826,-0.00931946250541826,9452,4754,0.502962336013542,9004,4416,0.490448689471346,0.500283434461709,0.0178683978768093
2023,3,Calendar-only,0.025,4540,2302,2304,0.245990463805808,0.50704845814978,0.507488986784141,18456,9170,9342,0.496857390550499,0.506176853055917,0.000871605093862971,-0.000440528634361281,2250,1158,0.514666666666667,2290,1144,0.499563318777293,0.498716385857513,0.0382636789599448
2023,3,Calendar-only,0.05,679,358,349,0.036790203727785,0.527245949926362,0.5139911634757,18456,9170,9342,0.496857390550499,0.506176853055917,0.0210690968704456,0.0132547864506628,340,184,0.541176470588235,339,174,0.513274336283186,0.498869881105869,0.0585740036454776
2023,3,Market-state,0,18456,9444,9342,1,0.511703511053316,0.506176853055917,18456,9444,9342,0.511703511053316,0.506176853055917,0.00552665799739927,0.00552665799739927,11838,6084,0.513938165230613,6618,3360,0.507706255666365,0.501899288740829,0.0103722105957954
2023,3,Market-state,0.025,1568,826,798,0.0849588209796272,0.526785714285714,0.508928571428571,18456,9444,9342,0.511703511053316,0.506176853055917,0.0206088612297975,0.0178571428571429,736,396,0.53804347826087,832,430,0.516826923076923,0.496525008522495,0.03871114773176
2023,3,Market-state,0.05,239,109,127,0.012949718248808,0.456066945606695,0.531380753138075,18456,9444,9342,0.511703511053316,0.506176853055917,-0.0501099074492222,-0.0753138075313807,93,45,0.483870967741936,146,64,0.438356164383562,0.48502853626658,0.0677681934848843
2023,3,Market-state,0.075,56,25,27,0.00303424360641526,0.446428571428571,0.482142857142857,18456,9444,9342,0.511703511053316,0.506176853055917,-0.0597482816273453,-0.0357142857142857,24,10,0.416666666666667,32,15,0.46875,0.484634451844236,0.0972002620564091
2023,3,Market-state,0.1,23,8,13,0.00124620719549198,0.347826086956522,0.565217391304348,18456,9444,9342,0.511703511053316,0.506176853055917,-0.158350766099395,-0.217391304347826,8,3,0.375,15,5,0.333333333333333,0.465641010082155,0.117899120517805
2023,3,Market-state,0.15,2,0,1,0.000108365843086259,0,0.5,18456,9444,9342,0.511703511053316,0.506176853055917,-0.506176853055917,-0.5,1,0,0,1,0,0,0.498669805089443,0.15243350342666
2023,3,Full,0,18456,9397,9342,1,0.509156913740789,0.506176853055917,18456,9397,9342,0.509156913740789,0.506176853055917,0.00298006068487211,0.00298006068487211,9827,5055,0.514399104507988,8629,4342,0.503186927801599,0.501551372784298,0.0123282753592408
2023,3,Full,0.025,2057,1078,1065,0.111454269614218,0.524064171122995,0.517744287797764,18456,9397,9342,0.509156913740789,0.506176853055917,0.0178873180670779,0.00631988332523092,1196,641,0.535953177257525,861,437,0.507549361207898,0.504188915599708,0.0379058586145107
2023,3,Full,0.05,287,144,155,0.0155504984828782,0.501742160278746,0.54006968641115,18456,9397,9342,0.509156913740789,0.506176853055917,-0.00443469277717112,-0.0383275261324042,128,70,0.546875,159,74,0.465408805031447,0.490873127960542,0.0668658028923776
2023,3,Full,0.075,59,25,29,0.00319679237104465,0.423728813559322,0.491525423728814,18456,9397,9342,0.509156913740789,0.506176853055917,-0.0824480394965947,-0.0677966101694916,21,8,0.380952380952381,38,17,0.447368421052632,0.472487671586403,0.0965335537282471
2023,3,Full,0.1,21,7,13,0.00113784135240572,0.333333333333333,0.619047619047619,18456,9397,9342,0.509156913740789,0.506176853055917,-0.172843519722583,-0.285714285714286,7,3,0.428571428571429,14,4,0.285714285714286,0.460911476605434,0.120979614281892
2023,3,Full,0.15,2,0,1,0.000108365843086259,0,0.5,18456,9397,9342,0.509156913740789,0.506176853055917,-0.506176853055917,-0.5,1,0,0,1,0,0,0.500666364988953,0.157455025013857
2024,3,Calendar-only,0,18568,9373,9394,1,0.504793192589401,0.505924170616114,18568,9373,9394,0.504793192589401,0.505924170616114,-0.00113097802671258,-0.00113097802671258,9863,5031,0.510088208455845,8705,4342,0.498793796668581,0.500887128083357,0.016907935027643
2024,3,Calendar-only,0.025,4229,2118,2159,0.227757432141318,0.500827618822417,0.510522582170726,18568,9373,9394,0.504793192589401,0.505924170616114,-0.00509655179369706,-0.00969496334830933,2188,1118,0.510968921389397,2041,1000,0.489955903968643,0.500656009485094,0.038447920321793
2024,3,Calendar-only,0.05,830,414,396,0.0447005601034037,0.498795180722892,0.47710843373494,18568,9373,9394,0.504793192589401,0.505924170616114,-0.00712898989322214,0.0216867469879518,438,209,0.47716894977169,392,205,0.522959183673469,0.502502020614469,0.0567515857325994
2024,3,Market-state,0,18568,9414,9394,1,0.507001292546316,0.505924170616114,18568,9414,9394,0.507001292546316,0.505924170616114,0.00107712193020248,0.00107712193020248,12598,6419,0.5095253214796,5970,2995,0.501675041876047,0.502922422327348,0.00933571597064748
2024,3,Market-state,0.025,1223,631,639,0.0658660060318828,0.515944399018806,0.522485690923958,18568,9414,9394,0.507001292546316,0.505924170616114,0.0100202284026925,-0.00654129190515129,705,376,0.533333333333333,518,255,0.492277992277992,0.505412362271242,0.0389471055663206
2024,3,Market-state,0.05,200,99,99,0.010771219302025,0.495,0.495,18568,9414,9394,0.507001292546316,0.505924170616114,-0.0109241706161137,0,122,60,0.491803278688525,78,39,0.5,0.510145835174266,0.0668952184359912
2024,3,Market-state,0.075,38,19,20,0.00204653166738475,0.5,0.526315789473684,18568,9414,9394,0.507001292546316,0.505924170616114,-0.00592417061611372,-0.0263157894736842,15,8,0.533333333333333,23,11,0.478260869565217,0.4731192756145,0.101168124532235
2024,3,Market-state,0.1,13,5,8,0.000700129254631624,0.384615384615385,0.615384615384615,18568,9414,9394,0.507001292546316,0.505924170616114,-0.121308786000729,-0.230769230769231,4,2,0.5,9,3,0.333333333333333,0.437025341395521,0.135476531095602
2024,3,Market-state,0.15,2,0,2,0.00010771219302025,0,1,18568,9414,9394,0.507001292546316,0.505924170616114,-0.505924170616114,-1,0,0,,2,0,0,0.301521084061386,0.198478915938614
2024,3,Full,0,18568,9464,9394,1,0.509694097371822,0.505924170616114,18568,9464,9394,0.509694097371822,0.505924170616114,0.00376992675570875,0.00376992675570875,10378,5334,0.513971863557526,8190,4130,0.504273504273504,0.502751434573248,0.0118625409065324
2024,3,Full,0.025,1793,918,928,0.096563981042654,0.511991076408254,0.517568321249303,18568,9464,9394,0.509694097371822,0.505924170616114,0.00606690579214064,-0.00557724484104849,1223,638,0.521668029435814,570,280,0.491228070175439,0.512072687712076,0.0369042048320495
2024,3,Full,0.05,236,124,122,0.0127100387763895,0.525423728813559,0.516949152542373,18568,9464,9394,0.509694097371822,0.505924170616114,0.0194995581974456,0.00847457627118653,150,80,0.533333333333333,86,44,0.511627906976744,0.513451559235779,0.0658657320054264
2024,3,Full,0.075,45,20,23,0.00242352434295562,0.444444444444444,0.511111111111111,18568,9464,9394,0.509694097371822,0.505924170616114,-0.0614797261716693,-0.0666666666666667,20,9,0.45,25,11,0.44,0.481786581980284,0.0992137873594854
2024,3,Full,0.1,11,4,6,0.000592417061611374,0.363636363636364,0.545454545454545,18568,9464,9394,0.509694097371822,0.505924170616114,-0.14228780697975,-0.181818181818182,3,1,0.333333333333333,8,3,0.375,0.422672717391901,0.144570867555455
2024,3,Full,0.15,2,0,2,0.00010771219302025,0,1,18568,9464,9394,0.509694097371822,0.505924170616114,-0.505924170616114,-1,0,0,,2,0,0,0.285299449387143,0.214700550612857
2025,3,Calendar-only,0,18611,9245,9479,1,0.496749234323787,0.509322443716082,18611,9245,9479,0.496749234323787,0.509322443716082,-0.0125732093922949,-0.0125732093922949,9455,4784,0.50597567424643,9156,4461,0.487221494102228,0.501507961940254,0.0170085371696758
2025,3,Calendar-only,0.025,3906,1955,1977,0.209875879855999,0.500512032770097,0.506144393241168,18611,9245,9479,0.496749234323787,0.509322443716082,-0.00881041094598467,-0.00563236047107019,2144,1085,0.506063432835821,1762,870,0.493757094211124,0.503008005024223,0.0386002578499854
2025,3,Calendar-only,0.05,689,348,349,0.0370211165439794,0.505079825834543,0.506531204644412,18611,9245,9479,0.496749234323787,0.509322443716082,-0.00424261788153912,-0.00145137880986934,342,175,0.511695906432749,347,173,0.498559077809798,0.498285704985806,0.0571363452846124
2025,3,Market-state,0,18611,9441,9479,1,0.507280640481436,0.509322443716082,18611,9441,9479,0.507280640481436,0.509322443716082,-0.0020418032346462,-0.0020418032346462,12569,6439,0.512292147346647,6042,3002,0.49685534591195,0.502424873112382,0.0103612466226211
2025,3,Market-state,0.025,1532,806,785,0.0823169093546827,0.526109660574413,0.512402088772846,18611,9441,9479,0.507280640481436,0.509322443716082,0.0167872168583306,0.0137075718015666,787,423,0.537484116899619,745,383,0.514093959731544,0.497870249086431,0.0443395124639607
2025,3,Market-state,0.05,360,190,172,0.019343399065069,0.527777777777778,0.477777777777778,18611,9441,9479,0.507280640481436,0.509322443716082,0.0184553340616959,0.05,154,78,0.506493506493507,206,112,0.54368932038835,0.482762359084509,0.0784614368758855
2025,3,Market-state,0.075,126,73,60,0.00677018967277417,0.579365079365079,0.476190476190476,18611,9441,9479,0.507280640481436,0.509322443716082,0.0700426356489975,0.103174603174603,41,24,0.585365853658537,85,49,0.576470588235294,0.455811795218114,0.112585036197829
2025,3,Market-state,0.1,53,32,28,0.00284777819569072,0.60377358490566,0.528301886792453,18611,9441,9479,0.507280640481436,0.509322443716082,0.0944511411895784,0.0754716981132075,15,11,0.733333333333333,38,21,0.552631578947369,0.42945052725097,0.151226817195824
2025,3,Market-state,0.15,17,11,8,0.000913438289183816,0.647058823529412,0.470588235294118,18611,9441,9479,0.507280640481436,0.509322443716082,0.13773637981333,0.176470588235294,4,3,0.75,13,8,0.615384615384615,0.379311098691156,0.214339918938165
2025,3,Full,0,18611,9376,9479,1,0.503788082316909,0.509322443716082,18611,9376,9479,0.503788082316909,0.509322443716082,-0.00553436139917263,-0.00553436139917263,10318,5281,0.511823996898624,8293,4095,0.493789943325696,0.50187808255674,0.0132791422127502
2025,3,Full,0.025,2253,1193,1152,0.12105743914889,0.529516200621394,0.511318242343542,18611,9376,9479,0.503788082316909,0.509322443716082,0.0201937569053118,0.0181979582778518,1348,720,0.534124629080119,905,473,0.522651933701657,0.503437005021197,0.0407036476216186
2025,3,Full,0.05,399,212,190,0.0214389339637849,0.531328320802005,0.476190476190476,18611,9376,9479,0.503788082316909,0.509322443716082,0.0220058770859231,0.0551378446115288,169,86,0.50887573964497,230,126,0.547826086956522,0.480887013174143,0.0779095230186561
2025,3,Full,0.075,138,76,64,0.0074149696416098,0.550724637681159,0.463768115942029,18611,9376,9479,0.503788082316909,0.509322443716082,0.0414021939650775,0.0869565217391304,36,19,0.527777777777778,102,57,0.558823529411765,0.443377038602779,0.112469540734216
2025,3,Full,0.1,62,36,32,0.00333136317231745,0.580645161290323,0.516129032258065,18611,9376,9479,0.503788082316909,0.509322443716082,0.0713227175742407,0.0645161290322581,14,10,0.714285714285714,48,26,0.541666666666667,0.415916363820552,0.14843513195121
2025,3,Full,0.15,18,11,8,0.000967169953253452,0.611111111111111,0.444444444444444,18611,9376,9479,0.503788082316909,0.509322443716082,0.101788667395029,0.166666666666667,3,2,0.666666666666667,15,9,0.6,0.356796982309826,0.213637806395937
2026,3,Calendar-only,0,3771,1865,1893,1,0.494563776186688,0.501988862370724,3771,1865,1893,0.494563776186688,0.501988862370724,-0.00742508618403603,-0.00742508618403603,2067,1027,0.49685534591195,1704,838,0.491784037558685,0.502200656798945,0.0161217672904698
2026,3,Calendar-only,0.025,803,397,405,0.212940864492177,0.49439601494396,0.504358655043587,3771,1865,1893,0.494563776186688,0.501988862370724,-0.00759284742676381,-0.00996264009962644,473,236,0.498942917547569,330,161,0.487878787878788,0.5055609416561,0.0365029950765595
2026,3,Calendar-only,0.05,79,44,36,0.0209493503049589,0.556962025316456,0.455696202531646,3771,1865,1893,0.494563776186688,0.501988862370724,0.0549731629457317,0.10126582278481,39,20,0.512820512820513,40,24,0.6,0.497246634900281,0.057651379596209
2026,3,Market-state,0,3771,1934,1893,1,0.512861309997348,0.501988862370724,3771,1934,1893,0.512861309997348,0.501988862370724,0.0108724476266242,0.0108724476266242,2464,1260,0.511363636363636,1307,674,0.515684774292272,0.502833730455563,0.0104032133512257
2026,3,Market-state,0.025,295,157,164,0.0782285865818085,0.532203389830509,0.555932203389831,3771,1934,1893,0.512861309997348,0.501988862370724,0.0302145274597846,-0.023728813559322,160,93,0.58125,135,64,0.474074074074074,0.502914697058997,0.0388552072562432
2026,3,Market-state,0.05,59,33,32,0.0156457173163617,0.559322033898305,0.542372881355932,3771,1934,1893,0.512861309997348,0.501988862370724,0.0573331715275811,0.0169491525423728,34,20,0.588235294117647,25,13,0.52,0.507843084236662,0.0635965596964064
2026,3,Market-state,0.075,8,3,3,0.00212145319543888,0.375,0.375,3771,1934,1893,0.512861309997348,0.501988862370724,-0.126988862370724,0,4,1,0.25,4,2,0.5,0.497245690815593,0.0924347349239387
2026,3,Market-state,0.1,2,1,0,0.000530363298859719,0.5,0,3771,1934,1893,0.512861309997348,0.501988862370724,-0.00198886237072393,0.5,1,0,0,1,1,1,0.493127718984336,0.111715739178264
2026,3,Full,0,3771,1963,1893,1,0.520551577830814,0.501988862370724,3771,1963,1893,0.520551577830814,0.501988862370724,0.0185627154600901,0.0185627154600901,2087,1086,0.520364159080019,1684,877,0.520783847980998,0.50219165636835,0.0125708653474629
2026,3,Full,0.025,429,210,221,0.11376292760541,0.48951048951049,0.515151515151515,3771,1963,1893,0.520551577830814,0.501988862370724,-0.0124783728602344,-0.0256410256410256,256,129,0.50390625,173,81,0.468208092485549,0.506477050902096,0.0372458922771208
2026,3,Full,0.05,58,34,31,0.0153805356669319,0.586206896551724,0.53448275862069,3771,1963,1893,0.520551577830814,0.501988862370724,0.0842180341810002,0.0517241379310345,33,20,0.606060606060606,25,14,0.56,0.507364200640601,0.0661713459184622
2026,3,Full,0.075,11,6,5,0.00291699814372845,0.545454545454545,0.454545454545455,3771,1963,1893,0.520551577830814,0.501988862370724,0.0434656830838215,0.0909090909090909,6,3,0.5,5,3,0.6,0.503911111026649,0.0900744488622099
2026,3,Full,0.1,2,1,0,0.000530363298859719,0.5,0,3771,1963,1893,0.520551577830814,0.501988862370724,-0.00198886237072393,0.5,1,0,0,1,1,1,0.491924577365859,0.113690601161423
2017,5,Calendar-only,0,8153,3960,3944,1,0.485710781307494,0.483748313504232,8153,3960,3944,0.485710781307494,0.483748313504232,0.00196246780326259,0.00196246780326259,3892,1954,0.502055498458376,4261,2006,0.470781506688571,0.498997541423896,0.0183022287419293
2017,5,Calendar-only,0.025,2362,1163,1115,0.289709309456642,0.49237933954276,0.472057578323455,8153,3960,3944,0.485710781307494,0.483748313504232,0.00863102603852878,0.0203217612193057,1124,586,0.52135231316726,1238,577,0.466074313408724,0.495775372061318,0.0360983760815799
2017,5,Calendar-only,0.05,241,118,118,0.029559671286643,0.489626556016598,0.489626556016598,8153,3960,3944,0.485710781307494,0.483748313504232,0.00587824251236591,0,48,24,0.5,193,94,0.487046632124352,0.462585014128255,0.0582482960055793
2017,5,Market-state,0,8153,4159,3944,1,0.510118974610573,0.483748313504232,8153,4159,3944,0.510118974610573,0.483748313504232,0.0263706611063412,0.0263706611063412,3339,1777,0.532195268044325,4814,2382,0.49480681346074,0.498500156934676,0.00976233895013614
2017,5,Market-state,0.025,559,294,290,0.0685637188764872,0.525939177101968,0.518783542039356,8153,4159,3944,0.510118974610573,0.483748313504232,0.0421908635977362,0.00715563506261185,298,151,0.506711409395973,261,143,0.547892720306513,0.504633070789146,0.0368776804614277
2017,5,Market-state,0.05,71,36,36,0.0087084508769778,0.507042253521127,0.507042253521127,8153,4159,3944,0.510118974610573,0.483748313504232,0.0232939400168952,0,48,24,0.5,23,12,0.521739130434783,0.525985522573206,0.0635550127935788
2017,5,Market-state,0.075,12,6,7,0.00147185085244695,0.5,0.583333333333333,8153,4159,3944,0.510118974610573,0.483748313504232,0.0162516864957684,-0.0833333333333334,9,4,0.444444444444444,3,2,0.666666666666667,0.552596736444352,0.0939638599238918
2017,5,Market-state,0.1,4,2,2,0.000490616950815651,0.5,0.5,8153,4159,3944,0.510118974610573,0.483748313504232,0.0162516864957684,0,4,2,0.5,0,0,,0.620696501729015,0.120696501729015
2017,5,Market-state,0.15,1,1,0,0.000122654237703913,1,0,8153,4159,3944,0.510118974610573,0.483748313504232,0.516251686495768,1,1,1,1,0,0,,0.66188287731917,0.16188287731917
2017,5,Full,0,8153,4150,3944,1,0.509015086471238,0.483748313504232,8153,4150,3944,0.509015086471238,0.483748313504232,0.025266772967006,0.025266772967006,3578,1892,0.528787031861375,4575,2258,0.493551912568306,0.497812364961004,0.0147391516824972
2017,5,Full,0.025,1188,587,583,0.145713234392248,0.494107744107744,0.490740740740741,8153,4150,3944,0.509015086471238,0.483748313504232,0.0103594306035125,0.00336700336700335,574,289,0.503484320557491,614,298,0.485342019543974,0.494980842323746,0.0440318255752197
2017,5,Full,0.05,304,141,162,0.0372868882619895,0.463815789473684,0.532894736842105,8153,4150,3944,0.509015086471238,0.483748313504232,-0.0199325240305474,-0.0690789473684211,115,47,0.408695652173913,189,94,0.497354497354497,0.475435607384019,0.0739817028770044
2017,5,Full,0.075,95,44,46,0.0116521525818717,0.463157894736842,0.48421052631579,8153,4150,3944,0.509015086471238,0.483748313504232,-0.0205904187673895,-0.0210526315789474,16,7,0.4375,79,37,0.468354430379747,0.427126952674982,0.105224763581765
2017,5,Full,0.1,60,26,25,0.00735925426223476,0.433333333333333,0.416666666666667,8153,4150,3944,0.509015086471238,0.483748313504232,-0.0504149801708982,0.0166666666666667,5,3,0.6,55,23,0.418181818181818,0.404136927598213,0.11678955617905
2017,5,Full,0.15,1,1,0,0.000122654237703913,1,0,8153,4150,3944,0.509015086471238,0.483748313504232,0.516251686495768,1,1,1,1,0,0,,0.667984520136562,0.167984520136562
2018,5,Calendar-only,0,15417,7767,7722,1,0.50379451255108,0.500875656742557,15417,7767,7722,0.50379451255108,0.500875656742557,0.00291885580852302,0.00291885580852302,8138,4105,0.50442369132465,7279,3662,0.503091083940102,0.500727900846625,0.0156743900230368
2018,5,Calendar-only,0.025,3126,1606,1570,0.202763183498735,0.513755598208573,0.502239283429303,15417,7767,7722,0.50379451255108,0.500875656742557,0.0128799414660163,0.0115163147792707,1720,885,0.51453488372093,1406,721,0.512802275960171,0.503102898466766,0.0354050192194503
2018,5,Calendar-only,0.05,385,195,199,0.0249724330284751,0.506493506493507,0.516883116883117,15417,7767,7722,0.50379451255108,0.500875656742557,0.00561784975094948,-0.0103896103896104,187,98,0.524064171122995,198,97,0.48989898989899,0.495716582946734,0.0560409435737752
2018,5,Calendar-only,0.075,49,21,28,0.00317830965816955,0.428571428571429,0.571428571428571,15417,7767,7722,0.50379451255108,0.500875656742557,-0.0723042281711284,-0.142857142857143,0,0,,49,21,0.428571428571429,0.424301158619871,0.0756988413801287
2018,5,Market-state,0,15417,7887,7722,1,0.511578128040475,0.500875656742557,15417,7887,7722,0.511578128040475,0.500875656742557,0.0107024712979178,0.0107024712979178,9198,4695,0.510437051532942,6219,3192,0.513265798359865,0.502085489153838,0.0157242064101441
2018,5,Market-state,0.025,2757,1448,1400,0.178828565868846,0.525208560029017,0.507798331519768,15417,7887,7722,0.511578128040475,0.500875656742557,0.0243329032864601,0.0174102285092492,1435,763,0.531707317073171,1322,685,0.518154311649017,0.501366097401042,0.045936612130648
2018,5,Market-state,0.05,798,417,399,0.0517610430044756,0.522556390977444,0.5,15417,7887,7722,0.511578128040475,0.500875656742557,0.0216807342348867,0.0225563909774437,418,218,0.521531100478469,380,199,0.523684210526316,0.501728992638962,0.0741189613675213
2018,5,Market-state,0.075,267,147,137,0.0173185444639035,0.550561797752809,0.51310861423221,15417,7887,7722,0.511578128040475,0.500875656742557,0.049686141010252,0.0374531835205992,133,75,0.56390977443609,134,72,0.537313432835821,0.496402268884211,0.102184969303159
2018,5,Market-state,0.1,109,61,53,0.00707011740286697,0.559633027522936,0.486238532110092,15417,7887,7722,0.511578128040475,0.500875656742557,0.0587573707803788,0.073394495412844,51,28,0.549019607843137,58,33,0.568965517241379,0.488241481510288,0.126373456760783
2018,5,Market-state,0.15,16,5,10,0.00103781539858598,0.3125,0.625,15417,7887,7722,0.511578128040475,0.500875656742557,-0.188375656742557,-0.3125,5,2,0.4,11,3,0.272727272727273,0.4419277590298,0.174979814797925
2018,5,Full,0,15417,7889,7722,1,0.511707854965298,0.500875656742557,15417,7889,7722,0.511707854965298,0.500875656742557,0.0108321982227411,0.0108321982227411,7248,3721,0.513383002207506,8169,4168,0.510221569347533,0.496578050928289,0.0206324464893579
2018,5,Full,0.025,4197,2161,2132,0.272231951741584,0.514891589230403,0.507981891827496,15417,7889,7722,0.511707854965298,0.500875656742557,0.0140159324878457,0.00690969740290681,1692,894,0.528368794326241,2505,1267,0.505788423153693,0.488028093279993,0.0474259495221225
2018,5,Full,0.05,1366,704,686,0.0886034896542778,0.515373352855051,0.502196193265007,15417,7889,7722,0.511707854965298,0.500875656742557,0.0144976961124943,0.013177159590044,444,234,0.527027027027027,922,470,0.509761388286334,0.472468945170224,0.0743787059433762
2018,5,Full,0.075,440,241,216,0.0285399234611144,0.547727272727273,0.490909090909091,15417,7889,7722,0.511707854965298,0.500875656742557,0.0468516159847158,0.0568181818181818,139,78,0.561151079136691,301,163,0.541528239202658,0.457071126916449,0.104549123347623
2018,5,Full,0.1,199,105,97,0.0129078290199131,0.527638190954774,0.487437185929648,15417,7889,7722,0.511707854965298,0.500875656742557,0.0267625342122169,0.0402010050251256,45,24,0.533333333333333,154,81,0.525974025974026,0.42753962085011,0.127828725593762
2018,5,Full,0.15,26,10,16,0.00168645002270221,0.384615384615385,0.615384615384615,15417,7889,7722,0.511707854965298,0.500875656742557,-0.116260272127172,-0.230769230769231,4,2,0.5,22,8,0.363636363636364,0.386631294874709,0.168996629135967
2019,5,Calendar-only,0,16990,8500,8646,1,0.50029429075927,0.508887580929959,16990,8500,8646,0.50029429075927,0.508887580929959,-0.00859329017068866,-0.00859329017068866,8706,4431,0.508959338387319,8284,4069,0.491187831965234,0.50069927034176,0.0189339993804538
2019,5,Calendar-only,0.025,4981,2474,2517,0.293172454384932,0.496687412166232,0.505320216823931,16990,8500,8646,0.50029429075927,0.508887580929959,-0.0122001687637271,-0.00863280465769922,2482,1246,0.50201450443191,2499,1228,0.491396558623449,0.50022600431887,0.0359224671978397
2019,5,Calendar-only,0.05,333,164,168,0.0195997645673926,0.492492492492493,0.504504504504505,16990,8500,8646,0.50029429075927,0.508887580929959,-0.0163950884374663,-0.012012012012012,145,72,0.496551724137931,188,92,0.48936170212766,0.492731191882641,0.0554009452445677
2019,5,Market-state,0,16990,8826,8646,1,0.519482048263685,0.508887580929959,16990,8826,8646,0.519482048263685,0.508887580929959,0.0105944673337257,0.0105944673337257,11050,5766,0.521809954751131,5940,3060,0.515151515151515,0.502638584323154,0.010764701161429
2019,5,Market-state,0.025,1389,740,698,0.0817539729252501,0.532757379409647,0.502519798416127,16990,8826,8646,0.519482048263685,0.508887580929959,0.0238697984796884,0.0302375809935205,685,367,0.535766423357664,704,373,0.529829545454545,0.498755820730306,0.039464026606142
2019,5,Market-state,0.05,235,122,123,0.0138316656856975,0.519148936170213,0.523404255319149,16990,8826,8646,0.519482048263685,0.508887580929959,0.010261355240254,-0.00425531914893618,112,61,0.544642857142857,123,61,0.495934959349594,0.493568536532334,0.0687383147393512
2019,5,Market-state,0.075,62,28,30,0.00364920541494997,0.451612903225806,0.483870967741936,16990,8826,8646,0.519482048263685,0.508887580929959,-0.0572746777041524,-0.0322580645161291,22,9,0.409090909090909,40,19,0.475,0.467783867419878,0.0960212330890417
2019,5,Market-state,0.1,18,10,10,0.00105944673337257,0.555555555555556,0.555555555555556,16990,8826,8646,0.519482048263685,0.508887580929959,0.0466679746255968,0,4,3,0.75,14,7,0.5,0.423476580651853,0.126387235726823
2019,5,Market-state,0.15,2,1,1,0.000117716303708064,0.5,0.5,16990,8826,8646,0.519482048263685,0.508887580929959,-0.00888758092995878,0,0,0,,2,1,0.5,0.284213858075895,0.215786141924106
2019,5,Full,0,16990,8721,8646,1,0.513301942319011,0.508887580929959,16990,8721,8646,0.513301942319011,0.508887580929959,0.00441436138905238,0.00441436138905238,9025,4701,0.520886426592798,7965,4020,0.504708097928437,0.501083375335015,0.013325009146139
2019,5,Full,0.025,2250,1163,1135,0.132430841671572,0.516888888888889,0.504444444444444,16990,8721,8646,0.513301942319011,0.508887580929959,0.00800130795893006,0.0124444444444444,1198,623,0.520033388981636,1052,540,0.513307984790874,0.502562284997419,0.0388114292643848
2019,5,Full,0.05,358,194,196,0.0210712183637434,0.541899441340782,0.547486033519553,16990,8721,8646,0.513301942319011,0.508887580929959,0.0330118604108234,-0.00558659217877089,206,119,0.577669902912621,152,75,0.493421052631579,0.507156523235844,0.0672897450860139
2019,5,Full,0.075,79,37,37,0.00464979399646851,0.468354430379747,0.468354430379747,16990,8721,8646,0.513301942319011,0.508887580929959,-0.040533150550212,0,35,15,0.428571428571429,44,22,0.5,0.482315628343541,0.0955543673569394
2019,5,Full,0.1,24,15,13,0.00141259564449676,0.625,0.541666666666667,16990,8721,8646,0.513301942319011,0.508887580929959,0.116112419070041,0.0833333333333334,6,5,0.833333333333333,18,10,0.555555555555556,0.431590533595465,0.123784387793228
2019,5,Full,0.15,3,1,2,0.000176574455562095,0.333333333333333,0.666666666666667,16990,8721,8646,0.513301942319011,0.508887580929959,-0.175554247596625,-0.333333333333333,0,0,,3,1,0.333333333333333,0.297085892087796,0.202914107912204
2020,5,Calendar-only,0,17885,9043,9127,1,0.505619233994968,0.510315907184792,17885,9043,9127,0.505619233994968,0.510315907184792,-0.00469667318982381,-0.00469667318982381,9335,4810,0.515265131226567,8550,4233,0.495087719298246,0.502352272839371,0.018547925788052
2020,5,Calendar-only,0.025,5243,2690,2613,0.293150684931507,0.513065039099752,0.498378790768644,17885,9043,9127,0.505619233994968,0.510315907184792,0.0027491319149604,0.0146862483311082,3000,1530,0.51,2243,1160,0.517164511814534,0.505731995088573,0.0363037481371596
2020,5,Calendar-only,0.05,679,359,349,0.0379647749510763,0.528718703976436,0.5139911634757,17885,9043,9127,0.505619233994968,0.510315907184792,0.0184027967916443,0.0147275405007364,441,235,0.532879818594104,238,124,0.521008403361345,0.516921847009229,0.0562298069314243
2020,5,Market-state,0,17885,9216,9127,1,0.515292144254962,0.510315907184792,17885,9216,9127,0.515292144254962,0.510315907184792,0.00497623707017059,0.00497623707017059,10252,5355,0.522337104955131,7633,3861,0.505829948906066,0.499520697556614,0.0185773263479859
2020,5,Market-state,0.025,3838,1953,1922,0.214593234554096,0.508858780614904,0.50078165711308,17885,9216,9127,0.515292144254962,0.510315907184792,-0.00145712656988806,0.00807712350182388,1657,847,0.511164755582378,2181,1106,0.507106831728565,0.489547060500212,0.0510584430616286
2020,5,Market-state,0.05,1271,613,635,0.0710651383841208,0.482297403619198,0.499606608969316,17885,9216,9127,0.515292144254962,0.510315907184792,-0.0280185035655942,-0.017309205350118,473,225,0.47568710359408,798,388,0.486215538847118,0.474623712239791,0.0834884330073523
2020,5,Market-state,0.075,556,265,300,0.0310875034945485,0.476618705035971,0.539568345323741,17885,9216,9127,0.515292144254962,0.510315907184792,-0.0336972021488205,-0.0629496402877698,195,102,0.523076923076923,361,163,0.451523545706371,0.459952853042697,0.113189227944456
2020,5,Market-state,0.1,258,120,141,0.0144254962258876,0.465116279069768,0.546511627906977,17885,9216,9127,0.515292144254962,0.510315907184792,-0.0451996281150243,-0.0813953488372093,75,39,0.52,183,81,0.442622950819672,0.433806632424919,0.145112942407406
2020,5,Market-state,0.15,81,43,40,0.00452893486161588,0.530864197530864,0.493827160493827,17885,9216,9127,0.515292144254962,0.510315907184792,0.0205482903460725,0.0370370370370371,20,11,0.55,61,32,0.524590163934426,0.39016566357668,0.201532682812419
2020,5,Full,0,17885,9132,9127,1,0.510595471065138,0.510315907184792,17885,9132,9127,0.510595471065138,0.510315907184792,0.000279563880346667,0.000279563880346667,8032,4203,0.52328187250996,9853,4929,0.500253729828479,0.495186766491184,0.0216739363941798
2020,5,Full,0.025,4923,2499,2464,0.275258596589321,0.507617306520414,0.500507820434694,17885,9132,9127,0.510595471065138,0.510315907184792,-0.00269860066437733,0.00710948608572004,1838,939,0.510881392818281,3085,1560,0.505672609400324,0.484079377248814,0.0505241455351328
2020,5,Full,0.05,1601,803,787,0.0895163544870003,0.50156152404747,0.49156777014366,17885,9132,9127,0.510595471065138,0.510315907184792,-0.00875438313732135,0.00999375390381013,505,247,0.489108910891089,1096,556,0.507299270072993,0.465585432893472,0.0834428743707128
2020,5,Full,0.075,686,338,367,0.0383561643835616,0.492711370262391,0.534985422740525,17885,9132,9127,0.510595471065138,0.510315907184792,-0.017604536922401,-0.0422740524781341,211,115,0.545023696682464,475,223,0.469473684210526,0.448714265435533,0.114667274563029
2020,5,Full,0.1,339,163,182,0.0189544310875035,0.480825958702065,0.536873156342183,17885,9132,9127,0.510595471065138,0.510315907184792,-0.0294899484827268,-0.056047197640118,82,44,0.536585365853659,257,119,0.463035019455253,0.418735752669198,0.143867812116798
2020,5,Full,0.15,99,50,51,0.00553536483086385,0.505050505050505,0.515151515151515,17885,9132,9127,0.510595471065138,0.510315907184792,-0.00526540213428661,-0.0101010101010101,12,7,0.583333333333333,87,43,0.494252873563218,0.342961665624589,0.203959411020263
2021,5,Calendar-only,0,18310,9257,9356,1,0.505570726379028,0.510977607864555,18310,9257,9356,0.505570726379028,0.510977607864555,-0.00540688148552704,-0.00540688148552704,11143,5723,0.513595979538724,7167,3534,0.493093344495605,0.504007974680773,0.0188061489838561
2021,5,Calendar-only,0.025,5514,2797,2826,0.301146914254506,0.507254261878854,0.512513601741023,18310,9257,9356,0.505570726379028,0.510977607864555,-0.00372334598570112,-0.00525933986216909,3401,1755,0.516024698618054,2113,1042,0.493137718883105,0.50794557028825,0.0372482816785798
2021,5,Calendar-only,0.05,583,309,302,0.0318405243036592,0.530017152658662,0.518010291595197,18310,9257,9356,0.505570726379028,0.510977607864555,0.0190395447941072,0.0120068610634648,344,186,0.540697674418605,239,123,0.514644351464435,0.513631988823171,0.0583391105743856
2021,5,Calendar-only,0.075,47,26,26,0.00256690333151284,0.553191489361702,0.553191489361702,18310,9257,9356,0.505570726379028,0.510977607864555,0.0422138814971472,0,47,26,0.553191489361702,0,0,,0.578415936353247,0.0784159363532467
2021,5,Market-state,0,18310,9492,9356,1,0.518405243036592,0.510977607864555,18310,9492,9356,0.518405243036592,0.510977607864555,0.00742763517203715,0.00742763517203715,13764,7151,0.519543737285673,4546,2341,0.514958205015398,0.505306452155942,0.0109213002290799
2021,5,Market-state,0.025,1283,656,672,0.0700709994538504,0.511301636788776,0.523772408417771,18310,9492,9356,0.518405243036592,0.510977607864555,0.000324028924221342,-0.0124707716289946,759,402,0.529644268774704,524,254,0.484732824427481,0.506079856453325,0.0376158267949909
2021,5,Market-state,0.05,169,80,90,0.00922992900054615,0.473372781065089,0.532544378698225,18310,9492,9356,0.518405243036592,0.510977607864555,-0.0376048267994662,-0.0591715976331362,93,47,0.505376344086022,76,33,0.434210526315789,0.505398178512704,0.0662773622655631
2021,5,Market-state,0.075,37,16,20,0.0020207536865101,0.432432432432432,0.540540540540541,18310,9492,9356,0.518405243036592,0.510977607864555,-0.0785451754321225,-0.108108108108108,17,8,0.470588235294118,20,8,0.4,0.491838255918435,0.09067404611219
2021,5,Market-state,0.1,6,3,3,0.000327689787001638,0.5,0.5,18310,9492,9356,0.518405243036592,0.510977607864555,-0.0109776078645549,0,2,1,0.5,4,2,0.5,0.461014612703598,0.114797874920188
2021,5,Full,0,18310,9427,9356,1,0.514855270344074,0.510977607864555,18310,9427,9356,0.514855270344074,0.510977607864555,0.00387766247951937,0.00387766247951937,11949,6211,0.519792451251151,6361,3216,0.505580883508882,0.505031616673875,0.0134349628761414
2021,5,Full,0.025,2430,1275,1260,0.132714363735664,0.524691358024691,0.518518518518519,18310,9427,9356,0.514855270344074,0.510977607864555,0.0137137501601364,0.00617283950617287,1655,880,0.531722054380665,775,395,0.509677419354839,0.511772969370227,0.0374907804472664
2021,5,Full,0.05,317,161,162,0.0173129437465866,0.50788643533123,0.511041009463722,18310,9427,9356,0.514855270344074,0.510977607864555,-0.00309117253332469,-0.00315457413249221,170,88,0.517647058823529,147,73,0.496598639455782,0.508691738051453,0.0674473033360646
2021,5,Full,0.075,85,40,45,0.00464227198252321,0.470588235294118,0.529411764705882,18310,9427,9356,0.514855270344074,0.510977607864555,-0.0403893725704373,-0.0588235294117647,64,32,0.5,21,8,0.380952380952381,0.543997185205109,0.0909786884359785
2021,5,Full,0.1,12,5,6,0.000655379574003277,0.416666666666667,0.5,18310,9427,9356,0.514855270344074,0.510977607864555,-0.0943109411978882,-0.0833333333333333,5,2,0.4,7,3,0.428571428571429,0.47862338260353,0.110312418052957
2022,5,Calendar-only,0,19028,9485,9388,1,0.498475930208114,0.493378179524911,19028,9485,9388,0.498475930208114,0.493378179524911,0.00509775068320373,0.00509775068320373,12015,5930,0.493549729504786,7013,3555,0.506915727933837,0.505182933293621,0.0185548209620139
2022,5,Calendar-only,0.025,5506,2699,2722,0.289363043935253,0.490192517253905,0.494369778423538,19028,9485,9388,0.498475930208114,0.493378179524911,-0.00318566227100581,-0.00417726116963313,3449,1682,0.487677587706582,2057,1017,0.494409333981526,0.509939404599159,0.0377054562530521
2022,5,Calendar-only,0.05,747,385,367,0.039257935673744,0.515394912985274,0.491298527443106,19028,9485,9388,0.498475930208114,0.493378179524911,0.0220167334603638,0.0240963855421686,493,249,0.505070993914807,254,136,0.535433070866142,0.520212092898504,0.0562963542411751
2022,5,Market-state,0,19028,9655,9388,1,0.50741013243641,0.493378179524911,19028,9655,9388,0.50741013243641,0.493378179524911,0.0140319529114989,0.0140319529114989,12043,6029,0.500622768413186,6985,3626,0.519112383679313,0.502976646255146,0.0159996424993205
2022,5,Market-state,0.025,3429,1757,1671,0.180208114357789,0.512394284047827,0.487314085739283,19028,9655,9388,0.50741013243641,0.493378179524911,0.0190161045229167,0.0250801983085448,1805,902,0.499722991689751,1624,855,0.526477832512315,0.500710967316754,0.0443669394755158
2022,5,Market-state,0.05,886,445,426,0.0465629598486441,0.502257336343115,0.480812641083521,19028,9655,9388,0.50741013243641,0.493378179524911,0.00887915681820445,0.0214446952595936,417,201,0.482014388489209,469,244,0.520255863539446,0.495239658448585,0.0732443245038366
2022,5,Market-state,0.075,261,125,107,0.0137166281269708,0.478927203065134,0.409961685823755,19028,9655,9388,0.50741013243641,0.493378179524911,-0.0144509764597766,0.0689655172413793,119,45,0.378151260504202,142,80,0.563380281690141,0.490601449486696,0.105617284490536
2022,5,Market-state,0.1,93,46,38,0.00488753416018499,0.494623655913979,0.408602150537634,19028,9655,9388,0.50741013243641,0.493378179524911,0.00124547638906786,0.0860215053763441,41,16,0.390243902439024,52,30,0.576923076923077,0.48533715649412,0.142233990235955
2022,5,Market-state,0.15,23,7,12,0.00120874500735758,0.304347826086957,0.521739130434783,19028,9655,9388,0.50741013243641,0.493378179524911,-0.189030353437954,-0.217391304347826,10,3,0.3,13,4,0.307692307692308,0.475293381800377,0.212668223475451
2022,5,Full,0,19028,9678,9388,1,0.508618877443767,0.493378179524911,19028,9678,9388,0.508618877443767,0.493378179524911,0.0152406979188565,0.0152406979188565,10852,5445,0.501750829340214,8176,4233,0.517734833659491,0.501378179097368,0.0170742055052688
2022,5,Full,0.025,3995,2035,1962,0.209953752364936,0.509386733416771,0.491113892365457,19028,9678,9388,0.508618877443767,0.493378179524911,0.0160085538918603,0.0182728410513142,1988,995,0.500503018108652,2007,1040,0.51818634778276,0.49792493520635,0.0440447547979017
2022,5,Full,0.05,999,505,474,0.0525015766239226,0.505505505505506,0.474474474474475,19028,9678,9388,0.508618877443767,0.493378179524911,0.0121273259805949,0.0310310310310311,438,209,0.47716894977169,561,296,0.527629233511586,0.49009864896001,0.0721802603484234
2022,5,Full,0.075,273,131,117,0.0143472776960269,0.47985347985348,0.428571428571429,19028,9678,9388,0.508618877443767,0.493378179524911,-0.0135246996714308,0.0512820512820513,113,44,0.389380530973451,160,87,0.54375,0.480855527405159,0.104568639363281
2022,5,Full,0.1,101,50,44,0.00530796720622241,0.495049504950495,0.435643564356436,19028,9678,9388,0.508618877443767,0.493378179524911,0.0016713254255844,0.0594059405940594,37,15,0.405405405405405,64,35,0.546875,0.464951116102543,0.138043381854204
2022,5,Full,0.15,25,10,11,0.00131385326886693,0.4,0.44,19028,9678,9388,0.508618877443767,0.493378179524911,-0.0933781795249106,-0.04,10,3,0.3,15,7,0.466666666666667,0.459509361189001,0.204971075776205
2023,5,Calendar-only,0,18573,9342,9488,1,0.502988208690034,0.510849082000754,18573,9342,9488,0.502988208690034,0.510849082000754,-0.00786087331071983,-0.00786087331071983,10477,5367,0.512264961343896,8096,3975,0.490983201581028,0.503228985745753,0.018158241026993
2023,5,Calendar-only,0.025,5441,2708,2778,0.292952134819361,0.497702628193347,0.510567910310605,18573,9342,9488,0.502988208690034,0.510849082000754,-0.0131464538074069,-0.0128652821172578,3423,1734,0.506573181419807,2018,974,0.482656095143707,0.508438314107227,0.0350891138444989
2023,5,Calendar-only,0.05,348,176,175,0.018736876110483,0.505747126436782,0.502873563218391,18573,9342,9488,0.502988208690034,0.510849082000754,-0.00510195556397208,0.00287356321839083,245,124,0.506122448979592,103,52,0.504854368932039,0.524713714472994,0.0605398862132149
2023,5,Market-state,0,18573,9588,9488,1,0.516233241802617,0.510849082000754,18573,9588,9488,0.516233241802617,0.510849082000754,0.00538415980186291,0.00538415980186291,14235,7369,0.517667720407447,4338,2219,0.511526048870447,0.504842953251649,0.00971592852937325
2023,5,Market-state,0.025,858,466,460,0.0461960910999839,0.543123543123543,0.536130536130536,18573,9588,9488,0.516233241802617,0.510849082000754,0.0322744611227894,0.00699300699300698,434,251,0.578341013824885,424,215,0.507075471698113,0.498358505584831,0.0358156913093488
2023,5,Market-state,0.05,95,47,47,0.00511495181176977,0.494736842105263,0.494736842105263,18573,9588,9488,0.516233241802617,0.510849082000754,-0.0161122398954906,0,31,15,0.483870967741936,64,32,0.5,0.47600101021964,0.065177946601062
2023,5,Market-state,0.075,16,3,9,0.000861465568298067,0.1875,0.5625,18573,9588,9488,0.516233241802617,0.510849082000754,-0.323349082000754,-0.375,4,0,0,12,3,0.25,0.448164922519845,0.0931490843098436
2023,5,Market-state,0.1,3,0,3,0.000161524794055888,0,1,18573,9588,9488,0.516233241802617,0.510849082000754,-0.510849082000754,-1,0,0,,3,0,0,0.371876361661344,0.128123638338656
2023,5,Full,0,18573,9542,9488,1,0.51375652829376,0.510849082000754,18573,9542,9488,0.51375652829376,0.510849082000754,0.00290744629300599,0.00290744629300599,12619,6538,0.518107615500436,5954,3004,0.5045347665435,0.504382737919003,0.0104588392158243
2023,5,Full,0.025,1242,683,655,0.0668712647391375,0.549919484702093,0.527375201288245,18573,9542,9488,0.51375652829376,0.510849082000754,0.0390704027013397,0.0225442834138486,726,411,0.566115702479339,516,272,0.527131782945737,0.503965411047355,0.0348282139037769
2023,5,Full,0.05,101,51,52,0.00543800139988155,0.504950495049505,0.514851485148515,18573,9542,9488,0.51375652829376,0.510849082000754,-0.00589858695124879,-0.00990099009900991,34,18,0.529411764705882,67,33,0.492537313432836,0.475466628447747,0.0653212034977584
2023,5,Full,0.075,21,6,12,0.00113067355839121,0.285714285714286,0.571428571428571,18573,9542,9488,0.51375652829376,0.510849082000754,-0.225134796286468,-0.285714285714286,5,1,0.2,16,5,0.3125,0.446503022805342,0.0903791086832741
2023,5,Full,0.1,3,0,3,0.000161524794055888,0,1,18573,9542,9488,0.51375652829376,0.510849082000754,-0.510849082000754,-1,0,0,,3,0,0,0.367666116027533,0.132333883972467
2024,5,Calendar-only,0,18589,9339,9526,1,0.502393888859003,0.51245360159234,18589,9339,9526,0.502393888859003,0.51245360159234,-0.0100597127333369,-0.0100597127333369,10392,5334,0.513279445727483,8197,4005,0.488593387824814,0.504237121142333,0.0172842200386552
2024,5,Calendar-only,0.025,4850,2457,2514,0.260906988003658,0.50659793814433,0.518350515463918,18589,9339,9526,0.502393888859003,0.51245360159234,-0.0058556634480097,-0.0117525773195877,3165,1643,0.51911532385466,1685,814,0.483086053412463,0.511351411538562,0.0348309383247971
2024,5,Calendar-only,0.05,335,181,184,0.0180214105115929,0.540298507462687,0.549253731343284,18589,9339,9526,0.502393888859003,0.51245360159234,0.0278449058703471,-0.008955223880597,236,133,0.563559322033898,99,48,0.484848484848485,0.523603647511124,0.0555277754306756
2024,5,Market-state,0,18589,9564,9526,1,0.514497821292162,0.51245360159234,18589,9564,9526,0.514497821292162,0.51245360159234,0.00204421969982249,0.00204421969982249,14879,7690,0.516835808858122,3710,1874,0.505121293800539,0.505901629268024,0.00969087992746935
2024,5,Market-state,0.025,829,445,440,0.0445962666092851,0.536791314837153,0.530759951749095,18589,9564,9526,0.514497821292162,0.51245360159234,0.0243377132448136,0.00603136308805785,532,294,0.552631578947369,297,151,0.508417508417509,0.509519140707427,0.0367735589561567
2024,5,Market-state,0.05,93,49,51,0.00500295873903922,0.526881720430108,0.548387096774194,18589,9564,9526,0.514497821292162,0.51245360159234,0.014428118837768,-0.021505376344086,57,32,0.56140350877193,36,17,0.472222222222222,0.507873085241483,0.066509659197927
2024,5,Market-state,0.075,20,8,14,0.00107590510516972,0.4,0.7,18589,9564,9526,0.514497821292162,0.51245360159234,-0.11245360159234,-0.3,6,4,0.666666666666667,14,4,0.285714285714286,0.453894003090742,0.0972559372761217
2024,5,Market-state,0.1,6,3,3,0.000322771531550917,0.5,0.5,18589,9564,9526,0.514497821292162,0.51245360159234,-0.0124536015923395,0,0,0,,6,3,0.5,0.366988226588868,0.133011773411132
2024,5,Market-state,0.15,1,1,0,5.37952552584862e-05,1,0,18589,9564,9526,0.514497821292162,0.51245360159234,0.487546398407661,1,0,0,,1,1,1,0.303559794241229,0.196440205758771
2024,5,Full,0,18589,9516,9526,1,0.511915649039755,0.51245360159234,18589,9516,9526,0.511915649039755,0.51245360159234,-0.000537952552584819,-0.000537952552584819,13813,7133,0.516397596467096,4776,2383,0.498953098827471,0.505724862698291,0.0105405858930744
2024,5,Full,0.025,1267,683,655,0.068158588412502,0.539068666140489,0.516969218626677,18589,9516,9526,0.511915649039755,0.51245360159234,0.0266150645481498,0.0220994475138121,831,451,0.542719614921781,436,232,0.532110091743119,0.510552993071018,0.0355330973294538
2024,5,Full,0.05,104,51,57,0.00559470654688257,0.490384615384615,0.548076923076923,18589,9516,9526,0.511915649039755,0.51245360159234,-0.0220689862077242,-0.0576923076923078,66,35,0.53030303030303,38,16,0.421052631578947,0.510269483352376,0.0662320394016839
2024,5,Full,0.075,22,8,13,0.0011834956156867,0.363636363636364,0.590909090909091,18589,9516,9526,0.511915649039755,0.51245360159234,-0.148817237955976,-0.227272727272727,5,2,0.4,17,6,0.352941176470588,0.440537813223346,0.0969347085695305
2024,5,Full,0.1,7,3,4,0.000376566786809403,0.428571428571429,0.571428571428571,18589,9516,9526,0.511915649039755,0.51245360159234,-0.083882173020911,-0.142857142857143,0,0,,7,3,0.428571428571429,0.367483392072479,0.132516607927521
2024,5,Full,0.15,1,1,0,5.37952552584862e-05,1,0,18589,9516,9526,0.511915649039755,0.51245360159234,0.487546398407661,1,0,0,,1,1,1,0.297762699343325,0.202237300656675
2025,5,Calendar-only,0,18682,9483,9561,1,0.507600899261321,0.511776041109089,18682,9483,9561,0.507600899261321,0.511776041109089,-0.00417514184776791,-0.00417514184776791,11332,5847,0.5159724673491,7350,3636,0.49469387755102,0.505033071543416,0.0168464317046569
2025,5,Calendar-only,0.025,4429,2312,2308,0.237073118509796,0.522013998645292,0.521110860239332,18682,9483,9561,0.507600899261321,0.511776041109089,0.0102379575362035,0.00090313840596068,2917,1554,0.532739115529654,1512,758,0.501322751322751,0.513327885820835,0.0351885129831541
2025,5,Calendar-only,0.05,438,218,226,0.0234450272990044,0.497716894977169,0.515981735159817,18682,9483,9561,0.507600899261321,0.511776041109089,-0.01405914613192,-0.0182648401826485,388,197,0.507731958762887,50,21,0.42,0.544810931306133,0.0563591991003758
2025,5,Market-state,0,18682,9580,9561,1,0.512793062841238,0.511776041109089,18682,9580,9561,0.512793062841238,0.511776041109089,0.00101702173214868,0.00101702173214868,14903,7681,0.515399583976381,3779,1899,0.502513892564171,0.505815554523978,0.0109602120900732
2025,5,Market-state,0.025,1188,634,627,0.0635906219890804,0.533670033670034,0.527777777777778,18682,9580,9561,0.512793062841238,0.511776041109089,0.0218939925609447,0.00589225589225584,691,382,0.552821997105644,497,252,0.507042253521127,0.502576508489444,0.0421953050358958
2025,5,Market-state,0.05,237,131,111,0.012686007922064,0.552742616033755,0.468354430379747,18682,9580,9561,0.512793062841238,0.511776041109089,0.0409665749246664,0.0843881856540085,105,55,0.523809523809524,132,76,0.575757575757576,0.483525285839105,0.0768940634097978
2025,5,Market-state,0.075,74,50,30,0.00396103200942083,0.675675675675676,0.405405405405405,18682,9580,9561,0.512793062841238,0.511776041109089,0.163899634566587,0.27027027027027,24,15,0.625,50,35,0.7,0.45132976388225,0.113985361456133
2025,5,Market-state,0.1,36,22,17,0.00192698854512365,0.611111111111111,0.472222222222222,18682,9580,9561,0.512793062841238,0.511776041109089,0.0993350700020222,0.138888888888889,9,6,0.666666666666667,27,16,0.592592592592593,0.420881140958689,0.142283734186098
2025,5,Market-state,0.15,8,4,4,0.000428219676694144,0.5,0.5,18682,9580,9561,0.512793062841238,0.511776041109089,-0.0117760411090889,0,2,1,0.5,6,3,0.5,0.375977038905398,0.22174449737817
2025,5,Full,0,18682,9627,9561,1,0.515308853441816,0.511776041109089,18682,9627,9561,0.515308853441816,0.511776041109089,0.00353281233272673,0.00353281233272673,13674,7090,0.518502267076203,5008,2537,0.50658945686901,0.505128087742466,0.0121045038385198
2025,5,Full,0.025,1625,869,845,0.086982121828498,0.534769230769231,0.52,18682,9627,9561,0.515308853441816,0.511776041109089,0.0229931896601419,0.0147692307692308,899,494,0.549499443826474,726,375,0.516528925619835,0.499740994308391,0.0405397511120431
2025,5,Full,0.05,256,140,119,0.0137030296542126,0.546875,0.46484375,18682,9627,9561,0.515308853441816,0.511776041109089,0.0350989588909111,0.08203125,103,53,0.514563106796117,153,87,0.568627450980392,0.476209216661008,0.0776394536359379
2025,5,Full,0.075,85,52,34,0.00454983406487528,0.611764705882353,0.4,18682,9627,9561,0.515308853441816,0.511776041109089,0.0999886647732641,0.211764705882353,21,11,0.523809523809524,64,41,0.640625,0.434921103505308,0.113808807867026
2025,5,Full,0.1,42,27,18,0.00224815330264426,0.642857142857143,0.428571428571429,18682,9627,9561,0.515308853441816,0.511776041109089,0.131081101748054,0.214285714285714,5,4,0.8,37,23,0.621621621621622,0.391247018660412,0.141715140992269
2025,5,Full,0.15,11,5,5,0.000588802055454448,0.454545454545455,0.454545454545455,18682,9627,9561,0.515308853441816,0.511776041109089,-0.0572305865636344,0,1,0,0,10,5,0.5,0.333098563400581,0.208030828458554
2026,5,Calendar-only,0,3769,1849,1882,1,0.490581055983019,0.499336694083311,3769,1849,1882,0.490581055983019,0.499336694083311,-0.00875563810029184,-0.00875563810029184,2278,1120,0.491659350307287,1491,729,0.488933601609658,0.505408287768712,0.0170617153461396
2026,5,Calendar-only,0.025,897,457,465,0.237994162907933,0.509476031215162,0.518394648829431,3769,1849,1882,0.490581055983019,0.499336694083311,0.0101393371318504,-0.00891861761426982,625,325,0.52,272,132,0.485294117647059,0.515833850589222,0.0353164908834442
2026,5,Calendar-only,0.05,72,37,29,0.0191032104006368,0.513888888888889,0.402777777777778,3769,1849,1882,0.490581055983019,0.499336694083311,0.0145521948055776,0.111111111111111,62,28,0.451612903225806,10,9,0.9,0.542133126256868,0.0565598742784458
2026,5,Market-state,0,3769,1903,1882,1,0.504908463783497,0.499336694083311,3769,1903,1882,0.504908463783497,0.499336694083311,0.00557176970018575,0.00557176970018575,2932,1474,0.502728512960437,837,429,0.512544802867383,0.506259849701273,0.0110764745355858
2026,5,Market-state,0.025,245,133,134,0.0650039798355001,0.542857142857143,0.546938775510204,3769,1903,1882,0.504908463783497,0.499336694083311,0.0435204487738316,-0.00408163265306127,158,90,0.569620253164557,87,43,0.494252873563218,0.509278300772494,0.0365262795627804
2026,5,Market-state,0.05,35,21,20,0.00928628283364288,0.6,0.571428571428571,3769,1903,1882,0.504908463783497,0.499336694083311,0.100663305916689,0.0285714285714286,22,14,0.636363636363636,13,7,0.538461538461538,0.51353518692121,0.060245600443474
2026,5,Market-state,0.075,4,2,2,0.00106128946670204,0.5,0.5,3769,1903,1882,0.504908463783497,0.499336694083311,0.000663305916688783,0,2,1,0.5,2,1,0.5,0.492544081642829,0.0836214616344422
2026,5,Market-state,0.1,1,1,0,0.000265322366675511,1,0,3769,1903,1882,0.504908463783497,0.499336694083311,0.500663305916689,1,0,0,,1,1,1,0.397069744897075,0.102930255102925
2026,5,Full,0,3769,1906,1882,1,0.505704430883523,0.499336694083311,3769,1906,1882,0.505704430883523,0.499336694083311,0.00636773680021224,0.00636773680021224,2625,1322,0.503619047619048,1144,584,0.510489510489511,0.505332738533967,0.0119610745213692
2026,5,Full,0.025,341,175,182,0.0904749270363492,0.513196480938416,0.533724340175953,3769,1906,1882,0.505704430883523,0.499336694083311,0.0138597868551052,-0.0205278592375366,226,121,0.535398230088496,115,54,0.469565217391304,0.509376775054109,0.0365125024186541
2026,5,Full,0.05,48,26,27,0.0127354736004245,0.541666666666667,0.5625,3769,1906,1882,0.505704430883523,0.499336694083311,0.0423299725833554,-0.0208333333333334,27,16,0.592592592592593,21,10,0.476190476190476,0.506061535723042,0.0597139710898152
2026,5,Full,0.075,5,3,1,0.00132661183337755,0.6,0.2,3769,1906,1882,0.505704430883523,0.499336694083311,0.100663305916689,0.4,1,0,0,4,3,0.75,0.447117650906332,0.0844811674237858
2026,5,Full,0.1,1,1,0,0.000265322366675511,1,0,3769,1906,1882,0.505704430883523,0.499336694083311,0.500663305916689,1,0,0,,1,1,1,0.398526449843502,0.101473550156498
2017,7,Calendar-only,0,8196,4074,4262,1,0.497071742313324,0.520009760858956,8196,4074,4262,0.497071742313324,0.520009760858956,-0.022938018545632,-0.022938018545632,4556,2348,0.515364354697103,3640,1726,0.474175824175824,0.503168067607621,0.0193682879508865
2017,7,Calendar-only,0.025,2371,1134,1213,0.289287457296242,0.478279207085618,0.511598481653311,8196,4074,4262,0.497071742313324,0.520009760858956,-0.0417305537733377,-0.0333192745676929,1482,729,0.491902834008097,889,405,0.455568053993251,0.509749581835065,0.0387092304143404
2017,7,Calendar-only,0.05,401,194,183,0.0489263055148853,0.483790523690773,0.456359102244389,8196,4074,4262,0.497071742313324,0.520009760858956,-0.0362192371681825,0.0274314214463841,190,83,0.436842105263158,211,111,0.526066350710901,0.494793005118164,0.0562546970744078
2017,7,Market-state,0,8196,4286,4262,1,0.522938018545632,0.520009760858956,8196,4286,4262,0.522938018545632,0.520009760858956,0.00292825768667648,0.00292825768667648,4812,2582,0.536575228595179,3384,1704,0.50354609929078,0.503170569768125,0.0114350096495943
2017,7,Market-state,0.025,872,474,447,0.10639336261591,0.543577981651376,0.512614678899083,8196,4286,4262,0.522938018545632,0.520009760858956,0.0235682207924206,0.0309633027522936,579,314,0.542314335060449,293,160,0.546075085324232,0.515762657109866,0.0401805849219148
2017,7,Market-state,0.05,172,85,82,0.0209858467545144,0.494186046511628,0.476744186046512,8196,4286,4262,0.522938018545632,0.520009760858956,-0.0258237143473277,0.0174418604651163,139,67,0.482014388489209,33,18,0.545454545454545,0.543565402138685,0.0680302971376707
2017,7,Market-state,0.075,43,26,25,0.0052464616886286,0.604651162790698,0.581395348837209,8196,4286,4262,0.522938018545632,0.520009760858956,0.0846414019317421,0.0232558139534883,38,23,0.605263157894737,5,3,0.6,0.572975021375854,0.0939737775933753
2017,7,Market-state,0.1,8,5,5,0.000976085895558809,0.625,0.625,8196,4286,4262,0.522938018545632,0.520009760858956,0.104990239141044,0,8,5,0.625,0,0,,0.624474441269054,0.124474441269054
2017,7,Market-state,0.15,1,1,1,0.000122010736944851,1,1,8196,4286,4262,0.522938018545632,0.520009760858956,0.479990239141045,0,1,1,1,0,0,,0.684184148134532,0.184184148134532
2017,7,Full,0,8196,4294,4262,1,0.523914104441191,0.520009760858956,8196,4294,4262,0.523914104441191,0.520009760858956,0.00390434358223524,0.00390434358223524,4516,2438,0.539858281665191,3680,1856,0.504347826086957,0.50201738317953,0.015482457167621
2017,7,Full,0.025,1338,737,690,0.163250366032211,0.550822122571002,0.515695067264574,8196,4294,4262,0.523914104441191,0.520009760858956,0.0308123617120459,0.0351270553064275,829,459,0.553679131483715,509,278,0.546168958742633,0.506321001377322,0.0468004543206004
2017,7,Full,0.05,380,191,181,0.0463640800390434,0.502631578947368,0.476315789473684,8196,4294,4262,0.523914104441191,0.520009760858956,-0.0173781819115871,0.0263157894736842,204,98,0.480392156862745,176,93,0.528409090909091,0.496100571372147,0.0803840629315902
2017,7,Full,0.075,178,95,94,0.0217179111761835,0.533707865168539,0.528089887640449,8196,4294,4262,0.523914104441191,0.520009760858956,0.0136981043095837,0.0056179775280899,71,41,0.577464788732394,107,54,0.504672897196262,0.471128966927932,0.102748907425821
2017,7,Full,0.1,81,44,40,0.00988286969253294,0.54320987654321,0.493827160493827,8196,4294,4262,0.523914104441191,0.520009760858956,0.0232001156842543,0.0493827160493827,15,9,0.6,66,35,0.53030303030303,0.421315505375539,0.121235987196016
2017,7,Full,0.15,6,4,3,0.000732064421669107,0.666666666666667,0.5,8196,4294,4262,0.523914104441191,0.520009760858956,0.146656905807711,0.166666666666667,1,1,1,5,3,0.6,0.402984969197137,0.159321539391923
2018,7,Calendar-only,0,15513,7761,7768,1,0.500290079288339,0.500741313736866,15513,7761,7768,0.500290079288339,0.500741313736866,-0.000451234448527016,-0.000451234448527016,9612,4814,0.500832292967124,5901,2947,0.499406880189798,0.505029629242689,0.0164334366665282
2018,7,Calendar-only,0.025,3147,1566,1571,0.202862115644943,0.497616777883699,0.4992055926279,15513,7761,7768,0.500290079288339,0.500741313736866,-0.00312453585316708,-0.00158881474420086,2312,1151,0.497837370242215,835,415,0.497005988023952,0.516856337032411,0.0373901594519708
2018,7,Calendar-only,0.05,484,263,249,0.0311996390124412,0.543388429752066,0.514462809917355,15513,7761,7768,0.500290079288339,0.500741313736866,0.0426471160152003,0.0289256198347108,240,134,0.558333333333333,244,129,0.528688524590164,0.497202176164549,0.0548974853609074
2018,7,Market-state,0,15513,8043,7768,1,0.518468381357571,0.500741313736866,15513,8043,7768,0.518468381357571,0.500741313736866,0.0177270676207053,0.0177270676207053,10362,5330,0.514379463424049,5151,2713,0.526693845855174,0.50652440108369,0.0207592427719185
2018,7,Market-state,0.025,4012,2164,2050,0.25862180107007,0.53938185443669,0.510967098703888,15513,8043,7768,0.518468381357571,0.500741313736866,0.0386405406998241,0.0284147557328016,2542,1372,0.539732494099135,1470,792,0.538775510204082,0.512238384192559,0.0497694498045654
2018,7,Market-state,0.05,1362,731,703,0.0877973312705473,0.536710719530103,0.516152716593245,15513,8043,7768,0.518468381357571,0.500741313736866,0.0359694057932369,0.0205580029368575,840,456,0.542857142857143,522,275,0.526819923371648,0.517109633545507,0.0791605695918024
2018,7,Market-state,0.075,542,292,279,0.0349384387288081,0.538745387453875,0.514760147601476,15513,8043,7768,0.518468381357571,0.500741313736866,0.0380040737170088,0.0239852398523985,325,177,0.544615384615385,217,115,0.529953917050691,0.519170689882644,0.107063630197665
2018,7,Market-state,0.1,236,130,127,0.0152130471217688,0.550847457627119,0.538135593220339,15513,8043,7768,0.518468381357571,0.500741313736866,0.0501061438902528,0.0127118644067796,137,79,0.576642335766423,99,51,0.515151515151515,0.518789826258008,0.13451112927425
2018,7,Market-state,0.15,55,29,30,0.00354541352414104,0.527272727272727,0.545454545454545,15513,8043,7768,0.518468381357571,0.500741313736866,0.0265314135358614,-0.0181818181818182,28,16,0.571428571428571,27,13,0.481481481481482,0.502634614261949,0.182266105904595
2018,7,Full,0,15513,7967,7768,1,0.513569264487849,0.500741313736866,15513,7967,7768,0.513569264487849,0.500741313736866,0.0128279507509831,0.0128279507509831,8434,4328,0.513161014939531,7079,3639,0.514055657578754,0.499953868357014,0.0276258644232107
2018,7,Full,0.025,6115,3180,3103,0.394185521820409,0.520032706459526,0.50744071954211,15513,7967,7768,0.513569264487849,0.500741313736866,0.0192913927226599,0.0125919869174161,3044,1606,0.527595269382392,3071,1574,0.512536633018561,0.496485096807433,0.052720991247413
2018,7,Full,0.05,2573,1352,1303,0.165860890865726,0.525456665371162,0.506412747765255,15513,7967,7768,0.513569264487849,0.500741313736866,0.0247153516342963,0.0190439176059075,1060,571,0.538679245283019,1513,781,0.516192994051553,0.486621703242216,0.0766063384343229
2018,7,Full,0.075,975,510,499,0.0628505124734094,0.523076923076923,0.511794871794872,15513,7967,7768,0.513569264487849,0.500741313736866,0.0223356093400573,0.0112820512820513,406,220,0.541871921182266,569,290,0.509666080843585,0.483550827134818,0.101464543293227
2018,7,Full,0.1,342,179,186,0.0220460259137498,0.523391812865497,0.543859649122807,15513,7967,7768,0.513569264487849,0.500741313736866,0.0226504991286313,-0.02046783625731,157,90,0.573248407643312,185,89,0.481081081081081,0.485189504607576,0.132831444413045
2018,7,Full,0.15,76,41,37,0.00489911686972217,0.539473684210526,0.486842105263158,15513,7967,7768,0.513569264487849,0.500741313736866,0.0387323704736605,0.0526315789473684,30,16,0.533333333333333,46,25,0.543478260869565,0.462204283585271,0.178209270726838
2019,7,Calendar-only,0,17129,8706,8648,1,0.508260844182381,0.504874773775469,17129,8706,8648,0.508260844182381,0.504874773775469,0.00338607040691219,0.00338607040691219,10083,5154,0.511157393632847,7046,3552,0.504115810388873,0.503939445371343,0.0182839393441551
2019,7,Calendar-only,0.025,4819,2451,2398,0.281335746395003,0.508611745175348,0.497613612782735,17129,8706,8648,0.508260844182381,0.504874773775469,0.00373697139987905,0.0109981323926125,3040,1535,0.504934210526316,1779,916,0.514896008993817,0.509201922713462,0.0359226269256795
2019,7,Calendar-only,0.05,431,218,207,0.0251620059548135,0.505800464037123,0.480278422273782,17129,8706,8648,0.508260844182381,0.504874773775469,0.000925690261654455,0.0255220417633411,194,94,0.484536082474227,237,124,0.523206751054852,0.49415541752172,0.0583037543599352
2019,7,Market-state,0,17129,8897,8648,1,0.519411524315488,0.504874773775469,17129,8897,8648,0.519411524315488,0.504874773775469,0.0145367505400198,0.0145367505400198,12376,6396,0.516806722689076,4753,2501,0.526193982747738,0.506012904790659,0.0141552213448961
2019,7,Market-state,0.025,2329,1242,1168,0.135968240994804,0.53327608415629,0.501502790897381,17129,8897,8648,0.519411524315488,0.504874773775469,0.0284013103808217,0.0317732932589094,1491,786,0.527162977867203,838,456,0.544152744630072,0.510631803687117,0.0420340091578753
2019,7,Market-state,0.05,525,272,262,0.0306497752349816,0.518095238095238,0.499047619047619,17129,8897,8648,0.519411524315488,0.504874773775469,0.0132204643197695,0.019047619047619,313,161,0.514376996805112,212,111,0.523584905660377,0.511968914979362,0.0708391214409316
2019,7,Market-state,0.075,139,68,62,0.00811489287173799,0.489208633093525,0.446043165467626,17129,8897,8648,0.519411524315488,0.504874773775469,-0.0156661406819433,0.0431654676258993,83,37,0.445783132530121,56,31,0.553571428571429,0.514154627432494,0.101212324585607
2019,7,Market-state,0.1,54,25,23,0.00315254830988382,0.462962962962963,0.425925925925926,17129,8897,8648,0.519411524315488,0.504874773775469,-0.0419118108125056,0.037037037037037,28,11,0.392857142857143,26,14,0.538461538461538,0.497912810242176,0.127523760305198
2019,7,Market-state,0.15,8,4,2,0.000467044194056863,0.5,0.25,17129,8897,8648,0.519411524315488,0.504874773775469,-0.00487477377546852,0.25,2,0,0,6,4,0.666666666666667,0.389153833925237,0.190000084842852
2019,7,Full,0,17129,8893,8648,1,0.51917800221846,0.504874773775469,17129,8893,8648,0.51917800221846,0.504874773775469,0.0143032284429914,0.0143032284429914,10396,5404,0.519815313582147,6733,3489,0.518193969998515,0.504140524650879,0.0144276531254703
2019,7,Full,0.025,2702,1450,1357,0.157744176542705,0.536639526276832,0.502220577350111,17129,8893,8648,0.51917800221846,0.504874773775469,0.0317647525013635,0.0344189489267209,1797,951,0.529215358931553,905,499,0.551381215469613,0.51266276532505,0.0415758649599109
2019,7,Full,0.05,552,282,275,0.0322260493899235,0.510869565217391,0.498188405797102,17129,8893,8648,0.51917800221846,0.504874773775469,0.00599479144192283,0.0126811594202899,341,173,0.50733137829912,211,109,0.516587677725119,0.514913536517587,0.071325437101371
2019,7,Full,0.075,153,80,72,0.0089322202113375,0.522875816993464,0.470588235294118,17129,8893,8648,0.51917800221846,0.504874773775469,0.0180010432179956,0.0522875816993464,91,45,0.494505494505495,62,35,0.564516129032258,0.515047006698669,0.101055010985957
2019,7,Full,0.1,53,24,21,0.00309416778562672,0.452830188679245,0.39622641509434,17129,8893,8648,0.51917800221846,0.504874773775469,-0.0520445850962232,0.0566037735849057,30,11,0.366666666666667,23,13,0.565217391304348,0.507679515899897,0.130246150234908
2019,7,Full,0.15,10,6,4,0.000583805242571078,0.6,0.4,17129,8893,8648,0.51917800221846,0.504874773775469,0.0951252262245315,0.2,4,2,0.5,6,4,0.666666666666667,0.441630355288463,0.182983979402897
2020,7,Calendar-only,0,17943,9121,9121,1,0.508331940032325,0.508331940032325,17943,9121,9121,0.508331940032325,0.508331940032325,0,0,10313,5306,0.514496266847668,7630,3815,0.5,0.50408091926448,0.0192566770173364
2020,7,Calendar-only,0.025,5312,2715,2665,0.296048598339185,0.511106927710844,0.501694277108434,17943,9121,9121,0.508331940032325,0.508331940032325,0.0027749876785188,0.0094126506024097,3490,1779,0.50974212034384,1822,936,0.513721185510428,0.511446250727677,0.0364081950012598
2020,7,Calendar-only,0.05,441,239,215,0.0245778297943488,0.541950113378685,0.487528344671202,17943,9121,9121,0.508331940032325,0.508331940032325,0.0336181733463602,0.054421768707483,293,153,0.522184300341297,148,86,0.581081081081081,0.517905703985498,0.0576750254016889
2020,7,Market-state,0,17943,9176,9121,1,0.511397202251574,0.508331940032325,17943,9176,9121,0.511397202251574,0.508331940032325,0.00306526221924985,0.00306526221924985,10802,5578,0.516385854471394,7141,3598,0.503851001260328,0.502137445292473,0.0224619815762241
2020,7,Market-state,0.025,5001,2551,2528,0.278715933790336,0.510097980403919,0.505498900219956,17943,9176,9121,0.511397202251574,0.508331940032325,0.00176604037159456,0.00459908018396316,2636,1357,0.514795144157815,2365,1194,0.504862579281184,0.500020638184532,0.0538580187578678
2020,7,Market-state,0.05,1871,917,934,0.104274647494845,0.490112239444148,0.499198289684661,17943,9176,9121,0.511397202251574,0.508331940032325,-0.0182197005881771,-0.00908605024051312,920,450,0.489130434782609,951,467,0.491062039957939,0.494877034181186,0.0854598866918152
2020,7,Market-state,0.075,841,420,414,0.0468706459343477,0.499405469678954,0.492271105826397,17943,9176,9121,0.511397202251574,0.508331940032325,-0.00892647035337102,0.00713436385255645,393,193,0.491094147582697,448,227,0.506696428571429,0.487365462074956,0.11622129789458
2020,7,Market-state,0.1,426,215,215,0.0237418491890988,0.504694835680751,0.504694835680751,17943,9176,9121,0.511397202251574,0.508331940032325,-0.00363710435157349,0,188,96,0.51063829787234,238,119,0.5,0.476466688080101,0.145757771797744
2020,7,Market-state,0.15,130,67,69,0.00724516524549964,0.515384615384615,0.530769230769231,17943,9176,9121,0.511397202251574,0.508331940032325,0.00705267535229071,-0.0153846153846154,46,26,0.565217391304348,84,41,0.488095238095238,0.434390779423017,0.206084648075297
2020,7,Full,0,17943,9215,9121,1,0.513570751825224,0.508331940032325,17943,9215,9121,0.513570751825224,0.508331940032325,0.00523881179289965,0.00523881179289965,9025,4709,0.521772853185596,8918,4506,0.505270239964117,0.498702479283834,0.0240625061473724
2020,7,Full,0.025,5699,2911,2906,0.317616897954634,0.510791366906475,0.509914020003509,17943,9215,9121,0.513570751825224,0.508331940032325,0.00245942687415024,0.000877346902965481,2758,1438,0.521392313270486,2941,1473,0.50085005100306,0.495146050112103,0.0529991831764516
2020,7,Full,0.05,2044,1018,1014,0.113916290475394,0.498043052837573,0.496086105675147,17943,9215,9121,0.513570751825224,0.508331940032325,-0.0102888871947512,0.00195694716242661,908,448,0.493392070484582,1136,570,0.501760563380282,0.485993290540763,0.0854306253498452
2020,7,Full,0.075,901,446,457,0.0502145683553475,0.495005549389567,0.507214206437292,17943,9215,9121,0.513570751825224,0.508331940032325,-0.0133263906427575,-0.0122086570477247,378,190,0.502645502645503,523,256,0.489483747609943,0.474476280682478,0.116763502310679
2020,7,Full,0.1,459,235,234,0.0255810065206487,0.5119825708061,0.509803921568627,17943,9215,9121,0.513570751825224,0.508331940032325,0.00365063077377559,0.0021786492374728,172,91,0.529069767441861,287,144,0.501742160278746,0.455592149538706,0.146188494222867
2020,7,Full,0.15,144,74,75,0.0080254138103996,0.513888888888889,0.520833333333333,17943,9215,9121,0.513570751825224,0.508331940032325,0.00555694885656421,-0.00694444444444453,39,22,0.564102564102564,105,52,0.495238095238095,0.400925670577568,0.205483952439723
2021,7,Calendar-only,0,18381,9308,9482,1,0.506392470485828,0.515858767205266,18381,9308,9482,0.506392470485828,0.515858767205266,-0.00946629671943855,-0.00946629671943855,11477,5943,0.517818245186024,6904,3365,0.487398609501738,0.504808076762261,0.0193209582006578
2021,7,Calendar-only,0.025,5746,2983,2936,0.312605407758011,0.519143752175426,0.510964148973199,18381,9308,9482,0.506392470485828,0.515858767205266,0.00328498497016005,0.00817960320222766,3695,1934,0.5234100135318,2051,1049,0.511457825451,0.509947102027497,0.0359128513527244
2021,7,Calendar-only,0.05,495,283,249,0.0269299820466786,0.571717171717172,0.503030303030303,18381,9308,9482,0.506392470485828,0.515858767205266,0.0558584045119054,0.0686868686868687,245,141,0.575510204081633,250,142,0.568,0.497020258019727,0.0616156225685363
2021,7,Market-state,0,18381,9621,9482,1,0.52342092377999,0.515858767205266,18381,9621,9482,0.52342092377999,0.515858767205266,0.00756215657472381,0.00756215657472381,13718,7220,0.526315789473684,4663,2401,0.514904567874759,0.506329736912281,0.0126692549755852
2021,7,Market-state,0.025,2001,1059,1046,0.108862412273543,0.529235382308846,0.522738630684658,18381,9621,9482,0.52342092377999,0.515858767205266,0.0133766151035792,0.00649675162418795,1352,728,0.538461538461538,649,331,0.510015408320493,0.513936275122698,0.0401109588021955
2021,7,Market-state,0.05,374,195,206,0.0203470975463794,0.521390374331551,0.550802139037433,18381,9621,9482,0.52342092377999,0.515858767205266,0.00553160712628442,-0.0294117647058824,257,142,0.552529182879377,117,53,0.452991452991453,0.524364315838232,0.0673544310671249
2021,7,Market-state,0.075,99,64,55,0.00538599640933573,0.646464646464647,0.555555555555556,18381,9621,9482,0.52342092377999,0.515858767205266,0.13060587925938,0.0909090909090909,60,40,0.666666666666667,39,24,0.615384615384615,0.520766510010253,0.090772353049889
2021,7,Market-state,0.1,19,15,14,0.00103367607855938,0.789473684210526,0.736842105263158,18381,9621,9482,0.52342092377999,0.515858767205266,0.27361491700526,0.0526315789473685,12,11,0.916666666666667,7,4,0.571428571428571,0.534909300170556,0.118209298630911
2021,7,Market-state,0.15,1,1,1,5.44040041347043e-05,1,1,18381,9621,9482,0.52342092377999,0.515858767205266,0.484141232794734,0,1,1,1,0,0,,0.65676133811308,0.15676133811308
2021,7,Full,0,18381,9599,9482,1,0.522224035689027,0.515858767205266,18381,9599,9482,0.522224035689027,0.515858767205266,0.0063652684837604,0.0063652684837604,11742,6221,0.529807528530063,6639,3378,0.50881156800723,0.505535591457908,0.0143200510550188
2021,7,Full,0.025,2948,1566,1575,0.160383004189108,0.531207598371777,0.534260515603799,18381,9599,9482,0.522224035689027,0.515858767205266,0.0153488311665111,-0.00305291723202172,2091,1142,0.546150167384027,857,424,0.494749124854142,0.515863688555069,0.0389279091729022
2021,7,Full,0.05,479,253,264,0.0260595179805234,0.528183716075157,0.551148225469729,18381,9599,9482,0.522224035689027,0.515858767205266,0.0123249488698902,-0.0229645093945721,338,188,0.556213017751479,141,65,0.460992907801419,0.528004664270066,0.0674535362726956
2021,7,Full,0.075,121,75,64,0.00658288450029922,0.619834710743802,0.528925619834711,18381,9599,9482,0.522224035689027,0.515858767205266,0.103975943538535,0.0909090909090909,86,52,0.604651162790698,35,23,0.657142857142857,0.537858588792668,0.089848722884452
2021,7,Full,0.1,21,17,17,0.00114248408682879,0.80952380952381,0.80952380952381,18381,9599,9482,0.522224035689027,0.515858767205266,0.293665042318543,0,15,14,0.933333333333333,6,3,0.5,0.550809339531616,0.117188258636525
2021,7,Full,0.15,1,1,1,5.44040041347043e-05,1,1,18381,9599,9482,0.522224035689027,0.515858767205266,0.484141232794734,0,1,1,1,0,0,,0.651229796982175,0.151229796982175
2022,7,Calendar-only,0,19075,9481,9339,1,0.497038007863696,0.48959370904325,19075,9481,9339,0.497038007863696,0.48959370904325,0.00744429882044562,0.00744429882044562,12171,5958,0.489524279023909,6904,3523,0.510283893395133,0.506822246973105,0.019592162491424
2022,7,Calendar-only,0.025,5304,2581,2563,0.278060288335518,0.486613876319759,0.483220211161388,19075,9481,9339,0.497038007863696,0.48959370904325,-0.00297983272349167,0.00339366515837103,3548,1694,0.477452085682074,1756,887,0.505125284738041,0.51338972685549,0.0380770162205435
2022,7,Calendar-only,0.05,851,424,410,0.0446133682830931,0.498237367802585,0.481786133960047,19075,9481,9339,0.497038007863696,0.48959370904325,0.00864365875933487,0.0164512338425382,551,267,0.484573502722323,300,157,0.523333333333333,0.516824045035704,0.0595043189355256
2022,7,Calendar-only,0.075,100,46,50,0.00524246395806029,0.46,0.5,19075,9481,9339,0.497038007863696,0.48959370904325,-0.0295937090432503,-0.04,48,22,0.458333333333333,52,24,0.461538461538462,0.498054190511466,0.0778982950215257
2022,7,Market-state,0,19075,9711,9339,1,0.509095674967235,0.48959370904325,19075,9711,9339,0.509095674967235,0.48959370904325,0.0195019659239843,0.0195019659239843,12293,6134,0.498983161148621,6782,3577,0.527425538189325,0.505071129729976,0.0199206020890151
2022,7,Market-state,0.025,4855,2511,2398,0.254521625163827,0.517198764160659,0.493923789907312,19075,9711,9339,0.509095674967235,0.48959370904325,0.0276050551174088,0.0232749742533471,2902,1478,0.509303928325293,1953,1033,0.528929851510497,0.508052301412944,0.0475759481237527
2022,7,Market-state,0.05,1511,774,737,0.079213630406291,0.512243547319656,0.487756452680344,19075,9711,9339,0.509095674967235,0.48959370904325,0.0226498382764055,0.0244870946393117,830,415,0.5,681,359,0.527165932452276,0.508121868799868,0.076270621358175
2022,7,Market-state,0.075,529,262,250,0.0277326343381389,0.495274102079395,0.472589792060492,19075,9711,9339,0.509095674967235,0.48959370904325,0.00568039303614476,0.0226843100189036,297,140,0.471380471380471,232,122,0.525862068965517,0.513470024989091,0.105918399763336
2022,7,Market-state,0.1,202,94,100,0.0105897771952818,0.465346534653465,0.495049504950495,19075,9711,9339,0.509095674967235,0.48959370904325,-0.024247174389785,-0.0297029702970297,112,52,0.464285714285714,90,42,0.466666666666667,0.517557029184515,0.138592243484201
2022,7,Market-state,0.15,43,21,20,0.00225425950196592,0.488372093023256,0.465116279069768,19075,9711,9339,0.509095674967235,0.48959370904325,-0.00122161601999454,0.0232558139534884,26,12,0.461538461538462,17,9,0.529411764705882,0.552816935282394,0.213535440875836
2022,7,Full,0,19075,9812,9339,1,0.514390563564875,0.48959370904325,19075,9812,9339,0.514390563564875,0.48959370904325,0.0247968545216251,0.0247968545216251,10998,5537,0.50345517366794,8077,4275,0.529280673517395,0.50327198710019,0.0206980998815903
2022,7,Full,0.025,5294,2727,2600,0.277536041939712,0.515111446921043,0.491122024933887,19075,9812,9339,0.514390563564875,0.48959370904325,0.0255177378777924,0.0239894219871553,3083,1558,0.505351929938372,2211,1169,0.528720036182723,0.506863131237605,0.0475356178914908
2022,7,Full,0.05,1652,842,795,0.086605504587156,0.509685230024213,0.481234866828087,19075,9812,9339,0.514390563564875,0.48959370904325,0.0200915209809627,0.0284503631961259,927,456,0.491909385113269,725,386,0.532413793103448,0.508042494197366,0.0751377467970886
2022,7,Full,0.075,556,271,263,0.0291480996068152,0.487410071942446,0.473021582733813,19075,9812,9339,0.514390563564875,0.48959370904325,-0.00218363710080427,0.0143884892086331,292,135,0.462328767123288,264,136,0.515151515151515,0.505747944880723,0.104848032877222
2022,7,Full,0.1,207,103,102,0.0108519003931848,0.497584541062802,0.492753623188406,19075,9812,9339,0.514390563564875,0.48959370904325,0.00799083201955159,0.0048309178743961,106,52,0.490566037735849,101,51,0.504950495049505,0.506135429932458,0.137722143663452
2022,7,Full,0.15,46,23,21,0.00241153342070773,0.5,0.456521739130435,19075,9812,9339,0.514390563564875,0.48959370904325,0.0104062909567497,0.0434782608695652,26,12,0.461538461538462,20,11,0.55,0.536150201577794,0.208503664131516
2023,7,Calendar-only,0,18592,9324,9469,1,0.501506024096386,0.509305077452668,18592,9324,9469,0.501506024096386,0.509305077452668,-0.00779905335628228,-0.00779905335628228,10883,5542,0.50923458605164,7709,3782,0.490595407964717,0.504268603493971,0.0185696702520277
2023,7,Calendar-only,0.025,4853,2418,2433,0.261026247848537,0.498248506078714,0.501339377704513,18592,9324,9469,0.501506024096386,0.509305077452668,-0.0110565713739537,-0.00309087162579846,3014,1506,0.499668214996682,1839,912,0.495921696574225,0.508326002232156,0.0365422139270715
2023,7,Calendar-only,0.05,671,343,313,0.0360907917383821,0.511177347242921,0.466467958271237,18592,9324,9469,0.501506024096386,0.509305077452668,0.00187226979025312,0.044709388971684,289,137,0.474048442906574,382,206,0.539267015706806,0.493532144220062,0.0594549560549866
2023,7,Market-state,0,18592,9516,9469,1,0.511833046471601,0.509305077452668,18592,9516,9469,0.511833046471601,0.509305077452668,0.00252796901893282,0.00252796901893282,13919,7156,0.514117393490912,4673,2360,0.505028889364434,0.505570480618561,0.0117715021512424
2023,7,Market-state,0.025,1598,843,832,0.0859509466437177,0.527534418022528,0.520650813516896,18592,9516,9469,0.511833046471601,0.509305077452668,0.0182293405698604,0.00688360450563208,977,527,0.539406345957011,621,316,0.508856682769726,0.507189083477238,0.0382142595950334
2023,7,Market-state,0.05,218,109,119,0.0117254733218589,0.5,0.545871559633028,18592,9516,9469,0.511833046471601,0.509305077452668,-0.00930507745266784,-0.0458715596330275,114,62,0.543859649122807,104,47,0.451923076923077,0.502756792791627,0.0666547546807495
2023,7,Market-state,0.075,49,25,26,0.0026355421686747,0.510204081632653,0.530612244897959,18592,9516,9469,0.511833046471601,0.509305077452668,0.00089900417998523,-0.0204081632653061,24,13,0.541666666666667,25,12,0.48,0.499110447454732,0.0944110969125175
2023,7,Market-state,0.1,13,6,8,0.000699225473321859,0.461538461538462,0.615384615384615,18592,9516,9469,0.511833046471601,0.509305077452668,-0.0477666159142063,-0.153846153846154,5,3,0.6,8,3,0.375,0.47849141725155,0.117519320730689
2023,7,Full,0,18592,9524,9469,1,0.512263339070568,0.509305077452668,18592,9524,9469,0.512263339070568,0.509305077452668,0.00295826161790014,0.00295826161790014,12313,6357,0.516283602696337,6279,3167,0.504379678292722,0.50507641647132,0.0124772893596673
2023,7,Full,0.025,2204,1148,1139,0.118545611015491,0.520871143375681,0.516787658802178,18592,9524,9469,0.512263339070568,0.509305077452668,0.0115660659230128,0.00408348457350283,1511,797,0.527465254798147,693,351,0.506493506493507,0.512436161527221,0.0367327483473958
2023,7,Full,0.05,253,124,128,0.0136080034423408,0.490118577075099,0.505928853754941,18592,9524,9469,0.512263339070568,0.509305077452668,-0.019186500377569,-0.0158102766798419,145,72,0.496551724137931,108,52,0.481481481481482,0.507834551266939,0.065804857943901
2023,7,Full,0.075,43,21,23,0.00231282271944923,0.488372093023256,0.534883720930233,18592,9524,9469,0.512263339070568,0.509305077452668,-0.0209329844294121,-0.0465116279069767,21,11,0.523809523809524,22,10,0.454545454545455,0.497777829437105,0.0971641159063426
2023,7,Full,0.1,16,7,10,0.000860585197934596,0.4375,0.625,18592,9524,9469,0.512263339070568,0.509305077452668,-0.0718050774526678,-0.1875,5,3,0.6,11,4,0.363636363636364,0.463521640650925,0.114726260308498
2024,7,Calendar-only,0,18635,9367,9543,1,0.502656291923799,0.512100885430641,18635,9367,9543,0.502656291923799,0.512100885430641,-0.0094445935068419,-0.0094445935068419,11271,5773,0.512199449915713,7364,3594,0.488049972840847,0.504745818481185,0.0179303171975758
2024,7,Calendar-only,0.025,5274,2705,2764,0.283015830426617,0.5128934395146,0.524080394387562,18635,9367,9543,0.502656291923799,0.512100885430641,0.000792554083958619,-0.0111869548729617,3565,1880,0.527349228611501,1709,825,0.482738443534231,0.511396047062633,0.0346220587280126
2024,7,Calendar-only,0.05,482,232,274,0.0258653072176013,0.481327800829876,0.568464730290456,18635,9367,9543,0.502656291923799,0.512100885430641,-0.0307730846007657,-0.0871369294605809,194,109,0.561855670103093,288,123,0.427083333333333,0.487532514590521,0.0591655622861501
2024,7,Market-state,0,18635,9591,9543,1,0.51467668365978,0.512100885430641,18635,9591,9543,0.51467668365978,0.512100885430641,0.00257579822913878,0.00257579822913878,14567,7533,0.517127754513627,4068,2058,0.505899705014749,0.506364853915121,0.0110286164296314
2024,7,Market-state,0.025,1332,704,689,0.0714784008585994,0.528528528528529,0.517267267267267,18635,9591,9543,0.51467668365978,0.512100885430641,0.0164276430978872,0.0112612612612613,919,490,0.533188248095756,413,214,0.5181598062954,0.514198638929891,0.0387608146372269
2024,7,Market-state,0.05,211,126,122,0.0113227797155889,0.597156398104265,0.578199052132701,18635,9591,9543,0.51467668365978,0.512100885430641,0.0850555126736241,0.018957345971564,149,93,0.624161073825503,62,33,0.532258064516129,0.523866013895785,0.0671673808605085
2024,7,Market-state,0.075,43,25,26,0.00230748591360343,0.581395348837209,0.604651162790698,18635,9591,9543,0.51467668365978,0.512100885430641,0.0692944634065681,-0.0232558139534883,26,17,0.653846153846154,17,8,0.470588235294118,0.511426885146167,0.0975170560952475
2024,7,Market-state,0.1,11,5,5,0.000590287094177623,0.454545454545455,0.454545454545455,18635,9591,9543,0.51467668365978,0.512100885430641,-0.0575554308851867,0,3,1,0.333333333333333,8,4,0.5,0.434708681416384,0.130835130488297
2024,7,Market-state,0.15,1,1,0,5.36624631070566e-05,1,0,18635,9591,9543,0.51467668365978,0.512100885430641,0.487899114569359,1,0,0,,1,1,1,0.280793502203428,0.219206497796572
2024,7,Full,0,18635,9546,9543,1,0.512261872819962,0.512100885430641,18635,9546,9543,0.512261872819962,0.512100885430641,0.000160987389321132,0.000160987389321132,12820,6637,0.517706708268331,5815,2909,0.500257953568358,0.50611806389127,0.0120162963225991
2024,7,Full,0.025,1949,1056,1017,0.104588140595653,0.541816316059518,0.521806054386865,18635,9546,9543,0.512261872819962,0.512100885430641,0.0297154306288765,0.0200102616726527,1482,803,0.541835357624831,467,253,0.541755888650964,0.518497007733179,0.0369629451204837
2024,7,Full,0.05,236,145,139,0.0126643412932654,0.614406779661017,0.588983050847458,18635,9546,9543,0.512261872819962,0.512100885430641,0.102305894230376,0.0254237288135594,180,114,0.633333333333333,56,31,0.553571428571429,0.530610982858897,0.0669339261621393
2024,7,Full,0.075,48,26,31,0.00257579822913872,0.541666666666667,0.645833333333333,18635,9546,9543,0.512261872819962,0.512100885430641,0.0295657812360254,-0.104166666666667,27,18,0.666666666666667,21,8,0.380952380952381,0.504678553931235,0.0965179253061995
2024,7,Full,0.1,11,5,6,0.000590287094177623,0.454545454545455,0.545454545454545,18635,9546,9543,0.512261872819962,0.512100885430641,-0.0575554308851867,-0.0909090909090909,2,1,0.5,9,4,0.444444444444444,0.415605502210781,0.131443441919005
2024,7,Full,0.15,2,1,1,0.000107324926214113,0.5,0.5,18635,9546,9543,0.512261872819962,0.512100885430641,-0.0121008854306413,0,0,0,,2,1,0.5,0.303292943102541,0.196707056897459
2025,7,Calendar-only,0,18726,9466,9626,1,0.505500373811812,0.514044643810744,18726,9466,9626,0.505500373811812,0.514044643810744,-0.00854426999893199,-0.00854426999893199,11306,5836,0.516186095878295,7420,3630,0.48921832884097,0.505511183460887,0.0176440617773094
2025,7,Calendar-only,0.025,4756,2385,2439,0.253978425718253,0.501471825063078,0.51282590412111,18726,9466,9626,0.505500373811812,0.514044643810744,-0.0125728187476662,-0.011354079058032,3342,1705,0.51017354877319,1414,680,0.480905233380481,0.514579344859363,0.0355845477268293
2025,7,Calendar-only,0.05,438,214,211,0.0233899391220763,0.488584474885845,0.481735159817352,18726,9466,9626,0.505500373811812,0.514044643810744,-0.0254601689248997,0.00684931506849312,339,163,0.480825958702065,99,51,0.515151515151515,0.531110970968081,0.057482987213195
2025,7,Market-state,0,18726,9609,9626,1,0.513136815123358,0.514044643810744,18726,9609,9626,0.513136815123358,0.514044643810744,-0.000907828687386592,-0.000907828687386592,14593,7551,0.517439868430069,4133,2058,0.497943382530849,0.506232382258642,0.0124941816860291
2025,7,Market-state,0.025,1760,902,897,0.0939869699882516,0.5125,0.509659090909091,18726,9609,9626,0.513136815123358,0.514044643810744,-0.00154464381074448,0.00284090909090906,1105,572,0.517647058823529,655,330,0.50381679389313,0.507780532972064,0.0442651891986579
2025,7,Market-state,0.05,418,228,206,0.0223219053722098,0.545454545454545,0.492822966507177,18726,9609,9626,0.513136815123358,0.514044643810744,0.031409901643801,0.0526315789473684,230,123,0.534782608695652,188,105,0.558510638297872,0.500885964739737,0.0778908093329063
2025,7,Market-state,0.075,141,83,62,0.0075296379365588,0.588652482269504,0.439716312056738,18726,9609,9626,0.513136815123358,0.514044643810744,0.0746078384587591,0.148936170212766,60,32,0.533333333333333,81,51,0.62962962962963,0.476432103014736,0.112005698972377
2025,7,Market-state,0.1,60,39,25,0.00320410124959949,0.65,0.416666666666667,18726,9609,9626,0.513136815123358,0.514044643810744,0.135955356189256,0.233333333333333,24,14,0.583333333333333,36,25,0.694444444444445,0.459739647387509,0.147808056152186
2025,7,Market-state,0.15,20,13,7,0.0010680337498665,0.65,0.35,18726,9609,9626,0.513136815123358,0.514044643810744,0.135955356189256,0.3,6,3,0.5,14,10,0.714285714285714,0.405201241419231,0.212515954575986
2025,7,Full,0,18726,9674,9626,1,0.516607924810424,0.514044643810744,18726,9674,9626,0.516607924810424,0.514044643810744,0.00256328099967962,0.00256328099967962,13000,6787,0.522076923076923,5726,2887,0.504191407614391,0.505495191376483,0.0136410073294429
2025,7,Full,0.025,2442,1283,1261,0.130406920858699,0.525389025389026,0.516380016380016,18726,9674,9626,0.516607924810424,0.514044643810744,0.011344381578281,0.00900900900900903,1614,858,0.531598513011153,828,425,0.513285024154589,0.508900685800127,0.0411270052315767
2025,7,Full,0.05,456,240,224,0.0243511694969561,0.526315789473684,0.491228070175439,18726,9674,9626,0.516607924810424,0.514044643810744,0.0122711456629397,0.0350877192982456,242,125,0.516528925619835,214,115,0.537383177570094,0.496016420173372,0.0771276737705535
2025,7,Full,0.075,152,83,64,0.00811705649898537,0.546052631578947,0.421052631578947,18726,9674,9626,0.516607924810424,0.514044643810744,0.0320079877682029,0.125,55,25,0.454545454545455,97,58,0.597938144329897,0.461677003136873,0.111650327267096
2025,7,Full,0.1,68,44,29,0.00363131474954609,0.647058823529412,0.426470588235294,18726,9674,9626,0.516607924810424,0.514044643810744,0.133014179718667,0.220588235294118,21,13,0.619047619047619,47,31,0.659574468085106,0.436040499129637,0.145468800269646
2025,7,Full,0.15,19,12,6,0.00101463206237317,0.631578947368421,0.315789473684211,18726,9674,9626,0.516607924810424,0.514044643810744,0.117534303557677,0.315789473684211,3,1,0.333333333333333,16,11,0.6875,0.351733806927396,0.219222800415586
2026,7,Calendar-only,0,3768,1864,1898,1,0.494692144373673,0.503715498938429,3768,1864,1898,0.494692144373673,0.503715498938429,-0.00902335456475589,-0.00902335456475589,2172,1083,0.498618784530387,1596,781,0.489348370927318,0.506184637005538,0.0173934387367688
2026,7,Calendar-only,0.025,919,450,443,0.243895966029724,0.489662676822633,0.482045701849837,3768,1864,1898,0.494692144373673,0.503715498938429,-0.0140528221157956,0.00761697497279651,724,349,0.482044198895028,195,101,0.517948717948718,0.519598722072486,0.035432932547246
2026,7,Calendar-only,0.05,79,40,32,0.0209660297239915,0.506329113924051,0.405063291139241,3768,1864,1898,0.494692144373673,0.503715498938429,0.00261361498562174,0.10126582278481,51,22,0.431372549019608,28,18,0.642857142857143,0.515137769436089,0.0537071870626204
2026,7,Market-state,0,3768,1917,1898,1,0.50875796178344,0.503715498938429,3768,1917,1898,0.50875796178344,0.503715498938429,0.00504246284501053,0.00504246284501053,2905,1476,0.508089500860585,863,441,0.511008111239861,0.506879853621659,0.0126763689052183
2026,7,Market-state,0.025,369,181,186,0.0979299363057325,0.490514905149052,0.504065040650406,3768,1917,1898,0.50875796178344,0.503715498938429,-0.0132005937893774,-0.013550135501355,252,125,0.496031746031746,117,56,0.478632478632479,0.513016813830958,0.0383791195515853
2026,7,Market-state,0.05,64,31,29,0.0169851380042463,0.484375,0.453125,3768,1917,1898,0.50875796178344,0.503715498938429,-0.0193404989384289,0.03125,40,18,0.45,24,13,0.541666666666667,0.517788120469714,0.0658335027320409
2026,7,Market-state,0.075,10,1,4,0.00265392781316348,0.1,0.4,3768,1917,1898,0.50875796178344,0.503715498938429,-0.403715498938429,-0.3,7,1,0.142857142857143,3,0,0,0.532851482234799,0.0900435520159902
2026,7,Market-state,0.1,3,0,2,0.000796178343949045,0,0.666666666666667,3768,1917,1898,0.50875796178344,0.503715498938429,-0.503715498938429,-0.666666666666667,1,0,0,2,0,0,0.464906554673799,0.105460662315185
2026,7,Full,0,3768,1933,1898,1,0.513004246284501,0.503715498938429,3768,1933,1898,0.513004246284501,0.503715498938429,0.0092887473460721,0.0092887473460721,2533,1298,0.51243584682195,1235,635,0.51417004048583,0.506000065791498,0.0134662948992516
2026,7,Full,0.025,503,248,255,0.133492569002123,0.493041749502982,0.506958250497018,3768,1933,1898,0.513004246284501,0.503715498938429,-0.0106737494354468,-0.0139165009940358,364,182,0.5,139,66,0.474820143884892,0.515323722330508,0.0371797252974825
2026,7,Full,0.05,72,38,36,0.0191082802547771,0.527777777777778,0.5,3768,1933,1898,0.513004246284501,0.503715498938429,0.0240622788393489,0.0277777777777778,48,25,0.520833333333333,24,13,0.541666666666667,0.521796068963553,0.0650212599388437
2026,7,Full,0.075,10,3,5,0.00265392781316348,0.3,0.5,3768,1933,1898,0.513004246284501,0.503715498938429,-0.203715498938429,-0.2,8,3,0.375,2,0,0,0.549050064975969,0.08928197120223
2026,7,Full,0.1,2,0,1,0.000530785562632696,0,0.5,3768,1933,1898,0.513004246284501,0.503715498938429,-0.503715498938429,-0.5,1,0,0,1,0,0,0.501250201281417,0.102610936279617
2017,10,Calendar-only,0,8260,4088,4332,1,0.494915254237288,0.524455205811138,8260,4088,4332,0.494915254237288,0.524455205811138,-0.0295399515738499,-0.0295399515738499,5208,2684,0.515360983102919,3052,1404,0.46002621231979,0.506157683756217,0.0189705220466021
2017,10,Calendar-only,0.025,2375,1197,1266,0.287530266343826,0.504,0.533052631578947,8260,4088,4332,0.494915254237288,0.524455205811138,-0.020455205811138,-0.0290526315789473,1654,871,0.526602176541717,721,326,0.452149791955617,0.514991284245009,0.0371278935341586
2017,10,Calendar-only,0.05,252,131,134,0.0305084745762712,0.51984126984127,0.531746031746032,8260,4088,4332,0.494915254237288,0.524455205811138,-0.00461393596986814,-0.0119047619047619,201,107,0.532338308457712,51,24,0.470588235294118,0.534961387605856,0.0574098832809002
2017,10,Market-state,0,8260,4329,4332,1,0.52409200968523,0.524455205811138,8260,4329,4332,0.52409200968523,0.524455205811138,-0.000363196125907961,-0.000363196125907961,6145,3273,0.532628152969894,2115,1056,0.499290780141844,0.506686652216733,0.0119618579215943
2017,10,Market-state,0.025,724,402,387,0.0876513317191283,0.55524861878453,0.534530386740332,8260,4329,4332,0.52409200968523,0.524455205811138,0.0307934129733923,0.0207182320441989,539,302,0.560296846011132,185,100,0.540540540540541,0.519498299455058,0.0383508253623585
2017,10,Market-state,0.05,118,62,63,0.0142857142857143,0.525423728813559,0.533898305084746,8260,4329,4332,0.52409200968523,0.524455205811138,0.00096852300242134,-0.00847457627118642,97,52,0.536082474226804,21,10,0.476190476190476,0.54299163873959,0.0648896314890261
2017,10,Market-state,0.075,20,13,11,0.00242130750605327,0.65,0.55,8260,4329,4332,0.52409200968523,0.524455205811138,0.125544794188862,0.1,16,10,0.625,4,3,0.75,0.560063872617002,0.0953178167836339
2017,10,Market-state,0.1,4,3,3,0.000484261501210654,0.75,0.75,8260,4329,4332,0.52409200968523,0.524455205811138,0.225544794188862,0,4,3,0.75,0,0,,0.634081992248852,0.134081992248852
2017,10,Market-state,0.15,1,1,1,0.000121065375302663,1,1,8260,4329,4332,0.52409200968523,0.524455205811138,0.475544794188862,0,1,1,1,0,0,,0.669457212653123,0.169457212653123
2017,10,Full,0,8260,4251,4332,1,0.514648910411622,0.524455205811138,8260,4251,4332,0.514648910411622,0.524455205811138,-0.00980629539951572,-0.00980629539951572,5361,2842,0.530124976683455,2899,1409,0.486029665401863,0.504430015203716,0.0168762515593192
2017,10,Full,0.025,1433,782,786,0.173486682808717,0.545708304256804,0.548499651081647,8260,4251,4332,0.514648910411622,0.524455205811138,0.0212530984456659,-0.00279134682484294,885,510,0.576271186440678,548,272,0.496350364963504,0.505286497121571,0.045722736754855
2017,10,Full,0.05,297,162,158,0.035956416464891,0.545454545454545,0.531986531986532,8260,4251,4332,0.514648910411622,0.524455205811138,0.0209993396434074,0.0134680134680134,139,81,0.58273381294964,158,81,0.512658227848101,0.488233058403558,0.0940288890730685
2017,10,Full,0.075,117,62,68,0.0141646489104116,0.52991452991453,0.581196581196581,8260,4251,4332,0.514648910411622,0.524455205811138,0.00545932410339189,-0.0512820512820513,39,26,0.666666666666667,78,36,0.461538461538462,0.459903360423033,0.14610150199756
2017,10,Full,0.1,63,33,37,0.0076271186440678,0.523809523809524,0.587301587301587,8260,4251,4332,0.514648910411622,0.524455205811138,-0.00064568200161419,-0.0634920634920635,23,15,0.652173913043478,40,18,0.45,0.455816580644997,0.198954614749578
2017,10,Full,0.15,34,20,23,0.00411622276029056,0.588235294117647,0.676470588235294,8260,4251,4332,0.514648910411622,0.524455205811138,0.0637800883065091,-0.0882352941176471,15,12,0.8,19,8,0.421052631578947,0.460375378767276,0.270219969677378
2018,10,Calendar-only,0,15535,7826,7920,1,0.503765690376569,0.509816543289347,15535,7826,7920,0.503765690376569,0.509816543289347,-0.00605085291277763,-0.00605085291277763,9847,5029,0.51071392302224,5688,2797,0.491736990154712,0.507945718322697,0.0169104356370466
2018,10,Calendar-only,0.025,3649,1854,1840,0.234888960411973,0.508084406686764,0.504247739106605,15535,7826,7920,0.503765690376569,0.509816543289347,-0.0017321366025832,0.00383666758015888,3013,1529,0.507467640225689,636,325,0.511006289308176,0.525063821551602,0.0380673382406065
2018,10,Calendar-only,0.05,587,299,289,0.0377856453170261,0.509369676320273,0.492333901192504,15535,7826,7920,0.503765690376569,0.509816543289347,-0.000446866969074144,0.0170357751277683,535,268,0.500934579439252,52,31,0.596153846153846,0.549018009448879,0.058554561497519
2018,10,Market-state,0,15535,7973,7920,1,0.513228194399743,0.509816543289347,15535,7973,7920,0.513228194399743,0.509816543289347,0.00341165111039587,0.00341165111039587,11598,5978,0.515433695464735,3937,1995,0.506731013462027,0.510246070705544,0.020123804539196
2018,10,Market-state,0.025,3786,2000,1992,0.243707756678468,0.528262017960909,0.526148969889065,15535,7973,7920,0.513228194399743,0.509816543289347,0.018445474671562,0.00211304807184365,2772,1489,0.537157287157287,1014,511,0.503944773175542,0.519357119769395,0.0452266696192019
2018,10,Market-state,0.05,1040,552,562,0.0669456066945607,0.530769230769231,0.540384615384615,15535,7973,7920,0.513228194399743,0.509816543289347,0.0209526874798841,-0.00961538461538458,712,393,0.551966292134832,328,159,0.484756097560976,0.526949269807954,0.075344449507811
2018,10,Market-state,0.075,385,200,195,0.024782748632121,0.51948051948052,0.506493506493507,15535,7973,7920,0.513228194399743,0.509816543289347,0.00966397619117276,0.012987012987013,262,136,0.519083969465649,123,64,0.520325203252033,0.534555646181458,0.101615218535802
2018,10,Market-state,0.1,152,75,84,0.00978435790151271,0.493421052631579,0.552631578947369,15535,7973,7920,0.513228194399743,0.509816543289347,-0.0163954906577677,-0.0592105263157896,99,53,0.535353535353535,53,22,0.415094339622642,0.535344950736397,0.127886490355886
2018,10,Market-state,0.15,26,11,20,0.00167364016736402,0.423076923076923,0.769230769230769,15535,7973,7920,0.513228194399743,0.509816543289347,-0.0867396202124236,-0.346153846153846,13,9,0.692307692307692,13,2,0.153846153846154,0.509601864382382,0.177221594556593
2018,10,Full,0,15535,7826,7920,1,0.503765690376569,0.509816543289347,15535,7826,7920,0.503765690376569,0.509816543289347,-0.00605085291277763,-0.00605085291277763,8389,4300,0.512575992370962,7146,3526,0.493422893926672,0.502088195662789,0.0248661867708781
2018,10,Full,0.025,5182,2660,2657,0.333569359510782,0.513315322269394,0.512736395214203,15535,7826,7920,0.503765690376569,0.509816543289347,0.00349877898004736,0.000578927055191025,2473,1304,0.527294783663567,2709,1356,0.500553709856035,0.502044973380169,0.053321685713523
2018,10,Full,0.05,1755,908,902,0.112970711297071,0.517378917378917,0.513960113960114,15535,7826,7920,0.503765690376569,0.509816543289347,0.00756237408957072,0.00341880341880341,897,476,0.530657748049053,858,432,0.503496503496504,0.514306480412315,0.0875428766021986
2018,10,Full,0.075,672,338,338,0.0432571612487931,0.502976190476191,0.502976190476191,15535,7826,7920,0.503765690376569,0.509816543289347,-0.0068403528131562,0,446,225,0.504484304932736,226,113,0.5,0.551979600631601,0.132556456554626
2018,10,Full,0.1,396,210,203,0.0254908271644673,0.53030303030303,0.512626262626263,15535,7826,7920,0.503765690376569,0.509816543289347,0.0204864870136836,0.0176767676767676,287,152,0.529616724738676,109,58,0.532110091743119,0.578963987578465,0.166053673607757
2018,10,Full,0.15,214,114,112,0.0137753459929192,0.532710280373832,0.523364485981308,15535,7826,7920,0.503765690376569,0.509816543289347,0.0228937370844851,0.00934579439252337,156,84,0.538461538461538,58,30,0.517241379310345,0.602094188260215,0.207138662508611
2019,10,Calendar-only,0,17179,8634,8697,1,0.502590371965772,0.506257640142034,17179,8634,8697,0.502590371965772,0.506257640142034,-0.00366726817626173,-0.00366726817626173,11140,5646,0.506822262118492,6039,2988,0.49478390461997,0.508600598586927,0.0189868347214979
2019,10,Calendar-only,0.025,5269,2657,2676,0.306711682868619,0.504270260011387,0.507876257354337,17179,8634,8697,0.502590371965772,0.506257640142034,-0.00198738013064659,-0.00360599734294942,4276,2170,0.507483629560337,993,487,0.49043303121853,0.522709484595778,0.0367824755988843
2019,10,Calendar-only,0.05,441,224,207,0.025670877233832,0.507936507936508,0.469387755102041,17179,8634,8697,0.502590371965772,0.506257640142034,0.00167886779447402,0.0385487528344671,290,140,0.482758620689655,151,84,0.556291390728477,0.521758151876173,0.0614748715014791
2019,10,Calendar-only,0.075,49,22,22,0.002852319692648,0.448979591836735,0.448979591836735,17179,8634,8697,0.502590371965772,0.506257640142034,-0.0572780483052992,0,49,22,0.448979591836735,0,0,,0.579153618426682,0.0791536184266818
2019,10,Market-state,0,17179,8804,8697,1,0.512486174981082,0.506257640142034,17179,8804,8697,0.512486174981082,0.506257640142034,0.00622853483904762,0.00622853483904762,14028,7175,0.511477045908184,3151,1629,0.516978736908918,0.510336309955415,0.0149907765122949
2019,10,Market-state,0.025,2066,1084,1099,0.120263111938995,0.524685382381413,0.531945788964182,17179,8804,8697,0.512486174981082,0.506257640142034,0.0184277422393795,-0.00726040658276861,1633,875,0.535823637477036,433,209,0.482678983833718,0.521861180009762,0.0386944562468169
2019,10,Market-state,0.05,323,167,169,0.0188020257290878,0.51702786377709,0.523219814241486,17179,8804,8697,0.512486174981082,0.506257640142034,0.0107702236350559,-0.00619195046439636,249,131,0.526104417670683,74,36,0.486486486486487,0.537982848219712,0.0698363415352785
2019,10,Market-state,0.075,83,42,36,0.00483148029570988,0.506024096385542,0.433734939759036,17179,8804,8697,0.512486174981082,0.506257640142034,-0.000233543756491761,0.072289156626506,63,29,0.46031746031746,20,13,0.65,0.551041554503621,0.099194097122179
2019,10,Market-state,0.1,30,14,10,0.00174631817917225,0.466666666666667,0.333333333333333,17179,8804,8697,0.512486174981082,0.506257640142034,-0.0395909734753672,0.133333333333333,24,9,0.375,6,5,0.833333333333333,0.567785270187313,0.123135151159625
2019,10,Market-state,0.15,5,3,2,0.000291053029862041,0.6,0.4,17179,8804,8697,0.512486174981082,0.506257640142034,0.0937423598579661,0.2,2,1,0.5,3,2,0.666666666666667,0.468049716381232,0.153734971591751
2019,10,Full,0,17179,8741,8697,1,0.50881890680482,0.506257640142034,17179,8741,8697,0.50881890680482,0.506257640142034,0.002561266662786,0.002561266662786,12873,6566,0.510059815116911,4306,2175,0.505109150023223,0.509142691509079,0.0158494244775481
2019,10,Full,0.025,2832,1463,1472,0.16485243611386,0.51659604519774,0.519774011299435,17179,8741,8697,0.50881890680482,0.506257640142034,0.0103384050557063,-0.00317796610169485,2257,1180,0.52281789986708,575,283,0.492173913043478,0.523194636275184,0.041035395888898
2019,10,Full,0.05,581,296,296,0.0338203620699692,0.509466437177281,0.509466437177281,17179,8741,8697,0.50881890680482,0.506257640142034,0.00320879703524668,0,431,221,0.512761020881671,150,75,0.5,0.534314678174939,0.071865690411648
2019,10,Full,0.075,240,117,110,0.013970545433378,0.4875,0.458333333333333,17179,8741,8697,0.50881890680482,0.506257640142034,-0.0187576401420339,0.0291666666666667,167,77,0.461077844311377,73,40,0.547945205479452,0.535892718407191,0.0898378297542828
2019,10,Full,0.1,33,15,10,0.00192094999708947,0.454545454545455,0.303030303030303,17179,8741,8697,0.50881890680482,0.506257640142034,-0.0517121855965794,0.151515151515152,26,9,0.346153846153846,7,6,0.857142857142857,0.565606299490884,0.122483924232311
2019,10,Full,0.15,3,2,1,0.000174631817917225,0.666666666666667,0.333333333333333,17179,8741,8697,0.50881890680482,0.506257640142034,0.160409026524633,0.333333333333333,0,0,,3,2,0.666666666666667,0.343975001987353,0.156024998012647
2020,10,Calendar-only,0,17973,9107,9255,1,0.506704501196239,0.514939075279586,17973,9107,9255,0.506704501196239,0.514939075279586,-0.00823457408334727,-0.00823457408334727,11387,5888,0.51708088170721,6586,3219,0.48876404494382,0.507786180470396,0.0191040749361867
2020,10,Calendar-only,0.025,5408,2791,2759,0.300895788126634,0.516087278106509,0.510170118343195,17973,9107,9255,0.506704501196239,0.514939075279586,0.00114820282692285,0.00591715976331364,4072,2107,0.517436149312377,1336,684,0.511976047904192,0.520425724828381,0.0373645208170925
2020,10,Calendar-only,0.05,688,386,365,0.0382796416847493,0.561046511627907,0.530523255813954,17973,9107,9255,0.506704501196239,0.514939075279586,0.0461074363483209,0.0305232558139534,541,302,0.55822550831793,147,84,0.571428571428571,0.531343681249197,0.0558582148702478
2020,10,Market-state,0,17973,9191,9255,1,0.511378178378679,0.514939075279586,17973,9191,9255,0.511378178378679,0.514939075279586,-0.00356089690090688,-0.00356089690090688,12419,6446,0.519043401240035,5554,2745,0.49423838674829,0.507030180863574,0.0193994344276486
2020,10,Market-state,0.025,4129,2138,2136,0.229733489122573,0.51780092031969,0.517316541535481,17973,9191,9255,0.511378178378679,0.514939075279586,0.00286184504010401,0.000484378784209261,2707,1426,0.526782415958626,1422,712,0.50070323488045,0.513323419078065,0.0486186445866975
2020,10,Market-state,0.05,1305,657,654,0.0726089133700551,0.503448275862069,0.501149425287356,17973,9191,9255,0.511378178378679,0.514939075279586,-0.0114907994175171,0.00229885057471269,800,403,0.50375,505,254,0.502970297029703,0.5161190740911,0.079499456729234
2020,10,Market-state,0.075,509,257,253,0.0283202581650253,0.504911591355599,0.497053045186641,17973,9191,9255,0.511378178378679,0.514939075279586,-0.0100274839239868,0.00785854616895881,313,157,0.501597444089457,196,100,0.510204081632653,0.520010626237351,0.11022200534495
2020,10,Market-state,0.1,238,131,121,0.0132420853502476,0.550420168067227,0.508403361344538,17973,9191,9255,0.511378178378679,0.514939075279586,0.0354810927876409,0.0420168067226892,136,75,0.551470588235294,102,56,0.549019607843137,0.512854376262713,0.138064057072813
2020,10,Market-state,0.15,64,34,30,0.00356089690090692,0.53125,0.46875,17973,9191,9255,0.511378178378679,0.514939075279586,0.016310924720414,0.0625,32,16,0.5,32,18,0.5625,0.489009531301575,0.195449083853074
2020,10,Full,0,17973,9194,9255,1,0.511545095420909,0.514939075279586,17973,9194,9255,0.511545095420909,0.514939075279586,-0.00339397985867695,-0.00339397985867695,10240,5358,0.5232421875,7733,3836,0.496055864476917,0.502901660807403,0.0202077623344885
2020,10,Full,0.025,4695,2434,2412,0.261225171089968,0.518423855165069,0.513738019169329,17973,9194,9255,0.511545095420909,0.514939075279586,0.00348477988548312,0.00468583599574013,2729,1440,0.52766581165262,1966,994,0.50559511698881,0.50527686350747,0.0481835871333503
2020,10,Full,0.05,1420,729,706,0.0790073999888722,0.513380281690141,0.497183098591549,17973,9194,9255,0.511545095420909,0.514939075279586,-0.00155879358944522,0.0161971830985915,753,384,0.50996015936255,667,345,0.517241379310345,0.501289375158121,0.0793290822448478
2020,10,Full,0.075,532,269,271,0.0295999554887887,0.505639097744361,0.509398496240602,17973,9194,9255,0.511545095420909,0.514939075279586,-0.00929997753522516,-0.00375939849624063,274,141,0.514598540145985,258,128,0.496124031007752,0.495391881852582,0.111504353984622
2020,10,Full,0.1,241,123,116,0.0134090023924776,0.510373443983403,0.481327800829876,17973,9194,9255,0.511545095420909,0.514939075279586,-0.00456563129618359,0.0290456431535269,108,53,0.490740740740741,133,70,0.526315789473684,0.475881788340964,0.141139596430423
2020,10,Full,0.15,69,33,33,0.00383909197129027,0.478260869565217,0.478260869565217,17973,9194,9255,0.511545095420909,0.514939075279586,-0.0366782057143686,0,25,11,0.44,44,22,0.5,0.43208925648668,0.195951690159684
2021,10,Calendar-only,0,18450,9446,9451,1,0.511978319783198,0.512249322493225,18450,9446,9451,0.511978319783198,0.512249322493225,-0.000271002710027113,-0.000271002710027113,12461,6454,0.517935960195811,5989,2992,0.499582568041409,0.508982089416279,0.019426843578558
2021,10,Calendar-only,0.025,5528,2893,2869,0.299620596205962,0.523335745296672,0.518994211287988,18450,9446,9451,0.511978319783198,0.512249322493225,0.0110864228034465,0.00434153400868309,4346,2290,0.526921306948919,1182,603,0.51015228426396,0.521966695485539,0.0385937890832697
2021,10,Calendar-only,0.05,879,482,447,0.0476422764227642,0.54835039817975,0.508532423208191,18450,9446,9451,0.511978319783198,0.512249322493225,0.0361010756865248,0.0398179749715586,682,366,0.536656891495601,197,116,0.588832487309645,0.53344432836963,0.0596433571888727
2021,10,Market-state,0,18450,9585,9451,1,0.519512195121951,0.512249322493225,18450,9585,9451,0.519512195121951,0.512249322493225,0.00726287262872627,0.00726287262872627,15534,8060,0.518861851422686,2916,1525,0.522976680384088,0.510466543704502,0.0138451404395281
2021,10,Market-state,0.025,1916,1011,1003,0.103848238482385,0.527661795407098,0.523486430062631,18450,9585,9451,0.519512195121951,0.512249322493225,0.0154124729138732,0.00417536534446761,1612,855,0.530397022332506,304,156,0.513157894736842,0.526502260938571,0.0383793628043983
2021,10,Market-state,0.05,311,157,159,0.0168563685636856,0.504823151125402,0.511254019292605,18450,9585,9451,0.519512195121951,0.512249322493225,-0.00742617136782309,-0.00643086816720262,269,137,0.509293680297398,42,20,0.476190476190476,0.548008261669565,0.06559312849329
2021,10,Market-state,0.075,57,32,34,0.00308943089430894,0.56140350877193,0.596491228070175,18450,9585,9451,0.519512195121951,0.512249322493225,0.0491541862787048,-0.0350877192982456,51,30,0.588235294117647,6,2,0.333333333333333,0.572817739450465,0.0930661310236176
2021,10,Market-state,0.1,14,10,9,0.000758807588075881,0.714285714285714,0.642857142857143,18450,9585,9451,0.519512195121951,0.512249322493225,0.202036391792489,0.0714285714285714,11,8,0.727272727272727,3,2,0.666666666666667,0.570210786413825,0.115168797508099
2021,10,Full,0,18450,9576,9451,1,0.519024390243903,0.512249322493225,18450,9576,9451,0.519024390243903,0.512249322493225,0.00677506775067749,0.00677506775067749,14135,7356,0.52041032897064,4315,2220,0.514484356894554,0.509256622068165,0.0142135534353169
2021,10,Full,0.025,2667,1449,1421,0.144552845528455,0.543307086614173,0.532808398950131,18450,9576,9451,0.519024390243903,0.512249322493225,0.0310577641209483,0.0104986876640421,2201,1202,0.546115402089959,466,247,0.530042918454936,0.524877933686756,0.038328865518478
2021,10,Full,0.05,403,197,203,0.0218428184281843,0.488833746898263,0.503722084367246,18450,9576,9451,0.519024390243903,0.512249322493225,-0.0234155755949619,-0.0148883374689826,341,169,0.495601173020528,62,28,0.451612903225806,0.546520806179196,0.0660816749634134
2021,10,Full,0.075,77,37,41,0.00417344173441734,0.480519480519481,0.532467532467532,18450,9576,9451,0.519024390243903,0.512249322493225,-0.0317298419737445,-0.0519480519480519,69,35,0.507246376811594,8,2,0.25,0.570264382065752,0.0896486943829977
2021,10,Full,0.1,13,10,9,0.000704607046070461,0.769230769230769,0.692307692307692,18450,9576,9451,0.519024390243903,0.512249322493225,0.256981446737544,0.076923076923077,10,8,0.8,3,2,0.666666666666667,0.565779483530403,0.114051630630619
2022,10,Calendar-only,0,19088,9618,9417,1,0.503876781223806,0.493346605196982,19088,9618,9417,0.503876781223806,0.493346605196982,0.0105301760268231,0.0105301760268231,13081,6514,0.497974160996866,6007,3104,0.516730481105377,0.509744444150839,0.0200598938625113
2022,10,Calendar-only,0.025,6016,2993,2981,0.315171835708298,0.49750664893617,0.495511968085106,19088,9618,9417,0.503876781223806,0.493346605196982,0.00416004373918777,0.0019946808510638,4708,2333,0.49553950722175,1308,660,0.504587155963303,0.523143544022621,0.0394073919524513
2022,10,Calendar-only,0.05,1056,527,509,0.0553227158424141,0.49905303030303,0.482007575757576,19088,9618,9417,0.503876781223806,0.493346605196982,0.00570642510604785,0.0170454545454545,806,393,0.487593052109181,250,134,0.536,0.53211849768447,0.0615392584568231
2022,10,Calendar-only,0.075,152,83,91,0.00796311818943839,0.546052631578947,0.598684210526316,19088,9618,9417,0.503876781223806,0.493346605196982,0.0527060263819649,-0.0526315789473685,102,62,0.607843137254902,50,21,0.42,0.526468774817834,0.0770758369065792
2022,10,Market-state,0,19088,9539,9417,1,0.499738055322716,0.493346605196982,19088,9539,9417,0.499738055322716,0.493346605196982,0.00639145012573344,0.00639145012573344,13960,6914,0.495272206303725,5128,2625,0.511895475819033,0.509203387428816,0.0184400026530045
2022,10,Market-state,0.025,4216,2130,2158,0.220871751886002,0.505218216318786,0.511859582542695,19088,9539,9417,0.499738055322716,0.493346605196982,0.0118716111218032,-0.00664136622390887,3060,1566,0.511764705882353,1156,564,0.487889273356401,0.520175344603068,0.0444129944806514
2022,10,Market-state,0.05,1055,500,541,0.0552703269069573,0.4739336492891,0.512796208530806,19088,9539,9417,0.499738055322716,0.493346605196982,-0.0194129559078829,-0.0388625592417061,766,376,0.490861618798956,289,124,0.429065743944637,0.535159806655515,0.0748802832650969
2022,10,Market-state,0.075,327,149,163,0.0171311818943839,0.45565749235474,0.498470948012232,19088,9539,9417,0.499738055322716,0.493346605196982,-0.0376891128422424,-0.0428134556574923,245,115,0.469387755102041,82,34,0.414634146341463,0.555950692904378,0.107622960074884
2022,10,Market-state,0.1,133,59,60,0.00696772841575859,0.443609022556391,0.451127819548872,19088,9539,9417,0.499738055322716,0.493346605196982,-0.0497375826405915,-0.0075187969924812,98,42,0.428571428571429,35,17,0.485714285714286,0.57393781546291,0.140898750421766
2022,10,Market-state,0.15,31,15,17,0.00162405699916178,0.483870967741936,0.548387096774194,19088,9539,9417,0.499738055322716,0.493346605196982,-0.00947563745504693,-0.064516129032258,29,15,0.517241379310345,2,0,0,0.686318636254777,0.218000581654552
2022,10,Full,0,19088,9697,9417,1,0.508015507124895,0.493346605196982,19088,9697,9417,0.508015507124895,0.493346605196982,0.0146689019279128,0.0146689019279128,12268,6147,0.501059667427454,6820,3550,0.520527859237537,0.506609424241134,0.0187139667942402
2022,10,Full,0.025,4694,2363,2393,0.245913663034367,0.503408606731998,0.509799744354495,19088,9697,9417,0.508015507124895,0.493346605196982,0.0100620015350159,-0.00639113762249688,3174,1618,0.509766855702584,1520,745,0.490131578947368,0.515479988982049,0.0441582185097426
2022,10,Full,0.05,1175,556,593,0.061556999161777,0.473191489361702,0.50468085106383,19088,9697,9417,0.508015507124895,0.493346605196982,-0.0201551158352803,-0.0314893617021276,782,378,0.483375959079284,393,178,0.4529262086514,0.525327046447246,0.0731932565645096
2022,10,Full,0.075,341,159,170,0.0178646269907795,0.466275659824047,0.498533724340176,19088,9697,9417,0.508015507124895,0.493346605196982,-0.0270709453729355,-0.0322580645161291,234,111,0.474358974358974,107,48,0.448598130841121,0.540828753042851,0.106069668261939
2022,10,Full,0.1,134,61,66,0.00702011735121542,0.455223880597015,0.492537313432836,19088,9697,9417,0.508015507124895,0.493346605196982,-0.0381227245999675,-0.0373134328358209,89,41,0.460674157303371,45,20,0.444444444444444,0.551391510031015,0.138005732916697
2022,10,Full,0.15,30,16,13,0.00157166806370495,0.533333333333333,0.433333333333333,19088,9697,9417,0.508015507124895,0.493346605196982,0.0399867281363509,0.1,23,11,0.478260869565217,7,5,0.714285714285714,0.623563388571944,0.211547488214576
2023,10,Calendar-only,0,18682,9406,9496,1,0.50347928487314,0.508296756235949,18682,9406,9496,0.50347928487314,0.508296756235949,-0.00481747136280908,-0.00481747136280908,11844,6032,0.509287402904424,6838,3374,0.493419128400117,0.507364810620647,0.0195386200579235
2023,10,Calendar-only,0.025,5795,2966,2941,0.310191628305321,0.511820534943917,0.507506471095772,18682,9406,9496,0.50347928487314,0.508296756235949,0.00352377870796816,0.00431406384814503,4330,2221,0.512933025404157,1465,745,0.508532423208191,0.518774608378924,0.0368780431181079
2023,10,Calendar-only,0.05,549,273,250,0.0293865753131356,0.497267759562842,0.455373406193078,18682,9406,9496,0.50347928487314,0.508296756235949,-0.0110289966731075,0.0418943533697632,348,161,0.46264367816092,201,112,0.557213930348259,0.517200422598381,0.0611973325822435
2023,10,Calendar-only,0.075,103,57,43,0.00551332833743711,0.553398058252427,0.41747572815534,18682,9406,9496,0.50347928487314,0.508296756235949,0.0451013020164781,0.135922330097087,51,24,0.470588235294118,52,33,0.634615384615385,0.508438660654547,0.086046190100817
2023,10,Market-state,0,18682,9482,9496,1,0.507547371801734,0.508296756235949,18682,9482,9496,0.507547371801734,0.508296756235949,-0.000749384434214795,-0.000749384434214795,15628,7962,0.509470181725109,3054,1520,0.497707924034054,0.508522647162299,0.0116593688116307
2023,10,Market-state,0.025,1173,603,605,0.0627877100952789,0.514066496163683,0.515771526001705,18682,9482,9496,0.507547371801734,0.508296756235949,0.00576973992773378,-0.00170502983802223,935,485,0.518716577540107,238,118,0.495798319327731,0.520611978145481,0.0349172257892913
2023,10,Market-state,0.05,105,56,52,0.00562038325661064,0.533333333333333,0.495238095238095,18682,9482,9496,0.507547371801734,0.508296756235949,0.0250365770973843,0.0380952380952381,87,45,0.517241379310345,18,11,0.611111111111111,0.540524185271443,0.0632734071687864
2023,10,Market-state,0.075,17,5,8,0.000909966812975056,0.294117647058824,0.470588235294118,18682,9482,9496,0.507547371801734,0.508296756235949,-0.214179109177126,-0.176470588235294,12,4,0.333333333333333,5,1,0.2,0.541448535682665,0.0908953033214638
2023,10,Market-state,0.1,2,1,1,0.000107054919173536,0.5,0.5,18682,9482,9496,0.507547371801734,0.508296756235949,-0.00829675623594905,0,2,1,0.5,0,0,,0.618725958549555,0.118725958549555
2023,10,Full,0,18682,9531,9496,1,0.510170217321486,0.508296756235949,18682,9531,9496,0.510170217321486,0.508296756235949,0.00187346108553688,0.00187346108553688,13477,6911,0.512799584477258,5205,2620,0.503362151777137,0.507632002387147,0.0122089046871259
2023,10,Full,0.025,1954,1015,1017,0.104592656032545,0.519447287615149,0.520470829068577,18682,9531,9496,0.510170217321486,0.508296756235949,0.0111505313791994,-0.00102354145342876,1650,864,0.523636363636364,304,151,0.49671052631579,0.522748974134726,0.033785851358426
2023,10,Full,0.05,123,67,60,0.00658387752917247,0.544715447154472,0.487804878048781,18682,9531,9496,0.510170217321486,0.508296756235949,0.0364186909185225,0.056910569105691,96,50,0.520833333333333,27,17,0.62962962962963,0.533931907026511,0.0615029186648254
2023,10,Full,0.075,18,5,10,0.000963494272561824,0.277777777777778,0.555555555555556,18682,9531,9496,0.510170217321486,0.508296756235949,-0.230518978458171,-0.277777777777778,11,4,0.363636363636364,7,1,0.142857142857143,0.521524668367858,0.0894157460453895
2023,10,Full,0.1,3,1,2,0.000160582378760304,0.333333333333333,0.666666666666667,18682,9531,9496,0.510170217321486,0.508296756235949,-0.174963422902616,-0.333333333333333,2,1,0.5,1,0,0,0.537558746206995,0.107683232228396
2024,10,Calendar-only,0,18720,9497,9723,1,0.507318376068376,0.519391025641026,18720,9497,9723,0.507318376068376,0.519391025641026,-0.0120726495726496,-0.0120726495726496,11718,6109,0.521334698754054,7002,3388,0.483861753784633,0.507432827479024,0.018851856861937
2024,10,Calendar-only,0.025,5341,2732,2778,0.285309829059829,0.511514697622168,0.520127316981839,18720,9497,9723,0.507318376068376,0.519391025641026,-0.00787632801885752,-0.00861261935967039,3991,2080,0.521172638436482,1350,652,0.482962962962963,0.51869743070623,0.0371792980948508
2024,10,Calendar-only,0.05,647,348,347,0.0345619658119658,0.537867078825348,0.536321483771252,18720,9497,9723,0.507318376068376,0.519391025641026,0.0184760531843221,0.00154559505409591,548,298,0.543795620437956,99,50,0.505050505050505,0.537232951124084,0.0582797241632288
2024,10,Calendar-only,0.075,95,52,52,0.00507478632478633,0.547368421052632,0.547368421052632,18720,9497,9723,0.507318376068376,0.519391025641026,0.0279773954116059,0,47,28,0.595744680851064,48,24,0.5,0.498650641994535,0.0802186299723845
2024,10,Market-state,0,18720,9643,9723,1,0.515117521367521,0.519391025641026,18720,9643,9723,0.515117521367521,0.519391025641026,-0.00427350427350437,-0.00427350427350437,16064,8355,0.520107071713147,2656,1288,0.484939759036145,0.508536010661699,0.0108555867633903
2024,10,Market-state,0.025,988,517,520,0.0527777777777778,0.523279352226721,0.526315789473684,18720,9643,9723,0.515117521367521,0.519391025641026,0.00388832658569493,-0.00303643724696356,863,456,0.528389339513326,125,61,0.488,0.526815559420895,0.0364548182785304
2024,10,Market-state,0.05,109,55,54,0.00582264957264957,0.504587155963303,0.495412844036697,18720,9643,9723,0.515117521367521,0.519391025641026,-0.014803869677723,0.00917431192660545,94,47,0.5,15,8,0.533333333333333,0.545889579840957,0.0662434968165917
2024,10,Market-state,0.075,23,11,11,0.00122863247863248,0.478260869565217,0.478260869565217,18720,9643,9723,0.515117521367521,0.519391025641026,-0.0411301560758083,0,17,8,0.470588235294118,6,3,0.5,0.541083079512201,0.0927399441304329
2024,10,Market-state,0.1,4,3,2,0.000213675213675214,0.75,0.5,18720,9643,9723,0.515117521367521,0.519391025641026,0.230608974358974,0.25,3,2,0.666666666666667,1,1,1,0.551054893680135,0.125425240666971
2024,10,Full,0,18720,9554,9723,1,0.510363247863248,0.519391025641026,18720,9554,9723,0.510363247863248,0.519391025641026,-0.00902777777777786,-0.00902777777777786,13609,7083,0.520464398559777,5111,2471,0.483467031891998,0.508048350629195,0.0122890554298226
2024,10,Full,0.025,1938,1024,1037,0.103525641025641,0.528379772961816,0.535087719298246,18720,9554,9723,0.510363247863248,0.519391025641026,0.00898874732079058,-0.00670794633642935,1693,908,0.536326048434731,245,116,0.473469387755102,0.524768685339595,0.0351070024048032
2024,10,Full,0.05,192,97,94,0.0102564102564103,0.505208333333333,0.489583333333333,18720,9554,9723,0.510363247863248,0.519391025641026,-0.0141826923076923,0.0156250000000001,123,61,0.495934959349594,69,36,0.521739130434783,0.517923408009594,0.0621789623160866
2024,10,Full,0.075,28,13,13,0.0014957264957265,0.464285714285714,0.464285714285714,18720,9554,9723,0.510363247863248,0.519391025641026,-0.0551053113553114,0,20,9,0.45,8,4,0.5,0.531703333113864,0.0889659853395082
2024,10,Full,0.1,5,3,2,0.000267094017094017,0.6,0.4,18720,9554,9723,0.510363247863248,0.519391025641026,0.0806089743589743,0.2,2,1,0.5,3,2,0.666666666666667,0.471885468711327,0.118702476218948
2024,10,Full,0.15,1,1,0,5.34188034188034e-05,1,0,18720,9554,9723,0.510363247863248,0.519391025641026,0.480608974358974,1,0,0,,1,1,1,0.340662611895751,0.159337388104249
2025,10,Calendar-only,0,18727,9369,9569,1,0.50029369359748,0.510973460778555,18727,9369,9569,0.50029369359748,0.510973460778555,-0.0106797671810754,-0.0106797671810754,12345,6278,0.508545970028352,6382,3091,0.484330930742714,0.50861822222303,0.0190252737572561
2025,10,Calendar-only,0.025,5535,2789,2817,0.295562556736263,0.503884372177055,0.508943089430894,18727,9369,9569,0.50029369359748,0.510973460778555,-0.00708908860149993,-0.00505871725383922,4451,2261,0.50797573578971,1084,528,0.487084870848709,0.521724344000175,0.0363304508572941
2025,10,Calendar-only,0.05,601,287,301,0.0320927003791317,0.477537437603993,0.500831946755408,18727,9369,9569,0.50029369359748,0.510973460778555,-0.0334360231745616,-0.0232945091514143,501,244,0.487025948103792,100,43,0.43,0.536981698163023,0.0585584314479965
2025,10,Calendar-only,0.075,100,44,57,0.00533988359053773,0.44,0.57,18727,9369,9569,0.50029369359748,0.510973460778555,-0.070973460778555,-0.13,49,25,0.510204081632653,51,19,0.372549019607843,0.501308974368253,0.0787017472738102
2025,10,Market-state,0,18727,9628,9569,1,0.514123992096972,0.510973460778555,18727,9628,9569,0.514123992096972,0.510973460778555,0.00315053131841725,0.00315053131841725,16308,8389,0.514410105469708,2419,1239,0.51219512195122,0.509155379635166,0.0120212039471004
2025,10,Market-state,0.025,1247,632,627,0.0665883483740054,0.506816359262229,0.5028067361668,18727,9628,9569,0.514123992096972,0.510973460778555,-0.00415710151632565,0.00400962309542907,990,501,0.506060606060606,257,131,0.509727626459144,0.520533570976509,0.0395213955804501
2025,10,Market-state,0.05,200,102,90,0.0106797671810755,0.51,0.45,18727,9628,9569,0.514123992096972,0.510973460778555,-0.00097346077855498,0.06,136,64,0.470588235294118,64,38,0.59375,0.519981344114343,0.073035751622171
2025,10,Market-state,0.075,57,28,21,0.0030437336466065,0.491228070175439,0.368421052631579,18727,9628,9569,0.514123992096972,0.510973460778555,-0.0197453906031164,0.12280701754386,32,12,0.375,25,16,0.64,0.5038965257633,0.108002017745403
2025,10,Market-state,0.1,22,10,9,0.0011747743899183,0.454545454545455,0.409090909090909,18727,9628,9569,0.514123992096972,0.510973460778555,-0.0564280062331005,0.0454545454545454,11,4,0.363636363636364,11,6,0.545454545454545,0.486995961316332,0.143717134405312
2025,10,Market-state,0.15,6,2,2,0.000320393015432264,0.333333333333333,0.333333333333333,18727,9628,9569,0.514123992096972,0.510973460778555,-0.177640127445222,0,2,0,0,4,2,0.5,0.416060159011272,0.214800524442716
2025,10,Full,0,18727,9600,9569,1,0.512628824691622,0.510973460778555,18727,9600,9569,0.512628824691622,0.510973460778555,0.00165536391306675,0.00165536391306675,14138,7290,0.515631631065214,4589,2310,0.503377642187841,0.508108613147839,0.0129409440288859
2025,10,Full,0.025,2146,1137,1119,0.11459390185294,0.529822926374651,0.52143522833178,18727,9600,9569,0.512628824691622,0.510973460778555,0.0188494655960956,0.00838769804287054,1754,932,0.531356898517674,392,205,0.522959183673469,0.519412714320604,0.0367812361378611
2025,10,Full,0.05,282,137,136,0.0150584717253164,0.48581560283688,0.482269503546099,18727,9600,9569,0.512628824691622,0.510973460778555,-0.0251578579416756,0.00354609929078015,151,71,0.470198675496689,131,66,0.50381679389313,0.500489672347067,0.0698689572373965
2025,10,Full,0.075,64,33,25,0.00341752549794415,0.515625,0.390625,18727,9600,9569,0.512628824691622,0.510973460778555,0.00465153922144501,0.125,26,10,0.384615384615385,38,23,0.605263157894737,0.470437982275065,0.108529601538445
2025,10,Full,0.1,27,14,9,0.00144176856944519,0.518518518518519,0.333333333333333,18727,9600,9569,0.512628824691622,0.510973460778555,0.0075450577399635,0.185185185185185,6,1,0.166666666666667,21,13,0.619047619047619,0.421439549307575,0.140459589330477
2025,10,Full,0.15,6,2,3,0.000320393015432264,0.333333333333333,0.5,18727,9600,9569,0.512628824691622,0.510973460778555,-0.177640127445222,-0.166666666666667,1,0,0,5,2,0.4,0.351104777781755,0.217516861340547
2026,10,Calendar-only,0,3780,1880,1901,1,0.497354497354497,0.502910052910053,3780,1880,1901,0.497354497354497,0.502910052910053,-0.00555555555555554,-0.00555555555555554,2495,1248,0.500200400801603,1285,632,0.491828793774319,0.508672817220903,0.0179057194383785
2026,10,Calendar-only,0.025,1095,547,554,0.28968253968254,0.499543378995434,0.505936073059361,3780,1880,1901,0.497354497354497,0.502910052910053,-0.00336667391461909,-0.00639269406392695,908,457,0.503303964757709,187,90,0.481283422459893,0.522622056960657,0.0348720992872465
2026,10,Calendar-only,0.05,50,26,26,0.0132275132275132,0.52,0.52,3780,1880,1901,0.497354497354497,0.502910052910053,0.0170899470899472,0,40,21,0.525,10,5,0.5,0.537198606429209,0.0628053086338103
2026,10,Market-state,0,3780,1923,1901,1,0.508730158730159,0.502910052910053,3780,1923,1901,0.508730158730159,0.502910052910053,0.00582010582010584,0.00582010582010584,3246,1645,0.506777572396796,534,278,0.52059925093633,0.509329720961935,0.0119280610302379
2026,10,Market-state,0.025,241,131,123,0.0637566137566138,0.54356846473029,0.510373443983403,3780,1923,1901,0.508730158730159,0.502910052910053,0.0406584118202376,0.033195020746888,201,107,0.532338308457712,40,24,0.6,0.523342767919053,0.0342709549280794
2026,10,Market-state,0.05,27,14,16,0.00714285714285714,0.518518518518519,0.592592592592593,3780,1923,1901,0.508730158730159,0.502910052910053,0.0156084656084656,-0.0740740740740741,25,14,0.56,2,0,0,0.550039135483129,0.0589718149907779
2026,10,Market-state,0.075,1,0,0,0.000264550264550265,0,0,3780,1923,1901,0.508730158730159,0.502910052910053,-0.502910052910053,0,1,0,0,0,0,,0.581139985863178,0.0811399858631778
2026,10,Full,0,3780,1930,1901,1,0.510582010582011,0.502910052910053,3780,1930,1901,0.510582010582011,0.502910052910053,0.00767195767195772,0.00767195767195772,2831,1441,0.509007417873543,949,489,0.515279241306639,0.508033530893098,0.0121700928008511
2026,10,Full,0.025,386,203,187,0.102116402116402,0.525906735751295,0.484455958549223,3780,1930,1901,0.510582010582011,0.502910052910053,0.0229966828412425,0.0414507772020725,334,169,0.505988023952096,52,34,0.653846153846154,0.524391135248314,0.0340310108593427
2026,10,Full,0.05,37,20,21,0.00978835978835979,0.540540540540541,0.567567567567568,3780,1930,1901,0.510582010582011,0.502910052910053,0.0376304876304877,-0.027027027027027,32,18,0.5625,5,2,0.4,0.543737664237459,0.0593852877658959
2026,10,Full,0.075,2,0,0,0.000529100529100529,0,0,3780,1930,1901,0.510582010582011,0.502910052910053,-0.502910052910053,0,2,0,0,0,0,,0.58113735952731,0.0811373595273103
2017,15,Calendar-only,0,8087,4137,4352,1,0.511561765796958,0.538147644367503,8087,4137,4352,0.511561765796958,0.538147644367503,-0.0265858785705453,-0.0265858785705453,5330,2866,0.537711069418387,2757,1271,0.461008342401161,0.509814043654552,0.0212193567370258
2017,15,Calendar-only,0.025,2772,1469,1512,0.342772350686287,0.52994227994228,0.545454545454545,8087,4137,4352,0.511561765796958,0.538147644367503,-0.00820536442522346,-0.0155122655122655,2165,1187,0.548267898383372,607,282,0.464579901153213,0.52083441012507,0.0383934685782422
2017,15,Calendar-only,0.05,477,250,267,0.058983553851861,0.524109014675052,0.559748427672956,8087,4137,4352,0.511561765796958,0.538147644367503,-0.014038629692451,-0.0356394129979035,340,190,0.558823529411765,137,60,0.437956204379562,0.524334315997279,0.0583697518143854
2017,15,Calendar-only,0.075,41,28,28,0.00506986521577841,0.682926829268293,0.682926829268293,8087,4137,4352,0.511561765796958,0.538147644367503,0.144779184900789,0,41,28,0.682926829268293,0,0,,0.575955192098008,0.0759551920980081
2017,15,Market-state,0,8087,4331,4352,1,0.535550884135032,0.538147644367503,8087,4331,4352,0.535550884135032,0.538147644367503,-0.00259676023247191,-0.00259676023247191,7146,3871,0.54170165127344,941,460,0.48884165781084,0.512696422682775,0.015065727190514
2017,15,Market-state,0.025,927,527,527,0.114628415976258,0.568500539374326,0.568500539374326,8087,4331,4352,0.535550884135032,0.538147644367503,0.0303528950068224,0,851,489,0.574618096357227,76,38,0.5,0.52748565691798,0.0331716137658153
2017,15,Market-state,0.05,56,32,30,0.00692469395325832,0.571428571428571,0.535714285714286,8087,4331,4352,0.535550884135032,0.538147644367503,0.033280927061068,0.0357142857142857,50,28,0.56,6,4,0.666666666666667,0.550360225829671,0.0638807589968742
2017,15,Market-state,0.075,10,9,9,0.00123655249165327,0.9,0.9,8087,4331,4352,0.535550884135032,0.538147644367503,0.361852355632497,0,10,9,0.9,0,0,,0.58805492949354,0.0880549294935397
2017,15,Market-state,0.1,1,1,1,0.000123655249165327,1,1,8087,4331,4352,0.535550884135032,0.538147644367503,0.461852355632497,0,1,1,1,0,0,,0.620893143233103,0.120893143233103
2017,15,Full,0,8087,4262,4352,1,0.527018671942624,0.538147644367503,8087,4262,4352,0.527018671942624,0.538147644367503,-0.0111289724248794,-0.0111289724248794,6185,3356,0.542603071948262,1902,906,0.476340694006309,0.511738127638814,0.0200380724779254
2017,15,Full,0.025,2185,1204,1212,0.27018671942624,0.551029748283753,0.554691075514874,8087,4262,4352,0.527018671942624,0.538147644367503,0.0128821039162494,-0.00366132723112134,1915,1073,0.560313315926893,270,131,0.485185185185185,0.523395474432279,0.0400837258953747
2017,15,Full,0.05,261,131,143,0.0322740200321504,0.501915708812261,0.547892720306513,8087,4262,4352,0.527018671942624,0.538147644367503,-0.0362319355552428,-0.0459770114942528,185,99,0.535135135135135,76,32,0.421052631578947,0.508946686425139,0.0999166244725253
2017,15,Full,0.075,123,59,68,0.0152095956473352,0.479674796747968,0.552845528455285,8087,4262,4352,0.527018671942624,0.538147644367503,-0.0584728476195359,-0.0731707317073171,76,40,0.526315789473684,47,19,0.404255319148936,0.483103126307328,0.146251838262978
2017,15,Full,0.1,86,43,45,0.0106343514282181,0.5,0.523255813953488,8087,4262,4352,0.527018671942624,0.538147644367503,-0.0381476443675034,-0.0232558139534884,54,28,0.518518518518519,32,15,0.46875,0.467836206395282,0.171323657812529
2017,15,Full,0.15,26,11,15,0.0032150364782985,0.423076923076923,0.576923076923077,8087,4262,4352,0.527018671942624,0.538147644367503,-0.11507072129058,-0.153846153846154,0,0,,26,11,0.423076923076923,0.187891943258816,0.312108056741184
2018,15,Calendar-only,0,15496,7880,7905,1,0.508518327310274,0.510131646876613,15496,7880,7905,0.508518327310274,0.510131646876613,-0.0016133195663397,-0.0016133195663397,11471,5880,0.512596983698021,4025,2000,0.496894409937888,0.513270578954038,0.0207544576452522
2018,15,Calendar-only,0.025,5027,2556,2584,0.324406298399587,0.508454346528745,0.514024268947683,15496,7880,7905,0.508518327310274,0.510131646876613,-0.0016773003478685,-0.00556992241893772,4239,2176,0.513328615239443,788,380,0.482233502538071,0.526842564069639,0.038556253653182
2018,15,Calendar-only,0.05,725,364,378,0.0467862674238513,0.502068965517241,0.521379310344828,15496,7880,7905,0.508518327310274,0.510131646876613,-0.00806268135937194,-0.0193103448275862,623,320,0.513643659711075,102,44,0.431372549019608,0.542422213013863,0.0591546843863412
2018,15,Calendar-only,0.075,51,26,26,0.00329117191533299,0.509803921568627,0.509803921568627,15496,7880,7905,0.508518327310274,0.510131646876613,-0.00032772530798586,0,51,26,0.509803921568627,0,0,,0.589751445182085,0.0897514451820847
2018,15,Market-state,0,15496,7883,7905,1,0.508711925658234,0.510131646876613,15496,7883,7905,0.508711925658234,0.510131646876613,-0.00141972121837886,-0.00141972121837886,12888,6590,0.511328367473619,2608,1293,0.495782208588957,0.515505793502897,0.0220122654996933
2018,15,Market-state,0.025,5461,2829,2837,0.352413526071244,0.518036989562351,0.519501922724776,15496,7883,7905,0.508711925658234,0.510131646876613,0.00790534268573795,-0.00146493316242446,4767,2486,0.521501992867632,694,343,0.494236311239193,0.52525030951318,0.0370965836505973
2018,15,Market-state,0.05,675,337,355,0.0435596282911719,0.499259259259259,0.525925925925926,15496,7883,7905,0.508711925658234,0.510131646876613,-0.010872387617354,-0.0266666666666667,477,247,0.517819706498952,198,90,0.454545454545455,0.525113000081536,0.0698150413693065
2018,15,Market-state,0.075,188,101,110,0.0121321631388746,0.537234042553192,0.585106382978723,15496,7883,7905,0.508711925658234,0.510131646876613,0.0271023956765782,-0.0478723404255319,111,67,0.603603603603604,77,34,0.441558441558442,0.513140164141618,0.096943281233593
2018,15,Market-state,0.1,59,30,38,0.00380743417656169,0.508474576271186,0.64406779661017,15496,7883,7905,0.508711925658234,0.510131646876613,-0.00165707060542686,-0.135593220338983,27,18,0.666666666666667,32,12,0.375,0.486328450191884,0.122904401395961
2018,15,Market-state,0.15,7,3,5,0.000451729478575116,0.428571428571429,0.714285714285714,15496,7883,7905,0.508711925658234,0.510131646876613,-0.0815602183051847,-0.285714285714286,3,2,0.666666666666667,4,1,0.25,0.464391746682817,0.171600667494256
2018,15,Full,0,15496,7873,7905,1,0.508066597831699,0.510131646876613,15496,7873,7905,0.508066597831699,0.510131646876613,-0.00206504904491478,-0.00206504904491478,10526,5404,0.513395401862056,4970,2469,0.496780684104628,0.511623257396513,0.0254607904992226
2018,15,Full,0.025,6269,3235,3239,0.404556014455343,0.516031264954538,0.516669325251236,15496,7873,7905,0.508066597831699,0.510131646876613,0.00589961807792494,-0.000638060296697995,4879,2542,0.521008403361345,1390,693,0.498561151079137,0.52368023163914,0.0455429899031095
2018,15,Full,0.05,1756,880,896,0.113319566339701,0.501138952164009,0.510250569476082,15496,7873,7905,0.508066597831699,0.510131646876613,-0.00899269471260411,-0.00911161731207288,1370,695,0.507299270072993,386,185,0.479274611398964,0.533918824808722,0.072822133154626
2018,15,Full,0.075,440,223,244,0.0283944243675787,0.506818181818182,0.554545454545455,15496,7873,7905,0.508066597831699,0.510131646876613,-0.00331346505843144,-0.0477272727272727,265,146,0.550943396226415,175,77,0.44,0.514171341613124,0.112282328682527
2018,15,Full,0.1,241,116,130,0.0155524006195147,0.481327800829876,0.539419087136929,15496,7873,7905,0.508066597831699,0.510131646876613,-0.0288038460467377,-0.0580912863070539,125,65,0.52,116,51,0.439655172413793,0.497302176610099,0.134717320168455
2018,15,Full,0.15,56,19,32,0.00361383582860093,0.339285714285714,0.571428571428571,15496,7873,7905,0.508066597831699,0.510131646876613,-0.170845932590899,-0.232142857142857,13,4,0.307692307692308,43,15,0.348837209302326,0.400420757210471,0.171250351806281
2019,15,Calendar-only,0,17084,8668,8816,1,0.507375321938656,0.516038398501522,17084,8668,8816,0.507375321938656,0.516038398501522,-0.0086630765628658,-0.0086630765628658,11614,6007,0.517220595832616,5470,2661,0.486471663619744,0.511817647987407,0.0209467948772249
2019,15,Calendar-only,0.025,5712,2984,2996,0.334347927885741,0.522408963585434,0.524509803921569,17084,8668,8816,0.507375321938656,0.516038398501522,0.00637056508391232,-0.00210084033613445,4898,2583,0.527358105349122,814,401,0.492628992628993,0.52849032405934,0.038490484537283
2019,15,Calendar-only,0.05,761,388,380,0.0445446031374385,0.509855453350854,0.49934296977661,17084,8668,8816,0.507375321938656,0.516038398501522,-0.00618294515066775,0.0105124835742444,659,333,0.505311077389985,102,55,0.53921568627451,0.546834422067633,0.0611084941812046
2019,15,Calendar-only,0.075,92,51,51,0.00538515570124093,0.554347826086957,0.554347826086957,17084,8668,8816,0.507375321938656,0.516038398501522,0.0383094275854347,0,92,51,0.554347826086957,0,0,,0.578290274642544,0.0782902746425442
2019,15,Market-state,0,17084,8811,8816,1,0.51574572699602,0.516038398501522,17084,8811,8816,0.51574572699602,0.516038398501522,-0.000292671505502273,-0.000292671505502273,15387,7965,0.517644765061415,1697,846,0.498526812021214,0.515347378713647,0.0177114076359357
2019,15,Market-state,0.025,3107,1601,1624,0.181866073519082,0.515288059221114,0.522690698422916,17084,8811,8816,0.51574572699602,0.516038398501522,-0.000750339280408241,-0.0074026392018024,2918,1518,0.52021932830706,189,83,0.439153439153439,0.527494223753828,0.0322995439436089
2019,15,Market-state,0.05,173,88,85,0.010126434090377,0.508670520231214,0.491329479768786,17084,8811,8816,0.51574572699602,0.516038398501522,-0.00736787827030805,0.0173410404624277,144,72,0.5,29,16,0.551724137931035,0.541201236607833,0.0651827860495966
2019,15,Market-state,0.075,34,15,10,0.00199016623741513,0.441176470588235,0.294117647058824,17084,8811,8816,0.51574572699602,0.516038398501522,-0.0748619279132866,0.147058823529412,25,8,0.32,9,7,0.777777777777778,0.542556472107209,0.0936046986377527
2019,15,Market-state,0.1,8,2,1,0.000468274408803559,0.25,0.125,17084,8811,8816,0.51574572699602,0.516038398501522,-0.266038398501522,0.125,5,0,0,3,2,0.666666666666667,0.532435315379127,0.12095957105326
2019,15,Full,0,17084,8705,8816,1,0.509541091079373,0.516038398501522,17084,8705,8816,0.509541091079373,0.516038398501522,-0.00649730742214938,-0.00649730742214938,12837,6637,0.517021110851445,4247,2068,0.486931951966094,0.511101992313867,0.0169471361618279
2019,15,Full,0.025,3929,2046,2035,0.229981269023648,0.52074319165182,0.517943497073047,17084,8705,8816,0.509541091079373,0.516038398501522,0.00470479315029793,0.00279969457877327,3518,1835,0.521603183627061,411,211,0.51338199513382,0.526299058201354,0.0340934578009744
2019,15,Full,0.05,232,126,119,0.0135799578553032,0.543103448275862,0.512931034482759,17084,8705,8816,0.509541091079373,0.516038398501522,0.0270650497743402,0.0301724137931034,187,100,0.53475935828877,45,26,0.577777777777778,0.536313863878002,0.0645778410204586
2019,15,Full,0.075,38,18,16,0.0022243034418169,0.473684210526316,0.421052631578947,17084,8705,8816,0.509541091079373,0.516038398501522,-0.0423541879752061,0.0526315789473684,24,10,0.416666666666667,14,8,0.571428571428571,0.522600069879216,0.0938540536775256
2019,15,Full,0.1,10,3,2,0.000585343011004449,0.3,0.2,17084,8705,8816,0.509541091079373,0.516038398501522,-0.216038398501522,0.1,5,0,0,5,3,0.6,0.501710233745154,0.122320153206743
2020,15,Calendar-only,0,17786,9112,9327,1,0.512313055211965,0.524401214438322,17786,9112,9327,0.512313055211965,0.524401214438322,-0.0120881592263579,-0.0120881592263579,12129,6391,0.526918954571688,5657,2721,0.480996994873608,0.512385426496489,0.0216147308949227
2020,15,Calendar-only,0.025,6222,3245,3299,0.349825705611155,0.521536483445837,0.530215364834458,17786,9112,9327,0.512313055211965,0.524401214438322,-0.00286473099248497,-0.00867888138862105,5240,2781,0.530725190839695,982,464,0.472505091649695,0.527951779975076,0.0390794131516332
2020,15,Calendar-only,0.05,741,395,389,0.0416619813336332,0.53306342780027,0.524966261808367,17786,9112,9327,0.512313055211965,0.524401214438322,0.00866221336194761,0.00809716599190291,645,344,0.533333333333333,96,51,0.53125,0.54490927054447,0.0589736895238951
2020,15,Calendar-only,0.075,52,30,30,0.00292364781288654,0.576923076923077,0.576923076923077,17786,9112,9327,0.512313055211965,0.524401214438322,0.0525218624847545,0,52,30,0.576923076923077,0,0,,0.577335419380269,0.0773354193802687
2020,15,Market-state,0,17786,9312,9327,1,0.523557854492297,0.524401214438322,17786,9312,9327,0.523557854492297,0.524401214438322,-0.000843359946025024,-0.000843359946025024,14417,7635,0.529583131025872,3369,1677,0.497773820124666,0.511938127210844,0.0189965589295357
2020,15,Market-state,0.025,3763,2031,2031,0.211570898459463,0.539728939675791,0.539728939675791,17786,9312,9327,0.523557854492297,0.524401214438322,0.0153277252374683,0,2979,1639,0.550184625713327,784,392,0.5,0.520204362164244,0.0412782181563119
2020,15,Market-state,0.05,725,371,368,0.0407623973912066,0.511724137931035,0.507586206896552,17786,9312,9327,0.523557854492297,0.524401214438322,-0.0126770765072879,0.00413793103448268,486,250,0.51440329218107,239,121,0.506276150627615,0.518928867388538,0.0755515477988487
2020,15,Market-state,0.075,248,138,128,0.0139435511076127,0.556451612903226,0.516129032258065,17786,9312,9327,0.523557854492297,0.524401214438322,0.0320503984649034,0.0403225806451613,134,76,0.567164179104478,114,62,0.543859649122807,0.500278953022222,0.104879332998959
2020,15,Market-state,0.1,99,55,53,0.00556617564376476,0.555555555555556,0.535353535353535,17786,9312,9327,0.523557854492297,0.524401214438322,0.0311543411172333,0.0202020202020202,39,24,0.615384615384615,60,31,0.516666666666667,0.466591133005377,0.135435040412785
2020,15,Market-state,0.15,22,11,12,0.00123692792083661,0.5,0.545454545454545,17786,9312,9327,0.523557854492297,0.524401214438322,-0.0244012144383223,-0.0454545454545454,5,3,0.6,17,8,0.470588235294118,0.391536240771755,0.194418183626554
2020,15,Full,0,17786,9228,9327,1,0.518835038794558,0.524401214438322,17786,9228,9327,0.518835038794558,0.524401214438322,-0.00556617564376483,-0.00556617564376483,11621,6195,0.533086653472163,6165,3033,0.491970802919708,0.504617015840383,0.0179962640588973
2020,15,Full,0.025,3923,2090,2030,0.220566737883729,0.532755544226357,0.517461126688759,17786,9228,9327,0.518835038794558,0.524401214438322,0.00835432978803508,0.0152944175375987,2473,1335,0.539830165790538,1450,755,0.520689655172414,0.505322085514746,0.0434973098721056
2020,15,Full,0.05,872,436,440,0.0490273248622512,0.5,0.504587155963303,17786,9228,9327,0.518835038794558,0.524401214438322,-0.0244012144383223,-0.00458715596330273,402,203,0.50497512437811,470,233,0.495744680851064,0.484215743391923,0.0779834434878237
2020,15,Full,0.075,319,163,158,0.0179354548521309,0.510971786833856,0.495297805642633,17786,9228,9327,0.518835038794558,0.524401214438322,-0.0134294276044665,0.0156739811912226,96,49,0.510416666666667,223,114,0.511210762331839,0.446195661846593,0.110278580968725
2020,15,Full,0.1,139,80,66,0.00781513549983133,0.575539568345324,0.474820143884892,17786,9228,9327,0.518835038794558,0.524401214438322,0.0511383539070014,0.100719424460432,23,15,0.652173913043478,116,65,0.560344827586207,0.398333739993808,0.143127186325676
2020,15,Full,0.15,42,20,24,0.0023614078488699,0.476190476190476,0.571428571428571,17786,9228,9327,0.518835038794558,0.524401214438322,-0.0482107382478462,-0.0952380952380952,2,2,1,40,18,0.45,0.324994656040461,0.194030799518851
2021,15,Calendar-only,0,18234,9302,9411,1,0.51014588132061,0.51612372490951,18234,9302,9411,0.51014588132061,0.51612372490951,-0.00597784358889986,-0.00597784358889986,13805,7142,0.517348786671496,4429,2160,0.487694739218785,0.514521902502192,0.0217788989599615
2021,15,Calendar-only,0.025,6625,3469,3438,0.363332236481299,0.523622641509434,0.518943396226415,18234,9302,9411,0.51014588132061,0.51612372490951,0.00749891659992419,0.00467924528301889,5786,3034,0.524369166954718,839,435,0.518474374255066,0.530818964768509,0.0396294032734276
2021,15,Calendar-only,0.05,1290,688,680,0.0707469562356038,0.533333333333333,0.527131782945737,18234,9302,9411,0.51014588132061,0.51612372490951,0.0172096084238236,0.00620155038759684,1238,658,0.531502423263328,52,30,0.576923076923077,0.554827124729292,0.059878222375651
2021,15,Calendar-only,0.075,96,53,53,0.00526488976637052,0.552083333333333,0.552083333333333,18234,9302,9411,0.51014588132061,0.51612372490951,0.0359596084238236,0,96,53,0.552083333333333,0,0,,0.577447789922219,0.0774477899222189
2021,15,Market-state,0,18234,9396,9411,1,0.515301085883514,0.51612372490951,18234,9396,9411,0.515301085883514,0.51612372490951,-0.000822639025995442,-0.000822639025995442,16947,8760,0.516905647017171,1287,636,0.494172494172494,0.516279989259392,0.0177012608572139
2021,15,Market-state,0.025,2695,1455,1461,0.147800811670506,0.539888682745826,0.542115027829314,18234,9396,9411,0.515301085883514,0.51612372490951,0.0237649578363158,-0.00222634508348796,2583,1402,0.542779713511421,112,53,0.473214285714286,0.531975614709657,0.0349742661610876
2021,15,Market-state,0.05,249,123,133,0.0136558078315235,0.493975903614458,0.534136546184739,18234,9396,9411,0.515301085883514,0.51612372490951,-0.0221478212950519,-0.0401606425702811,239,123,0.514644351464435,10,0,0,0.559956833048209,0.0651206223788327
2021,15,Market-state,0.075,48,23,26,0.00263244488318526,0.479166666666667,0.541666666666667,18234,9396,9411,0.515301085883514,0.51612372490951,-0.0369570582428431,-0.0625,45,23,0.511111111111111,3,0,0,0.580897942088033,0.0913564820012709
2021,15,Market-state,0.1,10,6,6,0.000548426017330262,0.6,0.6,18234,9396,9411,0.515301085883514,0.51612372490951,0.0838762750904902,0,10,6,0.6,0,0,,0.61462174842181,0.11462174842181
2021,15,Market-state,0.15,1,1,1,5.48426017330262e-05,1,1,18234,9396,9411,0.515301085883514,0.51612372490951,0.48387627509049,0,1,1,1,0,0,,0.662806745223016,0.162806745223016
2021,15,Full,0,18234,9332,9411,1,0.511791159372601,0.51612372490951,18234,9332,9411,0.511791159372601,0.51612372490951,-0.00433256553690908,-0.00433256553690908,15461,7985,0.516460772265701,2773,1347,0.48575549945907,0.513539509758215,0.0166762404588994
2021,15,Full,0.025,3449,1863,1877,0.189152133377207,0.540156567120905,0.544215714699913,18234,9332,9411,0.511791159372601,0.51612372490951,0.0240328422113949,-0.00405914757900838,3199,1745,0.545482963426071,250,118,0.472,0.53010286105705,0.0353014571034892
2021,15,Full,0.05,369,191,197,0.0202369200394867,0.517615176151762,0.533875338753388,18234,9332,9411,0.511791159372601,0.51612372490951,0.00149145124225181,-0.016260162601626,343,181,0.527696793002916,26,10,0.384615384615385,0.553733912320784,0.0628868741027813
2021,15,Full,0.075,47,25,27,0.00257760228145223,0.531914893617021,0.574468085106383,18234,9332,9411,0.511791159372601,0.51612372490951,0.0157911687075115,-0.0425531914893618,41,23,0.560975609756098,6,2,0.333333333333333,0.568196407412553,0.0898942261932786
2021,15,Full,0.1,11,7,7,0.000603268619063288,0.636363636363636,0.636363636363636,18234,9332,9411,0.511791159372601,0.51612372490951,0.120239911454127,0,11,7,0.636363636363636,0,0,,0.608020746458099,0.108020746458099
2022,15,Calendar-only,0,18887,9533,9551,1,0.504738709165034,0.505691745645153,18887,9533,9551,0.504738709165034,0.505691745645153,-0.000953036480118574,-0.000953036480118574,13891,7044,0.507090922179829,4996,2489,0.498198558847078,0.514722501800469,0.0222364818344684
2022,15,Calendar-only,0.025,7383,3751,3723,0.390903796261979,0.508059054584857,0.50426655830963,18887,9533,9551,0.504738709165034,0.505691745645153,0.00236730893970438,0.00379249627522693,6425,3258,0.507081712062257,958,493,0.514613778705637,0.53028581016432,0.039496046655725
2022,15,Calendar-only,0.05,1409,747,748,0.0746015778048393,0.530163236337828,0.530872959545777,18887,9533,9551,0.504738709165034,0.505691745645153,0.0244714906926755,-0.000709723207948931,1310,698,0.532824427480916,99,49,0.494949494949495,0.550866337551928,0.0603056967257507
2022,15,Calendar-only,0.075,102,54,54,0.0054005400540054,0.529411764705882,0.529411764705882,18887,9533,9551,0.504738709165034,0.505691745645153,0.0237200190607296,0,102,54,0.529411764705882,0,0,,0.579325215695729,0.0793252156957293
2022,15,Market-state,0,18887,9588,9551,1,0.507650765076508,0.505691745645153,18887,9588,9551,0.507650765076508,0.505691745645153,0.0019590194313549,0.0019590194313549,16188,8220,0.507783543365456,2699,1368,0.506854390515006,0.515865301480304,0.0199407662448283
2022,15,Market-state,0.025,4715,2444,2445,0.249642611319956,0.518345705196182,0.518557794273595,18887,9588,9551,0.507650765076508,0.505691745645153,0.0126539595510297,-0.000212089077412547,4256,2215,0.520441729323308,459,229,0.498910675381264,0.53223130473239,0.0402576742525963
2022,15,Market-state,0.05,856,427,438,0.0453221792767512,0.498831775700935,0.511682242990654,18887,9588,9551,0.507650765076508,0.505691745645153,-0.00685996994421817,-0.0128504672897197,767,388,0.505867014341591,89,39,0.438202247191011,0.557236831278466,0.0721787455380667
2022,15,Market-state,0.075,228,114,118,0.0120717954148356,0.5,0.517543859649123,18887,9588,9551,0.507650765076508,0.505691745645153,-0.00569174564515274,-0.0175438596491229,202,103,0.50990099009901,26,11,0.423076923076923,0.585625247754463,0.108165154711649
2022,15,Market-state,0.1,79,36,38,0.0041827712182983,0.455696202531646,0.481012658227848,18887,9588,9551,0.507650765076508,0.505691745645153,-0.0499955431135072,-0.0253164556962026,69,32,0.463768115942029,10,4,0.4,0.621257341827633,0.151387195536884
2022,15,Market-state,0.15,27,10,11,0.0014295547201779,0.37037037037037,0.407407407407407,18887,9588,9551,0.507650765076508,0.505691745645153,-0.135321375274782,-0.037037037037037,26,10,0.384615384615385,1,0,0,0.70178328917507,0.216017781978072
2022,15,Full,0,18887,9533,9551,1,0.504738709165034,0.505691745645153,18887,9533,9551,0.504738709165034,0.505691745645153,-0.000953036480118574,-0.000953036480118574,14177,7187,0.506947873315934,4710,2346,0.498089171974522,0.510804415235483,0.0180860206936962
2022,15,Full,0.025,4115,2111,2115,0.217874728649336,0.513001215066829,0.513973268529769,18887,9533,9551,0.504738709165034,0.505691745645153,0.00730946942167599,-0.000972053462940381,3327,1719,0.51668169522092,788,392,0.49746192893401,0.526020910098092,0.0422734297772587
2022,15,Full,0.05,906,439,454,0.0479695028326362,0.484547461368653,0.501103752759382,18887,9533,9551,0.504738709165034,0.505691745645153,-0.0211442842764993,-0.0165562913907285,737,362,0.491180461329715,169,77,0.455621301775148,0.544757525795648,0.0720235616110254
2022,15,Full,0.075,253,127,136,0.0133954571927781,0.50197628458498,0.537549407114625,18887,9533,9551,0.504738709165034,0.505691745645153,-0.00371546106017251,-0.0355731225296443,198,104,0.525252525252525,55,23,0.418181818181818,0.560079049821896,0.10361685916392
2022,15,Full,0.1,85,39,43,0.0045004500450045,0.458823529411765,0.505882352941176,18887,9533,9551,0.504738709165034,0.505691745645153,-0.0468682162333881,-0.0470588235294118,65,31,0.476923076923077,20,8,0.4,0.581259000081886,0.140259859056374
2022,15,Full,0.15,19,6,8,0.0010059829512363,0.315789473684211,0.421052631578947,18887,9533,9551,0.504738709165034,0.505691745645153,-0.189902271960942,-0.105263157894737,17,6,0.352941176470588,2,0,0,0.679882967500273,0.220969748186522
2023,15,Calendar-only,0,18481,9411,9561,1,0.509225691250474,0.517342135165846,18481,9411,9561,0.509225691250474,0.517342135165846,-0.00811644391537259,-0.00811644391537259,13099,6795,0.518741888693794,5382,2616,0.486064659977703,0.51349972941552,0.021451120114852
2023,15,Calendar-only,0.025,6361,3274,3238,0.344191331637898,0.514698946706493,0.509039459204528,18481,9411,9561,0.509225691250474,0.517342135165846,-0.0026431884593533,0.0056594875019651,5401,2776,0.51397889279763,960,498,0.51875,0.528938544243035,0.0398096647605057
2023,15,Calendar-only,0.05,1210,621,612,0.0654726475840052,0.513223140495868,0.505785123966942,18481,9411,9561,0.509225691250474,0.517342135165846,-0.00411899466997823,0.00743801652892562,1065,544,0.510798122065728,145,77,0.531034482758621,0.546888066176344,0.0601520662804628
2023,15,Calendar-only,0.075,147,61,61,0.00795411503706509,0.414965986394558,0.414965986394558,18481,9411,9561,0.509225691250474,0.517342135165846,-0.102376148771288,0,147,61,0.414965986394558,0,0,,0.576850958180764,0.0768509581807635
2023,15,Market-state,0,18481,9540,9561,1,0.516205833017694,0.517342135165846,18481,9540,9561,0.516205833017694,0.517342135165846,-0.00113630214815219,-0.00113630214815219,17252,8936,0.517968931138419,1229,604,0.491456468673719,0.514660319474688,0.0158337242908646
2023,15,Market-state,0.025,1763,927,935,0.0953952708186787,0.525808281338627,0.53034600113443,18481,9540,9561,0.516205833017694,0.517342135165846,0.0084661461727813,-0.00453771979580264,1687,893,0.529342027267339,76,34,0.447368421052632,0.530098769159063,0.0332007104760259
2023,15,Market-state,0.05,88,41,47,0.00476164709701856,0.465909090909091,0.534090909090909,18481,9540,9561,0.516205833017694,0.517342135165846,-0.0514330442567552,-0.0681818181818182,80,40,0.5,8,1,0.125,0.55208884342204,0.0638519144388549
2023,15,Market-state,0.075,18,11,13,0.000973973269844705,0.611111111111111,0.722222222222222,18481,9540,9561,0.516205833017694,0.517342135165846,0.0937689759452651,-0.111111111111111,16,11,0.6875,2,0,0,0.564368439961445,0.0837078097706321
2023,15,Full,0,18481,9478,9561,1,0.51285103619934,0.517342135165846,18481,9478,9561,0.51285103619934,0.517342135165846,-0.00449109896650612,-0.00449109896650612,16454,8506,0.51695636319436,2027,972,0.479526393685249,0.513081614337248,0.0148084185790154
2023,15,Full,0.025,2619,1376,1391,0.141713110762405,0.525391370752196,0.531118747613593,18481,9478,9561,0.51285103619934,0.517342135165846,0.0080492355863494,-0.00572737686139757,2516,1332,0.529411764705882,103,44,0.427184466019417,0.531364736888313,0.034294608553155
2023,15,Full,0.05,172,84,89,0.00930685568962718,0.488372093023256,0.517441860465116,18481,9478,9561,0.51285103619934,0.517342135165846,-0.0289700421425902,-0.0290697674418605,163,82,0.503067484662577,9,2,0.222222222222222,0.551614498965952,0.0592435363810214
2023,15,Full,0.075,15,8,12,0.000811644391537254,0.533333333333333,0.8,18481,9478,9561,0.51285103619934,0.517342135165846,0.0159911981674873,-0.266666666666667,11,8,0.727272727272727,4,0,0,0.535717972724442,0.0858116264517763
2023,15,Full,0.1,2,0,2,0.000108219252204967,0,1,18481,9478,9561,0.51285103619934,0.517342135165846,-0.517342135165846,-1,0,0,,2,0,0,0.395144675802362,0.104855324197638
2024,15,Calendar-only,0,18477,9431,9592,1,0.510418357958543,0.519131893705688,18477,9431,9592,0.510418357958543,0.519131893705688,-0.00871353574714506,-0.00871353574714506,13956,7251,0.519561478933792,4521,2180,0.482194204821942,0.513851730359273,0.0211077855771835
2024,15,Calendar-only,0.025,6568,3407,3400,0.355468961411485,0.518727161997564,0.517661388550548,18477,9431,9592,0.510418357958543,0.519131893705688,-0.000404731708124162,0.00106577344701586,5753,2996,0.520771771249783,815,411,0.504294478527607,0.528936595041992,0.0384611573767532
2024,15,Calendar-only,0.05,1072,579,573,0.0580180765275748,0.540111940298508,0.534514925373134,18477,9431,9592,0.510418357958543,0.519131893705688,0.0209800465928194,0.00559701492537323,880,480,0.545454545454545,192,99,0.515625,0.541192748624237,0.0598946565608159
2024,15,Calendar-only,0.075,92,51,51,0.00497916328408291,0.554347826086957,0.554347826086957,18477,9431,9592,0.510418357958543,0.519131893705688,0.0352159323812684,0,92,51,0.554347826086957,0,0,,0.581694507769956,0.0816945077699558
2024,15,Market-state,0,18477,9544,9592,1,0.516534069383558,0.519131893705688,18477,9544,9592,0.516534069383558,0.519131893705688,-0.00259782432213018,-0.00259782432213018,17671,9165,0.518646369758361,806,379,0.470223325062035,0.514771645682982,0.0154830505071115
2024,15,Market-state,0.025,1493,784,777,0.0808031606862586,0.525117213663764,0.520428667113195,18477,9544,9592,0.516534069383558,0.519131893705688,0.00598531995807605,0.00468854655056927,1458,763,0.523319615912209,35,21,0.6,0.531573177157662,0.0336488338068005
2024,15,Market-state,0.05,101,45,44,0.00546625534448233,0.445544554455446,0.435643564356436,18477,9544,9592,0.516534069383558,0.519131893705688,-0.0735873392502426,0.00990099009900991,90,39,0.433333333333333,11,6,0.545454545454545,0.547113027005943,0.0629158117505719
2024,15,Market-state,0.075,14,9,7,0.000757698760621313,0.642857142857143,0.5,18477,9544,9592,0.516534069383558,0.519131893705688,0.123725249151455,0.142857142857143,10,6,0.6,4,3,0.75,0.533669009799146,0.0889121062734015
2024,15,Market-state,0.1,3,2,1,0.000162364020133139,0.666666666666667,0.333333333333333,18477,9544,9592,0.516534069383558,0.519131893705688,0.147534772960979,0.333333333333333,2,1,0.5,1,1,1,0.522781694206735,0.116145873255834
2024,15,Full,0,18477,9541,9592,1,0.516371705363425,0.519131893705688,18477,9541,9592,0.516371705363425,0.519131893705688,-0.00276018834226333,-0.00276018834226333,16982,8819,0.519314568366506,1495,722,0.482943143812709,0.513721194409528,0.0149475829461513
2024,15,Full,0.025,2912,1537,1536,0.157601342209233,0.527815934065934,0.527472527472528,18477,9541,9592,0.516371705363425,0.519131893705688,0.00868404036024595,0.000343406593406592,2851,1506,0.528235706769555,61,31,0.508196721311475,0.531729828395123,0.0335381171257846
2024,15,Full,0.05,150,76,75,0.00811820100665693,0.506666666666667,0.5,18477,9541,9592,0.516371705363425,0.519131893705688,-0.0124652270390214,0.00666666666666671,137,69,0.503649635036496,13,7,0.538461538461538,0.547022021809577,0.0610634645156416
2024,15,Full,0.075,14,7,9,0.000757698760621313,0.5,0.642857142857143,18477,9541,9592,0.516371705363425,0.519131893705688,-0.0191318937056881,-0.142857142857143,6,4,0.666666666666667,8,3,0.375,0.48239100183397,0.0883907131217075
2024,15,Full,0.1,2,2,0,0.000108242680088759,1,0,18477,9541,9592,0.516371705363425,0.519131893705688,0.480868106294312,1,0,0,,2,2,1,0.376141926870104,0.123858073129896
2025,15,Calendar-only,0,18557,9399,9465,1,0.506493506493507,0.510050115859245,18557,9399,9465,0.506493506493507,0.510050115859245,-0.0035566093657381,-0.0035566093657381,14265,7286,0.510760602874168,4292,2113,0.492311276794036,0.514316276587093,0.0209790543925109
2025,15,Calendar-only,0.025,6595,3368,3385,0.355391496470335,0.510689916603488,0.513267626990144,18557,9399,9465,0.506493506493507,0.510050115859245,0.000639800744242969,-0.00257771038665655,5812,2985,0.513592567102546,783,383,0.489144316730524,0.52915503837064,0.0379285958269887
2025,15,Calendar-only,0.05,1044,543,549,0.056259093603492,0.520114942528736,0.525862068965517,18557,9399,9465,0.506493506493507,0.510050115859245,0.010064826669491,-0.00574712643678166,994,521,0.524144869215292,50,22,0.44,0.554447913949941,0.0599143665726408
2025,15,Calendar-only,0.075,96,50,50,0.005173249986528,0.520833333333333,0.520833333333333,18557,9399,9465,0.506493506493507,0.510050115859245,0.0107832174740888,0,96,50,0.520833333333333,0,0,,0.587177860659043,0.0871778606590428
2025,15,Market-state,0,18557,9405,9465,1,0.506816834617665,0.510050115859245,18557,9405,9465,0.506816834617665,0.510050115859245,-0.00323328124158007,-0.00323328124158007,17671,8992,0.508856318261559,886,413,0.466139954853273,0.5151660874206,0.0163417030266737
2025,15,Market-state,0.025,1692,862,862,0.0911785310125559,0.509456264775414,0.509456264775414,18557,9405,9465,0.506816834617665,0.510050115859245,-0.00059385108383081,0,1592,812,0.510050251256281,100,50,0.5,0.529722438946877,0.035426845719011
2025,15,Market-state,0.05,172,85,86,0.00926873955919599,0.494186046511628,0.5,18557,9405,9465,0.506816834617665,0.510050115859245,-0.0158640693476166,-0.0058139534883721,145,72,0.496551724137931,27,13,0.481481481481482,0.53963975446743,0.06708322680083
2025,15,Market-state,0.075,34,18,17,0.001832192703562,0.529411764705882,0.5,18557,9405,9465,0.506816834617665,0.510050115859245,0.0193616488466378,0.0294117647058824,23,12,0.521739130434783,11,6,0.545454545454545,0.519642701302173,0.101325960836053
2025,15,Market-state,0.1,11,6,7,0.000592768227622999,0.545454545454545,0.636363636363636,18557,9405,9465,0.506816834617665,0.510050115859245,0.0354044295953009,-0.0909090909090909,4,3,0.75,7,3,0.428571428571429,0.447331800602168,0.141209756766226
2025,15,Market-state,0.15,3,2,1,0.000161664062079,0.666666666666667,0.333333333333333,18557,9405,9465,0.506816834617665,0.510050115859245,0.156616550807422,0.333333333333333,0,0,,3,2,0.666666666666667,0.299135608965889,0.200864391034111
2025,15,Full,0,18557,9529,9465,1,0.513498949183597,0.510050115859245,18557,9529,9465,0.513498949183597,0.510050115859245,0.00344883332435197,0.00344883332435197,16941,8689,0.512897703795526,1616,840,0.51980198019802,0.513561595659153,0.0155629324800405
2025,15,Full,0.025,2871,1455,1441,0.154712507409603,0.506792058516196,0.501915708812261,18557,9529,9465,0.513498949183597,0.510050115859245,-0.00325805734304807,0.00487634970393591,2699,1362,0.504631344942571,172,93,0.540697674418605,0.528572689051445,0.0344428410599322
2025,15,Full,0.05,193,94,93,0.010400387993749,0.487046632124352,0.481865284974093,18557,9529,9465,0.513498949183597,0.510050115859245,-0.0230034837348922,0.00518134715025909,144,69,0.479166666666667,49,25,0.510204081632653,0.524206719989833,0.0671626381599534
2025,15,Full,0.075,35,18,20,0.001886080724255,0.514285714285714,0.571428571428571,18557,9529,9465,0.513498949183597,0.510050115859245,0.0042355984264697,-0.0571428571428572,15,9,0.6,20,9,0.45,0.469331410873459,0.10607939221819
2025,15,Full,0.1,13,7,7,0.000700544269008999,0.538461538461538,0.538461538461538,18557,9529,9465,0.513498949183597,0.510050115859245,0.0284114226022939,0,3,2,0.666666666666667,10,5,0.5,0.407721528707526,0.142398566859981
2025,15,Full,0.15,4,2,2,0.000215552082772,0.5,0.5,18557,9529,9465,0.513498949183597,0.510050115859245,-0.0100501158592445,0,0,0,,4,2,0.5,0.298639412711032,0.201360587288968
2026,15,Calendar-only,0,3731,1871,1864,1,0.501474135620477,0.499597963012597,3731,1871,1864,0.501474135620477,0.499597963012597,0.00187617260787987,0.00187617260787987,2774,1389,0.500720980533526,957,482,0.503657262277952,0.513768610549103,0.020337460824428
2026,15,Calendar-only,0.025,1338,689,669,0.358616992763334,0.514947683109118,0.5,3731,1871,1864,0.501474135620477,0.499597963012597,0.0153497200965209,0.0149476831091181,1186,603,0.508431703204047,152,86,0.565789473684211,0.528710730176621,0.0367680084989936
2026,15,Calendar-only,0.05,138,75,73,0.0369874028410614,0.543478260869565,0.528985507246377,3731,1871,1864,0.501474135620477,0.499597963012597,0.043880297856968,0.0144927536231884,128,69,0.5390625,10,6,0.6,0.55385411181088,0.0613550074143154
2026,15,Calendar-only,0.075,9,4,4,0.00241222192441705,0.444444444444444,0.444444444444444,3731,1871,1864,0.501474135620477,0.499597963012597,-0.0551535185681528,0,9,4,0.444444444444444,0,0,,0.58835714157075,0.0883571415707496
2026,15,Market-state,0,3731,1867,1864,1,0.500402036987403,0.499597963012597,3731,1867,1864,0.500402036987403,0.499597963012597,0.000804073974805641,0.000804073974805641,3530,1765,0.5,201,102,0.507462686567164,0.514747554131317,0.0155983609356399
2026,15,Market-state,0.025,298,157,153,0.0798713481640311,0.526845637583893,0.513422818791946,3731,1867,1864,0.500402036987403,0.499597963012597,0.0272476745712954,0.0134228187919463,290,151,0.520689655172414,8,6,0.75,0.52977043032122,0.0314947003792181
2026,15,Market-state,0.05,15,5,6,0.00402036987402841,0.333333333333333,0.4,3731,1867,1864,0.500402036987403,0.499597963012597,-0.166264629679264,-0.0666666666666667,14,5,0.357142857142857,1,0,0,0.547662504071602,0.0544020824238054
2026,15,Full,0,3731,1912,1864,1,0.512463146609488,0.499597963012597,3731,1912,1864,0.512463146609488,0.499597963012597,0.0128651835968909,0.0128651835968909,3339,1692,0.506738544474394,392,220,0.561224489795918,0.512964539939968,0.0144742350841177
2026,15,Full,0.025,497,253,247,0.133208255159475,0.509054325955734,0.496981891348089,3731,1912,1864,0.512463146609488,0.499597963012597,0.00945636294313723,0.0120724346076459,483,243,0.503105590062112,14,10,0.714285714285714,0.530722366927382,0.0326178550129547
2026,15,Full,0.05,25,11,11,0.00670061645671402,0.44,0.44,3731,1912,1864,0.512463146609488,0.499597963012597,-0.0595979630125972,0,25,11,0.44,0,0,,0.556402504268143,0.0564025042681434
2017,20,Calendar-only,0,8162,4153,4400,1,0.508821367311933,0.539083557951483,8162,4153,4400,0.508821367311933,0.539083557951483,-0.030262190639549,-0.030262190639549,5453,2922,0.53585182468366,2709,1231,0.454411221853082,0.509406980664971,0.0186540469129117
2017,20,Calendar-only,0.025,2288,1185,1210,0.280323450134771,0.51791958041958,0.528846153846154,8162,4153,4400,0.508821367311933,0.539083557951483,-0.021163977531902,-0.0109265734265734,1925,1016,0.527792207792208,363,169,0.465564738292011,0.526123173086685,0.0381634583111678
2017,20,Calendar-only,0.05,355,190,188,0.0434942416074492,0.535211267605634,0.529577464788732,8162,4153,4400,0.508821367311933,0.539083557951483,-0.00387229034584868,0.0056338028169014,271,147,0.542435424354244,84,43,0.511904761904762,0.531511715752863,0.0576398143254933
2017,20,Market-state,0,8162,4363,4400,1,0.534550355305072,0.539083557951483,8162,4363,4400,0.534550355305072,0.539083557951483,-0.00453320264641011,-0.00453320264641011,7177,3889,0.541869862059356,985,474,0.481218274111675,0.51194377603966,0.0139604965551743
2017,20,Market-state,0.025,751,428,421,0.0920117618230826,0.569906790945406,0.560585885486019,8162,4363,4400,0.534550355305072,0.539083557951483,0.0308232329939236,0.00932090545938746,702,400,0.56980056980057,49,28,0.571428571428571,0.528629331541237,0.0328273852579192
2017,20,Market-state,0.05,40,22,20,0.00490075961774075,0.55,0.5,8162,4363,4400,0.534550355305072,0.539083557951483,0.0109164420485176,0.05,38,20,0.526315789473684,2,2,1,0.557838232619907,0.0633037857741567
2017,20,Market-state,0.075,6,4,4,0.000735113942661113,0.666666666666667,0.666666666666667,8162,4363,4400,0.534550355305072,0.539083557951483,0.127583108715184,0,6,4,0.666666666666667,0,0,,0.594823246269181,0.0948232462691814
2017,20,Market-state,0.1,2,2,2,0.000245037980887038,1,1,8162,4363,4400,0.534550355305072,0.539083557951483,0.460916442048518,0,2,2,1,0,0,,0.618952739911465,0.118952739911465
2017,20,Full,0,8162,4285,4400,1,0.524993874050478,0.539083557951483,8162,4285,4400,0.524993874050478,0.539083557951483,-0.0140896839010046,-0.0140896839010046,6477,3500,0.540373629766867,1685,785,0.465875370919881,0.511565024567002,0.0184962874815542
2017,20,Full,0.025,1838,1000,1017,0.225189904435187,0.544069640914037,0.553318824809576,8162,4285,4400,0.524993874050478,0.539083557951483,0.00498608296255454,-0.00924918389553864,1621,900,0.555212831585441,217,100,0.460829493087558,0.523469226620676,0.0405364688950368
2017,20,Full,0.05,295,154,170,0.036143102180838,0.522033898305085,0.576271186440678,8162,4285,4400,0.524993874050478,0.539083557951483,-0.0170496596463977,-0.0542372881355933,197,113,0.573604060913706,98,41,0.418367346938776,0.500705815831917,0.0804321679184396
2017,20,Full,0.075,79,38,44,0.00967900024503798,0.481012658227848,0.556962025316456,8162,4285,4400,0.524993874050478,0.539083557951483,-0.0580708997236343,-0.0759493670886076,13,8,0.615384615384615,66,30,0.454545454545455,0.391501051566536,0.138928382245669
2017,20,Full,0.1,45,19,27,0.00551335456995834,0.422222222222222,0.6,8162,4285,4400,0.524993874050478,0.539083557951483,-0.11686133572926,-0.177777777777778,3,2,0.666666666666667,42,17,0.404761904761905,0.337084745662185,0.178332410395574
2017,20,Full,0.15,18,7,11,0.00220534182798334,0.388888888888889,0.611111111111111,8162,4285,4400,0.524993874050478,0.539083557951483,-0.150194669062594,-0.222222222222222,0,0,,18,7,0.388888888888889,0.232615482089013,0.267384517910987
2018,20,Calendar-only,0,15486,7897,7925,1,0.509944465969263,0.511752550690947,15486,7897,7925,0.509944465969263,0.511752550690947,-0.00180808472168414,-0.00180808472168414,11856,6096,0.51417004048583,3630,1801,0.496143250688705,0.513241306833541,0.0193692107064474
2018,20,Calendar-only,0.025,4382,2248,2244,0.282965258943562,0.513007759014149,0.512094933820174,15486,7897,7925,0.509944465969263,0.511752550690947,0.00125520832320203,0.000912825193975286,4008,2059,0.51372255489022,374,189,0.505347593582888,0.531269548871537,0.0382748589587283
2018,20,Calendar-only,0.05,651,314,318,0.0420379697791554,0.482334869431644,0.488479262672811,15486,7897,7925,0.509944465969263,0.511752550690947,-0.0294176812593031,-0.00614439324116745,603,292,0.48424543946932,48,22,0.458333333333333,0.549906289315783,0.0575332737619067
2018,20,Market-state,0,15486,7904,7925,1,0.510396487149684,0.511752550690947,15486,7904,7925,0.510396487149684,0.511752550690947,-0.00135606354126316,-0.00135606354126316,13105,6724,0.513086608164823,2381,1180,0.495590088198236,0.515440094691847,0.020769537466536
2018,20,Market-state,0.025,4877,2593,2583,0.314929613844763,0.531679311051876,0.529628870207095,15486,7904,7925,0.510396487149684,0.511752550690947,0.0199267603609294,0.00205044084478168,4337,2318,0.534470832372608,540,275,0.509259259259259,0.525708888067478,0.0357331528569886
2018,20,Market-state,0.05,497,251,269,0.0320935038098928,0.505030181086519,0.541247484909457,15486,7904,7925,0.510396487149684,0.511752550690947,-0.00672236960442763,-0.0362173038229376,355,189,0.532394366197183,142,62,0.436619718309859,0.525387554482426,0.0686953020524373
2018,20,Market-state,0.075,125,68,73,0.0080718067932326,0.544,0.584,15486,7904,7925,0.510396487149684,0.511752550690947,0.0322474493090533,-0.0399999999999999,74,45,0.608108108108108,51,23,0.450980392156863,0.511587975337572,0.0960480051475035
2018,20,Market-state,0.1,38,20,21,0.00245382926514271,0.526315789473684,0.552631578947369,15486,7904,7925,0.510396487149684,0.511752550690947,0.0145632387827375,-0.0263157894736843,17,10,0.588235294117647,21,10,0.476190476190476,0.48353803514752,0.122539210602188
2018,20,Market-state,0.15,4,3,2,0.000258297817383443,0.75,0.5,15486,7904,7925,0.510396487149684,0.511752550690947,0.238247449309053,0.25,1,1,1,3,2,0.666666666666667,0.409194756881508,0.170187217687188
2018,20,Full,0,15486,7957,7925,1,0.513818933230014,0.511752550690947,15486,7957,7925,0.513818933230014,0.511752550690947,0.00206638253906744,0.00206638253906744,11286,5841,0.517543859649123,4200,2116,0.503809523809524,0.51134052932977,0.0223833417836368
2018,20,Full,0.025,5593,2937,2896,0.361164923156399,0.525120686572501,0.517790094761309,15486,7957,7925,0.513818933230014,0.511752550690947,0.0133681358815546,0.00733059181119256,4536,2388,0.526455026455027,1057,549,0.519394512771996,0.520807802040827,0.0403317709557035
2018,20,Full,0.05,894,462,479,0.0577295621851995,0.516778523489933,0.53579418344519,15486,7957,7925,0.513818933230014,0.511752550690947,0.0050259727989862,-0.0190156599552572,553,300,0.54249547920434,341,162,0.475073313782991,0.507804590577028,0.07546143823364
2018,20,Full,0.075,307,159,168,0.0198243574841793,0.517915309446254,0.547231270358306,15486,7957,7925,0.513818933230014,0.511752550690947,0.00616275875530736,-0.0293159609120521,150,85,0.566666666666667,157,74,0.471337579617834,0.480196854779729,0.106033549635101
2018,20,Full,0.1,109,59,53,0.00703861552369883,0.541284403669725,0.486238532110092,15486,7957,7925,0.513818933230014,0.511752550690947,0.029531852978778,0.055045871559633,17,10,0.588235294117647,92,49,0.532608695652174,0.391621902221653,0.143121171642808
2018,20,Full,0.15,46,27,19,0.0029704248999096,0.586956521739131,0.41304347826087,15486,7957,7925,0.513818933230014,0.511752550690947,0.0752039710481838,0.173913043478261,0,0,,46,27,0.586956521739131,0.316770175343193,0.183229824656807
2019,20,Calendar-only,0,17121,8761,8877,1,0.511710764558145,0.518486069738917,17121,8761,8877,0.511710764558145,0.518486069738917,-0.00677530518077207,-0.00677530518077207,12789,6653,0.520212682774259,4332,2108,0.486611265004617,0.512703633784426,0.0213115773299364
2019,20,Calendar-only,0.025,6253,3223,3284,0.365223993925588,0.515432592355669,0.525187909803294,17121,8761,8877,0.511710764558145,0.518486069738917,-0.00305347738324779,-0.00975531744762515,5198,2726,0.524432474028473,1055,497,0.471090047393365,0.525205424270583,0.0371036723202359
2019,20,Calendar-only,0.05,566,282,282,0.0330588166579055,0.498233215547703,0.498233215547703,17121,8761,8877,0.511710764558145,0.518486069738917,-0.0202528541912139,0,566,282,0.498233215547703,0,0,,0.560736084234291,0.0607360842342914
2019,20,Calendar-only,0.075,41,20,20,0.00239471993458326,0.487804878048781,0.487804878048781,17121,8761,8877,0.511710764558145,0.518486069738917,-0.0306811916901366,0,41,20,0.487804878048781,0,0,,0.58765453962101,0.08765453962101
2019,20,Market-state,0,17121,8849,8877,1,0.516850651247007,0.518486069738917,17121,8849,8877,0.516850651247007,0.518486069738917,-0.00163541849191051,-0.00163541849191051,15561,8083,0.519439624702783,1560,766,0.491025641025641,0.516191397500795,0.0181544077832557
2019,20,Market-state,0.025,3437,1821,1831,0.200747619882016,0.52982251963922,0.532732033750364,17121,8849,8877,0.516850651247007,0.518486069738917,0.0113364499003031,-0.00290951411114349,3281,1748,0.532764401097226,156,73,0.467948717948718,0.528491323123725,0.0319016639334165
2019,20,Market-state,0.05,169,93,89,0.00987091875474563,0.550295857988166,0.526627218934911,17121,8849,8877,0.516850651247007,0.518486069738917,0.0318097882492486,0.0236686390532545,147,80,0.54421768707483,22,13,0.590909090909091,0.547078900162992,0.0642330890765012
2019,20,Market-state,0.075,26,14,13,0.00151860288534548,0.538461538461538,0.5,17121,8849,8877,0.516850651247007,0.518486069738917,0.0199754687226213,0.0384615384615384,23,12,0.521739130434783,3,2,0.666666666666667,0.571404886374927,0.0944040640958792
2019,20,Market-state,0.1,8,3,4,0.000467262426260148,0.375,0.5,17121,8849,8877,0.516850651247007,0.518486069738917,-0.143486069738917,-0.125,7,3,0.428571428571429,1,0,0,0.583467112916535,0.117855305761289
2019,20,Full,0,17121,8805,8877,1,0.514280707902576,0.518486069738917,17121,8805,8877,0.514280707902576,0.518486069738917,-0.00420536183634135,-0.00420536183634135,14135,7348,0.519844357976654,2986,1457,0.487943737441393,0.51417382830074,0.0186867072530313
2019,20,Full,0.025,4645,2412,2401,0.271304246247299,0.519268030139935,0.516899892357374,17121,8805,8877,0.514280707902576,0.518486069738917,0.0007819604010183,0.00236813778256184,4280,2224,0.519626168224299,365,188,0.515068493150685,0.528381695556338,0.0353647268321421
2019,20,Full,0.05,366,201,192,0.0213772560014018,0.549180327868853,0.524590163934426,17121,8805,8877,0.514280707902576,0.518486069738917,0.0306942581299354,0.0245901639344263,265,146,0.550943396226415,101,55,0.544554455445545,0.523568341821734,0.0643814847636511
2019,20,Full,0.075,82,46,42,0.00478943986916652,0.560975609756098,0.51219512195122,17121,8805,8877,0.514280707902576,0.518486069738917,0.0424895400171805,0.0487804878048781,28,17,0.607142857142857,54,29,0.537037037037037,0.474831649539938,0.0879404585023708
2019,20,Full,0.1,11,3,4,0.000642485836107704,0.272727272727273,0.363636363636364,17121,8805,8877,0.514280707902576,0.518486069738917,-0.245758797011644,-0.0909090909090909,8,2,0.25,3,1,0.333333333333333,0.548149115507402,0.112721520405348
2020,20,Calendar-only,0,17806,9151,9273,1,0.513927889475458,0.520779512523868,17806,9151,9273,0.513927889475458,0.520779512523868,-0.00685162304841058,-0.00685162304841058,12426,6522,0.524867213906325,5380,2629,0.488661710037175,0.51352590826674,0.02182227788893
2020,20,Calendar-only,0.025,6698,3490,3524,0.376165337526676,0.521051060017916,0.526127202149896,17806,9151,9273,0.513927889475458,0.520779512523868,0.000271547494047453,-0.00507614213197971,5700,3008,0.527719298245614,998,482,0.482965931863727,0.528138708736869,0.0381759727005452
2020,20,Calendar-only,0.05,848,423,437,0.0476243962709199,0.498820754716981,0.515330188679245,17806,9151,9273,0.513927889475458,0.520779512523868,-0.0219587578068872,-0.0165094339622642,752,382,0.507978723404255,96,41,0.427083333333333,0.545297243495288,0.0577246319673428
2020,20,Market-state,0,17806,9213,9273,1,0.517409861844322,0.520779512523868,17806,9213,9273,0.517409861844322,0.520779512523868,-0.0033696506795462,-0.0033696506795462,14230,7455,0.52389318341532,3576,1758,0.491610738255034,0.511565698578098,0.0195165606534511
2020,20,Market-state,0.025,4183,2214,2198,0.234920813209031,0.529285202008128,0.525460196031556,17806,9213,9273,0.517409861844322,0.520779512523868,0.00850568948425978,0.00382500597657187,3273,1751,0.534983195844791,910,463,0.508791208791209,0.518566161088694,0.0407835220868564
2020,20,Market-state,0.05,794,399,406,0.0445917106593283,0.502518891687657,0.511335012594459,17806,9213,9273,0.517409861844322,0.520779512523868,-0.0182606208362109,-0.00881612090680106,501,256,0.510978043912176,293,143,0.488054607508532,0.511551088119614,0.07470298660635
2020,20,Market-state,0.075,257,134,135,0.0144333370773896,0.521400778210117,0.525291828793774,17806,9213,9273,0.517409861844322,0.520779512523868,0.000621265686248429,-0.00389105058365757,118,65,0.550847457627119,139,69,0.496402877697842,0.482933729594621,0.106166016274512
2020,20,Market-state,0.1,103,52,60,0.00578456699988768,0.504854368932039,0.58252427184466,17806,9213,9273,0.517409861844322,0.520779512523868,-0.0159251435918295,-0.0776699029126213,33,21,0.636363636363636,70,31,0.442857142857143,0.445398114765687,0.135469235250719
2020,20,Market-state,0.15,26,12,17,0.0014601819611367,0.461538461538462,0.653846153846154,17806,9213,9273,0.517409861844322,0.520779512523868,-0.0592410509854068,-0.192307692307692,5,4,0.8,21,8,0.380952380952381,0.381362263849945,0.187639219228642
2020,20,Full,0,17806,9071,9273,1,0.509435021902729,0.520779512523868,17806,9071,9273,0.509435021902729,0.520779512523868,-0.011344490621139,-0.011344490621139,11350,5944,0.523700440528634,6456,3127,0.484355638166047,0.505308069094778,0.0195798266481362
2020,20,Full,0.025,4940,2543,2550,0.277434572615972,0.514777327935223,0.516194331983806,17806,9071,9273,0.509435021902729,0.520779512523868,-0.00600218458864565,-0.00141700404858303,3397,1775,0.522519870473948,1543,768,0.497731691510045,0.509313725940338,0.0421388451929681
2020,20,Full,0.05,949,481,499,0.0532966415814894,0.506849315068493,0.52581664910432,17806,9071,9273,0.509435021902729,0.520779512523868,-0.0139301974553752,-0.0189673340358272,431,231,0.535962877030162,518,250,0.482625482625483,0.482140201620025,0.0781495250112206
2020,20,Full,0.075,353,170,174,0.0198247781646636,0.481586402266289,0.492917847025496,17806,9071,9273,0.509435021902729,0.520779512523868,-0.0391931102575794,-0.0113314447592068,99,45,0.454545454545455,254,125,0.492125984251969,0.44132969916991,0.109899767232433
2020,20,Full,0.1,155,81,81,0.00870493092216107,0.52258064516129,0.52258064516129,17806,9071,9273,0.509435021902729,0.520779512523868,0.00180113263742199,0,19,13,0.68421052631579,136,68,0.5,0.388548179230532,0.141244822235488
2020,20,Full,0.15,44,19,27,0.00247107716500056,0.431818181818182,0.613636363636364,17806,9071,9273,0.509435021902729,0.520779512523868,-0.0889613307056865,-0.181818181818182,2,2,1,42,17,0.404761904761905,0.31825317778019,0.198855864074369
2021,20,Calendar-only,0,18270,9407,9445,1,0.514887794198139,0.516967706622879,18270,9407,9445,0.514887794198139,0.516967706622879,-0.00207991242474004,-0.00207991242474004,13664,7123,0.521296838407494,4606,2284,0.49587494572297,0.514931737825665,0.0224965927641714
2021,20,Calendar-only,0.025,6775,3492,3498,0.370826491516147,0.515424354243542,0.516309963099631,18270,9407,9445,0.514887794198139,0.516967706622879,-0.00154335237933667,-0.000885608856088571,5983,3099,0.517967574795253,792,393,0.496212121212121,0.531355721859662,0.038995645785843
2021,20,Calendar-only,0.05,1091,557,557,0.0597153804050356,0.510540788267644,0.510540788267644,18270,9407,9445,0.514887794198139,0.516967706622879,-0.00642691835523468,0,1091,557,0.510540788267644,0,0,,0.557113451117594,0.0571134511175943
2021,20,Market-state,0,18270,9379,9445,1,0.513355227148331,0.516967706622879,18270,9379,9445,0.513355227148331,0.516967706622879,-0.00361247947454846,-0.00361247947454846,17082,8818,0.516215899777544,1188,561,0.472222222222222,0.516487605949881,0.0177106051836929
2021,20,Market-state,0.025,2759,1486,1479,0.151012588943623,0.538600942370424,0.536063791228706,18270,9379,9445,0.513355227148331,0.516967706622879,0.0216332357475451,0.00253715114171804,2674,1440,0.538519072550486,85,46,0.541176470588235,0.530579511437565,0.0328410072093877
2021,20,Market-state,0.05,174,73,80,0.00952380952380953,0.419540229885057,0.459770114942529,18270,9379,9445,0.513355227148331,0.516967706622879,-0.0974274767378216,-0.0402298850574713,161,70,0.434782608695652,13,3,0.230769230769231,0.551598628972943,0.0608149358841391
2021,20,Market-state,0.075,19,7,8,0.00103995621237001,0.368421052631579,0.421052631578947,18270,9379,9445,0.513355227148331,0.516967706622879,-0.1485466539913,-0.0526315789473684,16,6,0.375,3,1,0.333333333333333,0.560698341038827,0.0861756721762394
2021,20,Market-state,0.1,1,1,1,5.47345374931582e-05,1,1,18270,9379,9445,0.513355227148331,0.516967706622879,0.483032293377121,0,1,1,1,0,0,,0.610822581108752,0.110822581108752
2021,20,Full,0,18270,9423,9445,1,0.51576354679803,0.516967706622879,18270,9423,9445,0.51576354679803,0.516967706622879,-0.00120415982484945,-0.00120415982484945,15672,8135,0.519078611536498,2598,1288,0.49576597382602,0.514960959814637,0.0175273731521746
2021,20,Full,0.025,4483,2380,2382,0.245374931581828,0.530894490296676,0.531340620120455,18270,9423,9445,0.51576354679803,0.516967706622879,0.0139267836737973,-0.000446129823778674,4315,2297,0.532329084588644,168,83,0.494047619047619,0.531089471351543,0.0338467691377983
2021,20,Full,0.05,268,128,130,0.0146688560481664,0.477611940298507,0.485074626865672,18270,9423,9445,0.51576354679803,0.516967706622879,-0.0393557663243716,-0.0074626865671642,244,117,0.479508196721312,24,11,0.458333333333333,0.549563661658775,0.0611850296382158
2021,20,Full,0.075,27,14,15,0.00147783251231527,0.518518518518519,0.555555555555556,18270,9423,9445,0.51576354679803,0.516967706622879,0.00155081189563944,-0.0370370370370371,22,12,0.545454545454545,5,2,0.4,0.551524795397453,0.0832877776918109
2021,20,Full,0.1,1,1,1,5.47345374931582e-05,1,1,18270,9423,9445,0.51576354679803,0.516967706622879,0.483032293377121,0,1,1,1,0,0,,0.614716826968565,0.114716826968565
2022,20,Calendar-only,0,18889,9437,9479,1,0.499602943512097,0.501826459844354,18889,9437,9479,0.499602943512097,0.501826459844354,-0.00222351633225681,-0.00222351633225681,14343,7185,0.500941225685003,4546,2252,0.49538055433348,0.51521693726518,0.0225648110150126
2022,20,Calendar-only,0.025,7848,3900,3902,0.415479908941712,0.496941896024465,0.497196738022426,18889,9437,9479,0.499602943512097,0.501826459844354,-0.004884563819889,-0.000254841997961275,6944,3449,0.496687788018433,904,451,0.498893805309735,0.529984439510501,0.037513813112726
2022,20,Calendar-only,0.05,1106,555,555,0.0585525967494309,0.501808318264015,0.501808318264015,18889,9437,9479,0.499602943512097,0.501826459844354,-1.81415803393037e-05,0,1106,555,0.501808318264015,0,0,,0.556561990970336,0.056561990970336
2022,20,Market-state,0,18889,9555,9479,1,0.505849965588438,0.501826459844354,18889,9555,9479,0.505849965588438,0.501826459844354,0.00402350574408394,0.00402350574408394,16001,8073,0.504530966814574,2888,1482,0.513157894736842,0.514400614146199,0.0186567803926135
2022,20,Market-state,0.025,4196,2166,2155,0.222139869765472,0.516205910390848,0.513584366062917,18889,9555,9479,0.505849965588438,0.501826459844354,0.0143794505464946,0.00262154432793138,3747,1936,0.516680010675207,449,230,0.512249443207127,0.528610501967219,0.037628134687252
2022,20,Market-state,0.05,563,280,290,0.0298057070252528,0.497335701598579,0.515097690941385,18889,9555,9479,0.505849965588438,0.501826459844354,-0.00449075824577477,-0.0177619893428064,475,241,0.507368421052632,88,39,0.443181818181818,0.546332422313027,0.0696869368063219
2022,20,Market-state,0.075,137,57,65,0.00725289851236169,0.416058394160584,0.474452554744526,18889,9555,9479,0.505849965588438,0.501826459844354,-0.0857680656837699,-0.0583941605839416,109,47,0.431192660550459,28,10,0.357142857142857,0.559619381442322,0.104053158163346
2022,20,Market-state,0.1,43,15,21,0.0022764571973106,0.348837209302326,0.488372093023256,18889,9555,9479,0.505849965588438,0.501826459844354,-0.152989250542028,-0.13953488372093,31,12,0.387096774193548,12,3,0.25,0.569374941251576,0.146212231396141
2022,20,Market-state,0.15,14,6,8,0.00074117211075229,0.428571428571429,0.571428571428571,18889,9555,9479,0.505849965588438,0.501826459844354,-0.0732550312729253,-0.142857142857143,10,5,0.5,4,1,0.25,0.601783209839208,0.200722571182919
2022,20,Full,0,18889,9621,9479,1,0.509344062681984,0.501826459844354,18889,9621,9479,0.509344062681984,0.501826459844354,0.00751760283763037,0.00751760283763037,13875,7043,0.507603603603604,5014,2578,0.514160351017152,0.510495146634762,0.0178014117067438
2022,20,Full,0.025,4591,2361,2392,0.243051511461697,0.514267044216946,0.521019385754738,18889,9621,9479,0.509344062681984,0.501826459844354,0.0124405843725924,-0.00675234153779125,3850,2006,0.521038961038961,741,355,0.479082321187584,0.524747009834174,0.0381008698940085
2022,20,Full,0.05,643,319,329,0.0340409762295516,0.496111975116641,0.511664074650078,18889,9621,9479,0.509344062681984,0.501826459844354,-0.00571448472771308,-0.0155520995334371,491,248,0.505091649694501,152,71,0.467105263157895,0.533137996247235,0.0679366987560289
2022,20,Full,0.075,142,64,71,0.00751760283763037,0.450704225352113,0.5,18889,9621,9479,0.509344062681984,0.501826459844354,-0.0511222344922411,-0.0492957746478873,89,41,0.460674157303371,53,23,0.433962264150943,0.523639576538332,0.0987025968978837
2022,20,Full,0.1,40,15,23,0.0021176346021494,0.375,0.575,18889,9621,9479,0.509344062681984,0.501826459844354,-0.126826459844354,-0.2,24,11,0.458333333333333,16,4,0.25,0.529531581422463,0.135072146077685
2022,20,Full,0.15,9,4,7,0.000476467785483615,0.444444444444444,0.777777777777778,18889,9621,9479,0.509344062681984,0.501826459844354,-0.0573820153999094,-0.333333333333333,6,4,0.666666666666667,3,0,0,0.575541642536248,0.201874151959863
2023,20,Calendar-only,0,18506,9396,9535,1,0.507727223603156,0.515238301091538,18506,9396,9535,0.507727223603156,0.515238301091538,-0.0075110774883822,-0.0075110774883822,12835,6630,0.516556291390729,5671,2766,0.487744665843767,0.513396013265568,0.020993210212891
2023,20,Calendar-only,0.025,6933,3606,3588,0.37463525343132,0.520121159671138,0.517524881003894,18506,9396,9535,0.507727223603156,0.515238301091538,0.00488285857960014,0.00259627866724366,6133,3197,0.521278330344041,800,409,0.51125,0.529409160696896,0.0372716888155146
2023,20,Calendar-only,0.05,588,303,299,0.0317734788717173,0.51530612244898,0.508503401360544,18506,9396,9535,0.507727223603156,0.515238301091538,6.78213574416553e-05,0.00680272108843538,536,275,0.513059701492537,52,28,0.538461538461538,0.549197712755028,0.0582021586053586
2023,20,Market-state,0,18506,9482,9535,1,0.512374365070788,0.515238301091538,18506,9482,9535,0.512374365070788,0.515238301091538,-0.00286393602075008,-0.00286393602075008,17207,8859,0.5148486081246,1299,623,0.479599692070824,0.514751539416716,0.0158974831539842
2023,20,Market-state,0.025,1874,958,973,0.101264454771425,0.511205976520811,0.519210245464248,18506,9482,9535,0.512374365070788,0.515238301091538,-0.00403232457072678,-0.00800426894343642,1809,933,0.51575456053068,65,25,0.384615384615385,0.528484861968149,0.0308957306977065
2023,20,Market-state,0.05,42,22,20,0.00226953420512266,0.523809523809524,0.476190476190476,18506,9482,9535,0.512374365070788,0.515238301091538,0.00857122271798594,0.0476190476190477,38,19,0.5,4,3,0.75,0.547699328742963,0.0588446338019828
2023,20,Market-state,0.075,2,1,1,0.000108073057386793,0.5,0.5,18506,9482,9535,0.512374365070788,0.515238301091538,-0.0152383010915379,0,2,1,0.5,0,0,,0.591470778474984,0.0914707784749843
2023,20,Full,0,18506,9418,9535,1,0.50891602723441,0.515238301091538,18506,9418,9535,0.50891602723441,0.515238301091538,-0.00632227385712747,-0.00632227385712747,15899,8173,0.51405748789232,2607,1245,0.477560414269275,0.513825311585248,0.0158813637817234
2023,20,Full,0.025,3748,1946,1964,0.202528909542851,0.519210245464248,0.52401280683031,18506,9418,9535,0.50891602723441,0.515238301091538,0.00397194437270965,-0.00480256136606194,3642,1902,0.522240527182867,106,44,0.415094339622642,0.530094205745414,0.0320668628518232
2023,20,Full,0.05,87,40,43,0.00470117799632552,0.459770114942529,0.494252873563218,18506,9418,9535,0.50891602723441,0.515238301091538,-0.0554681861490092,-0.0344827586206897,78,37,0.474358974358974,9,3,0.333333333333333,0.543325601245083,0.0553965358589614
2023,20,Full,0.075,1,1,1,5.40365286933967e-05,1,1,18506,9418,9535,0.50891602723441,0.515238301091538,0.484761698908462,0,1,1,1,0,0,,0.576085911049806,0.0760859110498062
2024,20,Calendar-only,0,18494,9371,9555,1,0.506704877257489,0.51665404996215,18494,9371,9555,0.506704877257489,0.51665404996215,-0.009949172704661,-0.009949172704661,13480,6956,0.516023738872404,5014,2415,0.481651376146789,0.513503481087508,0.0208275601713561
2024,20,Calendar-only,0.025,7119,3646,3654,0.384935654806964,0.512150582947043,0.513274336283186,18494,9371,9555,0.506704877257489,0.51665404996215,-0.00450346701510684,-0.00112375333614279,6235,3208,0.514514835605453,884,438,0.495475113122172,0.527968886214322,0.0362867432609767
2024,20,Calendar-only,0.05,696,361,361,0.0376338271871959,0.51867816091954,0.51867816091954,18494,9371,9555,0.506704877257489,0.51665404996215,0.0020241109573903,0,696,361,0.51867816091954,0,0,,0.558047398450081,0.0580473984500807
2024,20,Calendar-only,0.075,47,19,19,0.00254136476695144,0.404255319148936,0.404255319148936,18494,9371,9555,0.506704877257489,0.51665404996215,-0.112398730813214,0,47,19,0.404255319148936,0,0,,0.581307106900819,0.0813071069008191
2024,20,Market-state,0,18494,9539,9555,1,0.515788904509571,0.51665404996215,18494,9539,9555,0.515788904509571,0.51665404996215,-0.000865145452579208,-0.000865145452579208,17614,9107,0.517031906438061,880,432,0.490909090909091,0.514623627358372,0.0152941352431314
2024,20,Market-state,0.025,1367,701,697,0.0739158646047367,0.512801755669349,0.509875640087784,18494,9539,9555,0.515788904509571,0.51665404996215,-0.00385229429280098,0.00292611558156541,1337,684,0.511593118922962,30,17,0.566666666666667,0.530320813349377,0.0320147660981308
2024,20,Market-state,0.05,62,27,24,0.00335243862874446,0.435483870967742,0.387096774193548,18494,9539,9555,0.515788904509571,0.51665404996215,-0.081170178994408,0.0483870967741936,57,23,0.403508771929825,5,4,0.8,0.54915814297912,0.0590495251694378
2024,20,Market-state,0.075,6,3,2,0.000324429544717206,0.5,0.333333333333333,18494,9539,9555,0.515788904509571,0.51665404996215,-0.0166540499621499,0.166666666666667,5,2,0.4,1,1,1,0.56032030672099,0.0861883829382888
2024,20,Market-state,0.1,1,1,1,5.40715907862009e-05,1,1,18494,9539,9555,0.515788904509571,0.51665404996215,0.48334595003785,0,1,1,1,0,0,,0.604826002089842,0.104826002089842
2024,20,Full,0,18494,9555,9555,1,0.51665404996215,0.51665404996215,18494,9555,9555,0.51665404996215,0.51665404996215,0,0,16572,8594,0.518585566014965,1922,961,0.5,0.514139497440573,0.0155914145193144
2024,20,Full,0.025,3458,1759,1758,0.186979560938683,0.508675534991324,0.508386350491614,18494,9555,9555,0.51665404996215,0.51665404996215,-0.00797851497082547,0.000289184499710826,3367,1713,0.508761508761509,91,46,0.505494505494506,0.530211131304962,0.0321010825904912
2024,20,Full,0.05,98,45,45,0.00529901589704769,0.459183673469388,0.459183673469388,18494,9555,9555,0.51665404996215,0.51665404996215,-0.0574703764927622,0,88,40,0.454545454545455,10,5,0.5,0.545057133066435,0.0588151711253644
2024,20,Full,0.075,5,3,2,0.000270357953931005,0.6,0.4,18494,9555,9555,0.51665404996215,0.51665404996215,0.0833459500378501,0.2,2,1,0.5,3,2,0.666666666666667,0.484000849312071,0.0808499145727114
2025,20,Calendar-only,0,18532,9461,9494,1,0.510522339736672,0.512303043384416,18532,9461,9494,0.510522339736672,0.512303043384416,-0.00178070364774441,-0.00178070364774441,13839,7131,0.515282896163018,4693,2330,0.49648412529299,0.513672233248224,0.0201141636364615
2025,20,Calendar-only,0.025,6387,3261,3286,0.344647096913447,0.510568341944575,0.514482542664788,18532,9461,9494,0.510522339736672,0.512303043384416,-0.00173470143984122,-0.00391420072021298,5550,2855,0.514414414414414,837,406,0.485065710872163,0.528040592651862,0.0366519638530586
2025,20,Calendar-only,0.05,647,322,325,0.0349125836391107,0.497681607418856,0.502318392581144,18532,9461,9494,0.510522339736672,0.512303043384416,-0.0146214359655599,-0.00463678516228749,596,298,0.5,51,24,0.470588235294118,0.548223044173569,0.056459535925913
2025,20,Calendar-only,0.075,49,25,25,0.0026440751133175,0.510204081632653,0.510204081632653,18532,9461,9494,0.510522339736672,0.512303043384416,-0.00209896175176305,0,49,25,0.510204081632653,0,0,,0.579079252525791,0.0790792525257912
2025,20,Market-state,0,18532,9450,9494,1,0.50992877185409,0.512303043384416,18532,9450,9494,0.50992877185409,0.512303043384416,-0.00237427153032588,-0.00237427153032588,17460,8936,0.511798396334479,1072,514,0.479477611940299,0.514350990894502,0.0156435473110707
2025,20,Market-state,0.025,1516,800,789,0.0818044463630477,0.527704485488127,0.520448548812665,18532,9450,9494,0.50992877185409,0.512303043384416,0.0154014421037105,0.00725593667546176,1407,740,0.525941719971571,109,60,0.55045871559633,0.527037366826344,0.033657847872845
2025,20,Market-state,0.05,105,50,53,0.00566587524282323,0.476190476190476,0.504761904761905,18532,9450,9494,0.50992877185409,0.512303043384416,-0.03611256719394,-0.0285714285714286,76,37,0.486842105263158,29,13,0.448275862068966,0.520954604340312,0.0681054613893356
2025,20,Market-state,0.075,20,10,7,0.00107921433196633,0.5,0.35,18532,9450,9494,0.50992877185409,0.512303043384416,-0.0123030433844161,0.15,7,2,0.285714285714286,13,8,0.615384615384615,0.456315543016088,0.10624820349297
2025,20,Market-state,0.1,6,4,3,0.000323764299589899,0.666666666666667,0.5,18532,9450,9494,0.50992877185409,0.512303043384416,0.154363623282251,0.166666666666667,1,1,1,5,3,0.6,0.383695417850529,0.153444969993761
2025,20,Market-state,0.15,3,2,1,0.000161882149794949,0.666666666666667,0.333333333333333,18532,9450,9494,0.50992877185409,0.512303043384416,0.154363623282251,0.333333333333333,0,0,,3,2,0.666666666666667,0.303402357731427,0.196597642268573
2025,20,Full,0,18532,9586,9494,1,0.517267429311461,0.512303043384416,18532,9586,9494,0.517267429311461,0.512303043384416,0.00496438592704518,0.00496438592704518,16240,8394,0.516871921182266,2292,1192,0.520069808027923,0.513131623369316,0.015640115150285
2025,20,Full,0.025,3063,1602,1590,0.165281674940643,0.523016650342801,0.519098922624878,18532,9586,9494,0.517267429311461,0.512303043384416,0.0107136069583851,0.00391772771792365,2845,1487,0.522671353251318,218,115,0.527522935779817,0.526438571733864,0.0330227512316645
2025,20,Full,0.05,149,68,63,0.00804014677314915,0.456375838926175,0.422818791946309,18532,9586,9494,0.517267429311461,0.512303043384416,-0.0559272044582416,0.0335570469798658,98,40,0.408163265306122,51,28,0.549019607843137,0.510535327196426,0.0676937135393662
2025,20,Full,0.075,33,13,16,0.00178070364774444,0.393939393939394,0.484848484848485,18532,9586,9494,0.517267429311461,0.512303043384416,-0.118363649445022,-0.0909090909090909,8,2,0.25,25,11,0.44,0.438023456487755,0.102620858143288
2025,20,Full,0.1,10,6,5,0.000539607165983164,0.6,0.5,18532,9586,9494,0.517267429311461,0.512303043384416,0.0876969566155839,0.1,1,1,1,9,5,0.555555555555556,0.373603877778232,0.147286075134786
2025,20,Full,0.15,3,2,1,0.000161882149794949,0.666666666666667,0.333333333333333,18532,9586,9494,0.517267429311461,0.512303043384416,0.154363623282251,0.333333333333333,0,0,,3,2,0.666666666666667,0.291811176728381,0.208188823271619
2026,20,Calendar-only,0,3733,1901,1858,1,0.509241896597911,0.497723010983124,3733,1901,1858,0.509241896597911,0.497723010983124,0.011518885614787,0.011518885614787,2876,1451,0.50452016689847,857,450,0.525087514585764,0.51320426598175,0.0197795391130468
2026,20,Calendar-only,0.025,1172,604,583,0.313956603268149,0.515358361774744,0.497440273037543,3733,1901,1858,0.509241896597911,0.497723010983124,0.0176353507916205,0.0179180887372014,1041,528,0.507204610951009,131,76,0.580152671755725,0.528673606800377,0.036324622671783
2026,20,Calendar-only,0.05,68,30,30,0.0182159121350121,0.441176470588235,0.441176470588235,3733,1901,1858,0.509241896597911,0.497723010983124,-0.0565465403948882,0,68,30,0.441176470588235,0,0,,0.562140660582539,0.0621406605825389
2026,20,Calendar-only,0.075,9,4,4,0.00241092954728101,0.444444444444444,0.444444444444444,3733,1901,1858,0.509241896597911,0.497723010983124,-0.0532785665386791,0,9,4,0.444444444444444,0,0,,0.580195595444192,0.0801955954441919
2026,20,Market-state,0,3733,1856,1858,1,0.497187248861506,0.497723010983124,3733,1856,1858,0.497187248861506,0.497723010983124,-0.000535762121617989,-0.000535762121617989,3507,1744,0.497291132021671,226,112,0.495575221238938,0.514111013235183,0.0150611411396763
2026,20,Market-state,0.025,263,130,128,0.0704527189927672,0.494296577946768,0.486692015209126,3733,1856,1858,0.497187248861506,0.497723010983124,-0.00342643303635543,0.0076045627376426,257,126,0.490272373540856,6,4,0.666666666666667,0.529789008949113,0.0312853213778499
2026,20,Market-state,0.05,6,2,2,0.001607286364854,0.333333333333333,0.333333333333333,3733,1856,1858,0.497187248861506,0.497723010983124,-0.16438967764979,0,6,2,0.333333333333333,0,0,,0.554350852396588,0.054350852396588
2026,20,Full,0,3733,1916,1858,1,0.513260112510046,0.497723010983124,3733,1916,1858,0.513260112510046,0.497723010983124,0.0155371015269221,0.0155371015269221,3155,1598,0.506497622820919,578,318,0.550173010380623,0.512486634562695,0.0145254383930862
2026,20,Full,0.025,550,275,265,0.14733458344495,0.5,0.481818181818182,3733,1916,1858,0.513260112510046,0.497723010983124,0.00227698901687651,0.0181818181818182,528,259,0.490530303030303,22,16,0.727272727272727,0.529303428183755,0.0320119314386988
2026,20,Full,0.05,20,8,7,0.00535762121618002,0.4,0.35,3733,1916,1858,0.513260112510046,0.497723010983124,-0.0977230109831235,0.05,19,7,0.368421052631579,1,1,1,0.550786393661602,0.0559403561391625
2017,30,Calendar-only,0,8178,4314,4459,1,0.527512839325018,0.545243335778919,8178,4314,4459,0.527512839325018,0.545243335778919,-0.0177304964539007,-0.0177304964539007,6473,3534,0.545960142128843,1705,780,0.457478005865103,0.5155366499155,0.0234792939645066
2017,30,Calendar-only,0.025,3194,1706,1739,0.390560039129372,0.534126487163432,0.54445835942392,8178,4314,4459,0.527512839325018,0.545243335778919,-0.0111168486154876,-0.0103318722604884,2783,1517,0.545095220984549,411,189,0.45985401459854,0.530003172497529,0.0403394989616882
2017,30,Calendar-only,0.05,770,412,420,0.0941550501345072,0.535064935064935,0.545454545454545,8178,4314,4459,0.527512839325018,0.545243335778919,-0.010178400713984,-0.0103896103896104,676,369,0.545857988165681,94,43,0.457446808510638,0.542504330337407,0.0558684957004641
2017,30,Market-state,0,8178,4423,4459,1,0.540841281486916,0.545243335778919,8178,4423,4459,0.540841281486916,0.545243335778919,-0.00440205429200291,-0.00440205429200291,7610,4157,0.546254927726675,568,266,0.46830985915493,0.51870326355473,0.0199613815225245
2017,30,Market-state,0.025,2385,1335,1335,0.291636096845194,0.559748427672956,0.559748427672956,8178,4423,4459,0.540841281486916,0.545243335778919,0.0145050918940369,0,2359,1322,0.560406952098347,26,13,0.5,0.531369129680711,0.0321097106762787
2017,30,Market-state,0.05,72,39,38,0.00880410858400587,0.541666666666667,0.527777777777778,8178,4423,4459,0.540841281486916,0.545243335778919,-0.00357666911225241,0.0138888888888888,69,37,0.536231884057971,3,2,0.666666666666667,0.557685015372026,0.0629733243392361
2017,30,Market-state,0.075,9,6,5,0.00110051357300073,0.666666666666667,0.555555555555556,8178,4423,4459,0.540841281486916,0.545243335778919,0.121423330887748,0.111111111111111,8,5,0.625,1,1,1,0.579333146797894,0.0964735221832552
2017,30,Market-state,0.1,2,2,2,0.000244558571777941,1,1,8178,4423,4459,0.540841281486916,0.545243335778919,0.454756664221081,0,2,2,1,0,0,,0.628232805950618,0.128232805950618
2017,30,Full,0,8178,4384,4459,1,0.536072389337246,0.545243335778919,8178,4384,4459,0.536072389337246,0.545243335778919,-0.00917094644167271,-0.00917094644167271,6969,3817,0.547711292868417,1209,567,0.468982630272953,0.51853132356312,0.0230829787159697
2017,30,Full,0.025,3251,1786,1794,0.397529958425043,0.549369424792372,0.551830206090434,8178,4384,4459,0.536072389337246,0.545243335778919,0.00412608901345257,-0.00246078129806215,3107,1718,0.552944962986804,144,68,0.472222222222222,0.532016644650554,0.0380712689893331
2017,30,Full,0.05,372,198,213,0.045487894350697,0.532258064516129,0.57258064516129,8178,4384,4459,0.536072389337246,0.545243335778919,-0.01298527126279,-0.0403225806451614,303,171,0.564356435643564,69,27,0.391304347826087,0.533915954081071,0.0725109986700258
2017,30,Full,0.075,108,53,61,0.0132061628760088,0.490740740740741,0.564814814814815,8178,4384,4459,0.536072389337246,0.545243335778919,-0.0545025950381783,-0.074074074074074,66,36,0.545454545454545,42,17,0.404761904761905,0.502513164048076,0.105527416177949
2017,30,Full,0.1,29,13,18,0.00354609929078014,0.448275862068966,0.620689655172414,8178,4384,4459,0.536072389337246,0.545243335778919,-0.0969674737099535,-0.172413793103448,6,4,0.666666666666667,23,9,0.391304347826087,0.385860434146838,0.159870059176022
2017,30,Full,0.15,10,4,6,0.0012227928588897,0.4,0.6,8178,4384,4459,0.536072389337246,0.545243335778919,-0.145243335778919,-0.2,0,0,,10,4,0.4,0.261381892250141,0.238618107749859
2018,30,Calendar-only,0,15620,8027,8107,1,0.513892445582586,0.519014084507042,15620,8027,8107,0.513892445582586,0.519014084507042,-0.00512163892445583,-0.00512163892445583,12782,6648,0.520106399624472,2838,1379,0.485905567300916,0.51941458189525,0.0247213403283388
2018,30,Calendar-only,0.025,6615,3387,3452,0.423495518565941,0.512018140589569,0.521844293272865,15620,8027,8107,0.513892445582586,0.519014084507042,-0.00699594391747305,-0.00982615268329556,6016,3120,0.518617021276596,599,267,0.445742904841402,0.53379308621869,0.0403170314272622
2018,30,Calendar-only,0.05,1155,587,587,0.073943661971831,0.508225108225108,0.508225108225108,15620,8027,8107,0.513892445582586,0.519014084507042,-0.010788976281934,0,1155,587,0.508225108225108,0,0,,0.558917389361465,0.0589173893614654
2018,30,Market-state,0,15620,8080,8107,1,0.517285531370038,0.519014084507042,15620,8080,8107,0.517285531370038,0.519014084507042,-0.00172855313700382,-0.00172855313700382,14043,7305,0.520187994018372,1577,775,0.49143944197844,0.522133398056248,0.0256284634726762
2018,30,Market-state,0.025,7979,4163,4185,0.510819462227913,0.521744579521243,0.524501817270335,15620,8080,8107,0.517285531370038,0.519014084507042,0.00273049501420108,-0.00275723774909131,7617,3993,0.5242221346987,362,170,0.469613259668508,0.532234268401521,0.036330241369071
2018,30,Market-state,0.05,677,352,356,0.0433418693982074,0.519940915805022,0.525849335302807,15620,8080,8107,0.517285531370038,0.519014084507042,0.00092683129797988,-0.00590841949778442,579,305,0.526770293609672,98,47,0.479591836734694,0.544242053195765,0.0659034387412662
2018,30,Market-state,0.075,126,66,72,0.00806658130601793,0.523809523809524,0.571428571428571,15620,8080,8107,0.517285531370038,0.519014084507042,0.00479543930248161,-0.0476190476190476,92,52,0.565217391304348,34,14,0.411764705882353,0.540476491418708,0.0962321083834409
2018,30,Market-state,0.1,35,18,22,0.00224071702944942,0.514285714285714,0.628571428571429,15620,8080,8107,0.517285531370038,0.519014084507042,-0.00472837022132799,-0.114285714285714,19,12,0.631578947368421,16,6,0.375,0.513709625254575,0.124117427413414
2018,30,Market-state,0.15,5,1,1,0.000320102432778489,0.2,0.2,15620,8080,8107,0.517285531370038,0.519014084507042,-0.319014084507042,0,5,1,0.2,0,0,,0.668527613388814,0.168527613388814
2018,30,Full,0,15620,7984,8107,1,0.511139564660692,0.519014084507042,15620,7984,8107,0.511139564660692,0.519014084507042,-0.00787451984635079,-0.00787451984635079,12107,6289,0.519451556950525,3513,1695,0.482493595217763,0.518058526201029,0.0269265093372387
2018,30,Full,0.025,7309,3797,3822,0.467925736235595,0.519496511150636,0.522916951703379,15620,7984,8107,0.511139564660692,0.519014084507042,0.000482426643593992,-0.00342044055274315,6374,3342,0.524317540006276,935,455,0.486631016042781,0.531707190211197,0.0436375382826976
2018,30,Full,0.05,1688,883,916,0.108066581306018,0.523104265402844,0.542654028436019,15620,7984,8107,0.511139564660692,0.519014084507042,0.00409018089580138,-0.0195497630331754,1401,756,0.539614561027837,287,127,0.442508710801394,0.546255926275643,0.07108717686471
2018,30,Full,0.075,364,195,206,0.023303457106274,0.535714285714286,0.565934065934066,15620,7984,8107,0.511139564660692,0.519014084507042,0.0167002012072435,-0.0302197802197802,267,152,0.569288389513109,97,43,0.443298969072165,0.564039657721334,0.116280708758825
2018,30,Full,0.1,200,112,119,0.0128040973111396,0.56,0.595,15620,7984,8107,0.511139564660692,0.519014084507042,0.0409859154929578,-0.0349999999999999,167,99,0.592814371257485,33,13,0.393939393939394,0.602643797840994,0.143046709551836
2018,30,Full,0.15,81,49,53,0.00518565941101152,0.604938271604938,0.654320987654321,15620,7984,8107,0.511139564660692,0.519014084507042,0.0859241870978961,-0.0493827160493827,77,49,0.636363636363636,4,0,0,0.65061215892664,0.167101656354734
2019,30,Calendar-only,0,17166,8746,8924,1,0.509495514388908,0.519864849120354,17166,8746,8924,0.509495514388908,0.519864849120354,-0.0103693347314459,-0.0103693347314459,12972,6738,0.519426456984274,4194,2008,0.478779208392942,0.519096413538353,0.0253041702881167
2019,30,Calendar-only,0.025,7749,3969,4042,0.451415588954911,0.51219512195122,0.5216156923474,17166,8746,8924,0.509495514388908,0.519864849120354,-0.00766972716913461,-0.00942057039618016,7048,3655,0.518586833144154,701,314,0.44793152639087,0.534719793441678,0.0406968269819407
2019,30,Calendar-only,0.05,1817,920,920,0.105848770826052,0.506329113924051,0.506329113924051,17166,8746,8924,0.509495514388908,0.519864849120354,-0.0135357351963035,0,1817,920,0.506329113924051,0,0,,0.557773950565969,0.0577739505659688
2019,30,Calendar-only,0.075,43,21,21,0.00250495164860771,0.488372093023256,0.488372093023256,17166,8746,8924,0.509495514388908,0.519864849120354,-0.0314927560970983,0,43,21,0.488372093023256,0,0,,0.578132371516839,0.0781323715168393
2019,30,Market-state,0,17166,8869,8924,1,0.516660841197716,0.519864849120354,17166,8869,8924,0.516660841197716,0.519864849120354,-0.00320400792263775,-0.00320400792263775,16403,8515,0.51911235749558,763,354,0.463958060288336,0.523206189914047,0.0241001603215258
2019,30,Market-state,0.025,8345,4334,4345,0.486135383898404,0.519352905931696,0.520671060515279,17166,8869,8924,0.516660841197716,0.519864849120354,-0.000511943188658548,-0.00131815458358298,8276,4305,0.520178830352827,69,29,0.420289855072464,0.531622961957042,0.0322375635729441
2019,30,Market-state,0.05,211,114,111,0.0122917394850285,0.540284360189574,0.526066350710901,17166,8869,8924,0.516660841197716,0.519864849120354,0.0204195110692194,0.014218009478673,204,109,0.534313725490196,7,5,0.714285714285714,0.559015872620914,0.0634639629600815
2019,30,Market-state,0.075,29,14,15,0.00168938599557264,0.482758620689655,0.517241379310345,17166,8869,8924,0.516660841197716,0.519864849120354,-0.0371062284306989,-0.0344827586206897,28,14,0.5,1,0,0,0.587200870554904,0.0954706079420076
2019,30,Market-state,0.1,10,3,4,0.00058254689502505,0.3,0.4,17166,8869,8924,0.516660841197716,0.519864849120354,-0.219864849120354,-0.1,9,3,0.333333333333333,1,0,0,0.589569290805731,0.113551529228331
2019,30,Full,0,17166,8797,8924,1,0.512466503553536,0.519864849120354,17166,8797,8924,0.512466503553536,0.519864849120354,-0.00739834556681807,-0.00739834556681807,14793,7674,0.518758872439667,2373,1123,0.473240623683102,0.52066463729643,0.0236745723255217
2019,30,Full,0.025,7283,3783,3774,0.424268903646744,0.51942880681038,0.518193052313607,17166,8797,8924,0.512466503553536,0.519864849120354,-0.00043604230997385,0.00123575449677327,7078,3676,0.519355750211924,205,107,0.521951219512195,0.536598413478491,0.0386985557322393
2019,30,Full,0.05,890,458,460,0.0518466736572294,0.514606741573034,0.51685393258427,17166,8797,8924,0.512466503553536,0.519864849120354,-0.00525810754732048,-0.00224719101123605,862,445,0.516241299303944,28,13,0.464285714285714,0.562764727380118,0.0669210324337533
2019,30,Full,0.075,218,103,102,0.0126995223115461,0.472477064220184,0.467889908256881,17166,8797,8924,0.512466503553536,0.519864849120354,-0.0473877849001707,0.00458715596330273,213,100,0.469483568075117,5,3,0.6,0.593537884654313,0.0979377321508742
2019,30,Full,0.1,103,48,49,0.00600023301875801,0.466019417475728,0.475728155339806,17166,8797,8924,0.512466503553536,0.519864849120354,-0.053845431644626,-0.00970873786407767,102,48,0.470588235294118,1,0,0,0.607980230352369,0.110514079252449
2020,30,Calendar-only,0,17819,9175,9369,1,0.514899826028397,0.525787081205455,17819,9175,9369,0.514899826028397,0.525787081205455,-0.0108872551770581,-0.0108872551770581,13995,7360,0.525902107895677,3824,1815,0.474633891213389,0.518846372173386,0.0244921040414584
2020,30,Calendar-only,0.025,7739,4070,4091,0.434311689769347,0.52590774001809,0.52862126889779,17819,9175,9369,0.514899826028397,0.525787081205455,0.000120658812635344,-0.00271352887970022,7194,3808,0.529329997219906,545,262,0.480733944954129,0.536235590691586,0.040639894424179
2020,30,Calendar-only,0.05,1545,811,811,0.0867052023121387,0.524919093851133,0.524919093851133,17819,9175,9369,0.514899826028397,0.525787081205455,-0.000867987354322142,0,1545,811,0.524919093851133,0,0,,0.558885432078073,0.0588854320780731
2020,30,Calendar-only,0.075,50,34,34,0.00280599360233459,0.68,0.68,17819,9175,9369,0.514899826028397,0.525787081205455,0.154212918794545,0,50,34,0.68,0,0,,0.580031301708351,0.0800313017083514
2020,30,Market-state,0,17819,9284,9369,1,0.521016892081486,0.525787081205455,17819,9284,9369,0.521016892081486,0.525787081205455,-0.00477018912396876,-0.00477018912396876,15870,8352,0.526275992438563,1949,932,0.478193945613135,0.518057890488049,0.0221251566049108
2020,30,Market-state,0.025,6147,3296,3303,0.344968853471014,0.536196518626973,0.537335285505125,17819,9284,9369,0.521016892081486,0.525787081205455,0.0104094374215177,-0.00113876687815195,5702,3077,0.539635215713785,445,219,0.492134831460674,0.528408314139021,0.0359463597909761
2020,30,Market-state,0.05,690,349,338,0.0387227117122173,0.505797101449275,0.489855072463768,17819,9284,9369,0.521016892081486,0.525787081205455,-0.0199899797561794,0.0159420289855072,523,260,0.497131931166348,167,89,0.532934131736527,0.53000846808679,0.0699673307586921
2020,30,Market-state,0.075,174,98,89,0.00976485773612436,0.563218390804598,0.511494252873563,17819,9284,9369,0.521016892081486,0.525787081205455,0.0374313095991429,0.0517241379310345,103,58,0.563106796116505,71,40,0.563380281690141,0.5101558076611,0.100100251895349
2020,30,Market-state,0.1,56,33,28,0.00314271283461474,0.589285714285714,0.5,17819,9284,9369,0.521016892081486,0.525787081205455,0.0634986330802595,0.0892857142857143,21,13,0.619047619047619,35,20,0.571428571428571,0.461988352670661,0.131788649071389
2020,30,Market-state,0.15,13,6,10,0.000729558336606993,0.461538461538462,0.769230769230769,17819,9284,9369,0.521016892081486,0.525787081205455,-0.0642486196669933,-0.307692307692308,3,3,1,10,3,0.3,0.406979143091021,0.177837671070862
2020,30,Full,0,17819,9304,9369,1,0.52213928952242,0.525787081205455,17819,9304,9369,0.52213928952242,0.525787081205455,-0.00364779168303497,-0.00364779168303497,13876,7365,0.530772556932834,3943,1939,0.491757545016485,0.511720767501435,0.0201214312419149
2020,30,Full,0.025,5368,2839,2856,0.301251473146641,0.528874813710879,0.53204172876304,17819,9304,9369,0.52213928952242,0.525787081205455,0.00308773250542449,-0.00316691505216093,4479,2403,0.536503683858004,889,436,0.490438695163105,0.521793827766905,0.0398249828382999
2020,30,Full,0.05,873,425,423,0.0489926482967619,0.486827033218786,0.484536082474227,17819,9304,9369,0.52213928952242,0.525787081205455,-0.038960047986669,0.00229095074455898,537,256,0.476722532588454,336,169,0.502976190476191,0.505138662920561,0.0714371718089309
2020,30,Full,0.075,230,119,111,0.0129075705707391,0.517391304347826,0.482608695652174,17819,9304,9369,0.52213928952242,0.525787081205455,-0.00839577685762871,0.0347826086956522,66,33,0.5,164,86,0.524390243902439,0.44472572445783,0.10703123801627
2020,30,Full,0.1,95,54,42,0.00533138784443572,0.568421052631579,0.442105263157895,17819,9304,9369,0.52213928952242,0.525787081205455,0.0426339714261241,0.126315789473684,11,6,0.545454545454545,84,48,0.571428571428571,0.389566369382882,0.138181493641142
2020,30,Full,0.15,29,18,12,0.00162747628935406,0.620689655172414,0.413793103448276,17819,9304,9369,0.52213928952242,0.525787081205455,0.094902573966959,0.206896551724138,1,1,1,28,17,0.607142857142857,0.328532865664442,0.185225215025147
2021,30,Calendar-only,0,18176,9418,9498,1,0.518155809859155,0.522557218309859,18176,9418,9498,0.518155809859155,0.522557218309859,-0.00440140845070425,-0.00440140845070425,14658,7699,0.525242188565971,3518,1719,0.488629903354179,0.520054971530165,0.025188440151781
2021,30,Calendar-only,0.025,8249,4319,4325,0.453840228873239,0.523578615589769,0.524305976481998,18176,9418,9498,0.518155809859155,0.522557218309859,0.00102139727990935,-0.000727360892229356,7849,4122,0.525162441075296,400,197,0.4925,0.537639586349529,0.0407468960340377
2021,30,Calendar-only,0.05,1707,878,878,0.0939150528169014,0.514352665495021,0.514352665495021,18176,9418,9498,0.518155809859155,0.522557218309859,-0.00820455281483867,0,1707,878,0.514352665495021,0,0,,0.558892226760298,0.0588922267602979
2021,30,Calendar-only,0.075,47,17,17,0.00258582746478873,0.361702127659575,0.361702127659575,18176,9418,9498,0.518155809859155,0.522557218309859,-0.160855090650285,0,47,17,0.361702127659575,0,0,,0.602113994520411,0.102113994520411
2021,30,Calendar-only,0.1,47,17,17,0.00258582746478873,0.361702127659575,0.361702127659575,18176,9418,9498,0.518155809859155,0.522557218309859,-0.160855090650285,0,47,17,0.361702127659575,0,0,,0.602113994520411,0.102113994520411
2021,30,Market-state,0,18176,9477,9498,1,0.521401848591549,0.522557218309859,18176,9477,9498,0.521401848591549,0.522557218309859,-0.00115536971830987,-0.00115536971830987,17691,9245,0.522582103894636,485,232,0.478350515463918,0.522018569396399,0.0224938879435893
2021,30,Market-state,0.025,6772,3613,3612,0.372579225352113,0.533520378027171,0.533372711163615,18176,9477,9498,0.521401848591549,0.522557218309859,0.0109631597173115,0.000147666863555829,6735,3594,0.533630289532294,37,19,0.513513513513514,0.530568095397532,0.0309518752151295
2021,30,Market-state,0.05,192,89,93,0.0105633802816901,0.463541666666667,0.484375,18176,9477,9498,0.521401848591549,0.522557218309859,-0.0590155516431925,-0.0208333333333333,188,89,0.473404255319149,4,0,0,0.557853709155527,0.0603473957971042
2021,30,Market-state,0.075,22,7,7,0.00121038732394366,0.318181818181818,0.318181818181818,18176,9477,9498,0.521401848591549,0.522557218309859,-0.204375400128041,0,22,7,0.318181818181818,0,0,,0.584316976838321,0.084316976838321
2021,30,Market-state,0.1,1,1,1,5.50176056338028e-05,1,1,18176,9477,9498,0.521401848591549,0.522557218309859,0.477442781690141,0,1,1,1,0,0,,0.619092748714808,0.119092748714808
2021,30,Full,0,18176,9503,9498,1,0.522832306338028,0.522557218309859,18176,9503,9498,0.522832306338028,0.522557218309859,0.000275088028169002,0.000275088028169002,17237,9031,0.523931078493938,939,472,0.502662406815762,0.520292618905131,0.0212094248457184
2021,30,Full,0.025,6531,3499,3495,0.359319982394366,0.535752564691472,0.5351401010565,18176,9503,9498,0.522832306338028,0.522557218309859,0.0131953463816124,0.000612463634971694,6457,3460,0.535852563109803,74,39,0.527027027027027,0.533247215868845,0.034055976243489
2021,30,Full,0.05,298,138,142,0.0163952464788732,0.463087248322148,0.476510067114094,18176,9503,9498,0.522832306338028,0.522557218309859,-0.0594699699877115,-0.0134228187919463,290,136,0.468965517241379,8,2,0.25,0.555820869800364,0.059115897542408
2021,30,Full,0.075,20,7,7,0.00110035211267606,0.35,0.35,18176,9503,9498,0.522832306338028,0.522557218309859,-0.172557218309859,0,20,7,0.35,0,0,,0.583295415250756,0.0832954152507555
2021,30,Full,0.1,1,1,1,5.50176056338028e-05,1,1,18176,9503,9498,0.522832306338028,0.522557218309859,0.477442781690141,0,1,1,1,0,0,,0.622908717562756,0.122908717562756
2022,30,Calendar-only,0,18645,9330,9375,1,0.500402252614642,0.502815768302494,18645,9330,9375,0.500402252614642,0.502815768302494,-0.00241351568785198,-0.00241351568785198,15306,7683,0.501960015680126,3339,1647,0.493261455525606,0.520352766354451,0.0251279786480479
2022,30,Calendar-only,0.025,8236,4130,4149,0.441727004558863,0.501457017969888,0.503763963088878,18645,9330,9375,0.500402252614642,0.502815768302494,-0.00135875033260569,-0.00230694511898977,7939,3991,0.502708149641013,297,139,0.468013468013468,0.538857879717058,0.04144451379529
2022,30,Calendar-only,0.05,1916,984,984,0.102762134620542,0.51356993736952,0.51356993736952,18645,9330,9375,0.500402252614642,0.502815768302494,0.0107541690670259,0,1916,984,0.51356993736952,0,0,,0.557424927087742,0.0574249270877419
2022,30,Calendar-only,0.075,45,33,33,0.00241351568785197,0.733333333333333,0.733333333333333,18645,9330,9375,0.500402252614642,0.502815768302494,0.230517565030839,0,45,33,0.733333333333333,0,0,,0.577470476394828,0.0774704763948279
2022,30,Market-state,0,18645,9426,9375,1,0.50555108608206,0.502815768302494,18645,9426,9375,0.50555108608206,0.502815768302494,0.00273531777956559,0.00273531777956559,17172,8664,0.504542278127184,1473,762,0.517311608961304,0.520264914716209,0.0223425387755487
2022,30,Market-state,0.025,6722,3512,3537,0.360525610083132,0.522463552514133,0.526182683725082,18645,9426,9375,0.50555108608206,0.502815768302494,0.0196477842116387,-0.00371913121094913,6507,3417,0.525126786537575,215,95,0.441860465116279,0.531870033845339,0.03454710195863
2022,30,Market-state,0.05,549,269,268,0.0294448913917941,0.489981785063752,0.48816029143898,18645,9426,9375,0.50555108608206,0.502815768302494,-0.0128339832387417,0.0018214936247723,508,248,0.488188976377953,41,21,0.51219512195122,0.556025755077383,0.0673630538361501
2022,30,Market-state,0.075,106,51,53,0.0056851702869402,0.481132075471698,0.5,18645,9426,9375,0.50555108608206,0.502815768302494,-0.0216836928307959,-0.0188679245283019,90,44,0.488888888888889,16,7,0.4375,0.57464507900123,0.105134037025349
2022,30,Market-state,0.1,38,15,16,0.00203807991418611,0.394736842105263,0.421052631578947,18645,9426,9375,0.50555108608206,0.502815768302494,-0.108078926197231,-0.0263157894736842,33,13,0.393939393939394,5,2,0.4,0.606596469227427,0.141161452289914
2022,30,Market-state,0.15,10,5,6,0.00053633681952266,0.5,0.6,18645,9426,9375,0.50555108608206,0.502815768302494,-0.00281576830249397,-0.1,9,5,0.555555555555556,1,0,0,0.673920897795754,0.204072704037374
2022,30,Full,0,18645,9401,9375,1,0.504210244033253,0.502815768302494,18645,9401,9375,0.504210244033253,0.502815768302494,0.0013944757307589,0.0013944757307589,16247,8189,0.504031513510187,2398,1212,0.505421184320267,0.516209265446609,0.0194047897168894
2022,30,Full,0.025,5244,2698,2729,0.281255028157683,0.514492753623188,0.520404271548436,18645,9401,9375,0.504210244033253,0.502815768302494,0.0116769853206944,-0.00591151792524791,4955,2569,0.518466195761857,289,129,0.44636678200692,0.532019974338583,0.0369577330329922
2022,30,Full,0.05,596,292,296,0.0319656744435506,0.48993288590604,0.496644295302014,18645,9401,9375,0.504210244033253,0.502815768302494,-0.0128828823964537,-0.00671140939597315,526,259,0.492395437262357,70,33,0.471428571428571,0.547894027902432,0.065764355449098
2022,30,Full,0.075,101,49,48,0.00541700187717887,0.485148514851485,0.475247524752475,18645,9401,9375,0.504210244033253,0.502815768302494,-0.0176672534510088,0.00990099009900991,74,35,0.472972972972973,27,14,0.518518518518519,0.544944587455659,0.0994920889549378
2022,30,Full,0.1,32,14,16,0.00171627782247251,0.4375,0.5,18645,9401,9375,0.504210244033253,0.502815768302494,-0.065315768302494,-0.0625,20,9,0.45,12,5,0.416666666666667,0.541321777664843,0.133179063010126
2022,30,Full,0.15,8,3,5,0.000429069455618128,0.375,0.625,18645,9401,9375,0.504210244033253,0.502815768302494,-0.127815768302494,-0.25,6,3,0.5,2,0,0,0.607446275630016,0.188428334507402
2023,30,Calendar-only,0,18299,9443,9540,1,0.516039127821192,0.521339963932455,18299,9443,9540,0.516039127821192,0.521339963932455,-0.00530083611126286,-0.00530083611126286,14458,7571,0.52365472402822,3841,1872,0.487373079927102,0.517981532408285,0.0231000624044677
2023,30,Calendar-only,0.025,7692,4028,4028,0.420350838843653,0.523660946437858,0.523660946437858,18299,9443,9540,0.516039127821192,0.521339963932455,0.00232098250540225,0,7252,3808,0.525096525096525,440,220,0.5,0.535331261346265,0.0395011136650464
2023,30,Calendar-only,0.05,1368,703,705,0.0747581835072955,0.513888888888889,0.515350877192982,18299,9443,9540,0.516039127821192,0.521339963932455,-0.00745107504356646,-0.00146198830409361,1316,678,0.515197568389058,52,25,0.480769230769231,0.553333483751644,0.0593877258440234
2023,30,Calendar-only,0.075,96,51,53,0.00524618831630144,0.53125,0.552083333333333,18299,9443,9540,0.516039127821192,0.521339963932455,0.0099100360675447,-0.0208333333333334,44,26,0.590909090909091,52,25,0.480769230769231,0.509418371855054,0.0956913216714554
2023,30,Calendar-only,0.1,44,26,26,0.00240450297830483,0.590909090909091,0.590909090909091,18299,9443,9540,0.516039127821192,0.521339963932455,0.0695691269766356,0,44,26,0.590909090909091,0,0,,0.614665120210737,0.114665120210737
2023,30,Market-state,0,18299,9500,9540,1,0.519154052133996,0.521339963932455,18299,9500,9540,0.519154052133996,0.521339963932455,-0.00218591179845895,-0.00218591179845895,17781,9261,0.520836848321242,518,239,0.461389961389961,0.519994373648967,0.020467711198667
2023,30,Market-state,0.025,4929,2519,2530,0.269358981365102,0.511057009535403,0.513288699533374,18299,9500,9540,0.519154052133996,0.521339963932455,-0.0102829543970526,-0.00223168999797119,4894,2507,0.512259910093993,35,12,0.342857142857143,0.529083577058839,0.0295575186788879
2023,30,Market-state,0.05,41,21,20,0.00224055959342041,0.51219512195122,0.487804878048781,18299,9500,9540,0.519154052133996,0.521339963932455,-0.00914484198123577,0.024390243902439,40,20,0.5,1,1,1,0.553828859226096,0.057022204001945
2023,30,Market-state,0.075,1,1,1,5.46477949614733e-05,1,1,18299,9500,9540,0.519154052133996,0.521339963932455,0.478660036067545,0,1,1,1,0,0,,0.585579620285946,0.0855796202859456
2023,30,Full,0,18299,9527,9540,1,0.520629542597956,0.521339963932455,18299,9527,9540,0.520629542597956,0.521339963932455,-0.000710421334499167,-0.000710421334499167,17538,9153,0.521895313034554,761,374,0.491458607095926,0.519029132784057,0.019830337410216
2023,30,Full,0.025,5411,2902,2899,0.295699218536532,0.536314914063944,0.535760487895029,18299,9527,9540,0.520629542597956,0.521339963932455,0.0149749501314885,0.000554426168915212,5320,2855,0.536654135338346,91,47,0.516483516483517,0.532011206166192,0.0331416014882779
2023,30,Full,0.05,166,82,81,0.00907153396360457,0.493975903614458,0.487951807228916,18299,9527,9540,0.520629542597956,0.521339963932455,-0.0273640603179975,0.00602409638554213,163,80,0.49079754601227,3,2,0.666666666666667,0.551926905461957,0.0541093480466158
2023,30,Full,0.075,1,1,1,5.46477949614733e-05,1,1,18299,9527,9540,0.520629542597956,0.521339963932455,0.478660036067545,0,1,1,1,0,0,,0.576400134898269,0.0764001348982688
2024,30,Calendar-only,0,18289,9499,9560,1,0.519383235824813,0.522718574006233,18289,9499,9560,0.519383235824813,0.522718574006233,-0.00333533818142051,-0.00333533818142051,14584,7677,0.526398793198025,3705,1822,0.491767881241565,0.518235077730936,0.0231255587872497
2024,30,Calendar-only,0.025,7385,3903,3893,0.403794630652305,0.528503723764387,0.527149627623561,18289,9499,9560,0.519383235824813,0.522718574006233,0.00578514975815403,0.00135409614082593,6989,3700,0.529403348118472,396,203,0.512626262626263,0.535746259968675,0.0396814786635101
2024,30,Calendar-only,0.05,1146,616,611,0.0626606156706217,0.537521815008726,0.533158813263525,18289,9499,9560,0.519383235824813,0.522718574006233,0.0148032410024928,0.00436300174520066,1097,589,0.536918869644485,49,27,0.551020408163265,0.555012896704351,0.0599954689449266
2024,30,Calendar-only,0.075,47,24,24,0.00256985072994696,0.51063829787234,0.51063829787234,18289,9499,9560,0.519383235824813,0.522718574006233,-0.0120802761338928,0,47,24,0.51063829787234,0,0,,0.610175784512219,0.110175784512219
2024,30,Calendar-only,0.1,47,24,24,0.00256985072994696,0.51063829787234,0.51063829787234,18289,9499,9560,0.519383235824813,0.522718574006233,-0.0120802761338928,0,47,24,0.51063829787234,0,0,,0.610175784512219,0.110175784512219
2024,30,Market-state,0,18289,9526,9560,1,0.520859533052655,0.522718574006233,18289,9526,9560,0.520859533052655,0.522718574006233,-0.00185904095357858,-0.00185904095357858,18019,9408,0.522115544702814,270,118,0.437037037037037,0.51991410192436,0.0201258489100433
2024,30,Market-state,0.025,3467,1819,1816,0.189567499589917,0.524661090279781,0.523795788866455,18289,9526,9560,0.520859533052655,0.522718574006233,0.00194251627354758,0.000865301413325637,3454,1811,0.524319629415171,13,8,0.615384615384615,0.528917873635755,0.0292145413912371
2024,30,Market-state,0.05,41,22,20,0.00224178467931544,0.536585365853659,0.487804878048781,18289,9526,9560,0.520859533052655,0.522718574006233,0.0138667918474253,0.0487804878048781,37,19,0.513513513513514,4,3,0.75,0.548150166596809,0.0587690803577176
2024,30,Market-state,0.075,3,3,3,0.000164033025315764,1,1,18289,9526,9560,0.520859533052655,0.522718574006233,0.477281425993767,0,3,3,1,0,0,,0.576330241027773,0.0763302410277733
2024,30,Full,0,18289,9522,9560,1,0.520640822352234,0.522718574006233,18289,9522,9560,0.520640822352234,0.522718574006233,-0.00207775165399959,-0.00207775165399959,17759,9276,0.522326707584887,530,246,0.464150943396226,0.519403638640939,0.0201464857437507
2024,30,Full,0.025,5661,2922,2921,0.309530318770846,0.516163222045575,0.515986574810104,18289,9522,9560,0.520640822352234,0.522718574006233,-0.00655535196065826,0.000176647235470728,5576,2879,0.516319942611191,85,43,0.505882352941176,0.532062286397595,0.0334285406174783
2024,30,Full,0.05,241,124,119,0.0131773197003663,0.514522821576763,0.493775933609959,18289,9522,9560,0.520640822352234,0.522718574006233,-0.00819575242946979,0.0207468879668049,202,102,0.504950495049505,39,22,0.564102564102564,0.537762273265084,0.0556617129273683
2025,30,Calendar-only,0,18296,9371,9441,1,0.512188456493223,0.516014429383472,18296,9371,9441,0.512188456493223,0.516014429383472,-0.00382597289024922,-0.00382597289024922,14644,7580,0.517618137121005,3652,1791,0.490416210295728,0.518718204071355,0.0234006461585719
2025,30,Calendar-only,0.025,7765,4066,4058,0.42440970703979,0.523631680618158,0.522601416613007,18296,9371,9441,0.512188456493223,0.516014429383472,0.00761725123468671,0.00103026400515138,7321,3840,0.524518508400492,444,226,0.509009009009009,0.534967052892481,0.0390764304578186
2025,30,Calendar-only,0.05,1244,659,662,0.0679930039352864,0.529742765273312,0.532154340836013,18296,9371,9441,0.512188456493223,0.516014429383472,0.0137283358898401,-0.002411575562701,1193,635,0.532271584241408,51,24,0.470588235294118,0.553849642473467,0.0585161407847539
2025,30,Calendar-only,0.075,48,25,25,0.00262352426759948,0.520833333333333,0.520833333333333,18296,9371,9441,0.512188456493223,0.516014429383472,0.00481890394986162,0,48,25,0.520833333333333,0,0,,0.593180670305283,0.0931806703052832
2025,30,Market-state,0,18296,9465,9441,1,0.517326191517272,0.516014429383472,18296,9465,9441,0.517326191517272,0.516014429383472,0.0013117621337998,0.0013117621337998,17870,9240,0.517067711247902,426,225,0.528169014084507,0.519733873792251,0.0203429296269365
2025,30,Market-state,0.025,3524,1839,1842,0.192610406646261,0.521850170261067,0.522701475595914,18296,9465,9441,0.517326191517272,0.516014429383472,0.0058357408775952,-0.000851305334846786,3469,1813,0.522628999711733,55,26,0.472727272727273,0.527895428503321,0.029514785901896
2025,30,Market-state,0.05,68,34,33,0.00371665937909926,0.5,0.485294117647059,18296,9465,9441,0.517326191517272,0.516014429383472,-0.0160144293834718,0.0147058823529412,51,25,0.490196078431373,17,9,0.529411764705882,0.521163381550692,0.0666203039079685
2025,30,Market-state,0.075,11,7,2,0.00060122431132488,0.636363636363636,0.181818181818182,18296,9465,9441,0.517326191517272,0.516014429383472,0.120349206980165,0.454545454545455,2,0,0,9,7,0.777777777777778,0.418983447666407,0.112882581861619
2025,30,Market-state,0.1,5,3,2,0.000273283777874945,0.6,0.4,18296,9465,9441,0.517326191517272,0.516014429383472,0.0839855706165282,0.2,0,0,,5,3,0.6,0.351335621695665,0.148664378304335
2025,30,Market-state,0.15,3,2,1,0.000163970266724967,0.666666666666667,0.333333333333333,18296,9465,9441,0.517326191517272,0.516014429383472,0.150652237283195,0.333333333333333,0,0,,3,2,0.666666666666667,0.329768025407516,0.170231974592484
2025,30,Full,0,18296,9459,9441,1,0.516998250983822,0.516014429383472,18296,9459,9441,0.516998250983822,0.516014429383472,0.000983821600349821,0.000983821600349821,17486,9045,0.517270959624843,810,414,0.511111111111111,0.518656575953093,0.0201570546376353
2025,30,Full,0.025,5247,2711,2712,0.286783996501968,0.516676195921479,0.516866781017725,18296,9459,9441,0.516998250983822,0.516014429383472,0.000661766538007202,-0.000190585096245477,5090,2633,0.517288801571709,157,78,0.496815286624204,0.529721382757553,0.0329361621819663
2025,30,Full,0.05,169,76,92,0.00923699169217315,0.449704142011834,0.544378698224852,18296,9459,9441,0.516998250983822,0.516014429383472,-0.0663102873716374,-0.0946745562130177,77,38,0.493506493506494,92,38,0.41304347826087,0.4890910336857,0.0627452725162096
2025,30,Full,0.075,20,9,9,0.00109313511149978,0.45,0.45,18296,9459,9441,0.516998250983822,0.516014429383472,-0.0660144293834717,0,2,0,0,18,9,0.5,0.407951905649038,0.109497375825037
2025,30,Full,0.1,8,6,2,0.000437254044599913,0.75,0.25,18296,9459,9441,0.516998250983822,0.516014429383472,0.233985570616528,0.5,0,0,,8,6,0.75,0.354509728936752,0.145490271063248
2025,30,Full,0.15,3,2,1,0.000163970266724967,0.666666666666667,0.333333333333333,18296,9459,9441,0.516998250983822,0.516014429383472,0.150652237283195,0.333333333333333,0,0,,3,2,0.666666666666667,0.31454510489086,0.18545489510914
2026,30,Calendar-only,0,3686,1888,1895,1,0.5122083559414,0.514107433532284,3686,1888,1895,0.5122083559414,0.514107433532284,-0.00189907759088437,-0.00189907759088437,2939,1518,0.516502211636611,747,370,0.495314591700134,0.518235615178755,0.0228369273909935
2026,30,Calendar-only,0.025,1574,817,806,0.427021161150298,0.519059720457433,0.512071156289708,3686,1888,1895,0.5122083559414,0.514107433532284,0.00495228692514904,0.00698856416772553,1475,762,0.516610169491525,99,55,0.555555555555556,0.533849990613641,0.0381252771458488
2026,30,Calendar-only,0.05,204,104,104,0.0553445469343462,0.509803921568627,0.509803921568627,3686,1888,1895,0.5122083559414,0.514107433532284,-0.00430351196365686,0,204,104,0.509803921568627,0,0,,0.558301404389276,0.0583014043892759
2026,30,Calendar-only,0.075,17,6,6,0.00461204557786218,0.352941176470588,0.352941176470588,3686,1888,1895,0.5122083559414,0.514107433532284,-0.161166257061696,0,17,6,0.352941176470588,0,0,,0.583010674937168,0.0830106749371675
2026,30,Market-state,0,3686,1883,1895,1,0.510851871947911,0.514107433532284,3686,1883,1895,0.510851871947911,0.514107433532284,-0.00325556158437323,-0.00325556158437323,3596,1844,0.512791991101224,90,39,0.433333333333333,0.519240061407263,0.0195507822915659
2026,30,Market-state,0.025,622,325,323,0.168746608790016,0.522508038585209,0.519292604501608,3686,1883,1895,0.510851871947911,0.514107433532284,0.00840060505292473,0.00321543408360125,618,322,0.521035598705502,4,3,0.75,0.528882850322734,0.0292668634578527
2026,30,Market-state,0.05,5,3,3,0.00135648399348888,0.6,0.6,3686,1883,1895,0.510851871947911,0.514107433532284,0.0858925664677157,0,5,3,0.6,0,0,,0.556463855182822,0.0564638551828224
2026,30,Full,0,3686,1916,1895,1,0.519804666304938,0.514107433532284,3686,1916,1895,0.519804666304938,0.514107433532284,0.00569723277265333,0.00569723277265333,3499,1812,0.517862246356102,187,104,0.556149732620321,0.517723422274946,0.018586911567218
2026,30,Full,0.025,904,459,456,0.245252306022789,0.507743362831858,0.504424778761062,3686,1916,1895,0.519804666304938,0.514107433532284,-0.00636407070042588,0.00331858407079644,891,451,0.506172839506173,13,8,0.615384615384615,0.530857655151254,0.0320813454341997
2026,30,Full,0.05,20,11,11,0.00542593597395551,0.55,0.55,3686,1916,1895,0.519804666304938,0.514107433532284,0.0358925664677158,0,18,10,0.555555555555556,2,1,0.5,0.544793431011631,0.0563772925755372
2017,120,Calendar-only,0,7209,4047,4133,1,0.561381606325427,0.57331113885421,7209,4047,4133,0.561381606325427,0.57331113885421,-0.0119295325287835,-0.0119295325287835,6361,3666,0.576324477283446,848,381,0.449292452830189,0.525955190205063,0.0305040629051836
2017,120,Calendar-only,0.025,4443,2562,2564,0.616312942155639,0.576637407157326,0.577087553454873,7209,4047,4133,0.561381606325427,0.57331113885421,0.00332626830311611,-0.000450146297546694,4209,2446,0.581135661677358,234,116,0.495726495726496,0.536892131867868,0.0411748403605861
2017,120,Calendar-only,0.05,974,561,559,0.135108891663199,0.575975359342916,0.573921971252567,7209,4047,4133,0.561381606325427,0.57331113885421,0.00266422048870574,0.00205338809034905,944,545,0.577330508474576,30,16,0.533333333333333,0.556721445651153,0.0605868192120875
2017,120,Calendar-only,0.075,74,40,40,0.0102649465945346,0.540540540540541,0.540540540540541,7209,4047,4133,0.561381606325427,0.57331113885421,-0.0327705983136695,0,74,40,0.540540540540541,0,0,,0.575958100968235,0.075958100968235
2017,120,Market-state,0,7209,4128,4133,1,0.572617561381606,0.57331113885421,7209,4128,4133,0.572617561381606,0.57331113885421,-0.000693577472603679,-0.000693577472603679,7090,4071,0.574188998589563,119,57,0.478991596638655,0.522237351705775,0.0224109872409005
2017,120,Market-state,0.025,2841,1686,1687,0.394090719933417,0.593453009503696,0.593804998240056,7209,4128,4133,0.572617561381606,0.57331113885421,0.0201418706494858,-0.000351988736360442,2840,1686,0.593661971830986,1,0,0,0.530898717366954,0.0309202234626109
2017,120,Market-state,0.05,14,5,5,0.00194201692329033,0.357142857142857,0.357142857142857,7209,4128,4133,0.572617561381606,0.57331113885421,-0.216168281711353,0,14,5,0.357142857142857,0,0,,0.555054831397236,0.0550548313972355
2017,120,Full,0,7209,4044,4133,1,0.560965459841864,0.57331113885421,7209,4044,4133,0.560965459841864,0.57331113885421,-0.0123456790123457,-0.0123456790123457,6270,3619,0.57719298245614,939,425,0.452609158679446,0.523497022161221,0.0294220743686256
2017,120,Full,0.025,4070,2363,2370,0.564572062699404,0.580589680589681,0.582309582309582,7209,4044,4133,0.560965459841864,0.57331113885421,0.0072785417354706,-0.00171990171990166,3845,2254,0.586215864759428,225,109,0.484444444444445,0.536012631155989,0.0421114870042836
2017,120,Full,0.05,848,453,470,0.117630739353586,0.534198113207547,0.554245283018868,7209,4044,4133,0.560965459841864,0.57331113885421,-0.0391130256466629,-0.0200471698113207,779,427,0.54813863928113,69,26,0.376811594202899,0.552494010275304,0.0687158784833481
2017,120,Full,0.075,137,77,88,0.0190040227493411,0.562043795620438,0.642335766423358,7209,4044,4133,0.560965459841864,0.57331113885421,-0.0112673432337721,-0.0802919708029197,104,66,0.634615384615385,33,11,0.333333333333333,0.543791614130389,0.113017205249848
2017,120,Full,0.1,80,38,46,0.011097239561659,0.475,0.575,7209,4044,4133,0.560965459841864,0.57331113885421,-0.0983111388542101,-0.1,56,30,0.535714285714286,24,8,0.333333333333333,0.533159537153296,0.131968580371757
2017,120,Full,0.15,8,3,5,0.0011097239561659,0.375,0.625,7209,4044,4133,0.560965459841864,0.57331113885421,-0.19831113885421,-0.25,0,0,,8,3,0.375,0.236416124515145,0.263583875484855
2018,120,Calendar-only,0,14633,7645,7721,1,0.522449258525251,0.527642998701565,14633,7645,7721,0.522449258525251,0.527642998701565,-0.0051937401763138,-0.0051937401763138,13687,7210,0.526777233871557,946,435,0.459830866807611,0.532568809995289,0.034784167325936
2018,120,Calendar-only,0.025,10632,5616,5654,0.72657691519169,0.528216704288939,0.531790820165538,14633,7645,7721,0.522449258525251,0.527642998701565,0.000573705587374129,-0.00357411587659895,10334,5486,0.530868976195084,298,130,0.436241610738255,0.54080374630635,0.0429814201623224
2018,120,Calendar-only,0.05,3161,1711,1720,0.216018588122736,0.541284403669725,0.544131603922809,14633,7645,7721,0.522449258525251,0.527642998701565,0.0136414049681598,-0.00284720025308449,3110,1690,0.543408360128617,51,21,0.411764705882353,0.558889458875225,0.0607124430358336
2018,120,Calendar-only,0.075,348,182,182,0.0237818629125948,0.522988505747127,0.522988505747127,14633,7645,7721,0.522449258525251,0.527642998701565,-0.00465449295443854,0,348,182,0.522988505747127,0,0,,0.584433260763253,0.0844332607632534
2018,120,Calendar-only,0.1,9,5,5,0.000615048178774004,0.555555555555556,0.555555555555556,14633,7645,7721,0.522449258525251,0.527642998701565,0.0279125568539906,0,9,5,0.555555555555556,0,0,,0.601415429490296,0.101415429490296
2018,120,Market-state,0,14633,7697,7721,1,0.526002870224834,0.527642998701565,14633,7697,7721,0.526002870224834,0.527642998701565,-0.00164012847673067,-0.00164012847673067,14381,7583,0.52729295598359,252,114,0.452380952380952,0.534005091521517,0.0343490285333507
2018,120,Market-state,0.025,11710,6149,6148,0.80024601927151,0.525106746370623,0.525021349274125,14633,7697,7721,0.526002870224834,0.527642998701565,-0.00253625233094157,8.5397096498685e-05,11689,6138,0.525109076909915,21,11,0.523809523809524,0.538665979833162,0.0388057627763881
2018,120,Market-state,0.05,1236,699,697,0.0844666165516299,0.565533980582524,0.563915857605178,14633,7697,7721,0.526002870224834,0.527642998701565,0.0378909818809593,0.0016181229773462,1234,697,0.56482982171799,2,2,1,0.555929319138333,0.0561347744298896
2018,120,Market-state,0.075,31,18,18,0.00211849928244379,0.580645161290323,0.580645161290323,14633,7697,7721,0.526002870224834,0.527642998701565,0.0530021625887577,0,31,18,0.580645161290323,0,0,,0.589829840708942,0.0898298407089418
2018,120,Market-state,0.1,4,2,2,0.00027335474612178,0.5,0.5,14633,7697,7721,0.526002870224834,0.527642998701565,-0.0276429987015649,0,4,2,0.5,0,0,,0.638364447353173,0.138364447353173
2018,120,Market-state,0.15,1,0,0,6.83386865304449e-05,0,0,14633,7697,7721,0.526002870224834,0.527642998701565,-0.527642998701565,0,1,0,0,0,0,,0.708321345488623,0.208321345488623
2018,120,Full,0,14633,7633,7721,1,0.521629194286886,0.527642998701565,14633,7633,7721,0.521629194286886,0.527642998701565,-0.00601380441467914,-0.00601380441467914,12443,6582,0.528972112834525,2190,1051,0.479908675799087,0.531084752346273,0.0373378875405754
2018,120,Full,0.025,8985,4698,4703,0.614023098476047,0.522871452420701,0.523427935447969,14633,7633,7721,0.521629194286886,0.527642998701565,-0.00477154628086374,-0.000556483027267629,8188,4302,0.525403028822667,797,396,0.496863237139272,0.545799795638572,0.0530957573451684
2018,120,Full,0.05,3741,1897,1891,0.255655026310394,0.507083667468591,0.50547981823042,14633,7633,7721,0.521629194286886,0.527642998701565,-0.0205593312329737,0.00160384923817158,3599,1823,0.506529591553209,142,74,0.52112676056338,0.57017333994347,0.0753596679736958
2018,120,Full,0.075,1417,745,733,0.0968359188136404,0.5257586450247,0.517290049400141,14633,7633,7721,0.521629194286886,0.527642998701565,-0.0018843536768649,0.00846859562455893,1367,714,0.522311631309437,50,31,0.62,0.594295091514299,0.10036473695048
2018,120,Full,0.1,390,220,217,0.0266520877468735,0.564102564102564,0.556410256410256,14633,7633,7721,0.521629194286886,0.527642998701565,0.0364595654009992,0.00769230769230767,387,217,0.560723514211886,3,3,1,0.638367222805373,0.140162780308644
2018,120,Full,0.15,71,41,41,0.00485204674366159,0.577464788732394,0.577464788732394,14633,7633,7721,0.521629194286886,0.527642998701565,0.0498217900308294,0,71,41,0.577464788732394,0,0,,0.721134857869325,0.221134857869325
2019,120,Calendar-only,0,16236,8437,8715,1,0.519647696476965,0.536770140428677,16236,8437,8715,0.519647696476965,0.536770140428677,-0.0171224439517123,-0.0171224439517123,14104,7510,0.532473057288712,2132,927,0.434803001876173,0.530304981658379,0.0337942196370087
2019,120,Calendar-only,0.025,10077,5279,5305,0.620657797487066,0.523866230028778,0.526446363004863,16236,8437,8715,0.519647696476965,0.536770140428677,-0.0129039103998986,-0.00258013297608417,9787,5147,0.525901706345152,290,132,0.455172413793104,0.544819499139238,0.0466080090736607
2019,120,Calendar-only,0.05,3831,2006,2006,0.235957132298596,0.523623074915166,0.523623074915166,16236,8437,8715,0.519647696476965,0.536770140428677,-0.0131470655135112,0,3831,2006,0.523623074915166,0,0,,0.561491408090986,0.0614914080909858
2019,120,Calendar-only,0.075,380,187,187,0.0234047795023405,0.492105263157895,0.492105263157895,16236,8437,8715,0.519647696476965,0.536770140428677,-0.0446648772707823,0,380,187,0.492105263157895,0,0,,0.581490172286873,0.0814901722868729
2019,120,Market-state,0,16236,8707,8715,1,0.536277408228628,0.536770140428677,16236,8707,8715,0.536277408228628,0.536770140428677,-0.000492732200049195,-0.000492732200049195,16198,8692,0.536609457957773,38,15,0.394736842105263,0.532039017447716,0.0320643503612596
2019,120,Market-state,0.025,13134,6984,6983,0.808943089430894,0.531749657377798,0.531673519110705,16236,8707,8715,0.536277408228628,0.536770140428677,-0.00502048305087888,7.61382670930733e-05,13133,6983,0.531714002893475,1,1,1,0.535125146624861,0.0351307924858993
2019,120,Market-state,0.05,433,230,230,0.0266691303276669,0.531177829099307,0.531177829099307,16236,8707,8715,0.536277408228628,0.536770140428677,-0.00559231132936988,0,433,230,0.531177829099307,0,0,,0.557164152800676,0.0571641528006763
2019,120,Market-state,0.075,18,13,13,0.00110864745011086,0.722222222222222,0.722222222222222,16236,8707,8715,0.536277408228628,0.536770140428677,0.185452081793545,0,18,13,0.722222222222222,0,0,,0.583235817884693,0.0832358178846931
2019,120,Market-state,0.1,1,0,0,6.15915250061592e-05,0,0,16236,8707,8715,0.536277408228628,0.536770140428677,-0.536770140428677,0,1,0,0,0,0,,0.600778483269328,0.100778483269328
2019,120,Full,0,16236,8504,8715,1,0.523774328652377,0.536770140428677,16236,8504,8715,0.523774328652377,0.536770140428677,-0.0129958117762996,-0.0129958117762996,14575,7779,0.533722126929674,1661,725,0.436484045755569,0.528543757707915,0.031233976763015
2019,120,Full,0.025,8810,4775,4758,0.542621335304262,0.541997729852441,0.540068104426788,16236,8504,8715,0.523774328652377,0.536770140428677,0.00522758942376345,0.00192962542565267,8677,4700,0.541661864699781,133,75,0.56390977443609,0.544563085876848,0.0468338466092443
2019,120,Full,0.05,2820,1480,1475,0.173688100517369,0.524822695035461,0.523049645390071,16236,8504,8715,0.523774328652377,0.536770140428677,-0.011947445393216,0.00177304964539005,2767,1451,0.524394651246838,53,29,0.547169811320755,0.563229422955205,0.0682325134032892
2019,120,Full,0.075,553,261,256,0.034060113328406,0.471971066907776,0.462929475587704,16236,8504,8715,0.523774328652377,0.536770140428677,-0.0647990735209012,0.00904159132007237,504,234,0.464285714285714,49,27,0.551020408163265,0.581513120020605,0.106194828930342
2019,120,Full,0.1,232,109,104,0.0142892338014289,0.469827586206897,0.448275862068966,16236,8504,8715,0.523774328652377,0.536770140428677,-0.0669425542217804,0.0215517241379311,183,82,0.448087431693989,49,27,0.551020408163265,0.57948892123438,0.138320753247675
2019,120,Full,0.15,48,17,18,0.00295639320029564,0.354166666666667,0.375,16236,8504,8715,0.523774328652377,0.536770140428677,-0.18260347376201,-0.0208333333333333,47,17,0.361702127659575,1,0,0,0.646475248591551,0.153284039468022
2020,120,Calendar-only,0,16782,9114,9319,1,0.543081873435824,0.555297342390657,16782,9114,9319,0.543081873435824,0.555297342390657,-0.0122154689548325,-0.0122154689548325,15423,8537,0.553523957725475,1359,577,0.42457689477557,0.531218311363724,0.0334746637652326
2020,120,Calendar-only,0.025,10802,5923,5962,0.643665832439519,0.548324384373264,0.55193482688391,16782,9114,9319,0.543081873435824,0.555297342390657,-0.00697295801739239,-0.00361044251064613,10593,5838,0.551118663268196,209,85,0.406698564593301,0.543022649926799,0.0443971395397929
2020,120,Calendar-only,0.05,3481,1944,1955,0.207424621618401,0.558460212582591,0.561620224073542,16782,9114,9319,0.543081873435824,0.555297342390657,0.00316287019193462,-0.0031600114909508,3428,1923,0.560968494749125,53,21,0.39622641509434,0.559156037427368,0.060801916834115
2020,120,Calendar-only,0.075,349,198,198,0.0207960910499345,0.567335243553009,0.567335243553009,16782,9114,9319,0.543081873435824,0.555297342390657,0.0120379011623519,0,349,198,0.567335243553009,0,0,,0.579683863813101,0.0796838638131006
2020,120,Market-state,0,16782,9310,9319,1,0.554761053509713,0.555297342390657,16782,9310,9319,0.554761053509713,0.555297342390657,-0.000536288880943814,-0.000536288880943814,16689,9268,0.555335849961052,93,42,0.451612903225806,0.534183194053982,0.0343097890087857
2020,120,Market-state,0.025,14874,8279,8284,0.8863067572399,0.556608847653624,0.556945004706199,16782,9310,9319,0.554761053509713,0.555297342390657,0.00131150526296708,-0.000336157052575059,14861,8275,0.556826593096023,13,4,0.307692307692308,0.536235516376248,0.0363000951126002
2020,120,Market-state,0.05,776,404,404,0.0462400190680491,0.520618556701031,0.520618556701031,16782,9310,9319,0.554761053509713,0.555297342390657,-0.0346787856896257,0,774,403,0.520671834625323,2,1,0.5,0.559549317373128,0.0598478178445768
2020,120,Market-state,0.075,72,38,38,0.00429031104755095,0.527777777777778,0.527777777777778,16782,9310,9319,0.554761053509713,0.555297342390657,-0.0275195646128789,0,72,38,0.527777777777778,0,0,,0.59298600063021,0.0929860006302097
2020,120,Market-state,0.1,16,9,9,0.000953402455011322,0.5625,0.5625,16782,9310,9319,0.554761053509713,0.555297342390657,0.00720265760934336,0,16,9,0.5625,0,0,,0.622628465521554,0.122628465521554
2020,120,Market-state,0.15,2,0,0,0.000119175306876415,0,0,16782,9310,9319,0.554761053509713,0.555297342390657,-0.555297342390657,0,2,0,0,0,0,,0.678026770950287,0.178026770950287
2020,120,Full,0,16782,9127,9319,1,0.543856512930521,0.555297342390657,16782,9127,9319,0.543856512930521,0.555297342390657,-0.0114408294601358,-0.0114408294601358,15102,8383,0.555092040789299,1680,744,0.442857142857143,0.526123756767364,0.0297040586047768
2020,120,Full,0.025,9845,5488,5497,0.586640448099154,0.55744032503809,0.558354494667344,16782,9127,9319,0.543856512930521,0.555297342390657,0.00214298264743373,-0.000914169629253503,9524,5332,0.55984880302394,321,156,0.485981308411215,0.537324779087545,0.0405563317883072
2020,120,Full,0.05,1660,990,994,0.0989155047074246,0.596385542168675,0.598795180722892,16782,9127,9319,0.543856512930521,0.555297342390657,0.041088199778018,-0.00240963855421694,1544,934,0.604922279792746,116,56,0.482758620689655,0.547469008916811,0.058104031883978
2020,120,Full,0.075,96,47,55,0.00572041473006793,0.489583333333333,0.572916666666667,16782,9127,9319,0.543856512930521,0.555297342390657,-0.0657140090573233,-0.0833333333333333,28,17,0.607142857142857,68,30,0.441176470588235,0.460816011265333,0.0853850652356428
2020,120,Full,0.1,12,4,8,0.000715051841258491,0.333333333333333,0.666666666666667,16782,9127,9319,0.543856512930521,0.555297342390657,-0.221964009057323,-0.333333333333333,0,0,,12,4,0.333333333333333,0.384628357489125,0.115371642510875
2021,120,Calendar-only,0,17341,9289,9377,1,0.535666916556139,0.540741595063722,17341,9289,9377,0.535666916556139,0.540741595063722,-0.00507467850758314,-0.00507467850758314,16637,8981,0.53982088116848,704,308,0.4375,0.536181230910518,0.0372269663400108
2021,120,Calendar-only,0.025,12432,6711,6724,0.71691367279857,0.539816602316602,0.540862290862291,17341,9289,9377,0.535666916556139,0.540741595063722,-0.000924992747119435,-0.00104568854568854,12331,6667,0.54066985645933,101,44,0.435643564356436,0.54598003898097,0.0464995336352182
2021,120,Calendar-only,0.05,4686,2552,2552,0.270226630528805,0.544600938967136,0.544600938967136,17341,9289,9377,0.535666916556139,0.540741595063722,0.00385934390341436,0,4686,2552,0.544600938967136,0,0,,0.562039091505745,0.0620390915057451
2021,120,Calendar-only,0.075,637,350,350,0.0367337523787556,0.54945054945055,0.54945054945055,17341,9289,9377,0.535666916556139,0.540741595063722,0.00870895438682773,0,637,350,0.54945054945055,0,0,,0.580861342935533,0.0808613429355331
2021,120,Market-state,0,17341,9379,9377,1,0.540856928666167,0.540741595063722,17341,9379,9377,0.540856928666167,0.540741595063722,0.000115333602445089,0.000115333602445089,17339,9377,0.54080396793356,2,2,1,0.537084554824908,0.037085735171043
2021,120,Market-state,0.025,16871,9111,9111,0.972896603425408,0.540039120384091,0.540039120384091,17341,9379,9377,0.540856928666167,0.540741595063722,-0.000702474679630694,0,16871,9111,0.540039120384091,0,0,,0.537544875447209,0.0375448754472089
2021,120,Market-state,0.05,353,201,201,0.0203563808315553,0.569405099150142,0.569405099150142,17341,9379,9377,0.540856928666167,0.540741595063722,0.0286635040864198,0,353,201,0.569405099150142,0,0,,0.555316855475778,0.0553168554757778
2021,120,Market-state,0.075,6,3,3,0.000346000807335217,0.5,0.5,17341,9379,9377,0.540856928666167,0.540741595063722,-0.0407415950637218,0,6,3,0.5,0,0,,0.584075355172271,0.0840753551722714
2021,120,Full,0,17341,9340,9377,1,0.538607923418488,0.540741595063722,17341,9340,9377,0.538607923418488,0.540741595063722,-0.00213367164523381,-0.00213367164523381,17028,9202,0.540404040404041,313,138,0.440894568690096,0.53581772677912,0.0369594431375679
2021,120,Full,0.025,12989,6992,7003,0.749034081079523,0.538301639849103,0.539148510277927,17341,9340,9377,0.538607923418488,0.540741595063722,-0.00243995521461871,-0.000846870428824365,12838,6922,0.539180557719271,151,70,0.463576158940397,0.542348834400802,0.0436997169717288
2021,120,Full,0.05,3619,1902,1915,0.208696153624358,0.525559546836143,0.529151699364465,17341,9340,9377,0.538607923418488,0.540741595063722,-0.0151820482275792,-0.00359215252832268,3518,1858,0.528140989198408,101,44,0.435643564356436,0.553933137049609,0.0578675034444931
2021,120,Full,0.075,102,44,56,0.00588201372469869,0.431372549019608,0.549019607843137,17341,9340,9377,0.538607923418488,0.540741595063722,-0.109369046044114,-0.117647058823529,52,25,0.480769230769231,50,19,0.38,0.502378299714724,0.0834910088520498
2022,120,Calendar-only,0,17956,9084,9102,1,0.505903319224772,0.506905769659167,17956,9084,9102,0.505903319224772,0.506905769659167,-0.00100245043439517,-0.00100245043439517,17190,8710,0.506689936009308,766,374,0.488250652741514,0.536710941502613,0.0373098651423497
2022,120,Calendar-only,0.025,12950,6607,6604,0.721207395856538,0.51019305019305,0.50996138996139,17956,9084,9102,0.505903319224772,0.506905769659167,0.00328728053388327,0.000231660231660213,12899,6580,0.510117063338243,51,27,0.529411764705882,0.546451365763175,0.0466724798004032
2022,120,Calendar-only,0.05,4910,2560,2560,0.273446201826687,0.521384928716904,0.521384928716904,17956,9084,9102,0.505903319224772,0.506905769659167,0.0144791590577373,0,4910,2560,0.521384928716904,0,0,,0.563220857068674,0.0632208570686739
2022,120,Calendar-only,0.075,431,237,237,0.0240031187346848,0.549883990719258,0.549883990719258,17956,9084,9102,0.505903319224772,0.506905769659167,0.0429782210600906,0,431,237,0.549883990719258,0,0,,0.584208692609336,0.0842086926093363
2022,120,Market-state,0,17956,9098,9102,1,0.506683002895968,0.506905769659167,17956,9098,9102,0.506683002895968,0.506905769659167,-0.000222766763198989,-0.000222766763198989,17942,9093,0.506799687883179,14,5,0.357142857142857,0.539135242541292,0.0391487159228792
2022,120,Market-state,0.025,17327,8789,8788,0.964969926486968,0.50724303110752,0.507185317712241,17956,9098,9102,0.506683002895968,0.506905769659167,0.00033726144835311,5.77133952790465e-05,17326,8788,0.507214590788411,1,1,1,0.539875399453083,0.0398796891570211
2022,120,Market-state,0.05,1588,871,871,0.0884384049899755,0.548488664987406,0.548488664987406,17956,9098,9102,0.506683002895968,0.506905769659167,0.0415828953282387,0,1588,871,0.548488664987406,0,0,,0.557627293311468,0.0576272933114683
2022,120,Market-state,0.075,67,42,42,0.00373134328358209,0.626865671641791,0.626865671641791,17956,9098,9102,0.506683002895968,0.506905769659167,0.119959901982624,0,67,42,0.626865671641791,0,0,,0.594700876393884,0.0947008763938835
2022,120,Market-state,0.1,17,11,11,0.000946758743595456,0.647058823529412,0.647058823529412,17956,9098,9102,0.506683002895968,0.506905769659167,0.140153053870245,0,17,11,0.647058823529412,0,0,,0.627839050397853,0.127839050397852
2022,120,Market-state,0.15,3,3,3,0.000167075072399198,1,1,17956,9098,9102,0.506683002895968,0.506905769659167,0.493094230340833,0,3,3,1,0,0,,0.684923334353538,0.184923334353538
2022,120,Full,0,17956,9113,9102,1,0.507518378257964,0.506905769659167,17956,9113,9102,0.507518378257964,0.506905769659167,0.000612608598796971,0.000612608598796971,17607,8933,0.50735502924973,349,180,0.515759312320917,0.534657167583721,0.0354928618356516
2022,120,Full,0.025,14081,7228,7232,0.784194698151036,0.513315815638094,0.513599886371707,17956,9113,9102,0.507518378257964,0.506905769659167,0.00641004597892703,-0.000284070733612585,13935,7157,0.513598851811984,146,71,0.486301369863014,0.539580558018688,0.040335991252167
2022,120,Full,0.05,2653,1453,1456,0.147750055691691,0.547681869581606,0.548812664907652,17956,9113,9102,0.507518378257964,0.506905769659167,0.0407760999224388,-0.00113079532604599,2642,1449,0.548448145344436,11,4,0.363636363636364,0.558053692679819,0.0586354732052339
2022,120,Full,0.075,62,37,40,0.00345288482958343,0.596774193548387,0.645161290322581,17956,9113,9102,0.507518378257964,0.506905769659167,0.0898684238892202,-0.0483870967741935,59,37,0.627118644067797,3,0,0,0.578786026064493,0.088334500626093
2022,120,Full,0.1,10,7,9,0.000556916907997327,0.7,0.9,17956,9113,9102,0.507518378257964,0.506905769659167,0.193094230340833,-0.2,8,7,0.875,2,0,0,0.579119941025003,0.12031692700232
2022,120,Full,0.15,2,2,2,0.000111383381599465,1,1,17956,9113,9102,0.507518378257964,0.506905769659167,0.493094230340833,0,2,2,1,0,0,,0.664372283958399,0.164372283958399
2023,120,Calendar-only,0,17625,9282,9319,1,0.52663829787234,0.528737588652482,17625,9282,9319,0.52663829787234,0.528737588652482,-0.00209929078014182,-0.00209929078014182,16634,8805,0.529337501502946,991,477,0.481331987891019,0.53250163195083,0.0334700360847629
2023,120,Calendar-only,0.025,10827,5728,5726,0.614297872340426,0.529047750992888,0.528863027616145,17625,9282,9319,0.52663829787234,0.528737588652482,0.000310162340405928,0.000184723376743356,10781,5704,0.529078935163714,46,24,0.521739130434783,0.54577003676928,0.0460207269293729
2023,120,Calendar-only,0.05,3970,2097,2097,0.225248226950355,0.528211586901763,0.528211586901763,17625,9282,9319,0.52663829787234,0.528737588652482,-0.000526001750719041,0,3970,2097,0.528211586901763,0,0,,0.562535679425399,0.0625356794253992
2023,120,Calendar-only,0.075,455,249,249,0.0258156028368794,0.547252747252747,0.547252747252747,17625,9282,9319,0.52663829787234,0.528737588652482,0.0185151586002651,0,455,249,0.547252747252747,0,0,,0.585508352553555,0.0855083525535552
2023,120,Market-state,0,17625,9317,9319,1,0.528624113475177,0.528737588652482,17625,9317,9319,0.528624113475177,0.528737588652482,-0.000113475177304867,-0.000113475177304867,17617,9314,0.528693875234149,8,3,0.375,0.533073868087906,0.033078288316542
2023,120,Market-state,0.025,15714,8280,8280,0.891574468085107,0.526918671248568,0.526918671248568,17625,9317,9319,0.528624113475177,0.528737588652482,-0.00181891740391404,0,15714,8280,0.526918671248568,0,0,,0.534581934795941,0.0345819347959411
2023,120,Market-state,0.05,518,288,288,0.0293900709219858,0.555984555984556,0.555984555984556,17625,9317,9319,0.528624113475177,0.528737588652482,0.0272469673320738,0,518,288,0.555984555984556,0,0,,0.556196066460045,0.0561960664600447
2023,120,Market-state,0.075,6,4,4,0.000340425531914894,0.666666666666667,0.666666666666667,17625,9317,9319,0.528624113475177,0.528737588652482,0.137929078014184,0,6,4,0.666666666666667,0,0,,0.595119893771086,0.095119893771086
2023,120,Market-state,0.1,3,2,2,0.000170212765957447,0.666666666666667,0.666666666666667,17625,9317,9319,0.528624113475177,0.528737588652482,0.137929078014184,0,3,2,0.666666666666667,0,0,,0.60831773394775,0.10831773394775
2023,120,Full,0,17625,9308,9319,1,0.528113475177305,0.528737588652482,17625,9308,9319,0.528113475177305,0.528737588652482,-0.000624113475177213,-0.000624113475177213,17216,9109,0.529100836431227,409,199,0.486552567237164,0.532247333524876,0.0329081071302142
2023,120,Full,0.025,11537,6152,6148,0.654581560283688,0.533240877177776,0.532894166594435,17625,9308,9319,0.528113475177305,0.528737588652482,0.00450328852529369,0.00034671058334057,11439,6101,0.533350817379142,98,51,0.520408163265306,0.541078989713101,0.0417463696446303
2023,120,Full,0.05,2489,1371,1374,0.141219858156028,0.55082362394536,0.552028927280032,17625,9308,9319,0.528113475177305,0.528737588652482,0.0220860352928773,-0.00120530333467261,2484,1370,0.551529790660226,5,1,0.2,0.560742546008274,0.0609502208908716
2023,120,Full,0.075,281,129,129,0.0159432624113475,0.459074733096086,0.459074733096086,17625,9308,9319,0.528113475177305,0.528737588652482,-0.0696628555563968,0,281,129,0.459074733096086,0,0,,0.580322308542968,0.0803223085429683
2023,120,Full,0.1,1,0,0,5.67375886524823e-05,0,0,17625,9308,9319,0.528113475177305,0.528737588652482,-0.528737588652482,0,1,0,0,0,0,,0.60162706765194,0.10162706765194
2024,120,Calendar-only,0,17592,9330,9371,1,0.530354706684857,0.53268531150523,17592,9330,9371,0.530354706684857,0.53268531150523,-0.00233060482037295,-0.00233060482037295,16493,8801,0.533620323773722,1099,529,0.481346678798908,0.531451355599935,0.032647920710655
2024,120,Calendar-only,0.025,11008,5951,5963,0.625738972260118,0.540606831395349,0.541696947674419,17592,9330,9371,0.530354706684857,0.53268531150523,0.00792151989011913,-0.00109011627906974,10912,5909,0.541513929618768,96,42,0.4375,0.543798412451693,0.0443020482367576
2024,120,Calendar-only,0.05,3270,1714,1714,0.185879945429741,0.524159021406728,0.524159021406728,17592,9330,9371,0.530354706684857,0.53268531150523,-0.00852629009850181,0,3270,1714,0.524159021406728,0,0,,0.562453021478629,0.0624530214786291
2024,120,Calendar-only,0.075,526,248,248,0.029899954524784,0.47148288973384,0.47148288973384,17592,9330,9371,0.530354706684857,0.53268531150523,-0.0612024217713894,0,526,248,0.47148288973384,0,0,,0.582244631855793,0.0822446318557926
2024,120,Market-state,0,17592,9367,9371,1,0.532457935425193,0.53268531150523,17592,9367,9371,0.532457935425193,0.53268531150523,-0.000227376080036423,-0.000227376080036423,17584,9365,0.5325864422202,8,2,0.25,0.531263618279161,0.0312684275596182
2024,120,Market-state,0.025,15205,8104,8104,0.86431332423829,0.532982571522526,0.532982571522526,17592,9367,9371,0.532457935425193,0.53268531150523,0.000297260017295797,0,15205,8104,0.532982571522526,0,0,,0.532802069955242,0.0328020699552419
2024,120,Market-state,0.05,338,172,172,0.0192132787630741,0.50887573964497,0.50887573964497,17592,9367,9371,0.532457935425193,0.53268531150523,-0.0238095718602592,0,338,172,0.50887573964497,0,0,,0.557808987382758,0.0578089873827582
2024,120,Market-state,0.075,16,3,3,0.000909504320145521,0.1875,0.1875,17592,9367,9371,0.532457935425193,0.53268531150523,-0.34518531150523,0,16,3,0.1875,0,0,,0.590907049336649,0.0909070493366486
2024,120,Market-state,0.1,4,0,0,0.00022737608003638,0,0,17592,9367,9371,0.532457935425193,0.53268531150523,-0.53268531150523,0,4,0,0,0,0,,0.611902955908262,0.111902955908262
2024,120,Full,0,17592,9334,9371,1,0.530582082764893,0.53268531150523,17592,9334,9371,0.530582082764893,0.53268531150523,-0.00210322874033653,-0.00210322874033653,17061,9087,0.532618252154036,531,247,0.465160075329567,0.530711876150744,0.0315512185423945
2024,120,Full,0.025,11269,5974,5999,0.640575261482492,0.530126896796522,0.532345372260183,17592,9334,9371,0.530582082764893,0.53268531150523,-0.00255841470870821,-0.00221847546366127,11142,5923,0.531592173756956,127,51,0.401574803149606,0.539223784150333,0.0400498225740727
2024,120,Full,0.05,2232,1194,1194,0.1268758526603,0.53494623655914,0.53494623655914,17592,9334,9371,0.530582082764893,0.53268531150523,0.00226092505391007,0,2232,1194,0.53494623655914,0,0,,0.559651777782825,0.0596517777828245
2024,120,Full,0.075,104,49,49,0.00591177808094589,0.471153846153846,0.471153846153846,17592,9334,9371,0.530582082764893,0.53268531150523,-0.0615314653513836,0,104,49,0.471153846153846,0,0,,0.579936669373531,0.0799366693735314
2024,120,Full,0.1,5,0,0,0.000284220100045475,0,0,17592,9334,9371,0.530582082764893,0.53268531150523,-0.53268531150523,0,5,0,0,0,0,,0.610889487575694,0.110889487575694
2025,120,Calendar-only,0,17595,9350,9393,1,0.531400966183575,0.53384484228474,17595,9350,9393,0.531400966183575,0.53384484228474,-0.00244387610116503,-0.00244387610116503,16698,8923,0.534375374296323,897,427,0.47603121516165,0.53166731348503,0.0327667159981348
2025,120,Calendar-only,0.025,10881,5905,5895,0.618414322250639,0.542689091076188,0.54177005789909,17595,9350,9393,0.531400966183575,0.53384484228474,0.00884424879144796,0.000919033177097739,10833,5876,0.5424166897443,48,29,0.604166666666667,0.544550556649681,0.0447772551886213
2025,120,Calendar-only,0.05,3344,1823,1823,0.190053992611537,0.545155502392344,0.545155502392344,17595,9350,9393,0.531400966183575,0.53384484228474,0.0113106601076045,0,3344,1823,0.545155502392344,0,0,,0.56090614947922,0.0609061494792196
2025,120,Calendar-only,0.075,245,136,136,0.0139244103438477,0.555102040816327,0.555102040816327,17595,9350,9393,0.531400966183575,0.53384484228474,0.0212571985315866,0,245,136,0.555102040816327,0,0,,0.584680846583498,0.0846808465834978
2025,120,Market-state,0,17595,9402,9393,1,0.534356351236147,0.53384484228474,17595,9402,9393,0.534356351236147,0.53384484228474,0.000511508951406725,0.000511508951406725,17574,9387,0.534141345169,21,15,0.714285714285714,0.532182806089776,0.0322268491909106
2025,120,Market-state,0.025,15492,8333,8334,0.880477408354646,0.537890524141492,0.537955073586367,17595,9402,9393,0.534356351236147,0.53384484228474,0.00404568185675247,-6.4549444874773e-05,15489,8332,0.537930143973142,3,1,0.333333333333333,0.533686127716731,0.0337147697649074
2025,120,Market-state,0.05,548,298,299,0.0311452117078716,0.543795620437956,0.545620437956204,17595,9402,9393,0.534356351236147,0.53384484228474,0.00995077815321621,-0.00182481751824826,547,298,0.544789762340037,1,0,0,0.563182582221446,0.063708800439141
2025,120,Market-state,0.075,76,39,40,0.00431940892298949,0.513157894736842,0.526315789473684,17595,9402,9393,0.534356351236147,0.53384484228474,-0.0206869475478978,-0.013157894736842,75,39,0.52,1,0,0,0.6017579577249,0.105552268031438
2025,120,Market-state,0.1,30,20,21,0.00170502983802217,0.666666666666667,0.7,17595,9402,9393,0.534356351236147,0.53384484228474,0.132821824381927,-0.0333333333333333,29,20,0.689655172413793,1,0,0,0.628912973565449,0.138525226342014
2025,120,Market-state,0.15,8,7,7,0.000454674623472578,0.875,0.875,17595,9402,9393,0.534356351236147,0.53384484228474,0.34115515771526,0,8,7,0.875,0,0,,0.692212324503927,0.192212324503927
2025,120,Full,0,17595,9388,9393,1,0.53356067064507,0.53384484228474,17595,9388,9393,0.53356067064507,0.53384484228474,-0.000284171639670316,-0.000284171639670316,16954,9070,0.534976996578978,641,318,0.49609984399376,0.531071863301536,0.0317056654515606
2025,120,Full,0.025,11987,6483,6478,0.681273088945723,0.540835905564361,0.540418787019271,17595,9388,9393,0.53356067064507,0.53384484228474,0.0069910632796214,0.000417118545090411,11966,6470,0.540698646164132,21,13,0.619047619047619,0.538852537034439,0.0390025470381089
2025,120,Full,0.05,1879,1083,1084,0.106791702188122,0.576370409792443,0.576902607770091,17595,9388,9393,0.53356067064507,0.53384484228474,0.0425255675077029,-0.000532197977647697,1876,1082,0.576759061833689,3,1,0.333333333333333,0.558621560197527,0.0589654008899645
2025,120,Full,0.075,63,39,39,0.00358056265984655,0.619047619047619,0.619047619047619,17595,9388,9393,0.53356067064507,0.53384484228474,0.0852027767628791,0,61,38,0.622950819672131,2,1,0.5,0.582783340460434,0.091130905023141
2025,120,Full,0.1,13,9,10,0.000738846263142938,0.692307692307692,0.769230769230769,17595,9388,9393,0.53356067064507,0.53384484228474,0.158462850022952,-0.076923076923077,12,9,0.75,1,0,0,0.605934385839465,0.132970408940667
2025,120,Full,0.15,2,1,2,0.000113668655868144,0.5,1,17595,9388,9393,0.53356067064507,0.53384484228474,-0.0338448422847399,-0.5,1,1,1,1,0,0,0.490019573445922,0.165753723603735
2026,120,Calendar-only,0,3541,1879,1877,1,0.530641061846936,0.530076249646992,3541,1879,1877,0.530641061846936,0.530076249646992,0.000564812199943532,0.000564812199943532,3285,1750,0.532724505327245,256,129,0.50390625,0.53159173090717,0.0327127278253962
2026,120,Calendar-only,0.025,2235,1169,1167,0.631177633436882,0.523042505592841,0.522147651006712,3541,1879,1877,0.530641061846936,0.530076249646992,-0.00703374405415125,0.000894854586129701,2227,1164,0.522676246070947,8,5,0.625,0.544197838028554,0.0444685063555079
2026,120,Calendar-only,0.05,588,309,309,0.166054786783395,0.525510204081633,0.525510204081633,3541,1879,1877,0.530641061846936,0.530076249646992,-0.00456604556535978,0,588,309,0.525510204081633,0,0,,0.561463628673717,0.0614636286737168
2026,120,Calendar-only,0.075,44,21,21,0.0124258683987574,0.477272727272727,0.477272727272727,3541,1879,1877,0.530641061846936,0.530076249646992,-0.0528035223742651,0,44,21,0.477272727272727,0,0,,0.58086091096934,0.0808609109693399
2026,120,Market-state,0,3541,1876,1877,1,0.529793843547021,0.530076249646992,3541,1876,1877,0.529793843547021,0.530076249646992,-0.000282406099971766,-0.000282406099971766,3536,1874,0.529977375565611,5,2,0.4,0.532625558175861,0.0326389774669279
2026,120,Market-state,0.025,3093,1626,1626,0.873482067212652,0.525703200775946,0.525703200775946,3541,1876,1877,0.529793843547021,0.530076249646992,-0.00437304887104673,0,3093,1626,0.525703200775946,0,0,,0.534377535612207,0.0343775356122072
2026,120,Market-state,0.05,135,79,79,0.0381248234961875,0.585185185185185,0.585185185185185,3541,1876,1877,0.529793843547021,0.530076249646992,0.0551089355381927,0,135,79,0.585185185185185,0,0,,0.555584912918594,0.0555849129185935
2026,120,Full,0,3541,1859,1877,1,0.524992939847501,0.530076249646992,3541,1859,1877,0.524992939847501,0.530076249646992,-0.00508330979949168,-0.00508330979949168,3431,1813,0.528417371028855,110,46,0.418181818181818,0.531031720327364,0.0314074764732558
2026,120,Full,0.025,2246,1151,1151,0.634284100536572,0.51246660730187,0.51246660730187,3541,1859,1877,0.524992939847501,0.530076249646992,-0.0176096423451224,0,2246,1151,0.51246660730187,0,0,,0.540813084380383,0.040813084380383
2026,120,Full,0.05,457,233,233,0.129059587687094,0.509846827133479,0.509846827133479,3541,1859,1877,0.524992939847501,0.530076249646992,-0.0202294225135132,0,457,233,0.509846827133479,0,0,,0.55936386614763,0.0593638661476296
2026,120,Full,0.075,26,14,14,0.00734255859926575,0.538461538461538,0.538461538461538,3541,1859,1877,0.524992939847501,0.530076249646992,0.00838528881454603,0,26,14,0.538461538461538,0,0,,0.578550089063499,0.0785500890634987
2017,240,Calendar-only,0,6746,3732,3883,1,0.553216721019864,0.57560035576638,6746,3732,3883,0.553216721019864,0.57560035576638,-0.0223836347465164,-0.0223836347465164,5391,3130,0.580597291782601,1355,602,0.444280442804428,0.522362290652654,0.0273083144269171
2017,240,Calendar-only,0.025,3391,1932,1952,0.502668247850578,0.569743438513713,0.575641403715718,6746,3732,3883,0.553216721019864,0.57560035576638,-0.00585691725266724,-0.00589796520200525,3149,1821,0.578278818672595,242,111,0.458677685950413,0.538752453643996,0.0433772866613935
2017,240,Calendar-only,0.05,847,458,458,0.12555588496887,0.54073199527745,0.54073199527745,6746,3732,3883,0.553216721019864,0.57560035576638,-0.0348683604889302,0,847,458,0.54073199527745,0,0,,0.561595811252796,0.0615958112527959
2017,240,Calendar-only,0.075,148,78,78,0.0219389267714201,0.527027027027027,0.527027027027027,6746,3732,3883,0.553216721019864,0.57560035576638,-0.0485733287393531,0,148,78,0.527027027027027,0,0,,0.582350587769493,0.082350587769493
2017,240,Market-state,0,6746,3841,3883,1,0.569374444115031,0.57560035576638,6746,3841,3883,0.569374444115031,0.57560035576638,-0.00622591165134889,-0.00622591165134889,6484,3731,0.575416409623689,262,110,0.419847328244275,0.513580777896759,0.0138095230695124
2017,240,Market-state,0.025,706,439,439,0.104654610139342,0.621813031161473,0.621813031161473,6746,3841,3883,0.569374444115031,0.57560035576638,0.0462126753950931,0,706,439,0.621813031161473,0,0,,0.533109668815234,0.0331096688152342
2017,240,Market-state,0.05,37,25,25,0.00548473169285503,0.675675675675676,0.675675675675676,6746,3841,3883,0.569374444115031,0.57560035576638,0.100075319909296,0,37,25,0.675675675675676,0,0,,0.5644209878345,0.0644209878344997
2017,240,Market-state,0.075,8,3,3,0.00118588793359028,0.375,0.375,6746,3841,3883,0.569374444115031,0.57560035576638,-0.20060035576638,0,8,3,0.375,0,0,,0.593823864998765,0.0938238649987652
2017,240,Market-state,0.1,2,0,0,0.000296471983397569,0,0,6746,3841,3883,0.569374444115031,0.57560035576638,-0.57560035576638,0,2,0,0,0,0,,0.616303747571402,0.116303747571402
2017,240,Full,0,6746,3643,3883,1,0.540023717758672,0.57560035576638,6746,3643,3883,0.540023717758672,0.57560035576638,-0.0355766380077083,-0.0355766380077083,4604,2692,0.584708948740226,2142,951,0.443977591036415,0.517149831037306,0.0323245413802645
2017,240,Full,0.025,3545,1961,2080,0.525496590572191,0.553173483779972,0.586741889985896,6746,3643,3883,0.540023717758672,0.57560035576638,-0.0224268719864082,-0.0335684062059238,2660,1578,0.593233082706767,885,383,0.432768361581921,0.52921134457507,0.0509838577541757
2017,240,Full,0.05,1113,591,614,0.164986658760747,0.53099730458221,0.551662174303684,6746,3643,3883,0.540023717758672,0.57560035576638,-0.0446030511841697,-0.0206648697214734,916,504,0.550218340611354,197,87,0.441624365482233,0.561158168076671,0.0842648804703319
2017,240,Full,0.075,573,290,306,0.0849392232434035,0.506108202443281,0.534031413612565,6746,3643,3883,0.540023717758672,0.57560035576638,-0.069492153323099,-0.0279232111692844,525,274,0.521904761904762,48,16,0.333333333333333,0.590958251073929,0.105907338001225
2017,240,Full,0.1,126,70,75,0.0186777349540468,0.555555555555556,0.595238095238095,6746,3643,3883,0.540023717758672,0.57560035576638,-0.0200448002108244,-0.0396825396825397,121,70,0.578512396694215,5,0,0,0.672891248099594,0.181002736578999
2017,240,Full,0.15,81,47,47,0.0120071153276015,0.580246913580247,0.580246913580247,6746,3643,3883,0.540023717758672,0.57560035576638,0.00464655781386691,0,81,47,0.580246913580247,0,0,,0.718284345557095,0.218284345557095
2018,240,Calendar-only,0,14186,7518,7612,1,0.529959114620048,0.536585365853659,14186,7518,7612,0.529959114620048,0.536585365853659,-0.0066262512336106,-0.0066262512336106,13268,7106,0.535574314139283,918,412,0.44880174291939,0.532104253850835,0.0337717326917633
2018,240,Calendar-only,0.025,9374,5041,5056,0.660792330466657,0.537764028163004,0.539364198847877,14186,7518,7612,0.529959114620048,0.536585365853659,0.00117866230934549,-0.00160017068487306,9275,4999,0.538975741239892,99,42,0.424242424242424,0.543374676863972,0.0441347911003638
2018,240,Calendar-only,0.05,2510,1368,1368,0.176935006344283,0.545019920318725,0.545019920318725,14186,7518,7612,0.529959114620048,0.536585365853659,0.00843455446506658,0,2510,1368,0.545019920318725,0,0,,0.560093591961429,0.0600935919614287
2018,240,Calendar-only,0.075,197,109,109,0.0138869307768222,0.553299492385787,0.553299492385787,14186,7518,7612,0.529959114620048,0.536585365853659,0.0167141265321282,0,197,109,0.553299492385787,0,0,,0.581440314231969,0.0814403142319689
2018,240,Market-state,0,14186,7570,7612,1,0.533624700408854,0.536585365853659,14186,7570,7612,0.533624700408854,0.536585365853659,-0.00296066544480478,-0.00296066544480478,14028,7512,0.535500427715997,158,58,0.367088607594937,0.530422670587008,0.0306367272855626
2018,240,Market-state,0.025,9637,5173,5178,0.679331735513887,0.536785306630694,0.537304140292622,14186,7570,7612,0.533624700408854,0.536585365853659,0.000199940777035668,-0.000518833661927953,9626,5170,0.537087055890297,11,3,0.272727272727273,0.536194096566496,0.036278599568129
2018,240,Market-state,0.05,972,507,509,0.0685182574369096,0.521604938271605,0.523662551440329,14186,7570,7612,0.533624700408854,0.536585365853659,-0.0149804275820536,-0.00205761316872433,970,507,0.522680412371134,2,0,0,0.563406673617007,0.0636527670149267
2018,240,Market-state,0.075,154,86,86,0.0108557732976174,0.558441558441558,0.558441558441558,14186,7570,7612,0.533624700408854,0.536585365853659,0.0218561925878998,0,154,86,0.558441558441558,0,0,,0.591013909343999,0.0910139093439994
2018,240,Market-state,0.1,26,19,19,0.00183279289440293,0.730769230769231,0.730769230769231,14186,7570,7612,0.533624700408854,0.536585365853659,0.194183864915572,0,26,19,0.730769230769231,0,0,,0.622779422579505,0.122779422579505
2018,240,Market-state,0.15,4,4,4,0.000281968137600451,1,1,14186,7570,7612,0.533624700408854,0.536585365853659,0.463414634146341,0,4,4,1,0,0,,0.663640342686156,0.163640342686156
2018,240,Full,0,14186,7554,7612,1,0.532496827858452,0.536585365853659,14186,7554,7612,0.532496827858452,0.536585365853659,-0.00408853799520659,-0.00408853799520659,11576,6278,0.542328956461645,2610,1276,0.488888888888889,0.544589868746952,0.052858519886447
2018,240,Full,0.025,8955,4847,4736,0.63125616805301,0.541261864879955,0.528866554997208,14186,7554,7612,0.532496827858452,0.536585365853659,0.00467649902629674,0.0123953098827471,8278,4453,0.53793186760087,677,394,0.581979320531758,0.568374083427526,0.0773047085921829
2018,240,Full,0.05,5650,3082,2976,0.398279994360637,0.545486725663717,0.526725663716814,14186,7554,7612,0.532496827858452,0.536585365853659,0.00890135981005824,0.0187610619469026,5242,2825,0.538916444105303,408,257,0.629901960784314,0.589215113342729,0.10012629481699
2018,240,Full,0.075,3289,1834,1766,0.231848301141971,0.557616296746732,0.536941319550015,14186,7554,7612,0.532496827858452,0.536585365853659,0.021030930893073,0.0206749771967163,3041,1676,0.551134495231832,248,158,0.637096774193548,0.615959422331534,0.128338823291565
2018,240,Full,0.1,1890,1064,1063,0.133229945016213,0.562962962962963,0.562433862433862,14186,7554,7612,0.532496827858452,0.536585365853659,0.0263775971093044,0.000529100529100601,1887,1062,0.562798092209857,3,2,0.666666666666667,0.659052503402405,0.159375087562943
2018,240,Full,0.15,1052,619,619,0.0741576201889187,0.588403041825095,0.588403041825095,14186,7554,7612,0.532496827858452,0.536585365853659,0.0518176759714365,0,1052,619,0.588403041825095,0,0,,0.691972677367154,0.191972677367154
2019,240,Calendar-only,0,15800,8338,8596,1,0.527721518987342,0.544050632911393,15800,8338,8596,0.527721518987342,0.544050632911393,-0.0163291139240507,-0.0163291139240507,14338,7736,0.539545264332543,1462,602,0.411764705882353,0.532553224680269,0.0353961218138552
2019,240,Calendar-only,0.025,10533,5603,5695,0.666645569620253,0.531947213519415,0.540681667141365,15800,8338,8596,0.527721518987342,0.544050632911393,-0.0121034193919772,-0.00873445362195002,10181,5473,0.53756998330223,352,130,0.369318181818182,0.544174737871312,0.0464844435405231
2019,240,Calendar-only,0.05,3954,2112,2112,0.250253164556962,0.534142640364188,0.534142640364188,15800,8338,8596,0.527721518987342,0.544050632911393,-0.00990799254720431,0,3954,2112,0.534142640364188,0,0,,0.563436221757045,0.0634362217570449
2019,240,Calendar-only,0.075,611,336,336,0.0386708860759494,0.549918166939444,0.549918166939444,15800,8338,8596,0.527721518987342,0.544050632911393,0.00586753402805107,0,611,336,0.549918166939444,0,0,,0.580165157071318,0.0801651570713179
2019,240,Market-state,0,15800,8597,8596,1,0.544113924050633,0.544050632911393,15800,8597,8596,0.544113924050633,0.544050632911393,6.32911392404179e-05,6.32911392404179e-05,15779,8586,0.544140946828063,21,11,0.523809523809524,0.528616609522388,0.028642892647529
2019,240,Market-state,0.025,10049,5383,5383,0.636012658227848,0.535675191561349,0.535675191561349,15800,8597,8596,0.544113924050633,0.544050632911393,-0.00837544135004309,0,10047,5382,0.535682293221857,2,1,0.5,0.53306279205863,0.0330753628505283
2019,240,Market-state,0.05,425,233,233,0.0268987341772152,0.548235294117647,0.548235294117647,15800,8597,8596,0.544113924050633,0.544050632911393,0.0041846612062546,0,425,233,0.548235294117647,0,0,,0.56323106220597,0.06323106220597
2019,240,Market-state,0.075,63,33,33,0.0039873417721519,0.523809523809524,0.523809523809524,15800,8597,8596,0.544113924050633,0.544050632911393,-0.0202411091018686,0,63,33,0.523809523809524,0,0,,0.591541472560083,0.0915414725600827
2019,240,Market-state,0.1,11,5,5,0.00069620253164557,0.454545454545455,0.454545454545455,15800,8597,8596,0.544113924050633,0.544050632911393,-0.0895051783659379,0,11,5,0.454545454545455,0,0,,0.625096105388331,0.125096105388331
2019,240,Full,0,15800,8193,8596,1,0.518544303797468,0.544050632911393,15800,8193,8596,0.518544303797468,0.544050632911393,-0.025506329113924,-0.025506329113924,13319,7154,0.537127411967866,2481,1039,0.418782748891576,0.530252388314953,0.043910303048931
2019,240,Full,0.025,10126,5310,5556,0.640886075949367,0.524392652577523,0.548686549476595,15800,8193,8596,0.518544303797468,0.544050632911393,-0.0196579803338692,-0.0242938968990717,9182,4961,0.540296231757787,944,349,0.369703389830509,0.542969831268993,0.0612450523741549
2019,240,Full,0.05,5435,2750,2982,0.343987341772152,0.505979760809568,0.548666053357866,15800,8193,8596,0.518544303797468,0.544050632911393,-0.0380708721018248,-0.042686292548298,4677,2487,0.531751122514432,758,263,0.346965699208443,0.550240713862796,0.0819480313973933
2019,240,Full,0.075,2371,1067,1283,0.150063291139241,0.450021088148461,0.541121889498102,15800,8193,8596,0.518544303797468,0.544050632911393,-0.0940295447629319,-0.0911008013496414,1733,856,0.493941142527409,638,211,0.330721003134796,0.542988664849133,0.109229817910957
2019,240,Full,0.1,1353,562,754,0.0856329113924051,0.415373244641537,0.557280118255728,15800,8193,8596,0.518544303797468,0.544050632911393,-0.128677388269855,-0.141906873614191,805,384,0.477018633540373,548,178,0.324817518248175,0.521780209474133,0.126245490903268
2019,240,Full,0.15,100,46,53,0.00632911392405063,0.46,0.53,15800,8193,8596,0.518544303797468,0.544050632911393,-0.0840506329113924,-0.07,87,43,0.494252873563218,13,3,0.230769230769231,0.633567674544144,0.173337437513789
2020,240,Calendar-only,0,16358,9166,9215,1,0.560337449565962,0.563332925785548,16358,9166,9215,0.560337449565962,0.563332925785548,-0.00299547621958673,-0.00299547621958673,15857,8940,0.563788862962729,501,226,0.451097804391218,0.536023850681286,0.036510004754177
2020,240,Calendar-only,0.025,11254,6215,6210,0.687981415821005,0.552248089568154,0.551803803092234,16358,9166,9215,0.560337449565962,0.563332925785548,-0.0110848362173949,0.000444286475919653,11203,6187,0.552262786753548,51,28,0.549019607843137,0.546828751996499,0.04707253448152
2020,240,Calendar-only,0.05,4226,2356,2356,0.25834454089742,0.557501183151917,0.557501183151917,16358,9166,9215,0.560337449565962,0.563332925785548,-0.00583174263363173,0,4226,2356,0.557501183151917,0,0,,0.562980565752849,0.0629805657528493
2020,240,Calendar-only,0.075,498,272,272,0.0304438195378408,0.546184738955823,0.546184738955823,16358,9166,9215,0.560337449565962,0.563332925785548,-0.0171481868297251,0,498,272,0.546184738955823,0,0,,0.582006586243721,0.0820065862437212
2020,240,Market-state,0,16358,9212,9215,1,0.563149529282308,0.563332925785548,16358,9212,9215,0.563149529282308,0.563332925785548,-0.000183396503240063,-0.000183396503240063,16301,9185,0.563462364272131,57,27,0.473684210526316,0.535946997460708,0.0360719683677971
2020,240,Market-state,0.025,14935,8430,8430,0.913008925296491,0.564445932373619,0.564445932373619,16358,9212,9215,0.563149529282308,0.563332925785548,0.00111300658807068,0,14921,8423,0.56450640037531,14,7,0.5,0.537480684895037,0.037566875342967
2020,240,Market-state,0.05,1305,725,726,0.0797774789094021,0.555555555555556,0.55632183908046,16358,9212,9215,0.563149529282308,0.563332925785548,-0.00777737022999281,-0.000766283524904154,1300,723,0.556153846153846,5,2,0.4,0.564105877302132,0.0645747808685833
2020,240,Market-state,0.075,206,120,120,0.0125932265558137,0.58252427184466,0.58252427184466,16358,9212,9215,0.563149529282308,0.563332925785548,0.0191913460591118,0,206,120,0.58252427184466,0,0,,0.600054896554027,0.100054896554027
2020,240,Market-state,0.1,62,35,35,0.00379019440029343,0.564516129032258,0.564516129032258,16358,9212,9215,0.563149529282308,0.563332925785548,0.00118320324670973,0,62,35,0.564516129032258,0,0,,0.637432149687102,0.137432149687102
2020,240,Market-state,0.15,20,9,9,0.00122264335493337,0.45,0.45,16358,9212,9215,0.563149529282308,0.563332925785548,-0.113332925785548,0,20,9,0.45,0,0,,0.686382190867847,0.186382190867847
2020,240,Full,0,16358,9202,9215,1,0.562538207604842,0.563332925785548,16358,9202,9215,0.562538207604842,0.563332925785548,-0.000794718180706755,-0.000794718180706755,15709,8884,0.565535680183334,649,318,0.489984591679507,0.538322419009728,0.0394052044486132
2020,240,Full,0.025,12039,6804,6793,0.73597016750214,0.565163219536506,0.56424952238558,16358,9202,9215,0.562538207604842,0.563332925785548,0.001830293750958,0.000913697150926152,11964,6761,0.565112002674691,75,43,0.573333333333333,0.547992844732691,0.0484876451372128
2020,240,Full,0.05,4809,2660,2661,0.293984594693728,0.553129548762737,0.553337492202121,16358,9202,9215,0.562538207604842,0.563332925785548,-0.0102033770228118,-0.000207943439384461,4794,2653,0.55340008343763,15,7,0.466666666666667,0.565296967604675,0.0657448060958007
2020,240,Full,0.075,897,481,481,0.0548355544687615,0.536231884057971,0.536231884057971,16358,9202,9215,0.562538207604842,0.563332925785548,-0.0271010417275773,0,891,478,0.536475869809203,6,3,0.5,0.584964814693615,0.0861956630457586
2020,240,Full,0.1,105,55,53,0.00641887761340017,0.523809523809524,0.504761904761905,16358,9202,9215,0.562538207604842,0.563332925785548,-0.0395234019760246,0.0190476190476191,103,53,0.514563106796117,2,2,1,0.612991591459531,0.116947111796365
2020,240,Full,0.15,6,5,5,0.00036679300648001,0.833333333333333,0.833333333333333,16358,9202,9215,0.562538207604842,0.563332925785548,0.270000407547785,0,6,5,0.833333333333333,0,0,,0.684164903947091,0.184164903947091
2021,240,Calendar-only,0,16937,9229,9254,1,0.544901694514967,0.546377752848793,16937,9229,9254,0.544901694514967,0.546377752848793,-0.00147605833382525,-0.00147605833382525,16580,9063,0.546622436670688,357,166,0.464985994397759,0.541757419522682,0.0422091092526404
2021,240,Calendar-only,0.025,13628,7410,7411,0.804628918934876,0.543733489873789,0.543806868212504,16937,9229,9254,0.544901694514967,0.546377752848793,-0.00264426297500331,-7.33783387144582e-05,13577,7385,0.543934595271415,51,25,0.490196078431373,0.54855460604015,0.04876387640976
2021,240,Calendar-only,0.05,5475,3020,3020,0.323256775107752,0.551598173515982,0.551598173515982,16937,9229,9254,0.544901694514967,0.546377752848793,0.0052204206671892,0,5475,3020,0.551598173515982,0,0,,0.563826074982326,0.0638260749823264
2021,240,Calendar-only,0.075,898,522,522,0.0530200153510067,0.581291759465479,0.581291759465479,16937,9229,9254,0.544901694514967,0.546377752848793,0.0349140066166863,0,898,522,0.581291759465479,0,0,,0.583099515084938,0.0830995150849384
2021,240,Calendar-only,0.1,49,21,21,0.00289307433429769,0.428571428571429,0.428571428571429,16937,9229,9254,0.544901694514967,0.546377752848793,-0.117806324277364,0,49,21,0.428571428571429,0,0,,0.608777477667287,0.108777477667287
2021,240,Market-state,0,16937,9253,9254,1,0.54631871051544,0.546377752848793,16937,9253,9254,0.54631871051544,0.546377752848793,-5.90423333529655e-05,-5.90423333529655e-05,16934,9252,0.546356442659738,3,1,0.333333333333333,0.539084853255673,0.0390881091187883
2021,240,Market-state,0.025,16837,9203,9203,0.994095766664699,0.546593811249035,0.546593811249035,16937,9253,9254,0.54631871051544,0.546377752848793,0.000216058400242303,0,16837,9203,0.546593811249035,0,0,,0.539204405908513,0.0392044059085125
2021,240,Market-state,0.05,717,411,411,0.0423333530141111,0.573221757322176,0.573221757322176,16937,9253,9254,0.54631871051544,0.546377752848793,0.0268440044733832,0,717,411,0.573221757322176,0,0,,0.555754378560404,0.055754378560404
2021,240,Market-state,0.075,19,6,6,0.00112180433370727,0.315789473684211,0.315789473684211,16937,9253,9254,0.54631871051544,0.546377752848793,-0.230588279164582,0,19,6,0.315789473684211,0,0,,0.582453096300493,0.0824530963004931
2021,240,Market-state,0.1,1,0,0,5.90423333530141e-05,0,0,16937,9253,9254,0.54631871051544,0.546377752848793,-0.546377752848793,0,1,0,0,0,0,,0.600227205072164,0.100227205072164
2021,240,Full,0,16937,9187,9254,1,0.542421916514141,0.546377752848793,16937,9187,9254,0.542421916514141,0.546377752848793,-0.00395583633465191,-0.00395583633465191,16186,8845,0.546459903620413,751,342,0.455392809587217,0.541497931931982,0.0421383259711727
2021,240,Full,0.025,13692,7416,7420,0.808407628269469,0.541630148992112,0.541922290388548,16937,9187,9254,0.542421916514141,0.546377752848793,-0.00474760385668038,-0.000292141396435963,13686,7415,0.541794534560865,6,1,0.166666666666667,0.549068208797659,0.0491026530818432
2021,240,Full,0.05,5911,3186,3188,0.348999232449666,0.538995093892742,0.539333446117408,16937,9187,9254,0.542421916514141,0.546377752848793,-0.00738265895605017,-0.000338352224665828,5909,3186,0.539177525808089,2,0,0,0.563879634422093,0.0639143294265452
2021,240,Full,0.075,716,407,407,0.0422743106807581,0.568435754189944,0.568435754189944,16937,9187,9254,0.542421916514141,0.546377752848793,0.0220580013411517,0,716,407,0.568435754189944,0,0,,0.58011539942212,0.0801153994221197
2021,240,Full,0.1,2,0,0,0.000118084666706028,0,0,16937,9187,9254,0.542421916514141,0.546377752848793,-0.546377752848793,0,2,0,0,0,0,,0.602449966232075,0.102449966232075
2022,240,Calendar-only,0,17502,8797,8746,1,0.502628271054737,0.499714318363616,17502,8797,8746,0.502628271054737,0.499714318363616,0.00291395269112105,0.00291395269112105,17143,8592,0.501195823368139,359,205,0.571030640668524,0.542315487997985,0.0426459160625513
2022,240,Calendar-only,0.025,14347,7209,7209,0.819734887441435,0.502474384888827,0.502474384888827,17502,8797,8746,0.502628271054737,0.499714318363616,0.00276006652521132,0,14347,7209,0.502474384888827,0,0,,0.548504493214782,0.0485044932147817
2022,240,Calendar-only,0.05,5933,3050,3050,0.338989829733745,0.514073824372156,0.514073824372156,17502,8797,8746,0.502628271054737,0.499714318363616,0.0143595060085402,0,5933,3050,0.514073824372156,0,0,,0.56468216394367,0.0646821639436703
2022,240,Calendar-only,0.075,1188,590,590,0.0678779568049366,0.496632996632997,0.496632996632997,17502,8797,8746,0.502628271054737,0.499714318363616,-0.00308132173061892,0,1188,590,0.496632996632997,0,0,,0.585135883443546,0.0851358834435457
2022,240,Calendar-only,0.1,90,45,45,0.00514226945491944,0.5,0.5,17502,8797,8746,0.502628271054737,0.499714318363616,0.000285681636384427,0,90,45,0.5,0,0,,0.602591904623962,0.102591904623962
2022,240,Market-state,0,17502,8745,8746,1,0.499657182036339,0.499714318363616,17502,8745,8746,0.499657182036339,0.499714318363616,-5.71363272768855e-05,-5.71363272768855e-05,17495,8742,0.499685624464133,7,3,0.428571428571429,0.543641928382482,0.0436484842437004
2022,240,Market-state,0.025,17395,8695,8696,0.993886412981374,0.499856280540385,0.499913768324231,17502,8745,8746,0.499657182036339,0.499714318363616,0.000141962176769594,-5.74877838459553e-05,17394,8695,0.499885017822238,1,0,0,0.543807662915172,0.0438106761698363
2022,240,Market-state,0.05,2774,1459,1459,0.158496171866072,0.525955299206921,0.525955299206921,17502,8745,8746,0.499657182036339,0.499714318363616,0.0262409808433058,0,2774,1459,0.525955299206921,0,0,,0.561741533493322,0.0617415334933217
2022,240,Market-state,0.075,316,181,181,0.0180550794194949,0.572784810126582,0.572784810126582,17502,8745,8746,0.499657182036339,0.499714318363616,0.0730704917629668,0,316,181,0.572784810126582,0,0,,0.593864881860703,0.0938648818607025
2022,240,Market-state,0.1,78,47,47,0.00445663352759685,0.602564102564103,0.602564102564103,17502,8745,8746,0.499657182036339,0.499714318363616,0.102849784200487,0,78,47,0.602564102564103,0,0,,0.626896239810022,0.126896239810022
2022,240,Market-state,0.15,12,12,12,0.000685635927322592,1,1,17502,8745,8746,0.499657182036339,0.499714318363616,0.500285681636384,0,12,12,1,0,0,,0.676073608611849,0.176073608611849
2022,240,Full,0,17502,8740,8746,1,0.499371500399954,0.499714318363616,17502,8740,8746,0.499371500399954,0.499714318363616,-0.000342817963661257,-0.000342817963661257,17308,8646,0.499537785994916,194,94,0.484536082474227,0.544113920982622,0.0443145223883815
2022,240,Full,0.025,15002,7562,7565,0.857159181807793,0.504066124516731,0.50426609785362,17502,8740,8746,0.499371500399954,0.499714318363616,0.00435180615311548,-0.000199973336888482,14983,7554,0.504171394246813,19,8,0.421052631578947,0.548920324581346,0.0490086853552713
2022,240,Full,0.05,6282,3299,3297,0.358930407953377,0.525151225724292,0.524832855778415,17502,8740,8746,0.499371500399954,0.499714318363616,0.0254369073606761,0.000318369945877084,6280,3297,0.525,2,2,1,0.564340131869234,0.064375717776135
2022,240,Full,0.075,1159,603,603,0.066221003313907,0.520276100086281,0.520276100086281,17502,8740,8746,0.499371500399954,0.499714318363616,0.0205617817226657,0,1159,603,0.520276100086281,0,0,,0.587246320240059,0.0872463202400585
2022,240,Full,0.1,98,69,69,0.0055993600731345,0.704081632653061,0.704081632653061,17502,8740,8746,0.499371500399954,0.499714318363616,0.204367314289446,0,98,69,0.704081632653061,0,0,,0.615743074115738,0.115743074115738
2022,240,Full,0.15,13,13,13,0.000742772254599474,1,1,17502,8740,8746,0.499371500399954,0.499714318363616,0.500285681636384,0,13,13,1,0,0,,0.66276437063157,0.16276437063157
2023,240,Calendar-only,0,17175,9004,9058,1,0.524250363901019,0.527394468704512,17175,9004,9058,0.524250363901019,0.527394468704512,-0.00314410480349348,-0.00314410480349348,16607,8747,0.52670560606973,568,257,0.452464788732394,0.53541171389509,0.0361717987863505
2023,240,Calendar-only,0.025,11393,6017,6023,0.66334788937409,0.528131308698324,0.528657947862723,17175,9004,9058,0.524250363901019,0.527394468704512,0.000736839993811245,-0.000526639164399101,11341,5994,0.528524821444317,52,23,0.442307692307692,0.546734358241002,0.0470591402664298
2023,240,Calendar-only,0.05,4351,2314,2314,0.253333333333333,0.531831762813146,0.531831762813146,17175,9004,9058,0.524250363901019,0.527394468704512,0.00443729410863403,0,4351,2314,0.531831762813146,0,0,,0.56314502277153,0.0631450227715302
2023,240,Calendar-only,0.075,600,327,327,0.0349344978165939,0.545,0.545,17175,9004,9058,0.524250363901019,0.527394468704512,0.0176055312954877,0,600,327,0.545,0,0,,0.581537778171793,0.0815377781717932
2023,240,Market-state,0,17175,9059,9058,1,0.52745269286754,0.527394468704512,17175,9059,9058,0.52745269286754,0.527394468704512,5.82241630276981e-05,5.82241630276981e-05,17174,9058,0.527425177594038,1,1,1,0.534676390696313,0.034677513379907
2023,240,Market-state,0.025,16701,8810,8810,0.972401746724891,0.527513322555536,0.527513322555536,17175,9059,9058,0.52745269286754,0.527394468704512,0.000118853851023282,0,16701,8810,0.527513322555536,0,0,,0.535053493741258,0.0350534937412576
2023,240,Market-state,0.05,567,333,333,0.0330131004366812,0.587301587301587,0.587301587301587,17175,9059,9058,0.52745269286754,0.527394468704512,0.059907118597075,0,567,333,0.587301587301587,0,0,,0.557590124456117,0.057590124456117
2023,240,Market-state,0.075,27,18,18,0.00157205240174672,0.666666666666667,0.666666666666667,17175,9059,9058,0.52745269286754,0.527394468704512,0.139272197962154,0,27,18,0.666666666666667,0,0,,0.584186447174705,0.0841864471747048
2023,240,Market-state,0.1,2,2,2,0.000116448326055313,1,1,17175,9059,9058,0.52745269286754,0.527394468704512,0.472605531295488,0,2,2,1,0,0,,0.606296376170787,0.106296376170787
2023,240,Full,0,17175,9007,9058,1,0.524425036390102,0.527394468704512,17175,9007,9058,0.524425036390102,0.527394468704512,-0.00296943231441049,-0.00296943231441049,16328,8609,0.527253797158256,847,398,0.469893742621015,0.534624835445848,0.0352460915002776
2023,240,Full,0.025,10689,5711,5711,0.62235807860262,0.534287585368135,0.534287585368135,17175,9007,9058,0.524425036390102,0.527394468704512,0.00689311666362313,0,10685,5709,0.534300421151147,4,2,0.5,0.547134047713924,0.047154854595242
2023,240,Full,0.05,4302,2301,2301,0.250480349344978,0.53486750348675,0.53486750348675,17175,9007,9058,0.524425036390102,0.527394468704512,0.00747303478223804,0,4302,2301,0.53486750348675,0,0,,0.562680566470312,0.0626805664703115
2023,240,Full,0.075,563,338,338,0.0327802037845706,0.600355239786856,0.600355239786856,17175,9007,9058,0.524425036390102,0.527394468704512,0.0729607710823438,0,563,338,0.600355239786856,0,0,,0.582687402661336,0.0826874026613356
2023,240,Full,0.1,21,2,2,0.00122270742358079,0.0952380952380952,0.0952380952380952,17175,9007,9058,0.524425036390102,0.527394468704512,-0.432156373466417,0,21,2,0.0952380952380952,0,0,,0.605484028143279,0.105484028143279
2024,240,Calendar-only,0,17124,9080,9129,1,0.530249941602429,0.533111422564821,17124,9080,9129,0.530249941602429,0.533111422564821,-0.00286148096239203,-0.00286148096239203,16281,8683,0.53332104907561,843,397,0.470937129300119,0.534252670267866,0.0349331472548671
2024,240,Calendar-only,0.025,10928,5841,5846,0.638168652184069,0.534498535871157,0.5349560761347,17124,9080,9129,0.530249941602429,0.533111422564821,0.00138711330633534,-0.000457540263543166,10879,5819,0.534883720930233,49,22,0.448979591836735,0.546169665485177,0.0464299858685036
2024,240,Calendar-only,0.05,3971,2058,2058,0.231896753095071,0.518257365902795,0.518257365902795,17124,9080,9129,0.530249941602429,0.533111422564821,-0.0148540566620261,0,3971,2058,0.518257365902795,0,0,,0.562380647869201,0.062380647869201
2024,240,Calendar-only,0.075,527,265,265,0.0307755197383789,0.502846299810247,0.502846299810247,17124,9080,9129,0.530249941602429,0.533111422564821,-0.0302651227545747,0,527,265,0.502846299810247,0,0,,0.584227279372634,0.0842272793726339
2024,240,Calendar-only,0.1,47,24,24,0.00274468582106984,0.51063829787234,0.51063829787234,17124,9080,9129,0.530249941602429,0.533111422564821,-0.022473124692481,0,47,24,0.51063829787234,0,0,,0.604865387568023,0.104865387568023
2024,240,Market-state,0,17124,9124,9129,1,0.532819434711516,0.533111422564821,17124,9124,9129,0.532819434711516,0.533111422564821,-0.000291987853305309,-0.000291987853305309,17117,9123,0.532978909855699,7,1,0.142857142857143,0.532498974561305,0.0325032192347512
2024,240,Market-state,0.025,16215,8675,8675,0.946916608269096,0.5349984582177,0.5349984582177,17124,9124,9129,0.532819434711516,0.533111422564821,0.00188703565287829,0,16215,8675,0.5349984582177,0,0,,0.533103496578564,0.0331034965785643
2024,240,Market-state,0.05,379,231,231,0.0221326792805419,0.609498680738786,0.609498680738786,17124,9124,9129,0.532819434711516,0.533111422564821,0.076387258173965,0,379,231,0.609498680738786,0,0,,0.55950475009345,0.0595047500934503
2024,240,Market-state,0.075,36,18,18,0.00210231254379818,0.5,0.5,17124,9124,9129,0.532819434711516,0.533111422564821,-0.0331114225648214,0,36,18,0.5,0,0,,0.587148401746352,0.0871484017463523
2024,240,Market-state,0.1,6,1,1,0.000350385423966363,0.166666666666667,0.166666666666667,17124,9124,9129,0.532819434711516,0.533111422564821,-0.366444755898155,0,6,1,0.166666666666667,0,0,,0.609376653668519,0.109376653668519
2024,240,Full,0,17124,9096,9129,1,0.531184302733006,0.533111422564821,17124,9096,9129,0.531184302733006,0.533111422564821,-0.00192711983181504,-0.00192711983181504,16315,8708,0.5337419552559,809,388,0.479604449938195,0.532752673428062,0.0332398848320642
2024,240,Full,0.025,10920,5871,5870,0.637701471618781,0.537637362637363,0.537545787545788,17124,9096,9129,0.531184302733006,0.533111422564821,0.00452594007254126,9.15750915750912e-05,10907,5864,0.537636380306225,13,7,0.538461538461538,0.54387765982829,0.0439620498991102
2024,240,Full,0.05,2818,1454,1454,0.164564354122869,0.51596877217885,0.51596877217885,17124,9096,9129,0.531184302733006,0.533111422564821,-0.0171426503859711,0,2818,1454,0.51596877217885,0,0,,0.563516704150006,0.0635167041500061
2024,240,Full,0.075,552,296,296,0.0322354590049054,0.536231884057971,0.536231884057971,17124,9096,9129,0.531184302733006,0.533111422564821,0.00312046149314971,0,552,296,0.536231884057971,0,0,,0.583333559782896,0.0833335597828964
2024,240,Full,0.1,17,8,8,0.000992758701238028,0.470588235294118,0.470588235294118,17124,9096,9129,0.531184302733006,0.533111422564821,-0.0625231872707037,0,17,8,0.470588235294118,0,0,,0.622285487708113,0.122285487708113
2024,240,Full,0.15,2,0,0,0.000116795141322121,0,0,17124,9096,9129,0.531184302733006,0.533111422564821,-0.533111422564821,0,2,0,0,0,0,,0.656993869777,0.156993869777
2025,240,Calendar-only,0,17116,9138,9186,1,0.533886422061229,0.536690815611124,17116,9138,9186,0.533886422061229,0.536690815611124,-0.00280439354989481,-0.00280439354989481,16572,8890,0.536447019068308,544,248,0.455882352941176,0.534258846065676,0.0347228271197237
2025,240,Calendar-only,0.025,11400,6230,6230,0.666043468100023,0.546491228070176,0.546491228070176,17116,9138,9186,0.533886422061229,0.536690815611124,0.00980041245905139,0,11400,6230,0.546491228070176,0,0,,0.545200446567229,0.0452004465672289
2025,240,Calendar-only,0.05,3934,2181,2181,0.229843421360131,0.554397559735638,0.554397559735638,17116,9138,9186,0.533886422061229,0.536690815611124,0.0177067441245139,0,3934,2181,0.554397559735638,0,0,,0.560720045994295,0.0607200459942952
2025,240,Calendar-only,0.075,240,146,146,0.0140219677494742,0.608333333333333,0.608333333333333,17116,9138,9186,0.533886422061229,0.536690815611124,0.0716425177222092,0,240,146,0.608333333333333,0,0,,0.586980874327845,0.0869808743278454
2025,240,Market-state,0,17116,9191,9186,1,0.536982939939238,0.536690815611124,17116,9191,9186,0.536982939939238,0.536690815611124,0.000292124328114096,0.000292124328114096,17105,9183,0.536860567085648,11,8,0.727272727272727,0.533357758535479,0.0333725197009838
2025,240,Market-state,0.025,15804,8517,8515,0.923346576302874,0.538914198936978,0.538787648696533,17116,9191,9186,0.536982939939238,0.536690815611124,0.00222338332585392,0.0001265502404455,15802,8515,0.538855841032781,2,2,1,0.534310438924135,0.0343186307765824
2025,240,Market-state,0.05,832,474,474,0.0486094881981772,0.569711538461538,0.569711538461538,17116,9191,9186,0.536982939939238,0.536690815611124,0.0330207228504144,0,832,474,0.569711538461538,0,0,,0.566673617862969,0.0666736178629694
2025,240,Market-state,0.075,139,83,83,0.00812105632157046,0.597122302158273,0.597122302158273,17116,9191,9186,0.536982939939238,0.536690815611124,0.0604314865471492,0,139,83,0.597122302158273,0,0,,0.611755182824921,0.111755182824921
2025,240,Market-state,0.1,47,28,28,0.00274596868427203,0.595744680851064,0.595744680851064,17116,9191,9186,0.536982939939238,0.536690815611124,0.0590538652399397,0,47,28,0.595744680851064,0,0,,0.663554062447382,0.163554062447382
2025,240,Market-state,0.15,22,14,14,0.0012853470437018,0.636363636363636,0.636363636363636,17116,9191,9186,0.536982939939238,0.536690815611124,0.0996728207525123,0,22,14,0.636363636363636,0,0,,0.717535473879715,0.217535473879715
2025,240,Full,0,17116,9213,9186,1,0.53826828698294,0.536690815611124,17116,9213,9186,0.53826828698294,0.536690815611124,0.00157747137181585,0.00157747137181585,16527,8905,0.538815271979186,589,308,0.522920203735144,0.533704833312183,0.0340148972007185
2025,240,Full,0.025,12050,6550,6547,0.704019630754849,0.54356846473029,0.543319502074689,17116,9213,9186,0.53826828698294,0.536690815611124,0.00687764911916633,0.000248962655601592,12045,6546,0.54346201743462,5,4,0.8,0.542473172035146,0.0424980757043786
2025,240,Full,0.05,2369,1352,1352,0.138408506660435,0.57070493879274,0.57070493879274,17116,9213,9186,0.53826828698294,0.536690815611124,0.0340141231816155,0,2369,1352,0.57070493879274,0,0,,0.565484276227201,0.0654842762272014
2025,240,Full,0.075,519,327,327,0.0303225052582379,0.630057803468208,0.630057803468208,17116,9213,9186,0.53826828698294,0.536690815611124,0.093366987857084,0,519,327,0.630057803468208,0,0,,0.589213440791897,0.0892134407918974
2025,240,Full,0.1,68,44,44,0.00397289086235102,0.647058823529412,0.647058823529412,17116,9213,9186,0.53826828698294,0.536690815611124,0.110368007918288,0,68,44,0.647058823529412,0,0,,0.63241943731902,0.13241943731902
2025,240,Full,0.15,20,15,15,0.00116849731245618,0.75,0.75,17116,9213,9186,0.53826828698294,0.536690815611124,0.213309184388876,0,20,15,0.75,0,0,,0.687632330524516,0.187632330524516
2026,240,Calendar-only,0,3436,1851,1847,1,0.538707799767171,0.537543655413271,3436,1851,1847,0.538707799767171,0.537543655413271,0.00116414435389989,0.00116414435389989,3308,1785,0.539600967351874,128,66,0.515625,0.533904275712023,0.0344256362135097
2026,240,Calendar-only,0.025,2285,1205,1205,0.665017462165309,0.527352297592998,0.527352297592998,3436,1851,1847,0.538707799767171,0.537543655413271,-0.0101913578202734,0,2285,1205,0.527352297592998,0,0,,0.544953404405482,0.0449534044054819
2026,240,Calendar-only,0.05,816,426,426,0.237485448195576,0.522058823529412,0.522058823529412,3436,1851,1847,0.538707799767171,0.537543655413271,-0.0154848318838594,0,816,426,0.522058823529412,0,0,,0.559824659090509,0.059824659090509
2026,240,Calendar-only,0.075,47,19,19,0.0136786961583236,0.404255319148936,0.404255319148936,3436,1851,1847,0.538707799767171,0.537543655413271,-0.133288336264335,0,47,19,0.404255319148936,0,0,,0.58707579490795,0.08707579490795
2026,240,Calendar-only,0.1,8,3,3,0.00232828870779977,0.375,0.375,3436,1851,1847,0.538707799767171,0.537543655413271,-0.162543655413271,0,8,3,0.375,0,0,,0.600573251484773,0.100573251484773
2026,240,Market-state,0,3436,1847,1847,1,0.537543655413271,0.537543655413271,3436,1847,1847,0.537543655413271,0.537543655413271,0,0,3436,1847,0.537543655413271,0,0,,0.533985919560507,0.0339859195605066
2026,240,Market-state,0.025,3133,1643,1643,0.911816065192084,0.524417491222471,0.524417491222471,3436,1847,1847,0.537543655413271,0.537543655413271,-0.0131261641908007,0,3133,1643,0.524417491222471,0,0,,0.535151714579731,0.0351517145797313
2026,240,Market-state,0.05,221,117,117,0.0643189755529686,0.529411764705882,0.529411764705882,3436,1847,1847,0.537543655413271,0.537543655413271,-0.00813189070738885,0,221,117,0.529411764705882,0,0,,0.558779131809717,0.0587791318097171
2026,240,Market-state,0.075,9,5,5,0.00261932479627474,0.555555555555556,0.555555555555556,3436,1847,1847,0.537543655413271,0.537543655413271,0.0180119001422844,0,9,5,0.555555555555556,0,0,,0.584620158704399,0.0846201587043987
2026,240,Full,0,3436,1802,1847,1,0.524447031431898,0.537543655413271,3436,1802,1847,0.524447031431898,0.537543655413271,-0.0130966239813737,-0.0130966239813737,3339,1776,0.531895777178796,97,26,0.268041237113402,0.53353671129603,0.0337775504500779
2026,240,Full,0.025,2293,1221,1221,0.667345750873108,0.532490187527257,0.532490187527257,3436,1802,1847,0.524447031431898,0.537543655413271,-0.00505346788601435,0,2293,1221,0.532490187527257,0,0,,0.543702906335565,0.0437029063355653
2026,240,Full,0.05,515,273,273,0.14988358556461,0.530097087378641,0.530097087378641,3436,1802,1847,0.524447031431898,0.537543655413271,-0.0074465680346304,0,515,273,0.530097087378641,0,0,,0.563817239234285,0.0638172392342847
2026,240,Full,0.075,91,49,49,0.0264842840512224,0.538461538461538,0.538461538461538,3436,1802,1847,0.524447031431898,0.537543655413271,0.000917883048267232,0,91,49,0.538461538461538,0,0,,0.592383840626619,0.0923838406266186
2026,240,Full,0.1,25,15,15,0.00727590221187427,0.6,0.6,3436,1802,1847,0.524447031431898,0.537543655413271,0.0624563445867288,0,25,15,0.6,0,0,,0.604633242979564,0.104633242979564
2017,360,Calendar-only,0,6473,3635,3794,1,0.561563417271744,0.586126989031361,6473,3635,3794,0.561563417271744,0.586126989031361,-0.0245635717596169,-0.0245635717596169,5386,3171,0.588748607500928,1087,464,0.426862925482981,0.522311774771143,0.0257659127760031
2017,360,Calendar-only,0.025,3006,1756,1764,0.464390545342191,0.58416500332668,0.586826347305389,6473,3635,3794,0.561563417271744,0.586126989031361,-0.00196198570468109,-0.00266134397870921,2956,1735,0.586941813261164,50,21,0.42,0.540094484657471,0.0410252180849202
2017,360,Calendar-only,0.05,647,356,356,0.0999536536381894,0.550231839258114,0.550231839258114,6473,3635,3794,0.561563417271744,0.586126989031361,-0.0358951497732467,0,647,356,0.550231839258114,0,0,,0.559143747017065,0.0591437470170649
2017,360,Market-state,0,6473,3728,3794,1,0.57593078943303,0.586126989031361,6473,3728,3794,0.57593078943303,0.586126989031361,-0.0101961995983315,-0.0101961995983315,5817,3433,0.590166752621626,656,295,0.44969512195122,0.510878653321378,0.0115600551237469
2017,360,Market-state,0.025,562,345,345,0.08682218445852,0.613879003558719,0.613879003558719,6473,3728,3794,0.57593078943303,0.586126989031361,0.0277520145273578,0,562,345,0.613879003558719,0,0,,0.531534259862691,0.0315342598626905
2017,360,Market-state,0.05,10,6,6,0.00154487872701993,0.6,0.6,6473,3728,3794,0.57593078943303,0.586126989031361,0.0138730109686389,0,10,6,0.6,0,0,,0.558335427339135,0.0583354273391349
2017,360,Market-state,0.075,1,1,1,0.000154487872701993,1,1,6473,3728,3794,0.57593078943303,0.586126989031361,0.413873010968639,0,1,1,1,0,0,,0.575946430569385,0.0759464305693844
2017,360,Full,0,6473,3485,3794,1,0.538390236366445,0.586126989031361,6473,3485,3794,0.538390236366445,0.586126989031361,-0.0477367526649158,-0.0477367526649158,4320,2563,0.593287037037037,2153,922,0.428239665582908,0.512254126315121,0.02541297762508
2017,360,Full,0.025,2598,1425,1518,0.401359493279778,0.548498845265589,0.584295612009238,6473,3485,3794,0.538390236366445,0.586126989031361,-0.0376281437657722,-0.035796766743649,2071,1208,0.583293095123129,527,217,0.411764705882353,0.527130958962408,0.0471329593213436
2017,360,Full,0.05,600,330,358,0.0926927236211957,0.55,0.596666666666667,6473,3485,3794,0.538390236366445,0.586126989031361,-0.036126989031361,-0.0466666666666666,506,297,0.586956521739131,94,33,0.351063829787234,0.545332155236919,0.0847122446784692
2017,360,Full,0.075,211,99,116,0.0325969411401205,0.469194312796209,0.549763033175355,6473,3485,3794,0.538390236366445,0.586126989031361,-0.116932676235153,-0.0805687203791469,150,77,0.513333333333333,61,22,0.360655737704918,0.541978359603345,0.13461796277706
2017,360,Full,0.1,181,80,93,0.0279623049590607,0.441988950276243,0.513812154696133,6473,3485,3794,0.538390236366445,0.586126989031361,-0.144138038755118,-0.0718232044198896,128,60,0.46875,53,20,0.377358490566038,0.542350885173942,0.142742877148817
2017,360,Full,0.15,66,23,33,0.0101961995983315,0.348484848484849,0.5,6473,3485,3794,0.538390236366445,0.586126989031361,-0.237642140546513,-0.151515151515152,22,6,0.272727272727273,44,17,0.386363636363636,0.432778118040362,0.17545996189218
2018,360,Calendar-only,0,13776,7306,7392,1,0.53034262485482,0.536585365853659,13776,7306,7392,0.53034262485482,0.536585365853659,-0.00624274099883859,-0.00624274099883859,13234,7078,0.534834517152788,542,228,0.420664206642066,0.534404672183745,0.0350404862106481
2018,360,Calendar-only,0.025,10309,5512,5512,0.748330429732869,0.534678436317781,0.534678436317781,13776,7306,7392,0.53034262485482,0.536585365853659,-0.00190692953587801,0,10309,5512,0.534678436317781,0,0,,0.542170732126511,0.0421707321265104
2018,360,Calendar-only,0.05,2559,1289,1289,0.185757839721254,0.503712387651426,0.503712387651426,13776,7306,7392,0.53034262485482,0.536585365853659,-0.0328729782022322,0,2559,1289,0.503712387651426,0,0,,0.558637523337916,0.0586375233379156
2018,360,Market-state,0,13776,7395,7392,1,0.536803135888502,0.536585365853659,13776,7395,7392,0.536803135888502,0.536585365853659,0.000217770034843134,0.000217770034843134,13749,7380,0.536766310277111,27,15,0.555555555555556,0.53204332962055,0.032127080491069
2018,360,Market-state,0.025,11167,6034,6034,0.810612659698026,0.540342079340915,0.540342079340915,13776,7395,7392,0.536803135888502,0.536585365853659,0.00375671348725659,0,11161,6031,0.540363766687573,6,3,0.5,0.534671060923434,0.0347423557797137
2018,360,Market-state,0.05,525,285,286,0.038109756097561,0.542857142857143,0.544761904761905,13776,7395,7392,0.536803135888502,0.536585365853659,0.00627177700348425,-0.00190476190476196,522,284,0.544061302681992,3,1,0.333333333333333,0.556838556005016,0.0578966011290937
2018,360,Market-state,0.075,27,20,21,0.00195993031358885,0.740740740740741,0.777777777777778,13776,7395,7392,0.536803135888502,0.536585365853659,0.204155374887082,-0.0370370370370371,24,19,0.791666666666667,3,1,0.333333333333333,0.568143981045005,0.0887170806798495
2018,360,Market-state,0.1,5,4,3,0.000362950058072009,0.8,0.6,13776,7395,7392,0.536803135888502,0.536585365853659,0.263414634146342,0.2,4,3,0.75,1,1,1,0.563342155799531,0.106417116586213
2018,360,Full,0,13776,7486,7392,1,0.543408826945412,0.536585365853659,13776,7486,7392,0.543408826945412,0.536585365853659,0.00682346109175369,0.00682346109175369,12776,6939,0.543127739511584,1000,547,0.547,0.542461813975982,0.0459545090294662
2018,360,Full,0.025,9612,5181,5081,0.697735191637631,0.539013732833958,0.528610070744902,13776,7486,7392,0.543408826945412,0.536585365853659,0.00242836698029902,0.0104036620890554,9234,4942,0.535196014728179,378,239,0.632275132275132,0.556395347450461,0.0605643432610873
2018,360,Full,0.05,5332,2781,2738,0.387049941927991,0.521567891972993,0.513503375843961,13776,7486,7392,0.543408826945412,0.536585365853659,-0.0150174738806653,0.00806451612903225,5117,2652,0.518272425249169,215,129,0.6,0.573871041629526,0.0791031744465541
2018,360,Full,0.075,2269,1224,1220,0.164706736353078,0.539444689290436,0.537681798148964,13776,7486,7392,0.543408826945412,0.536585365853659,0.00285932343677775,0.00176289114147199,2225,1200,0.539325842696629,44,24,0.545454545454545,0.599584173333817,0.102762003229041
2018,360,Full,0.1,1009,589,589,0.0732433217189315,0.583746283448959,0.583746283448959,13776,7486,7392,0.543408826945412,0.536585365853659,0.0471609175953008,0,1007,588,0.583912611717974,2,1,0.5,0.623836989720229,0.124326843210251
2018,360,Full,0.15,142,86,86,0.0103077816492451,0.605633802816901,0.605633802816901,13776,7486,7392,0.543408826945412,0.536585365853659,0.0690484369632428,0,142,86,0.605633802816901,0,0,,0.661326609127928,0.161326609127928
2019,360,Calendar-only,0,15367,8301,8452,1,0.540183510119086,0.550009761176547,15367,8301,8452,0.540183510119086,0.550009761176547,-0.00982625105746071,-0.00982625105746071,14434,7910,0.548011639185257,933,391,0.419078242229368,0.53485693676456,0.0363546323314126
2019,360,Calendar-only,0.025,10532,5718,5757,0.685364742630312,0.542916824914546,0.546619825294341,15367,8301,8452,0.540183510119086,0.550009761176547,-0.00709293626200092,-0.00370300037979487,10357,5650,0.545524765858839,175,68,0.388571428571429,0.54513570061873,0.0463680438904515
2019,360,Calendar-only,0.05,3943,2127,2127,0.256588794169324,0.539436976921126,0.539436976921126,15367,8301,8452,0.540183510119086,0.550009761176547,-0.0105727842554211,0,3943,2127,0.539436976921126,0,0,,0.562179562569431,0.062179562569431
2019,360,Calendar-only,0.075,606,317,317,0.0394351532504718,0.523102310231023,0.523102310231023,15367,8301,8452,0.540183510119086,0.550009761176547,-0.026907450945524,0,606,317,0.523102310231023,0,0,,0.580406845154029,0.0804068451540289
2019,360,Market-state,0,15367,8447,8452,1,0.549684388624976,0.550009761176547,15367,8447,8452,0.549684388624976,0.550009761176547,-0.000325372551571501,-0.000325372551571501,15342,8437,0.549928301394864,25,10,0.4,0.529888877721654,0.0299597463664363
2019,360,Market-state,0.025,11002,6029,6029,0.715949762478037,0.547991274313761,0.547991274313761,15367,8447,8452,0.549684388624976,0.550009761176547,-0.00201848686278594,0,10994,6025,0.548026196106967,8,4,0.5,0.533537492791563,0.0336106840622489
2019,360,Market-state,0.05,441,234,235,0.0286978590486107,0.530612244897959,0.532879818594104,15367,8447,8452,0.549684388624976,0.550009761176547,-0.0193975162785879,-0.00226757369614505,438,233,0.531963470319635,3,1,0.333333333333333,0.56053944230345,0.0614895778970844
2019,360,Market-state,0.075,52,27,28,0.00338387453634411,0.519230769230769,0.538461538461538,15367,8447,8452,0.549684388624976,0.550009761176547,-0.0307789919457778,-0.0192307692307692,51,27,0.529411764705882,1,0,0,0.587941783974774,0.0912003969724753
2019,360,Market-state,0.1,14,7,7,0.000911043144400338,0.5,0.5,15367,8447,8452,0.549684388624976,0.550009761176547,-0.0500097611765471,0,14,7,0.5,0,0,,0.607158068850175,0.107158068850174
2019,360,Full,0,15367,8226,8452,1,0.535302921845513,0.550009761176547,15367,8226,8452,0.535302921845513,0.550009761176547,-0.014706839331034,-0.014706839331034,13647,7479,0.548032534622994,1720,747,0.434302325581395,0.532975922841753,0.0436360191604533
2019,360,Full,0.025,10371,5521,5706,0.674887746469708,0.532349821617973,0.550188024298525,15367,8226,8452,0.535302921845513,0.550009761176547,-0.0176599395585739,-0.0178382026805516,9566,5211,0.54474179385323,805,310,0.385093167701863,0.543707793456806,0.0580713274351125
2019,360,Full,0.05,5258,2745,2916,0.342161775232641,0.52206162038798,0.554583491821986,15367,8226,8452,0.535302921845513,0.550009761176547,-0.0279481407885669,-0.0325218714340053,4587,2495,0.543928493568781,671,250,0.3725782414307,0.552211317510855,0.0786961651220431
2019,360,Full,0.075,2388,1169,1307,0.155397930630572,0.489530988274707,0.547319932998325,15367,8226,8452,0.535302921845513,0.550009761176547,-0.0604787729018402,-0.0577889447236181,1828,958,0.524070021881838,560,211,0.376785714285714,0.547586541387037,0.100124207717915
2019,360,Full,0.1,826,351,474,0.05375154551962,0.424939467312349,0.573849878934625,15367,8226,8452,0.535302921845513,0.550009761176547,-0.125070293864198,-0.148910411622276,395,197,0.49873417721519,431,154,0.357308584686775,0.504333587297037,0.128308233150695
2019,360,Full,0.15,127,55,55,0.00826446280991736,0.433070866141732,0.433070866141732,15367,8226,8452,0.535302921845513,0.550009761176547,-0.116938895034815,0,127,55,0.433070866141732,0,0,,0.658043993906103,0.158043993906103
2020,360,Calendar-only,0,15932,8934,8928,1,0.560758222445393,0.560381621893045,15932,8934,8928,0.560758222445393,0.560381621893045,0.000376600552347561,0.000376600552347561,15634,8782,0.56172444671869,298,152,0.51006711409396,0.539009106515066,0.0393031436461576
2020,360,Calendar-only,0.025,12629,7129,7129,0.792681395932714,0.564494417610262,0.564494417610262,15932,8934,8928,0.560758222445393,0.560381621893045,0.00411279571721668,0,12629,7129,0.564494417610262,0,0,,0.545887776173551,0.0458877761735508
2020,360,Calendar-only,0.05,4117,2277,2277,0.258410745669094,0.553072625698324,0.553072625698324,15932,8934,8928,0.560758222445393,0.560381621893045,-0.00730899619472136,0,4117,2277,0.553072625698324,0,0,,0.56242717280163,0.0624271728016299
2020,360,Calendar-only,0.075,446,252,252,0.0279939743911624,0.565022421524664,0.565022421524664,15932,8934,8928,0.560758222445393,0.560381621893045,0.00464079963161823,0,446,252,0.565022421524664,0,0,,0.585296238508099,0.0852962385080988
2020,360,Market-state,0,15932,8913,8928,1,0.559440120512177,0.560381621893045,15932,8913,8928,0.559440120512177,0.560381621893045,-0.000941501380868681,-0.000941501380868681,15885,8897,0.560088133459238,47,16,0.340425531914894,0.538701643077828,0.0388410554415779
2020,360,Market-state,0.025,15334,8599,8599,0.962465478282702,0.560779966088431,0.560779966088431,15932,8913,8928,0.559440120512177,0.560381621893045,0.000398344195385536,0,15322,8593,0.560827568202585,12,6,0.5,0.539515907577008,0.0396106293899457
2020,360,Market-state,0.05,1395,801,798,0.0875596284207884,0.574193548387097,0.572043010752688,15932,8913,8928,0.559440120512177,0.560381621893045,0.0138119264940514,0.00215053763440864,1388,796,0.573487031700288,7,5,0.714285714285714,0.561198690881927,0.0619783405173117
2020,360,Market-state,0.075,168,83,81,0.0105448154657293,0.494047619047619,0.482142857142857,15932,8913,8928,0.559440120512177,0.560381621893045,-0.0663340028454264,0.0119047619047619,166,81,0.487951807228916,2,2,1,0.594771636410526,0.0978686430524886
2020,360,Market-state,0.1,53,23,22,0.00332663821240271,0.433962264150943,0.415094339622642,15932,8913,8928,0.559440120512177,0.560381621893045,-0.126419357742102,0.0188679245283019,52,22,0.423076923076923,1,1,1,0.620215115157152,0.126413656791752
2020,360,Market-state,0.15,8,3,2,0.000502134069796636,0.375,0.25,15932,8913,8928,0.559440120512177,0.560381621893045,-0.185381621893045,0.125,7,2,0.285714285714286,1,1,1,0.625245572197426,0.166310910526651
2020,360,Full,0,15932,8961,8928,1,0.562452924930957,0.560381621893045,15932,8961,8928,0.562452924930957,0.560381621893045,0.00207130303791114,0.00207130303791114,15605,8781,0.562704261454662,327,180,0.55045871559633,0.543683744774812,0.0441050613627217
2020,360,Full,0.025,12212,6943,6942,0.766507657544564,0.568539141827711,0.56845725515886,15932,8961,8928,0.562452924930957,0.560381621893045,0.00815751993466507,8.18866688503395e-05,12185,6929,0.568649979482971,27,14,0.518518518518519,0.552679966545503,0.0529263522896294
2020,360,Full,0.05,6423,3613,3613,0.403150891287974,0.562509730655457,0.562509730655457,15932,8961,8928,0.562452924930957,0.560381621893045,0.00212810876241154,0,6411,3607,0.562626735298705,12,6,0.5,0.566237615960334,0.0665413720554819
2020,360,Full,0.075,1409,750,750,0.0884383630429325,0.532292405961675,0.532292405961675,15932,8961,8928,0.562452924930957,0.560381621893045,-0.0280892159313705,0,1403,747,0.532430506058446,6,3,0.5,0.586284823284815,0.0871832332701473
2020,360,Full,0.1,164,90,89,0.010293748430831,0.548780487804878,0.542682926829268,15932,8961,8928,0.562452924930957,0.560381621893045,-0.0116011340881673,0.00609756097560976,161,88,0.546583850931677,3,2,0.666666666666667,0.618557571196872,0.123248474058962
2020,360,Full,0.15,19,6,5,0.00119256841576701,0.315789473684211,0.263157894736842,15932,8961,8928,0.562452924930957,0.560381621893045,-0.244592148208835,0.0526315789473684,18,5,0.277777777777778,1,1,1,0.65417173335981,0.171195901198269
2021,360,Calendar-only,0,16503,9121,9192,1,0.552687390171484,0.556989638247591,16503,9121,9192,0.552687390171484,0.556989638247591,-0.00430224807610746,-0.00430224807610746,16092,8951,0.556239125031071,411,170,0.413625304136253,0.543346931823819,0.0437843898496574
2021,360,Calendar-only,0.025,13388,7379,7379,0.811246440041205,0.551165222587392,0.551165222587392,16503,9121,9192,0.552687390171484,0.556989638247591,-0.00582441566019976,0,13388,7379,0.551165222587392,0,0,,0.550645812214854,0.0506458122148538
2021,360,Calendar-only,0.05,6308,3446,3446,0.382233533296976,0.546290424857324,0.546290424857324,16503,9121,9192,0.552687390171484,0.556989638247591,-0.0106992133902674,0,6308,3446,0.546290424857324,0,0,,0.563849465337713,0.0638494653377128
2021,360,Calendar-only,0.075,839,431,431,0.0508392413500576,0.513706793802145,0.513706793802145,16503,9121,9192,0.552687390171484,0.556989638247591,-0.043282844445446,0,839,431,0.513706793802145,0,0,,0.584393313747953,0.0843933137479532
2021,360,Calendar-only,0.1,98,42,42,0.00593831424589469,0.428571428571429,0.428571428571429,16503,9121,9192,0.552687390171484,0.556989638247591,-0.128418209676163,0,98,42,0.428571428571429,0,0,,0.605527815063454,0.105527815063454
2021,360,Market-state,0,16503,9193,9192,1,0.557050233290917,0.556989638247591,16503,9193,9192,0.557050233290917,0.556989638247591,6.0595043325451e-05,6.0595043325451e-05,16494,9188,0.557051048866255,9,5,0.555555555555556,0.541410799178585,0.041432429069231
2021,360,Market-state,0.025,16410,9139,9137,0.994364660970733,0.556916514320536,0.55679463741621,16503,9193,9192,0.557050233290917,0.556989638247591,-7.31239270551631e-05,0.000121876904326634,16408,9137,0.556862506094588,2,2,1,0.541547880750013,0.041562082067047
2021,360,Market-state,0.05,993,526,525,0.0601708780221778,0.529707955689829,0.528700906344411,16503,9193,9192,0.557050233290917,0.556989638247591,-0.0272816825577626,0.00100704934541784,992,525,0.529233870967742,1,1,1,0.554064662822226,0.0542157867857342
2021,360,Market-state,0.075,13,4,3,0.000787735563230928,0.307692307692308,0.230769230769231,16503,9193,9192,0.557050233290917,0.556989638247591,-0.249297330555284,0.0769230769230769,12,3,0.25,1,1,1,0.567367285077784,0.0789108309057236
2021,360,Full,0,16503,8996,9192,1,0.545113009755802,0.556989638247591,16503,8996,9192,0.545113009755802,0.556989638247591,-0.0118766284917894,-0.0118766284917894,15605,8645,0.553989106055751,898,351,0.39086859688196,0.543662228074882,0.0444226180908096
2021,360,Full,0.025,13096,7145,7159,0.793552687390172,0.545586438607208,0.546655467318265,16503,8996,9192,0.545113009755802,0.556989638247591,-0.0114031996403831,-0.00106902871105674,13064,7136,0.546233925290876,32,9,0.28125,0.552668850440361,0.0528346834317909
2021,360,Full,0.05,7418,4037,4036,0.449494031388232,0.544216770018873,0.544081962793206,16503,8996,9192,0.545113009755802,0.556989638247591,-0.0127728682287184,0.000134807225667277,7415,4035,0.544167228590695,3,2,0.666666666666667,0.564467842777257,0.0645249828444
2021,360,Full,0.075,1516,815,814,0.0918620856813913,0.537598944591029,0.536939313984169,16503,8996,9192,0.545113009755802,0.556989638247591,-0.0193906936565624,0.00065963060686014,1515,814,0.537293729372937,1,1,1,0.58219879289221,0.0823111771222743
2021,360,Full,0.1,15,9,9,0.00090892564988184,0.6,0.6,16503,8996,9192,0.545113009755802,0.556989638247591,0.0430103617524086,0,15,9,0.6,0,0,,0.604417251377579,0.104417251377579
2022,360,Calendar-only,0,17062,8538,8520,1,0.500410268432775,0.499355292462783,17062,8538,8520,0.500410268432775,0.499355292462783,0.00105497596999177,0.00105497596999177,16854,8425,0.499881333807998,208,113,0.543269230769231,0.545419923584027,0.0454882750718419
2022,360,Calendar-only,0.025,14717,7407,7407,0.862560075020513,0.503295508595502,0.503295508595502,17062,8538,8520,0.500410268432775,0.499355292462783,0.00394021613271894,0,14717,7407,0.503295508595502,0,0,,0.550321819225302,0.0503218192253018
2022,360,Calendar-only,0.05,7127,3626,3626,0.41771187434064,0.508769468219447,0.508769468219447,17062,8538,8520,0.500410268432775,0.499355292462783,0.00941417575666431,0,7127,3626,0.508769468219447,0,0,,0.562524340383834,0.0625243403838336
2022,360,Calendar-only,0.075,1083,569,569,0.0634743875278396,0.52539242843952,0.52539242843952,17062,8538,8520,0.500410268432775,0.499355292462783,0.026037135976737,0,1083,569,0.52539242843952,0,0,,0.581900721891038,0.0819007218910379
2022,360,Calendar-only,0.1,50,28,28,0.00293048880553276,0.56,0.56,17062,8538,8520,0.500410268432775,0.499355292462783,0.0606447075372172,0,50,28,0.56,0,0,,0.605843118376493,0.105843118376493
2022,360,Market-state,0,17062,8529,8520,1,0.499882780447779,0.499355292462783,17062,8529,8520,0.499882780447779,0.499355292462783,0.000527487984995856,0.000527487984995856,17005,8496,0.499617759482505,57,33,0.578947368421053,0.544535515312515,0.0448095619967146
2022,360,Market-state,0.025,16752,8350,8353,0.981830969405697,0.498447946513849,0.498627029608405,17062,8529,8520,0.499882780447779,0.499355292462783,-0.000907345948933713,-0.000179083094555887,16729,8340,0.498535477314842,23,10,0.434782608695652,0.545096799503405,0.0453362642580459
2022,360,Market-state,0.05,3019,1600,1600,0.176942914078068,0.529976813514409,0.529976813514409,17062,8529,8520,0.499882780447779,0.499355292462783,0.0306215210516259,0,3003,1592,0.53013653013653,16,8,0.5,0.55612874635529,0.0573198820096087
2022,360,Market-state,0.075,132,76,77,0.0077364904466065,0.575757575757576,0.583333333333333,17062,8529,8520,0.499882780447779,0.499355292462783,0.076402283294793,-0.00757575757575757,121,71,0.586776859504132,11,5,0.454545454545455,0.577552530433072,0.100505512099459
2022,360,Market-state,0.1,49,35,37,0.00287187902942211,0.714285714285714,0.755102040816326,17062,8529,8520,0.499882780447779,0.499355292462783,0.214930421822932,-0.0408163265306122,41,32,0.780487804878049,8,3,0.375,0.576130949067023,0.127030861223666
2022,360,Market-state,0.15,7,5,6,0.000410268432774587,0.714285714285714,0.857142857142857,17062,8529,8520,0.499882780447779,0.499355292462783,0.214930421822932,-0.142857142857143,4,4,1,3,1,0.333333333333333,0.502784705610433,0.19179936205132
2022,360,Full,0,17062,8544,8520,1,0.500761927089439,0.499355292462783,17062,8544,8520,0.500761927089439,0.499355292462783,0.00140663462665575,0.00140663462665575,16822,8412,0.500059445963619,240,132,0.55,0.546479485277512,0.0470633487532766
2022,360,Full,0.025,14832,7536,7533,0.869300199273239,0.508090614886731,0.507888349514563,17062,8544,8520,0.500761927089439,0.499355292462783,0.00873532242394853,0.000202265372168275,14779,7508,0.508018133838555,53,28,0.528301886792453,0.551136671696584,0.0516055017843685
2022,360,Full,0.05,7439,3906,3906,0.435998124487164,0.525070574001882,0.525070574001882,17062,8544,8520,0.500761927089439,0.499355292462783,0.0257152815390991,0,7419,3896,0.525138158781507,20,10,0.5,0.563540574893314,0.0641417144159725
2022,360,Full,0.075,1225,676,676,0.0717969757355527,0.551836734693878,0.551836734693878,17062,8544,8520,0.500761927089439,0.499355292462783,0.0524814422310947,0,1213,670,0.55234954657873,12,6,0.5,0.583005844331127,0.0858349594019204
2022,360,Full,0.1,110,68,70,0.00644707537217208,0.618181818181818,0.636363636363636,17062,8544,8520,0.500761927089439,0.499355292462783,0.118826525719035,-0.0181818181818182,100,64,0.64,10,4,0.4,0.587067839763109,0.115265765892171
2022,360,Full,0.15,8,5,7,0.000468878208885242,0.625,0.875,17062,8544,8520,0.500761927089439,0.499355292462783,0.125644707537217,-0.25,4,4,1,4,1,0.25,0.476823742140705,0.190459678331108
2023,360,Calendar-only,0,16744,8997,9058,1,0.537326803631152,0.540969899665552,16744,8997,9058,0.537326803631152,0.540969899665552,-0.00364309603440038,-0.00364309603440038,16027,8669,0.540899731702752,717,328,0.457461645746165,0.537806916154749,0.0381865995445973
2023,360,Calendar-only,0.025,12346,6697,6697,0.737338748208313,0.542442896484691,0.542442896484691,16744,8997,9058,0.537326803631152,0.540969899665552,0.00147299681913948,0,12346,6697,0.542442896484691,0,0,,0.547063193997495,0.0470631939974947
2023,360,Calendar-only,0.05,4560,2474,2474,0.272336359292881,0.542543859649123,0.542543859649123,16744,8997,9058,0.537326803631152,0.540969899665552,0.00157395998357091,0,4560,2474,0.542543859649123,0,0,,0.561437638554052,0.0614376385540523
2023,360,Calendar-only,0.075,468,267,267,0.0279503105590062,0.57051282051282,0.57051282051282,16744,8997,9058,0.537326803631152,0.540969899665552,0.0295429208472686,0,468,267,0.57051282051282,0,0,,0.5809902112982,0.0809902112982
2023,360,Market-state,0,16744,9055,9058,1,0.540790731008122,0.540969899665552,16744,9055,9058,0.540790731008122,0.540969899665552,-0.000179168657429507,-0.000179168657429507,16737,9053,0.540897412917488,7,2,0.285714285714286,0.537598290038133,0.0376143328116382
2023,360,Market-state,0.025,16473,8915,8917,0.983815097945533,0.541188611667577,0.541310022460997,16744,9055,9058,0.540790731008122,0.540969899665552,0.00021871200202539,-0.000121410793419541,16471,8915,0.541254325784713,2,0,0,0.537885174480507,0.0378929631873673
2023,360,Market-state,0.05,350,198,198,0.0209030100334448,0.565714285714286,0.565714285714286,16744,9055,9058,0.540790731008122,0.540969899665552,0.0247443860487339,0,350,198,0.565714285714286,0,0,,0.55517120963563,0.0551712096356296
2023,360,Market-state,0.075,1,1,1,5.97228858098423e-05,1,1,16744,9055,9058,0.540790731008122,0.540969899665552,0.459030100334448,0,1,1,1,0,0,,0.575190662918419,0.0751906629184191
2023,360,Full,0,16744,8996,9058,1,0.537267080745342,0.540969899665552,16744,8996,9058,0.537267080745342,0.540969899665552,-0.00370281892021029,-0.00370281892021029,15514,8412,0.542219930385458,1230,584,0.47479674796748,0.537476471035632,0.0387663033234628
2023,360,Full,0.025,12826,6892,6895,0.766005733397038,0.537346015905193,0.537579915796039,16744,8996,9058,0.537267080745342,0.540969899665552,-0.00362388376035927,-0.000233899890846656,12797,6879,0.537547862780339,29,13,0.448275862068966,0.546534725272826,0.0466722070486143
2023,360,Full,0.05,4955,2750,2750,0.295926899187769,0.554994954591322,0.554994954591322,16744,8996,9058,0.537267080745342,0.540969899665552,0.01402505492577,0,4955,2750,0.554994954591322,0,0,,0.562667450402339,0.0626674504023394
2023,360,Full,0.075,720,388,388,0.0430004777830865,0.538888888888889,0.538888888888889,16744,8996,9058,0.537267080745342,0.540969899665552,-0.00208101077666301,0,720,388,0.538888888888889,0,0,,0.58055203211787,0.0805520321178702
2023,360,Full,0.1,15,2,2,0.000895843287147635,0.133333333333333,0.133333333333333,16744,8996,9058,0.537267080745342,0.540969899665552,-0.407636566332219,0,15,2,0.133333333333333,0,0,,0.6061620548595,0.1061620548595
2024,360,Calendar-only,0,16664,8861,8905,1,0.531745079212674,0.534385501680269,16664,8861,8905,0.531745079212674,0.534385501680269,-0.00264042246759488,-0.00264042246759488,16176,8639,0.534062809099901,488,222,0.454918032786885,0.538401773341642,0.0386741817752624
2024,360,Calendar-only,0.025,12398,6610,6610,0.743999039846375,0.533150508146475,0.533150508146475,16664,8861,8905,0.531745079212674,0.534385501680269,-0.00123499353379364,0,12398,6610,0.533150508146475,0,0,,0.54715321121366,0.0471532112136595
2024,360,Calendar-only,0.05,4138,2118,2118,0.248319731156985,0.511841469308845,0.511841469308845,16664,8861,8905,0.531745079212674,0.534385501680269,-0.022544032371424,0,4138,2118,0.511841469308845,0,0,,0.563051062992497,0.0630510629924971
2024,360,Calendar-only,0.075,682,353,353,0.0409265482477196,0.517595307917889,0.517595307917889,16664,8861,8905,0.531745079212674,0.534385501680269,-0.0167901937623803,0,682,353,0.517595307917889,0,0,,0.58309088415752,0.0830908841575196
2024,360,Calendar-only,0.1,47,26,26,0.00282045127220355,0.553191489361702,0.553191489361702,16664,8861,8905,0.531745079212674,0.534385501680269,0.0188059876814333,0,47,26,0.553191489361702,0,0,,0.601039742596675,0.101039742596675
2024,360,Market-state,0,16664,8905,8905,1,0.534385501680269,0.534385501680269,16664,8905,8905,0.534385501680269,0.534385501680269,0,0,16660,8903,0.534393757503001,4,2,0.5,0.537616862817556,0.0376199992806928
2024,360,Market-state,0.025,16459,8792,8792,0.98769803168507,0.534175830852421,0.534175830852421,16664,8905,8905,0.534385501680269,0.534385501680269,-0.00020967082784773,0,16459,8792,0.534175830852421,0,0,,0.537842966122037,0.0378429661220372
2024,360,Market-state,0.05,335,207,207,0.0201032165146423,0.617910447761194,0.617910447761194,16664,8905,8905,0.534385501680269,0.534385501680269,0.0835249460809252,0,335,207,0.617910447761194,0,0,,0.555873903926433,0.0558739039264327
2024,360,Market-state,0.075,9,8,8,0.000540086413826212,0.888888888888889,0.888888888888889,16664,8905,8905,0.534385501680269,0.534385501680269,0.35450338720862,0,9,8,0.888888888888889,0,0,,0.587707698941879,0.0877076989418788
2024,360,Market-state,0.1,1,1,1,6.00096015362458e-05,1,1,16664,8905,8905,0.534385501680269,0.534385501680269,0.465614498319731,0,1,1,1,0,0,,0.601752582458831,0.101752582458831
2024,360,Full,0,16664,8825,8905,1,0.529584733557369,0.534385501680269,16664,8825,8905,0.529584733557369,0.534385501680269,-0.00480076812289976,-0.00480076812289976,16018,8542,0.533275065551255,646,283,0.438080495356037,0.537686250691526,0.0381255908779447
2024,360,Full,0.025,12800,6819,6821,0.768122899663946,0.532734375,0.532890625,16664,8825,8905,0.529584733557369,0.534385501680269,-0.0016511266802689,-0.000156249999999969,12784,6812,0.532853566958698,16,7,0.4375,0.545917633477162,0.0459988375159535
2024,360,Full,0.05,4249,2185,2185,0.254980796927508,0.514238644386915,0.514238644386915,16664,8825,8905,0.529584733557369,0.534385501680269,-0.0201468572933543,0,4249,2185,0.514238644386915,0,0,,0.562625556113936,0.0626255561139361
2024,360,Full,0.075,692,378,378,0.0415266442630821,0.546242774566474,0.546242774566474,16664,8825,8905,0.529584733557369,0.534385501680269,0.0118572728862051,0,692,378,0.546242774566474,0,0,,0.584665400548865,0.0846654005488646
2024,360,Full,0.1,13,12,12,0.000780124819971195,0.923076923076923,0.923076923076923,16664,8825,8905,0.529584733557369,0.534385501680269,0.388691421396654,0,13,12,0.923076923076923,0,0,,0.619995693770047,0.119995693770047
2025,360,Calendar-only,0,16680,9025,9054,1,0.541067146282974,0.542805755395683,16680,9025,9054,0.541067146282974,0.542805755395683,-0.00173860911270984,-0.00173860911270984,16287,8843,0.542948363725671,393,182,0.463104325699746,0.538003772361387,0.0382025342393767
2025,360,Calendar-only,0.025,12496,6887,6887,0.74916067146283,0.551136363636364,0.551136363636364,16680,9025,9054,0.541067146282974,0.542805755395683,0.00833060824068022,0,12496,6887,0.551136363636364,0,0,,0.546020342498777,0.0460203424987772
2025,360,Calendar-only,0.05,4377,2495,2495,0.262410071942446,0.570025131368517,0.570025131368517,16680,9025,9054,0.541067146282974,0.542805755395683,0.0272193759728339,0,4377,2495,0.570025131368517,0,0,,0.560532251410748,0.0605322514107478
2025,360,Calendar-only,0.075,388,223,223,0.0232613908872902,0.574742268041237,0.574742268041237,16680,9025,9054,0.541067146282974,0.542805755395683,0.0319365126455536,0,388,223,0.574742268041237,0,0,,0.582382596581024,0.0823825965810243
2025,360,Market-state,0,16680,9060,9054,1,0.543165467625899,0.542805755395683,16680,9060,9054,0.543165467625899,0.542805755395683,0.000359712230215803,0.000359712230215803,16668,9051,0.543016558675306,12,9,0.75,0.537352181803049,0.0373862038047153
2025,360,Market-state,0.025,16438,8929,8927,0.985491606714628,0.543192602506388,0.543070933203553,16680,9060,9054,0.543165467625899,0.542805755395683,0.000386847110704247,0.00012166930283497,16434,8926,0.543142266033832,4,3,0.75,0.537613725475792,0.0376419113125281
2025,360,Market-state,0.05,764,417,417,0.0458033573141487,0.545811518324607,0.545811518324607,16680,9060,9054,0.543165467625899,0.542805755395683,0.00300576292892385,0,762,416,0.545931758530184,2,1,0.5,0.562421387929991,0.0628446811852845
2025,360,Market-state,0.075,86,61,61,0.00515587529976019,0.709302325581395,0.709302325581395,16680,9060,9054,0.543165467625899,0.542805755395683,0.166496570185712,0,84,60,0.714285714285714,2,1,0.5,0.608890854632444,0.112651273784121
2025,360,Market-state,0.1,39,29,29,0.00233812949640288,0.743589743589744,0.743589743589744,16680,9060,9054,0.543165467625899,0.542805755395683,0.20078398819406,0,39,29,0.743589743589744,0,0,,0.648064762515351,0.148064762515351
2025,360,Market-state,0.15,16,10,10,0.000959232613908873,0.625,0.625,16680,9060,9054,0.543165467625899,0.542805755395683,0.0821942446043166,0,16,10,0.625,0,0,,0.695510027774406,0.195510027774406
2025,360,Full,0,16680,9046,9054,1,0.542326139088729,0.542805755395683,16680,9046,9054,0.542326139088729,0.542805755395683,-0.000479616306954367,-0.000479616306954367,16530,8975,0.542952208106473,150,71,0.473333333333333,0.537726365499212,0.0378349016305595
2025,360,Full,0.025,12758,7011,7009,0.764868105515587,0.54953754506976,0.549380780686628,16680,9046,9054,0.542326139088729,0.542805755395683,0.00673178967407673,0.000156764383132169,12752,7007,0.54948243412798,6,4,0.666666666666667,0.545075759019608,0.0451318880087186
2025,360,Full,0.05,3695,2170,2169,0.22152278177458,0.587280108254398,0.587009472259811,16680,9046,9054,0.542326139088729,0.542805755395683,0.0444743528587144,0.000270635994587209,3692,2168,0.587215601300108,3,2,0.666666666666667,0.563591874021654,0.0637356898381139
2025,360,Full,0.075,670,408,408,0.0401678657074341,0.608955223880597,0.608955223880597,16680,9046,9054,0.542326139088729,0.542805755395683,0.0661494684849135,0,668,407,0.609281437125748,2,1,0.5,0.58772456954148,0.0883280758909537
2025,360,Full,0.1,58,43,42,0.00347721822541966,0.741379310344828,0.724137931034483,16680,9046,9054,0.542326139088729,0.542805755395683,0.198573554949144,0.0172413793103449,57,42,0.736842105263158,1,1,1,0.630392033312138,0.134284776878056
2025,360,Full,0.15,16,10,10,0.000959232613908873,0.625,0.625,16680,9046,9054,0.542326139088729,0.542805755395683,0.0821942446043166,0,16,10,0.625,0,0,,0.689481764272843,0.189481764272843
2026,360,Calendar-only,0,3341,1794,1790,1,0.536964980544747,0.535767734211314,3341,1794,1790,0.536964980544747,0.535767734211314,0.0011972463334331,0.0011972463334331,3263,1753,0.53723567269384,78,41,0.525641025641026,0.537843351114198,0.0381139091759356
2026,360,Calendar-only,0.025,2440,1335,1335,0.730320263394193,0.547131147540984,0.547131147540984,3341,1794,1790,0.536964980544747,0.535767734211314,0.0113634133296696,0,2440,1335,0.547131147540984,0,0,,0.546766370980753,0.0467663709807528
2026,360,Calendar-only,0.05,913,523,523,0.273271475606106,0.572836801752465,0.572836801752465,3341,1794,1790,0.536964980544747,0.535767734211314,0.0370690675411505,0,913,523,0.572836801752465,0,0,,0.561601079262189,0.0616010792621887
2026,360,Calendar-only,0.075,94,53,53,0.0281352888356779,0.563829787234043,0.563829787234043,3341,1794,1790,0.536964980544747,0.535767734211314,0.0280620530227286,0,94,53,0.563829787234043,0,0,,0.580733180342892,0.0807331803428916
2026,360,Market-state,0,3341,1789,1790,1,0.535468422627956,0.535767734211314,3341,1789,1790,0.535468422627956,0.535767734211314,-0.000299311583358275,-0.000299311583358275,3340,1789,0.53562874251497,1,0,0,0.537866681273145,0.0378676988137732
2026,360,Market-state,0.025,3289,1752,1752,0.98443579766537,0.53268470659775,0.53268470659775,3341,1789,1790,0.535468422627956,0.535767734211314,-0.00308302761356394,0,3289,1752,0.53268470659775,0,0,,0.538126041082518,0.0381260410825181
2026,360,Market-state,0.05,222,110,110,0.0664471715055373,0.495495495495496,0.495495495495496,3341,1789,1790,0.535468422627956,0.535767734211314,-0.0402722387158185,0,222,110,0.495495495495496,0,0,,0.554985530063018,0.0549855300630181
2026,360,Market-state,0.075,1,0,0,0.000299311583358276,0,0,3341,1789,1790,0.535468422627956,0.535767734211314,-0.535767734211314,0,1,0,0,0,0,,0.579721876719768,0.0797218767197675
2026,360,Full,0,3341,1778,1790,1,0.532175995211015,0.535767734211314,3341,1778,1790,0.532175995211015,0.535767734211314,-0.0035917390002993,-0.0035917390002993,3297,1762,0.534425235062178,44,16,0.363636363636364,0.537535993001153,0.0376183626738275
2026,360,Full,0.025,2361,1315,1315,0.70667464830889,0.556967386700551,0.556967386700551,3341,1778,1790,0.532175995211015,0.535767734211314,0.0211996524892366,0,2361,1315,0.556967386700551,0,0,,0.547079322829144,0.0470793228291442
2026,360,Full,0.05,848,479,479,0.253816222687818,0.564858490566038,0.564858490566038,3341,1778,1790,0.532175995211015,0.535767734211314,0.0290907563547238,0,848,479,0.564858490566038,0,0,,0.56365111699531,0.0636511169953104
2026,360,Full,0.075,130,77,77,0.0389105058365759,0.592307692307692,0.592307692307692,3341,1778,1790,0.532175995211015,0.535767734211314,0.0565399580963784,0,130,77,0.592307692307692,0,0,,0.58877160490253,0.0887716049025302
2026,360,Full,0.1,14,9,9,0.00419036216701586,0.642857142857143,0.642857142857143,3341,1778,1790,0.532175995211015,0.535767734211314,0.107089408645829,0,14,9,0.642857142857143,0,0,,0.604717415771297,0.104717415771297
2017,480,Calendar-only,0,6520,3731,3887,1,0.572239263803681,0.596165644171779,6520,3731,3887,0.572239263803681,0.596165644171779,-0.0239263803680982,-0.0239263803680982,5770,3434,0.595147313691508,750,297,0.396,0.526301522642198,0.0288764720722909
2017,480,Calendar-only,0.025,3615,2104,2121,0.554447852760736,0.582019363762102,0.586721991701245,6520,3731,3887,0.572239263803681,0.596165644171779,-0.0141462804096768,-0.00470262793914245,3520,2065,0.586647727272727,95,39,0.410526315789474,0.539269624068996,0.0406408037077699
2017,480,Calendar-only,0.05,885,501,501,0.135736196319018,0.566101694915254,0.566101694915254,6520,3731,3887,0.572239263803681,0.596165644171779,-0.030063949256525,0,885,501,0.566101694915254,0,0,,0.559568208228371,0.0595682082283707
2017,480,Calendar-only,0.075,97,52,52,0.0148773006134969,0.536082474226804,0.536082474226804,6520,3731,3887,0.572239263803681,0.596165644171779,-0.0600831699449751,0,97,52,0.536082474226804,0,0,,0.579091726468256,0.0790917264682556
2017,480,Market-state,0,6520,3829,3887,1,0.587269938650307,0.596165644171779,6520,3829,3887,0.587269938650307,0.596165644171779,-0.00889570552147245,-0.00889570552147245,6326,3761,0.594530509010433,194,68,0.350515463917526,0.512333481311531,0.0124329928881312
2017,480,Market-state,0.025,578,338,338,0.0886503067484663,0.58477508650519,0.58477508650519,6520,3829,3887,0.587269938650307,0.596165644171779,-0.0113905576665889,0,578,338,0.58477508650519,0,0,,0.532682869762717,0.0326828697627169
2017,480,Market-state,0.05,19,15,15,0.00291411042944785,0.789473684210526,0.789473684210526,6520,3829,3887,0.587269938650307,0.596165644171779,0.193308040038747,0,19,15,0.789473684210526,0,0,,0.56111560694096,0.0611156069409599
2017,480,Market-state,0.075,1,1,1,0.000153374233128834,1,1,6520,3829,3887,0.587269938650307,0.596165644171779,0.403834355828221,0,1,1,1,0,0,,0.591204643420619,0.0912046434206187
2017,480,Full,0,6520,3521,3887,1,0.540030674846626,0.596165644171779,6520,3521,3887,0.540030674846626,0.596165644171779,-0.0561349693251534,-0.0561349693251534,4504,2696,0.598579040852576,2016,825,0.409226190476191,0.514189294362928,0.0210161905957272
2017,480,Full,0.025,2115,1192,1236,0.324386503067485,0.563593380614657,0.584397163120567,6520,3521,3887,0.540030674846626,0.596165644171779,-0.032572263557122,-0.0208037825059101,1993,1153,0.578524836929252,122,39,0.319672131147541,0.538513962520122,0.0432486909610741
2017,480,Full,0.05,557,326,348,0.0854294478527607,0.585278276481149,0.624775583482944,6520,3521,3887,0.540030674846626,0.596165644171779,-0.0108873676906301,-0.0394973070017953,529,323,0.610586011342155,28,3,0.107142857142857,0.554908991451938,0.0605686322532835
2017,480,Full,0.075,47,35,35,0.00720858895705521,0.74468085106383,0.74468085106383,6520,3521,3887,0.540030674846626,0.596165644171779,0.148515206892051,0,47,35,0.74468085106383,0,0,,0.592299168805052,0.0922991688050518
2017,480,Full,0.1,5,4,4,0.000766871165644172,0.8,0.8,6520,3521,3887,0.540030674846626,0.596165644171779,0.203834355828221,0,5,4,0.8,0,0,,0.67338006924128,0.17338006924128
2017,480,Full,0.15,5,4,4,0.000766871165644172,0.8,0.8,6520,3521,3887,0.540030674846626,0.596165644171779,0.203834355828221,0,5,4,0.8,0,0,,0.67338006924128,0.17338006924128
2018,480,Calendar-only,0,13374,7151,7180,1,0.534694182742635,0.53686256916405,13374,7151,7180,0.534694182742635,0.53686256916405,-0.0021683864214147,-0.0021683864214147,13079,7018,0.536585365853659,295,133,0.450847457627119,0.539520328997431,0.039809948359773
2018,480,Calendar-only,0.025,11427,6104,6104,0.854419021982952,0.534173448849217,0.534173448849217,13374,7151,7180,0.534694182742635,0.53686256916405,-0.00268912031483282,0,11427,6104,0.534173448849217,0,0,,0.543991831755609,0.0439918317556092
2018,480,Calendar-only,0.05,3416,1775,1775,0.255420966053537,0.519613583138173,0.519613583138173,13374,7151,7180,0.534694182742635,0.53686256916405,-0.0172489860258763,0,3416,1775,0.519613583138173,0,0,,0.558995702513016,0.0589957025130155
2018,480,Calendar-only,0.075,152,83,83,0.0113653357260356,0.546052631578947,0.546052631578947,13374,7151,7180,0.534694182742635,0.53686256916405,0.00919006241489773,0,152,83,0.546052631578947,0,0,,0.578813888044082,0.0788138880440818
2018,480,Market-state,0,13374,7178,7180,1,0.536713025272918,0.53686256916405,13374,7178,7180,0.536713025272918,0.53686256916405,-0.000149543891131976,-0.000149543891131976,13370,7177,0.53679880329095,4,1,0.25,0.538070448939441,0.0380791807341632
2018,480,Market-state,0.025,13193,7084,7086,0.98646627785255,0.536951413628439,0.53710300917153,13374,7178,7180,0.536713025272918,0.53686256916405,8.88444643897257e-05,-0.000151595543090965,13191,7084,0.537032825411265,2,0,0,0.538319960863522,0.0383281976818287
2018,480,Market-state,0.05,836,468,468,0.0625093464931958,0.559808612440191,0.559808612440191,13374,7178,7180,0.536713025272918,0.53686256916405,0.0229460432761418,0,836,468,0.559808612440191,0,0,,0.558135310974143,0.0581353109741434
2018,480,Market-state,0.075,46,29,29,0.00343950949603709,0.630434782608696,0.630434782608696,13374,7178,7180,0.536713025272918,0.53686256916405,0.0935722134446461,0,46,29,0.630434782608696,0,0,,0.585747618670635,0.0857476186706354
2018,480,Market-state,0.1,5,5,5,0.000373859727830118,1,1,13374,7178,7180,0.536713025272918,0.53686256916405,0.46313743083595,0,5,5,1,0,0,,0.607036706619021,0.107036706619021
2018,480,Full,0,13374,7162,7180,1,0.535516674143861,0.53686256916405,13374,7162,7180,0.535516674143861,0.53686256916405,-0.00134589502018845,-0.00134589502018845,12882,6925,0.537571805620245,492,237,0.481707317073171,0.551112205359626,0.0531756564065912
2018,480,Full,0.025,10444,5574,5583,0.780918199491551,0.533703561853696,0.534565300651092,13374,7162,7180,0.535516674143861,0.53686256916405,-0.00315900731035368,-0.000861738797395595,10215,5464,0.534899657366618,229,110,0.480349344978166,0.561918775028488,0.0642515256293459
2018,480,Full,0.05,6410,3322,3328,0.479288171078211,0.518252730109204,0.519188767550702,13374,7162,7180,0.535516674143861,0.53686256916405,-0.0186098390548453,-0.000936037441497617,6284,3262,0.519096117122852,126,60,0.476190476190476,0.577613932503528,0.080316320134293
2018,480,Full,0.075,2705,1420,1430,0.202258112756094,0.524953789279113,0.528650646950093,13374,7162,7180,0.535516674143861,0.53686256916405,-0.0119087798849369,-0.00369685767097971,2681,1413,0.52704214845207,24,7,0.291666666666667,0.605377408756948,0.106801615884717
2018,480,Full,0.1,1304,734,734,0.0975026170180948,0.562883435582822,0.562883435582822,13374,7162,7180,0.535516674143861,0.53686256916405,0.0260208664187724,0,1304,734,0.562883435582822,0,0,,0.631216816027717,0.131216816027717
2018,480,Full,0.15,210,111,111,0.015702108568865,0.528571428571429,0.528571428571429,13374,7162,7180,0.535516674143861,0.53686256916405,-0.00829114059262104,0,210,111,0.528571428571429,0,0,,0.687789536085298,0.187789536085297
2019,480,Calendar-only,0,14952,8322,8371,1,0.556581059390048,0.559858212948101,14952,8322,8371,0.556581059390048,0.559858212948101,-0.00327715355805236,-0.00327715355805236,14399,8070,0.560455587193555,553,252,0.455696202531646,0.538488585389244,0.0389899712928598
2019,480,Calendar-only,0.025,11099,6263,6263,0.742308721241306,0.564285070727093,0.564285070727093,14952,8322,8371,0.556581059390048,0.559858212948101,0.00442685777899199,0,11099,6263,0.564285070727093,0,0,,0.548018426040312,0.048018426040312
2019,480,Calendar-only,0.05,4635,2633,2633,0.309991974317817,0.5680690399137,0.5680690399137,14952,8322,8371,0.556581059390048,0.559858212948101,0.0082108269655995,0,4635,2633,0.5680690399137,0,0,,0.564977752305558,0.0649777523055584
2019,480,Calendar-only,0.075,1048,584,584,0.0700909577314072,0.557251908396947,0.557251908396947,14952,8322,8371,0.556581059390048,0.559858212948101,-0.00260630455115396,0,1048,584,0.557251908396947,0,0,,0.583934918605501,0.0839349186055013
2019,480,Calendar-only,0.1,50,28,28,0.00334403424291065,0.56,0.56,14952,8322,8371,0.556581059390048,0.559858212948101,0.000141787051899489,0,50,28,0.56,0,0,,0.604710717580043,0.104710717580043
2019,480,Market-state,0,14952,8369,8371,1,0.559724451578384,0.559858212948101,14952,8369,8371,0.559724451578384,0.559858212948101,-0.000133761369716434,-0.000133761369716434,14942,8365,0.559831347878463,10,4,0.4,0.534128110854784,0.0341584682029899
2019,480,Market-state,0.025,14110,7899,7897,0.943686463349385,0.559815733522325,0.559673990077959,14952,8369,8371,0.559724451578384,0.559858212948101,-4.24794257759542e-05,0.000141743444365683,14106,7896,0.559761803487878,4,3,0.75,0.534882562888808,0.0349082938622705
2019,480,Market-state,0.05,728,407,405,0.048689138576779,0.559065934065934,0.556318681318681,14952,8369,8371,0.559724451578384,0.559858212948101,-0.000792278882166486,0.00274725274725274,726,405,0.557851239669422,2,2,1,0.560513717495488,0.0608404317236105
2019,480,Market-state,0.075,77,41,41,0.0051498127340824,0.532467532467532,0.532467532467532,14952,8369,8371,0.559724451578384,0.559858212948101,-0.0273906804805681,0,77,41,0.532467532467532,0,0,,0.588097559933787,0.0880975599337868
2019,480,Market-state,0.1,14,11,11,0.000936329588014981,0.785714285714286,0.785714285714286,14952,8369,8371,0.559724451578384,0.559858212948101,0.225856072766185,0,14,11,0.785714285714286,0,0,,0.608629351234321,0.108629351234321
2019,480,Full,0,14952,8107,8371,1,0.542201712145532,0.559858212948101,14952,8107,8371,0.542201712145532,0.559858212948101,-0.0176565008025682,-0.0176565008025682,12356,6941,0.56175137584979,2596,1166,0.449152542372881,0.538110623179237,0.0472084089211912
2019,480,Full,0.025,10163,5623,5790,0.679708400214018,0.553281511364754,0.569713667224245,14952,8107,8371,0.542201712145532,0.559858212948101,-0.00657670158334611,-0.0164321558594903,9194,5222,0.567979116815314,969,401,0.413828689370485,0.553465202694963,0.0637406752987208
2019,480,Full,0.05,5693,3129,3225,0.380751738897806,0.549622343228526,0.56648515721061,14952,8107,8371,0.542201712145532,0.559858212948101,-0.0102358697195744,-0.0168628139820833,5143,2902,0.564262103830449,550,227,0.412727272727273,0.571753297740856,0.0847535458939609
2019,480,Full,0.075,3275,1837,1840,0.219034242910647,0.560916030534351,0.561832061068702,14952,8107,8371,0.542201712145532,0.559858212948101,0.00105781758625056,-0.000916030534351187,3156,1779,0.563688212927757,119,58,0.487394957983193,0.596795084769037,0.1024893075373
2019,480,Full,0.1,1560,872,872,0.104333868378812,0.558974358974359,0.558974358974359,14952,8107,8371,0.542201712145532,0.559858212948101,-0.000883853973741577,0,1560,872,0.558974358974359,0,0,,0.618578780882041,0.118578780882041
2019,480,Full,0.15,119,64,64,0.00795880149812734,0.53781512605042,0.53781512605042,14952,8107,8371,0.542201712145532,0.559858212948101,-0.0220430868976804,0,119,64,0.53781512605042,0,0,,0.685649462799084,0.185649462799084
2020,480,Calendar-only,0,15520,8687,8741,1,0.559729381443299,0.563208762886598,15520,8687,8741,0.559729381443299,0.563208762886598,-0.00347938144329896,-0.00347938144329896,15168,8538,0.562895569620253,352,149,0.423295454545455,0.544085261593965,0.0443032540153149
2020,480,Calendar-only,0.025,12293,7051,7051,0.792074742268041,0.573578459285772,0.573578459285772,15520,8687,8741,0.559729381443299,0.563208762886598,0.0103696963991745,0,12293,7051,0.573578459285772,0,0,,0.552086407554966,0.0520864075549664
2020,480,Calendar-only,0.05,5962,3435,3435,0.384149484536083,0.576148943307615,0.576148943307615,15520,8687,8741,0.559729381443299,0.563208762886598,0.012940180421017,0,5962,3435,0.576148943307615,0,0,,0.566173147556426,0.0661731475564259
2020,480,Calendar-only,0.075,1485,868,868,0.0956829896907216,0.584511784511785,0.584511784511785,15520,8687,8741,0.559729381443299,0.563208762886598,0.0213030216251866,0,1485,868,0.584511784511785,0,0,,0.584634514245595,0.0846345142455954
2020,480,Calendar-only,0.1,100,55,55,0.00644329896907216,0.55,0.55,15520,8687,8741,0.559729381443299,0.563208762886598,-0.0132087628865979,0,100,55,0.55,0,0,,0.60631683579572,0.10631683579572
2020,480,Market-state,0,15520,8737,8741,1,0.562951030927835,0.563208762886598,15520,8737,8741,0.562951030927835,0.563208762886598,-0.000257731958762886,-0.000257731958762886,15462,8710,0.563316517914888,58,27,0.46551724137931,0.544599870845496,0.0447451472107951
2020,480,Market-state,0.025,15086,8490,8495,0.972036082474227,0.562773432321358,0.563104865438155,15520,8737,8741,0.562951030927835,0.563208762886598,-0.000435330565240366,-0.000331433116797064,15071,8485,0.563001791520138,15,5,0.333333333333333,0.545449782752808,0.045540813931814
2020,480,Market-state,0.05,3287,1848,1847,0.211791237113402,0.56221478551871,0.561910556738668,15520,8737,8741,0.562951030927835,0.563208762886598,-0.000993977367887866,0.000304228780042548,3282,1845,0.562157221206581,5,3,0.6,0.560831013519841,0.0610474238751901
2020,480,Market-state,0.075,355,196,195,0.0228737113402062,0.552112676056338,0.549295774647887,15520,8737,8741,0.562951030927835,0.563208762886598,-0.0110960868302599,0.0028169014084507,354,195,0.550847457627119,1,1,1,0.593006765306748,0.0936583935558793
2020,480,Market-state,0.1,93,53,52,0.00599226804123711,0.56989247311828,0.559139784946237,15520,8737,8741,0.562951030927835,0.563208762886598,0.00668371023168168,0.0107526881720431,92,52,0.565217391304348,1,1,1,0.618373167317667,0.120860565472955
2020,480,Market-state,0.15,11,5,5,0.000708762886597938,0.454545454545455,0.454545454545455,15520,8737,8741,0.562951030927835,0.563208762886598,-0.108663308341143,0,11,5,0.454545454545455,0,0,,0.676901890131067,0.176901890131067
2020,480,Full,0,15520,8738,8741,1,0.563015463917526,0.563208762886598,15520,8738,8741,0.563015463917526,0.563208762886598,-0.000193298969072164,-0.000193298969072164,14977,8468,0.565400280429993,543,270,0.497237569060774,0.550261371538129,0.0511719956572237
2020,480,Full,0.025,11942,6876,6895,0.769458762886598,0.575782950929493,0.577373974208675,15520,8738,8741,0.563015463917526,0.563208762886598,0.0125741880428946,-0.00159102327918281,11851,6840,0.577166483841026,91,36,0.395604395604396,0.561959476847277,0.0624929138153264
2020,480,Full,0.05,7153,4175,4174,0.460889175257732,0.583671186914581,0.583531385432686,15520,8738,8741,0.563015463917526,0.563208762886598,0.0204624240279834,0.00013980148189574,7148,4172,0.583659764969222,5,3,0.6,0.579532833950338,0.0796384173038875
2020,480,Full,0.075,3737,2144,2144,0.240786082474227,0.573722237088574,0.573722237088574,15520,8738,8741,0.563015463917526,0.563208762886598,0.0105134742019758,0,3735,2143,0.57376171352075,2,1,0.5,0.595094147563247,0.0952061128960366
2020,480,Full,0.1,1064,644,645,0.0685567010309278,0.605263157894737,0.606203007518797,15520,8738,8741,0.563015463917526,0.563208762886598,0.0420543950081389,-0.00093984962406013,1063,644,0.605832549388523,1,0,0,0.615481739609106,0.115719978412339
2020,480,Full,0.15,67,32,32,0.00431701030927835,0.477611940298507,0.477611940298507,15520,8738,8741,0.563015463917526,0.563208762886598,-0.0855968225880905,0,67,32,0.477611940298507,0,0,,0.676572256778498,0.176572256778498
2021,480,Calendar-only,0,16071,8893,9022,1,0.553356978408313,0.561383859125132,16071,8893,9022,0.553356978408313,0.561383859125132,-0.00802688071681912,-0.00802688071681912,15520,8682,0.559407216494845,551,211,0.382940108892922,0.548451767852659,0.0490050540214646
2021,480,Calendar-only,0.025,13367,7437,7437,0.831746624354427,0.556370165332535,0.556370165332535,16071,8893,9022,0.553356978408313,0.561383859125132,-0.00501369379259686,0,13367,7437,0.556370165332535,0,0,,0.556284314939744,0.0562843149397435
2021,480,Calendar-only,0.05,8116,4508,4508,0.505009022462821,0.555446032528339,0.555446032528339,16071,8893,9022,0.553356978408313,0.561383859125132,-0.00593782659679309,0,8116,4508,0.555446032528339,0,0,,0.567832108073759,0.0678321080737588
2021,480,Calendar-only,0.075,1993,1075,1075,0.124012195880779,0.539387857501254,0.539387857501254,16071,8893,9022,0.553356978408313,0.561383859125132,-0.0219960016238778,0,1993,1075,0.539387857501254,0,0,,0.589017539088614,0.0890175390886139
2021,480,Calendar-only,0.1,400,210,210,0.0248895526102918,0.525,0.525,16071,8893,9022,0.553356978408313,0.561383859125132,-0.0363838591251322,0,400,210,0.525,0,0,,0.60541070209038,0.10541070209038
2021,480,Market-state,0,16071,9023,9022,1,0.561446083006658,0.561383859125132,16071,9023,9022,0.561446083006658,0.561383859125132,6.22238815257692e-05,6.22238815257692e-05,16066,9020,0.561434084401842,5,3,0.6,0.546324752111969,0.0463296768803833
2021,480,Market-state,0.025,15983,8966,8966,0.994524298425736,0.560971031721204,0.560971031721204,16071,9023,9022,0.561446083006658,0.561383859125132,-0.000412827403928451,0,15983,8966,0.560971031721204,0,0,,0.546482463175164,0.0464824631751637
2021,480,Market-state,0.05,3006,1719,1719,0.187044987866343,0.57185628742515,0.57185628742515,16071,9023,9022,0.561446083006658,0.561383859125132,0.0104724283000175,0,3006,1719,0.57185628742515,0,0,,0.554578056270122,0.054578056270122
2021,480,Market-state,0.075,20,8,8,0.00124447763051459,0.4,0.4,16071,9023,9022,0.561446083006658,0.561383859125132,-0.161383859125132,0,20,8,0.4,0,0,,0.577887627667865,0.0778876276678648
2021,480,Full,0,16071,8780,9022,1,0.546325679795906,0.561383859125132,16071,8780,9022,0.546325679795906,0.561383859125132,-0.0150581793292266,-0.0150581793292266,14645,8188,0.559098668487538,1426,592,0.415147265077139,0.549698084671911,0.0526701316689834
2021,480,Full,0.025,13224,7275,7395,0.822848609296248,0.55013611615245,0.55921052631579,16071,8780,9022,0.546325679795906,0.561383859125132,-0.0112477429726822,-0.00907441016333943,12852,7149,0.5562558356676,372,126,0.338709677419355,0.559244614997714,0.0609509019154591
2021,480,Full,0.05,8317,4536,4537,0.517516022649493,0.545388962366238,0.545509198028135,16071,8780,9022,0.546325679795906,0.561383859125132,-0.0159948967588944,-0.000120235661897339,8314,4535,0.545465479913399,3,1,0.333333333333333,0.574375197936217,0.0744225974005218
2021,480,Full,0.075,3587,2007,2007,0.223197063032792,0.559520490660719,0.559520490660719,16071,8780,9022,0.546325679795906,0.561383859125132,-0.00186336846441293,0,3587,2007,0.559520490660719,0,0,,0.590384624995938,0.0903846249959379
2021,480,Full,0.1,716,364,364,0.0445522991724224,0.508379888268156,0.508379888268156,16071,8780,9022,0.546325679795906,0.561383859125132,-0.0530039708569758,0,716,364,0.508379888268156,0,0,,0.603719624305115,0.103719624305115
2022,480,Calendar-only,0,16656,8403,8363,1,0.50450288184438,0.502101344860711,16656,8403,8363,0.50450288184438,0.502101344860711,0.00240153698366952,0.00240153698366952,16396,8253,0.503354476701635,260,150,0.576923076923077,0.550613231478723,0.0507263595435522
2022,480,Calendar-only,0.025,14606,7443,7443,0.876921229586936,0.509585102012871,0.509585102012871,16656,8403,8363,0.50450288184438,0.502101344860711,0.00748375715216054,0,14606,7443,0.509585102012871,0,0,,0.555500053530063,0.0555000535300629
2022,480,Calendar-only,0.05,8695,4491,4491,0.522034101825168,0.516503737780334,0.516503737780334,16656,8403,8363,0.50450288184438,0.502101344860711,0.0144023929196226,0,8695,4491,0.516503737780334,0,0,,0.567142452492707,0.067142452492707
2022,480,Calendar-only,0.075,2079,1109,1109,0.124819884726225,0.533429533429534,0.533429533429534,16656,8403,8363,0.50450288184438,0.502101344860711,0.0313281885688226,0,2079,1109,0.533429533429534,0,0,,0.585546373696439,0.0855463736964389
2022,480,Calendar-only,0.1,102,55,55,0.00612391930835735,0.53921568627451,0.53921568627451,16656,8403,8363,0.50450288184438,0.502101344860711,0.0371143414137989,0,102,55,0.53921568627451,0,0,,0.609776958133619,0.109776958133619
2022,480,Market-state,0,16656,8366,8363,1,0.502281460134486,0.502101344860711,16656,8366,8363,0.502281460134486,0.502101344860711,0.00018011527377515,0.00018011527377515,16609,8341,0.502197603708833,47,25,0.531914893617021,0.549533805936325,0.0496536992028498
2022,480,Market-state,0.025,16353,8213,8211,0.981808357348703,0.502232006359689,0.50210970464135,16656,8366,8363,0.502281460134486,0.502101344860711,0.000130661498978446,0.000122301718339157,16341,8206,0.502172449666483,12,7,0.583333333333333,0.550180620002062,0.0502663174793195
2022,480,Market-state,0.05,7748,4058,4058,0.465177713736792,0.52374806401652,0.52374806401652,16656,8366,8363,0.502281460134486,0.502101344860711,0.0216467191558095,0,7744,4056,0.523760330578512,4,2,0.5,0.557412174195846,0.0575234128011024
2022,480,Market-state,0.075,323,189,189,0.0193924111431316,0.585139318885449,0.585139318885449,16656,8366,8363,0.502281460134486,0.502101344860711,0.083037974024738,0,319,187,0.586206896551724,4,2,0.5,0.581553328471646,0.0842216774299327
2022,480,Market-state,0.1,31,24,24,0.0018611911623439,0.774193548387097,0.774193548387097,16656,8366,8363,0.502281460134486,0.502101344860711,0.272092203526386,0,29,23,0.793103448275862,2,1,0.5,0.601630503804732,0.118339006478996
2022,480,Full,0,16656,8417,8363,1,0.505343419788665,0.502101344860711,16656,8417,8363,0.505343419788665,0.502101344860711,0.00324207492795381,0.00324207492795381,16308,8216,0.503801815060093,348,201,0.577586206896552,0.55359770826951,0.0541434969121319
2022,480,Full,0.025,14094,7250,7241,0.846181556195966,0.51440329218107,0.513764722576983,16656,8417,8363,0.505343419788665,0.502101344860711,0.0123019473203591,0.000638569604086814,14047,7222,0.514131131202392,47,28,0.595744680851064,0.561168696346683,0.0615156662991468
2022,480,Full,0.05,9395,4889,4887,0.564060999039385,0.520383182543906,0.520170303352847,16656,8417,8363,0.505343419788665,0.502101344860711,0.0182818376831955,0.000212879191059057,9377,4879,0.520315665991255,18,10,0.555555555555556,0.572410124868214,0.0727030064408664
2022,480,Full,0.075,3919,2075,2075,0.235290585975024,0.529471804031641,0.529471804031641,16656,8417,8363,0.505343419788665,0.502101344860711,0.0273704591709298,0,3911,2071,0.529532088979801,8,4,0.5,0.587005244572796,0.0873896151534716
2022,480,Full,0.1,443,284,282,0.0265970220941403,0.641083521444695,0.636568848758465,16656,8417,8363,0.505343419788665,0.502101344860711,0.138982176583984,0.00451467268623029,441,282,0.639455782312925,2,2,1,0.612931662953375,0.11401071379638
2022,480,Full,0.15,17,17,17,0.00102065321805956,1,1,16656,8417,8363,0.505343419788665,0.502101344860711,0.497898655139289,0,17,17,1,0,0,,0.687341232300409,0.187341232300409
2023,480,Calendar-only,0,16336,8791,8891,1,0.538136630754163,0.544258080313418,16336,8791,8891,0.538136630754163,0.544258080313418,-0.00612144955925564,-0.00612144955925564,15372,8359,0.543780900338278,964,432,0.448132780082988,0.542473392795598,0.0434654056008772
2023,480,Calendar-only,0.025,12864,7007,7007,0.787463271302645,0.544698383084577,0.544698383084577,16336,8791,8891,0.538136630754163,0.544258080313418,0.000440302771158807,0,12864,7007,0.544698383084577,0,0,,0.551272182558496,0.051272182558496
2023,480,Calendar-only,0.05,6340,3525,3525,0.388099902056807,0.555993690851735,0.555993690851735,16336,8791,8891,0.538136630754163,0.544258080313418,0.0117356105383167,0,6340,3525,0.555993690851735,0,0,,0.564451278627017,0.0644512786270167
2023,480,Calendar-only,0.075,1166,682,682,0.0713761018609207,0.584905660377359,0.584905660377359,16336,8791,8891,0.538136630754163,0.544258080313418,0.0406475800639402,0,1166,682,0.584905660377359,0,0,,0.586822480353611,0.0868224803536111
2023,480,Calendar-only,0.1,151,98,98,0.009243388834476,0.649006622516556,0.649006622516556,16336,8791,8891,0.538136630754163,0.544258080313418,0.104748542203138,0,151,98,0.649006622516556,0,0,,0.602357154054233,0.102357154054233
2023,480,Market-state,0,16336,8889,8891,1,0.544135651322233,0.544258080313418,16336,8889,8891,0.544135651322233,0.544258080313418,-0.000122428991185197,-0.000122428991185197,16328,8886,0.54421852033317,8,3,0.375,0.54182056877816,0.0418370187535254
2023,480,Market-state,0.025,16028,8719,8720,0.981145935357493,0.543985525330671,0.544047916146743,16336,8889,8891,0.544135651322233,0.544258080313418,-0.00027255498274692,-6.23908160718445e-05,16025,8718,0.54402496099844,3,1,0.333333333333333,0.54225855414229,0.0422714760847821
2023,480,Market-state,0.05,1947,1050,1050,0.119184622918707,0.539291217257319,0.539291217257319,16336,8889,8891,0.544135651322233,0.544258080313418,-0.00496686305609928,0,1947,1050,0.539291217257319,0,0,,0.557270639673734,0.0572706396737337
2023,480,Market-state,0.075,68,39,39,0.00416258570029383,0.573529411764706,0.573529411764706,16336,8889,8891,0.544135651322233,0.544258080313418,0.0292713314512876,0,68,39,0.573529411764706,0,0,,0.582600951733947,0.0826009517339466
2023,480,Market-state,0.1,2,2,2,0.000122428991185113,1,1,16336,8889,8891,0.544135651322233,0.544258080313418,0.455741919686582,0,2,2,1,0,0,,0.606011062965622,0.106011062965622
2023,480,Full,0,16336,8778,8891,1,0.537340842311459,0.544258080313418,16336,8778,8891,0.537340842311459,0.544258080313418,-0.00691723800195887,-0.00691723800195887,14843,8088,0.544903321430978,1493,690,0.462156731413262,0.542213178306507,0.0451595431959207
2023,480,Full,0.025,13203,7149,7166,0.808214985308521,0.541467848216314,0.542755434370976,16336,8778,8891,0.537340842311459,0.544258080313418,-0.00279023209710383,-0.00128758615466185,12846,6979,0.543281955472521,357,170,0.476190476190476,0.550972076032616,0.0525656600658481
2023,480,Full,0.05,6789,3764,3765,0.415585210577865,0.554426277802327,0.554573574900575,16336,8778,8891,0.537340842311459,0.544258080313418,0.0101681974889091,-0.000147297098247123,6788,3764,0.554507955215085,1,0,0,0.567019359751366,0.0670349875745795
2023,480,Full,0.075,1486,839,839,0.0909647404505387,0.564602960969044,0.564602960969044,16336,8778,8891,0.537340842311459,0.544258080313418,0.0203448806556261,0,1486,839,0.564602960969044,0,0,,0.586568663484512,0.0865686634845117
2023,480,Full,0.1,140,71,71,0.00857002938295788,0.507142857142857,0.507142857142857,16336,8778,8891,0.537340842311459,0.544258080313418,-0.0371152231705612,0,140,71,0.507142857142857,0,0,,0.609522894486658,0.109522894486658
2024,480,Calendar-only,0,16239,8582,8665,1,0.528480817784346,0.533591969948889,16239,8582,8665,0.528480817784346,0.533591969948889,-0.00511115216454217,-0.00511115216454217,15502,8255,0.532511933944007,737,327,0.443690637720488,0.542687352539219,0.0432162546761689
2024,480,Calendar-only,0.025,13061,6919,6919,0.80429829422994,0.529745042492918,0.529745042492918,16239,8582,8665,0.528480817784346,0.533591969948889,-0.00384692745597059,0,13061,6919,0.529745042492918,0,0,,0.550423554433764,0.0504235544337637
2024,480,Calendar-only,0.05,5711,3035,3035,0.351684217008437,0.531430572579233,0.531430572579233,16239,8582,8665,0.528480817784346,0.533591969948889,-0.00216139736965537,0,5711,3035,0.531430572579233,0,0,,0.5662812113027,0.0662812113027
2024,480,Calendar-only,0.075,1440,732,732,0.0886754110474783,0.508333333333333,0.508333333333333,16239,8582,8665,0.528480817784346,0.533591969948889,-0.0252586366155552,0,1440,732,0.508333333333333,0,0,,0.585628873771071,0.0856288737710711
2024,480,Calendar-only,0.1,104,54,54,0.00640433524231788,0.519230769230769,0.519230769230769,16239,8582,8665,0.528480817784346,0.533591969948889,-0.0143612007181192,0,104,54,0.519230769230769,0,0,,0.609359206522836,0.109359206522836
2024,480,Market-state,0,16239,8664,8665,1,0.533530389802328,0.533591969948889,16239,8664,8665,0.533530389802328,0.533591969948889,-6.1580146560769e-05,-6.1580146560769e-05,16236,8663,0.533567381128357,3,1,0.333333333333333,0.541258059464597,0.0412605176649675
2024,480,Market-state,0.025,16060,8566,8566,0.988977153765626,0.533374844333749,0.533374844333749,16239,8664,8665,0.533530389802328,0.533591969948889,-0.000217125615139979,0,16060,8566,0.533374844333749,0,0,,0.541507284022425,0.0415072840224249
2024,480,Market-state,0.05,1430,886,886,0.0880596095818708,0.61958041958042,0.61958041958042,16239,8664,8665,0.533530389802328,0.533591969948889,0.0859884496315311,0,1430,886,0.61958041958042,0,0,,0.556489141312227,0.0564891413122267
2024,480,Market-state,0.075,42,32,32,0.00258636615555145,0.761904761904762,0.761904761904762,16239,8664,8665,0.533530389802328,0.533591969948889,0.228312791955873,0,42,32,0.761904761904762,0,0,,0.588026889705631,0.0880268897056313
2024,480,Market-state,0.1,8,7,7,0.00049264117248599,0.875,0.875,16239,8664,8665,0.533530389802328,0.533591969948889,0.341408030051112,0,8,7,0.875,0,0,,0.611612636827404,0.111612636827404
2024,480,Full,0,16239,8554,8665,1,0.526756573680645,0.533591969948889,16239,8554,8665,0.526756573680645,0.533591969948889,-0.00683539626824314,-0.00683539626824314,15162,8071,0.532317636195753,1077,483,0.448467966573816,0.541720132380316,0.0431494701074794
2024,480,Full,0.025,12445,6624,6619,0.766364923948519,0.532261952591402,0.531860184813178,16239,8554,8665,0.526756573680645,0.533591969948889,-0.00133001735748628,0.000401767778224205,12422,6610,0.532120431492513,23,14,0.608695652173913,0.551801780160265,0.0519103679108841
2024,480,Full,0.05,5713,3059,3059,0.351807377301558,0.535445475231927,0.535445475231927,16239,8554,8665,0.526756573680645,0.533591969948889,0.00185350528303874,0,5713,3059,0.535445475231927,0,0,,0.567293774406298,0.0672937744062982
2024,480,Full,0.075,1477,772,772,0.090953876470226,0.522681110358835,0.522681110358835,16239,8554,8665,0.526756573680645,0.533591969948889,-0.010910859590053,0,1477,772,0.522681110358835,0,0,,0.589867100171443,0.089867100171443
2024,480,Full,0.1,321,179,179,0.0197672270460004,0.557632398753894,0.557632398753894,16239,8554,8665,0.526756573680645,0.533591969948889,0.0240404288050056,0,321,179,0.557632398753894,0,0,,0.606963974859211,0.106963974859211
2024,480,Full,0.15,8,7,7,0.00049264117248599,0.875,0.875,16239,8554,8665,0.526756573680645,0.533591969948889,0.341408030051112,0,8,7,0.875,0,0,,0.664906176743263,0.164906176743262
2025,480,Calendar-only,0,16269,8870,8878,1,0.545208679082919,0.545700411826172,16269,8870,8878,0.545208679082919,0.545700411826172,-0.000491732743253981,-0.000491732743253981,15829,8654,0.546718049150294,440,216,0.490909090909091,0.541440726585551,0.0417281873427092
2025,480,Calendar-only,0.025,12886,7113,7113,0.792058516196447,0.551994412540742,0.551994412540742,16269,8870,8878,0.545208679082919,0.545700411826172,0.00629400071456943,0,12886,7113,0.551994412540742,0,0,,0.548911186472099,0.0489111864720991
2025,480,Calendar-only,0.05,5567,3193,3193,0.342184522711906,0.573558469552721,0.573558469552721,16269,8870,8878,0.545208679082919,0.545700411826172,0.0278580577265489,0,5567,3193,0.573558469552721,0,0,,0.564186101683155,0.064186101683155
2025,480,Calendar-only,0.075,808,456,456,0.0496650070686582,0.564356435643564,0.564356435643564,16269,8870,8878,0.545208679082919,0.545700411826172,0.0186560238173918,0,808,456,0.564356435643564,0,0,,0.586843350112865,0.086843350112865
2025,480,Calendar-only,0.1,104,58,58,0.00639252566230254,0.557692307692308,0.557692307692308,16269,8870,8878,0.545208679082919,0.545700411826172,0.0119918958661353,0,104,58,0.557692307692308,0,0,,0.602373407047427,0.102373407047427
2025,480,Market-state,0,16269,8888,8878,1,0.54631507775524,0.545700411826172,16269,8888,8878,0.54631507775524,0.545700411826172,0.000614665929067559,0.000614665929067559,16251,8874,0.546058704079749,18,14,0.777777777777778,0.540869037074066,0.040915522195238
2025,480,Market-state,0.025,15969,8726,8724,0.981560022127973,0.546433715323439,0.54630847266579,16269,8888,8878,0.54631507775524,0.545700411826172,0.000733303497266746,0.000125242657649238,15965,8723,0.5463827121829,4,3,0.75,0.541291314643948,0.0413239623778236
2025,480,Market-state,0.05,2022,1129,1126,0.124285450857459,0.55835806132542,0.556874381800198,16269,8888,8878,0.54631507775524,0.545700411826172,0.012657649499248,0.00148367952522266,2019,1126,0.557701832590391,3,3,1,0.562251733828796,0.0624656429586743
2025,480,Market-state,0.075,229,164,163,0.0140758497756469,0.716157205240175,0.7117903930131,16269,8888,8878,0.54631507775524,0.545700411826172,0.170456793414002,0.00436681222707425,228,163,0.714912280701754,1,1,1,0.604545086303426,0.105231925867622
2025,480,Market-state,0.1,80,65,65,0.00491732743254041,0.8125,0.8125,16269,8888,8878,0.54631507775524,0.545700411826172,0.266799588173828,0,80,65,0.8125,0,0,,0.64576279359224,0.14576279359224
2025,480,Market-state,0.15,25,19,19,0.00153666482266888,0.76,0.76,16269,8888,8878,0.54631507775524,0.545700411826172,0.214299588173828,0,25,19,0.76,0,0,,0.704343051866098,0.204343051866098
2025,480,Full,0,16269,8906,8878,1,0.547421476427562,0.545700411826172,16269,8906,8878,0.547421476427562,0.545700411826172,0.00172106460138921,0.00172106460138921,15623,8569,0.548486206234398,646,337,0.521671826625387,0.541281000848547,0.0419301458404624
2025,480,Full,0.025,12392,6849,6845,0.76169401930051,0.552695287282118,0.552372498386056,16269,8906,8878,0.547421476427562,0.545700411826172,0.00699487545594502,0.000322788896061965,12378,6840,0.552593310712555,14,9,0.642857142857143,0.550651286289353,0.0507426011665825
2025,480,Full,0.05,5067,2880,2879,0.311451226258529,0.568383658969805,0.568186303532662,16269,8906,8878,0.547421476427562,0.545700411826172,0.0226832471436321,0.000197355437142277,5064,2878,0.568325434439179,3,2,0.666666666666667,0.56875799996649,0.0688389910160196
2025,480,Full,0.075,1260,758,757,0.0774479070625115,0.601587301587302,0.600793650793651,16269,8906,8878,0.547421476427562,0.545700411826172,0.0558868897611291,0.000793650793650791,1259,757,0.601270849880858,1,1,1,0.593707457113848,0.0938365928485002
2025,480,Full,0.1,304,221,221,0.0186858442436536,0.726973684210526,0.726973684210526,16269,8906,8878,0.547421476427562,0.545700411826172,0.181273272384354,0,304,221,0.726973684210526,0,0,,0.619866081677055,0.119866081677055
2025,480,Full,0.15,31,25,25,0.00190546438010941,0.806451612903226,0.806451612903226,16269,8906,8878,0.547421476427562,0.545700411826172,0.260751201077053,0,31,25,0.806451612903226,0,0,,0.70080936710798,0.20080936710798
2026,480,Calendar-only,0,3259,1749,1750,1,0.536667689475299,0.536974532065051,3259,1749,1750,0.536667689475299,0.536974532065051,-0.000306842589751444,-0.000306842589751444,3192,1716,0.537593984962406,67,33,0.492537313432836,0.541001219658351,0.0414733583750931
2026,480,Calendar-only,0.025,2457,1369,1369,0.753912243019331,0.557183557183557,0.557183557183557,3259,1749,1750,0.536667689475299,0.536974532065051,0.0202090251185065,0,2449,1365,0.55737035524704,8,4,0.5,0.550084885436746,0.0502699212672173
2026,480,Calendar-only,0.05,1114,665,665,0.341822644983124,0.596947935368043,0.596947935368043,3259,1749,1750,0.536667689475299,0.536974532065051,0.0599734033029925,0,1114,665,0.596947935368043,0,0,,0.565248813825463,0.065248813825463
2026,480,Calendar-only,0.075,244,161,161,0.0748695918993556,0.659836065573771,0.659836065573771,3259,1749,1750,0.536667689475299,0.536974532065051,0.12286153350872,0,244,161,0.659836065573771,0,0,,0.58326611327825,0.0832661132782502
2026,480,Calendar-only,0.1,10,5,5,0.00306842589751458,0.5,0.5,3259,1749,1750,0.536667689475299,0.536974532065051,-0.0369745320650506,0,10,5,0.5,0,0,,0.600787596455135,0.100787596455135
2026,480,Market-state,0,3259,1748,1750,1,0.536360846885548,0.536974532065051,3259,1748,1750,0.536360846885548,0.536974532065051,-0.000613685179502888,-0.000613685179502888,3257,1748,0.536690205710777,2,0,0,0.541404043531215,0.0414175197030076
2026,480,Market-state,0.025,3196,1714,1714,0.980668916845658,0.536295369211515,0.536295369211515,3259,1748,1750,0.536360846885548,0.536974532065051,-0.000679162853536197,0,3196,1714,0.536295369211515,0,0,,0.541843264842996,0.0418432648429955
2026,480,Market-state,0.05,546,282,282,0.167536054004296,0.516483516483517,0.516483516483517,3259,1748,1750,0.536360846885548,0.536974532065051,-0.0204910155815341,0,546,282,0.516483516483517,0,0,,0.559000309125132,0.0590003091251316
2026,480,Market-state,0.075,25,11,11,0.00767106474378644,0.44,0.44,3259,1748,1750,0.536360846885548,0.536974532065051,-0.0969745320650506,0,25,11,0.44,0,0,,0.579277187989064,0.0792771879890641
2026,480,Full,0,3259,1741,1750,1,0.534212948757288,0.536974532065051,3259,1741,1750,0.534212948757288,0.536974532065051,-0.0027615833077631,-0.0027615833077631,3114,1673,0.537251123956326,145,68,0.468965517241379,0.540774765768558,0.041680985956771
2026,480,Full,0.025,2366,1312,1314,0.725989567351948,0.554522400676247,0.555367709213863,3259,1741,1750,0.534212948757288,0.536974532065051,0.0175478686111962,-0.000845308537616218,2364,1312,0.554991539763113,2,0,0,0.551618158100747,0.0516820348937038
2026,480,Full,0.05,1012,613,614,0.310524700828475,0.605731225296443,0.606719367588933,3259,1741,1750,0.534212948757288,0.536974532065051,0.068756693231392,-0.000988142292490224,1011,613,0.606330365974283,1,0,0,0.569490175513284,0.0695898311258948
2026,480,Full,0.075,305,202,202,0.0935869898741945,0.662295081967213,0.662295081967213,3259,1741,1750,0.534212948757288,0.536974532065051,0.125320549902162,0,305,202,0.662295081967213,0,0,,0.591501976754315,0.091501976754315
2026,480,Full,0.1,80,47,47,0.0245474071801166,0.5875,0.5875,3259,1741,1750,0.534212948757288,0.536974532065051,0.0505254679349494,0,80,47,0.5875,0,0,,0.609475400988807,0.109475400988808
2017,600,Calendar-only,0,6359,3700,3805,1,0.581852492530272,0.598364522723699,6359,3700,3805,0.581852492530272,0.598364522723699,-0.0165120301934266,-0.0165120301934266,5964,3555,0.596076458752515,395,145,0.367088607594937,0.525641635065058,0.0276081484111124
2017,600,Calendar-only,0.025,3131,1863,1873,0.492373014624941,0.595017566272756,0.598211434046631,6359,3700,3805,0.581852492530272,0.598364522723699,-0.00334695645094241,-0.0031938677738742,3085,1845,0.59805510534846,46,18,0.391304347826087,0.540525043020444,0.0416997581468136
2017,600,Calendar-only,0.05,798,436,436,0.125491429470042,0.546365914786967,0.546365914786967,6359,3700,3805,0.581852492530272,0.598364522723699,-0.0519986079367313,0,798,436,0.546365914786967,0,0,,0.561738082765709,0.0617380827657085
2017,600,Calendar-only,0.075,99,53,53,0.0155684856109451,0.535353535353535,0.535353535353535,6359,3700,3805,0.581852492530272,0.598364522723699,-0.0630109873701633,0,99,53,0.535353535353535,0,0,,0.581250602833232,0.0812506028332324
2017,600,Market-state,0,6359,3714,3805,1,0.584054096556062,0.598364522723699,6359,3714,3805,0.584054096556062,0.598364522723699,-0.0143104261676364,-0.0143104261676364,5898,3529,0.598338419803323,461,185,0.401301518438178,0.510945850943965,0.0112768726831693
2017,600,Market-state,0.025,483,251,251,0.0759553388897625,0.519668737060041,0.519668737060041,6359,3714,3805,0.584054096556062,0.598364522723699,-0.0786957856636573,0,483,251,0.519668737060041,0,0,,0.532729346782335,0.0327293467823352
2017,600,Market-state,0.05,27,19,19,0.00424595062116685,0.703703703703704,0.703703703703704,6359,3714,3805,0.584054096556062,0.598364522723699,0.105339180980005,0,27,19,0.703703703703704,0,0,,0.561419843627414,0.0614198436274137
2017,600,Market-state,0.075,2,2,2,0.000314514860827174,1,1,6359,3714,3805,0.584054096556062,0.598364522723699,0.401635477276301,0,2,2,1,0,0,,0.577706751483908,0.0777067514839082
2017,600,Full,0,6359,3487,3805,1,0.548356659852178,0.598364522723699,6359,3487,3805,0.548356659852178,0.598364522723699,-0.0500078628715207,-0.0500078628715207,4259,2596,0.609532754167645,2100,891,0.424285714285714,0.514933531903216,0.0262963688321398
2017,600,Full,0.025,2448,1400,1427,0.384966189652461,0.571895424836601,0.582924836601307,6359,3487,3805,0.548356659852178,0.598364522723699,-0.0264690978870974,-0.011029411764706,2145,1262,0.588344988344988,303,138,0.455445544554456,0.536990680321044,0.0502000141969633
2017,600,Full,0.05,927,522,546,0.145777637993395,0.563106796116505,0.588996763754045,6359,3487,3805,0.548356659852178,0.598364522723699,-0.0352577266071938,-0.0258899676375405,817,479,0.586291309669523,110,43,0.390909090909091,0.550135903390095,0.071879987529097
2017,600,Full,0.075,260,138,150,0.0408869319075326,0.530769230769231,0.576923076923077,6359,3487,3805,0.548356659852178,0.598364522723699,-0.0675952919544679,-0.0461538461538461,180,104,0.577777777777778,80,34,0.425,0.541577038075517,0.104454804833129
2017,600,Full,0.1,124,60,60,0.0194999213712848,0.483870967741936,0.483870967741936,6359,3487,3805,0.548356659852178,0.598364522723699,-0.114493554981763,0,80,38,0.475,44,22,0.5,0.544853064911663,0.125586958354165
2017,600,Full,0.15,24,9,9,0.00377417832992609,0.375,0.375,6359,3487,3805,0.548356659852178,0.598364522723699,-0.223364522723699,0,24,9,0.375,0,0,,0.660969799070005,0.160969799070005
2018,600,Calendar-only,0,12972,7003,7028,1,0.539855072463768,0.541782300339192,12972,7003,7028,0.539855072463768,0.541782300339192,-0.00192722787542399,-0.00192722787542399,12723,6891,0.541617543032304,249,112,0.449799196787149,0.538995682064454,0.0392146449252197
2018,600,Calendar-only,0.025,10415,5586,5586,0.802883132901634,0.536341814690351,0.536341814690351,12972,7003,7028,0.539855072463768,0.541782300339192,-0.00544048564884159,0,10415,5586,0.536341814690351,0,0,,0.544936056387989,0.0449360563879889
2018,600,Calendar-only,0.05,3569,1839,1839,0.275131051495529,0.515270383861026,0.515270383861026,12972,7003,7028,0.539855072463768,0.541782300339192,-0.0265119164781665,0,3569,1839,0.515270383861026,0,0,,0.559982340227299,0.0599823402272994
2018,600,Calendar-only,0.075,192,92,92,0.0148011100832562,0.479166666666667,0.479166666666667,12972,7003,7028,0.539855072463768,0.541782300339192,-0.0626156336725254,0,192,92,0.479166666666667,0,0,,0.581031153956853,0.0810311539568525
2018,600,Market-state,0,12972,7025,7028,1,0.541551032994141,0.541782300339192,12972,7025,7028,0.541551032994141,0.541782300339192,-0.000231267345050856,-0.000231267345050856,12965,7023,0.541689163131508,7,2,0.285714285714286,0.537568450616351,0.0375791865835343
2018,600,Market-state,0.025,12739,6903,6904,0.982038236201048,0.541879268388414,0.541957767485674,12972,7025,7028,0.541551032994141,0.541782300339192,9.69680492214353e-05,-7.84990972604316e-05,12738,6903,0.541921808761187,1,0,0,0.537900374570914,0.0379056652489764
2018,600,Market-state,0.05,507,306,306,0.0390841813135985,0.603550295857988,0.603550295857988,12972,7025,7028,0.541551032994141,0.541782300339192,0.0617679955187961,0,507,306,0.603550295857988,0,0,,0.556214827528434,0.0562148275284337
2018,600,Market-state,0.075,14,9,9,0.00107924761023743,0.642857142857143,0.642857142857143,12972,7025,7028,0.541551032994141,0.541782300339192,0.101074842517951,0,14,9,0.642857142857143,0,0,,0.585655993435297,0.0856559934352969
2018,600,Market-state,0.1,1,1,1,7.70891150169596e-05,1,1,12972,7025,7028,0.541551032994141,0.541782300339192,0.458217699660808,0,1,1,1,0,0,,0.60449651797947,0.10449651797947
2018,600,Full,0,12972,6817,7028,1,0.525516497070614,0.541782300339192,12972,6817,7028,0.525516497070614,0.541782300339192,-0.0162658032685784,-0.0162658032685784,11465,6169,0.538072394243349,1507,648,0.429993364299934,0.545668602920169,0.0507631624278941
2018,600,Full,0.025,9290,4899,5002,0.716157878507555,0.527341227125942,0.538428417653391,12972,6817,7028,0.525516497070614,0.541782300339192,-0.0144410732132502,-0.0110871905274489,8749,4680,0.534918276374443,541,219,0.404805914972274,0.560879568083206,0.0662808252941508
2018,600,Full,0.05,5582,2907,2915,0.430311440024669,0.520781082049445,0.52221426012182,12972,6817,7028,0.525516497070614,0.541782300339192,-0.0210012182897474,-0.00143317807237553,5370,2805,0.522346368715084,212,102,0.481132075471698,0.58053952214593,0.0851746027332708
2018,600,Full,0.075,2518,1238,1232,0.194110391612704,0.491660047656871,0.489277204130262,12972,6817,7028,0.525516497070614,0.541782300339192,-0.0501222526823215,0.00238284352660845,2510,1231,0.490438247011952,8,7,0.875,0.613329209079934,0.11384019291587
2018,600,Full,0.1,1262,521,521,0.097286463151403,0.41283676703645,0.41283676703645,12972,6817,7028,0.525516497070614,0.541782300339192,-0.128945533302742,0,1262,521,0.41283676703645,0,0,,0.640860165614503,0.140860165614503
2018,600,Full,0.15,484,195,195,0.0373111316682085,0.402892561983471,0.402892561983471,12972,6817,7028,0.525516497070614,0.541782300339192,-0.138889738355721,0,484,195,0.402892561983471,0,0,,0.674549647267198,0.174549647267198
2019,600,Calendar-only,0,14532,8108,8159,1,0.55794109551335,0.561450591797413,14532,8108,8159,0.55794109551335,0.561450591797413,-0.00350949628406283,-0.00350949628406283,14071,7903,0.561651623907327,461,205,0.44468546637744,0.539882557749801,0.0402461747632298
2019,600,Calendar-only,0.025,10782,6120,6120,0.741948802642444,0.567612687813022,0.567612687813022,14532,8108,8159,0.55794109551335,0.561450591797413,0.00616209601560902,0,10782,6120,0.567612687813022,0,0,,0.549384720647014,0.0493847206470138
2019,600,Calendar-only,0.05,4406,2555,2555,0.303192953481971,0.579891057648661,0.579891057648661,14532,8108,8159,0.55794109551335,0.561450591797413,0.0184404658512483,0,4406,2555,0.579891057648661,0,0,,0.567914103578966,0.0679141035789665
2019,600,Calendar-only,0.075,1343,785,785,0.0924167354803193,0.584512285927029,0.584512285927029,14532,8108,8159,0.55794109551335,0.561450591797413,0.0230616941296165,0,1343,785,0.584512285927029,0,0,,0.584716913563235,0.0847169135632347
2019,600,Calendar-only,0.1,49,32,32,0.0033718689788054,0.653061224489796,0.653061224489796,14532,8108,8159,0.55794109551335,0.561450591797413,0.0916106326923832,0,49,32,0.653061224489796,0,0,,0.602994568244239,0.102994568244238
2019,600,Market-state,0,14532,8153,8159,1,0.561037709881641,0.561450591797413,14532,8153,8159,0.561037709881641,0.561450591797413,-0.000412881915772156,-0.000412881915772156,14524,8152,0.561277884880198,8,1,0.125,0.535022841301371,0.0350338734297258
2019,600,Market-state,0.025,13973,7844,7845,0.961533168180567,0.561368353252702,0.561439919845416,14532,8153,8159,0.561037709881641,0.561450591797413,-8.22385447110108e-05,-7.1566592714567e-05,13972,7844,0.561408531348411,1,0,0,0.535554545015081,0.0355596530412628
2019,600,Market-state,0.05,760,443,443,0.052298375997798,0.582894736842105,0.582894736842105,14532,8153,8159,0.561037709881641,0.561450591797413,0.0214441450446926,0,760,443,0.582894736842105,0,0,,0.56024011114617,0.06024011114617
2019,600,Market-state,0.075,73,36,36,0.00502339664189375,0.493150684931507,0.493150684931507,14532,8153,8159,0.561037709881641,0.561450591797413,-0.0682999068659058,0,73,36,0.493150684931507,0,0,,0.58803092681079,0.0880309268107899
2019,600,Market-state,0.1,12,3,3,0.000825763831544178,0.25,0.25,14532,8153,8159,0.561037709881641,0.561450591797413,-0.311450591797413,0,12,3,0.25,0,0,,0.607029576570134,0.107029576570134
2019,600,Full,0,14532,7965,8159,1,0.548100743187448,0.561450591797413,14532,7965,8159,0.548100743187448,0.561450591797413,-0.0133498486099642,-0.0133498486099642,12152,6872,0.56550362080316,2380,1093,0.459243697478992,0.540957550203553,0.0506176831392816
2019,600,Full,0.025,10060,5653,5760,0.692265345444536,0.561928429423459,0.572564612326044,14532,7965,8159,0.548100743187448,0.561450591797413,0.000477837626046584,-0.0106361829025845,9129,5241,0.57410450213605,931,412,0.442534908700322,0.556576710497334,0.0677127816729158
2019,600,Full,0.05,5750,3254,3345,0.395678502614919,0.565913043478261,0.581739130434783,14532,7965,8159,0.548100743187448,0.561450591797413,0.00446245168084825,-0.0158260869565218,5201,3025,0.58161891943857,549,229,0.41712204007286,0.576463885245243,0.0912511981106688
2019,600,Full,0.075,3607,2039,2086,0.248210845031654,0.565289714444137,0.578319933462711,14532,7965,8159,0.548100743187448,0.561450591797413,0.00383912264672381,-0.0130302190185749,3284,1901,0.578867235079172,323,138,0.427244582043344,0.5940930399149,0.109805476347695
2019,600,Full,0.1,2357,1340,1340,0.162193779245802,0.568519304200255,0.568519304200255,14532,7965,8159,0.548100743187448,0.561450591797413,0.0070687124028419,0,2353,1338,0.568635784105397,4,2,0.5,0.620180615984305,0.120522701841827
2019,600,Full,0.15,26,22,22,0.00178915496834572,0.846153846153846,0.846153846153846,14532,7965,8159,0.548100743187448,0.561450591797413,0.284703254356434,0,26,22,0.846153846153846,0,0,,0.664746889922752,0.164746889922752
2020,600,Calendar-only,0,15116,8631,8631,1,0.570984387404075,0.570984387404075,15116,8631,8631,0.570984387404075,0.570984387404075,0,0,14966,8556,0.571695843912869,150,75,0.5,0.545716618325003,0.0458595649803289
2020,600,Calendar-only,0.025,12086,7045,7045,0.799550145541148,0.582905841469469,0.582905841469469,15116,8631,8631,0.570984387404075,0.570984387404075,0.0119214540653936,0,12086,7045,0.582905841469469,0,0,,0.553094754597471,0.0530947545974705
2020,600,Calendar-only,0.05,5979,3580,3580,0.395541148451971,0.598762334838602,0.598762334838602,15116,8631,8631,0.570984387404075,0.570984387404075,0.0277779474345266,0,5979,3580,0.598762334838602,0,0,,0.568630315552637,0.0686303155526367
2020,600,Calendar-only,0.075,1722,1048,1048,0.113919026197407,0.608594657375145,0.608594657375145,15116,8631,8631,0.570984387404075,0.570984387404075,0.03761026997107,0,1722,1048,0.608594657375145,0,0,,0.58735356237157,0.0873535623715703
2020,600,Calendar-only,0.1,150,92,92,0.00992326012172532,0.613333333333333,0.613333333333333,15116,8631,8631,0.570984387404075,0.570984387404075,0.0423489459292581,0,150,92,0.613333333333333,0,0,,0.612817019234056,0.112817019234056
2020,600,Market-state,0,15116,8630,8631,1,0.570918232336597,0.570984387404075,15116,8630,8631,0.570918232336597,0.570984387404075,-6.61550674782019e-05,-6.61550674782019e-05,15105,8625,0.571002979145978,11,5,0.454545454545455,0.546468758376245,0.0464930081301406
2020,600,Market-state,0.025,14973,8558,8556,0.990539825350622,0.571562145194684,0.571428571428571,15116,8630,8631,0.570918232336597,0.570984387404075,0.000577757790608535,0.000133573766112338,14969,8555,0.571514463223996,4,3,0.75,0.546745211221394,0.0467646388332244
2020,600,Market-state,0.05,3755,2126,2125,0.248412278380524,0.566178428761651,0.565912117177097,15116,8630,8631,0.570918232336597,0.570984387404075,-0.00480595864242406,0.000266311584553924,3754,2125,0.566062866275972,1,1,1,0.561212390320284,0.0612433277803491
2020,600,Market-state,0.075,418,245,245,0.0276528182058746,0.586124401913876,0.586124401913876,15116,8630,8631,0.570918232336597,0.570984387404075,0.0151400145098004,0,418,245,0.586124401913876,0,0,,0.593933231126032,0.0939332311260319
2020,600,Market-state,0.1,108,63,63,0.00714474728764223,0.583333333333333,0.583333333333333,15116,8630,8631,0.570918232336597,0.570984387404075,0.0123489459292582,0,108,63,0.583333333333333,0,0,,0.623420196573145,0.123420196573145
2020,600,Market-state,0.15,13,7,7,0.000860015877216195,0.538461538461538,0.538461538461538,15116,8630,8631,0.570918232336597,0.570984387404075,-0.0325228489425368,0,13,7,0.538461538461538,0,0,,0.664642488857099,0.164642488857099
2020,600,Full,0,15116,8725,8631,1,0.577202963747023,0.570984387404075,15116,8725,8631,0.577202963747023,0.570984387404075,0.00621857634294787,0.00621857634294787,14404,8322,0.577756178839211,712,403,0.566011235955056,0.553990383070487,0.0549328756611903
2020,600,Full,0.025,11605,6790,6779,0.767729558084149,0.585092632485997,0.584144765187419,15116,8725,8631,0.577202963747023,0.570984387404075,0.0141082450819222,0.000947867298578209,11588,6776,0.584742837418019,17,14,0.823529411764706,0.567111934747973,0.0672027818808116
2020,600,Full,0.05,7005,4171,4171,0.463416247684573,0.595431834403997,0.595431834403997,15116,8725,8631,0.577202963747023,0.570984387404075,0.024447446999922,0,7005,4171,0.595431834403997,0,0,,0.587343286045014,0.0873432860450144
2020,600,Full,0.075,4380,2564,2564,0.289759195554379,0.585388127853881,0.585388127853881,15116,8725,8631,0.577202963747023,0.570984387404075,0.0144037404498061,0,4380,2564,0.585388127853881,0,0,,0.602652696526657,0.102652696526657
2020,600,Full,0.1,2169,1266,1266,0.143490341360148,0.583679114799447,0.583679114799447,15116,8725,8631,0.577202963747023,0.570984387404075,0.0126947273953716,0,2169,1266,0.583679114799447,0,0,,0.616563867262371,0.116563867262371
2020,600,Full,0.15,111,75,75,0.00734321249007674,0.675675675675676,0.675675675675676,15116,8725,8631,0.577202963747023,0.570984387404075,0.1046912882716,0,111,75,0.675675675675676,0,0,,0.677251205421013,0.177251205421013
2021,600,Calendar-only,0,15672,8738,8865,1,0.557554874936192,0.565658499234303,15672,8738,8865,0.557554874936192,0.565658499234303,-0.00810362429811129,-0.00810362429811129,15001,8466,0.564362375841611,671,272,0.405365126676602,0.551140850178549,0.0518168356937494
2021,600,Calendar-only,0.025,12947,7293,7293,0.826123021949974,0.563296516567545,0.563296516567545,15672,8738,8865,0.557554874936192,0.565658499234303,-0.00236198266675858,0,12947,7293,0.563296516567545,0,0,,0.560054594836741,0.0600545948367411
2021,600,Calendar-only,0.05,8346,4647,4647,0.532542113323124,0.556793673616104,0.556793673616104,15672,8738,8865,0.557554874936192,0.565658499234303,-0.00886482561819968,0,8346,4647,0.556793673616104,0,0,,0.572049050513372,0.0720490505133717
2021,600,Calendar-only,0.075,2885,1588,1588,0.184086268504339,0.550433275563258,0.550433275563258,15672,8738,8865,0.557554874936192,0.565658499234303,-0.015225223671045,0,2885,1588,0.550433275563258,0,0,,0.589389633221821,0.0893896332218213
2021,600,Calendar-only,0.1,544,287,287,0.0347115875446656,0.527573529411765,0.527573529411765,15672,8738,8865,0.557554874936192,0.565658499234303,-0.0380849698225385,0,544,287,0.527573529411765,0,0,,0.607353264744022,0.107353264744022
2021,600,Market-state,0,15672,8865,8865,1,0.565658499234303,0.565658499234303,15672,8865,8865,0.565658499234303,0.565658499234303,0,0,15672,8865,0.565658499234303,0,0,,0.548294004462555,0.0482940044625548
2021,600,Market-state,0.025,15656,8853,8853,0.998979070954569,0.565470107307103,0.565470107307103,15672,8865,8865,0.565658499234303,0.565658499234303,-0.000188391927200549,0,15656,8853,0.565470107307103,0,0,,0.548321852686667,0.0483218526866671
2021,600,Market-state,0.05,4681,2631,2631,0.298685553854007,0.56205938901944,0.56205938901944,15672,8865,8865,0.565658499234303,0.565658499234303,-0.00359911021486292,0,4681,2631,0.56205938901944,0,0,,0.555233438751174,0.0552334387511741
2021,600,Market-state,0.075,44,18,18,0.00280755487493619,0.409090909090909,0.409090909090909,15672,8865,8865,0.565658499234303,0.565658499234303,-0.156567590143394,0,44,18,0.409090909090909,0,0,,0.580565450637514,0.0805654506375138
2021,600,Market-state,0.1,1,1,1,6.38080653394589e-05,1,1,15672,8865,8865,0.565658499234303,0.565658499234303,0.434341500765697,0,1,1,1,0,0,,0.601226314849401,0.101226314849401
2021,600,Full,0,15672,8620,8865,1,0.550025523226136,0.565658499234303,15672,8620,8865,0.550025523226136,0.565658499234303,-0.0156329760081675,-0.0156329760081675,14209,8011,0.563797593074812,1463,609,0.416267942583732,0.552278554553107,0.0575349796078017
2021,600,Full,0.025,12847,7080,7263,0.819742215416029,0.551101424457072,0.565345995173971,15672,8620,8865,0.550025523226136,0.565658499234303,-0.0145570747772316,-0.0142445707168989,12116,6806,0.561736546715087,731,274,0.374829001367989,0.562069152353453,0.0672257661976791
2021,600,Full,0.05,9030,4939,5027,0.576186830015314,0.546954595791805,0.556699889258029,15672,8620,8865,0.550025523226136,0.565658499234303,-0.0187039034424982,-0.00974529346622377,8730,4833,0.55360824742268,300,106,0.353333333333333,0.57581247268121,0.0794762302896958
2021,600,Full,0.075,5015,2808,2808,0.319997447677386,0.559920239282154,0.559920239282154,15672,8620,8865,0.550025523226136,0.565658499234303,-0.00573825995214972,0,5015,2808,0.559920239282154,0,0,,0.592205665805879,0.0922056658058785
2021,600,Full,0.1,1521,803,803,0.097052067381317,0.527942143326759,0.527942143326759,15672,8620,8865,0.550025523226136,0.565658499234303,-0.0377163559075445,0,1521,803,0.527942143326759,0,0,,0.606687884764149,0.106687884764149
2022,600,Calendar-only,0,16242,8098,8084,1,0.49858391823667,0.497721955424209,16242,8098,8084,0.49858391823667,0.497721955424209,0.000861962812461536,0.000861962812461536,16138,8039,0.498141033585327,104,59,0.567307692307692,0.553720035400104,0.0538727562338874
2022,600,Calendar-only,0.025,14363,7256,7256,0.8843122768132,0.50518693866184,0.50518693866184,16242,8098,8084,0.49858391823667,0.497721955424209,0.00746498323763067,0,14363,7256,0.50518693866184,0,0,,0.559006872797806,0.059006872797806
2022,600,Calendar-only,0.05,9341,4732,4732,0.57511390222879,0.506583877529172,0.506583877529172,16242,8098,8084,0.49858391823667,0.497721955424209,0.00886192210496362,0,9341,4732,0.506583877529172,0,0,,0.570843805314859,0.0708438053148593
2022,600,Calendar-only,0.075,3417,1749,1749,0.210380495012929,0.511852502194908,0.511852502194908,16242,8098,8084,0.49858391823667,0.497721955424209,0.014130546770699,0,3417,1749,0.511852502194908,0,0,,0.585451217460837,0.085451217460837
2022,600,Calendar-only,0.1,153,75,75,0.00942002216475804,0.490196078431373,0.490196078431373,16242,8098,8084,0.49858391823667,0.497721955424209,-0.0075258769928363,0,153,75,0.490196078431373,0,0,,0.605255241593485,0.105255241593485
2022,600,Market-state,0,16242,8086,8084,1,0.497845092968846,0.497721955424209,16242,8086,8084,0.497845092968846,0.497721955424209,0.000123137544637386,0.000123137544637386,16236,8082,0.497782705099778,6,4,0.666666666666667,0.552936606779588,0.052945451766311
2022,600,Market-state,0.025,16152,8043,8041,0.994458810491319,0.49795690936107,0.497833085685983,16242,8086,8084,0.497845092968846,0.497721955424209,0.000234953936861015,0.000123823675086676,16150,8041,0.497894736842105,2,2,1,0.553130014387047,0.0531376547541985
2022,600,Market-state,0.05,10253,5222,5222,0.631264622583426,0.509314347020384,0.509314347020384,16242,8086,8084,0.497845092968846,0.497721955424209,0.0115923915961754,0,10253,5222,0.509314347020384,0,0,,0.557983837735288,0.0579838377352876
2022,600,Market-state,0.075,444,255,255,0.0273365349094939,0.574324324324324,0.574324324324324,16242,8086,8084,0.497845092968846,0.497721955424209,0.0766023689001155,0,444,255,0.574324324324324,0,0,,0.583831029679958,0.0838310296799578
2022,600,Market-state,0.1,39,28,28,0.00240118212042852,0.717948717948718,0.717948717948718,16242,8086,8084,0.497845092968846,0.497721955424209,0.220226762524509,0,39,28,0.717948717948718,0,0,,0.614944400931799,0.114944400931799
2022,600,Full,0,16242,8243,8084,1,0.507511390222879,0.497721955424209,16242,8243,8084,0.507511390222879,0.497721955424209,0.00978943479867011,0.00978943479867011,15579,7832,0.502728031324219,663,411,0.619909502262444,0.559077316653318,0.0598073586795455
2022,600,Full,0.025,13643,6937,6928,0.839982760743751,0.50846587993843,0.507806200982189,16242,8243,8084,0.507511390222879,0.497721955424209,0.0107439245142211,0.000659678956241305,13618,6920,0.508150976648553,25,17,0.68,0.568720773359369,0.0688546243121613
2022,600,Full,0.05,10546,5395,5392,0.649304272872799,0.511568367153423,0.511283899108667,16242,8243,8084,0.507511390222879,0.497721955424209,0.0138464117292143,0.000284468044756347,10541,5391,0.511431552983588,5,4,0.8,0.577753403865249,0.0778029173401405
2022,600,Full,0.075,5691,2970,2970,0.350387883265608,0.521876647337902,0.521876647337902,16242,8243,8084,0.507511390222879,0.497721955424209,0.0241546919136931,0,5691,2970,0.521876647337902,0,0,,0.590273791587605,0.0902737915876054
2022,600,Full,0.1,889,550,550,0.0547346385913065,0.61867266591676,0.61867266591676,16242,8243,8084,0.507511390222879,0.497721955424209,0.120950710492552,0,889,550,0.61867266591676,0,0,,0.613026268355181,0.113026268355181
2022,600,Full,0.15,33,23,23,0.00203176948651644,0.696969696969697,0.696969696969697,16242,8243,8084,0.507511390222879,0.497721955424209,0.199247741545488,0,33,23,0.696969696969697,0,0,,0.680868694005356,0.180868694005356
2023,600,Calendar-only,0,15941,8647,8749,1,0.542437739163164,0.548836333981557,15941,8647,8749,0.542437739163164,0.548836333981557,-0.00639859481839278,-0.00639859481839278,15183,8319,0.547915431732859,758,328,0.432717678100264,0.543938618572312,0.0450605381369931
2023,600,Calendar-only,0.025,12593,6911,6911,0.789975534784518,0.54879695068689,0.54879695068689,15941,8647,8749,0.542437739163164,0.548836333981557,-3.9383294667461e-05,0,12593,6911,0.54879695068689,0,0,,0.553200920832547,0.053200920832547
2023,600,Calendar-only,0.05,6470,3575,3575,0.405871651715702,0.552550231839258,0.552550231839258,15941,8647,8749,0.542437739163164,0.548836333981557,0.00371389785770115,0,6470,3575,0.552550231839258,0,0,,0.566410681677322,0.0664106816773223
2023,600,Calendar-only,0.075,1850,1018,1018,0.116052945235556,0.55027027027027,0.55027027027027,15941,8647,8749,0.542437739163164,0.548836333981557,0.00143393628871336,0,1850,1018,0.55027027027027,0,0,,0.582288341308342,0.0822883413083422
2023,600,Market-state,0,15941,8749,8749,1,0.548836333981557,0.548836333981557,15941,8749,8749,0.548836333981557,0.548836333981557,0,0,15941,8749,0.548836333981557,0,0,,0.542889655938452,0.0428896559384515
2023,600,Market-state,0.025,15839,8708,8708,0.993601405181607,0.549782183218638,0.549782183218638,15941,8749,8749,0.548836333981557,0.548836333981557,0.000945849237080632,0,15839,8708,0.549782183218638,0,0,,0.543028236870965,0.0430282368709652
2023,600,Market-state,0.05,2298,1251,1251,0.144156577379085,0.544386422976501,0.544386422976501,15941,8749,8749,0.548836333981557,0.548836333981557,-0.00444991100505565,0,2298,1251,0.544386422976501,0,0,,0.557513999733452,0.057513999733452
2023,600,Market-state,0.075,86,53,53,0.00539489367040964,0.616279069767442,0.616279069767442,15941,8749,8749,0.548836333981557,0.548836333981557,0.0674427357858849,0,86,53,0.616279069767442,0,0,,0.581697253841867,0.0816972538418667
2023,600,Market-state,0.1,2,2,2,0.000125462643497899,1,1,15941,8749,8749,0.548836333981557,0.548836333981557,0.451163666018443,0,2,2,1,0,0,,0.603472492507061,0.103472492507061
2023,600,Full,0,15941,8645,8749,1,0.542312276519666,0.548836333981557,15941,8645,8749,0.542312276519666,0.548836333981557,-0.00652405746189066,-0.00652405746189066,14465,7959,0.550224680262703,1476,686,0.464769647696477,0.543181408485785,0.0469148437047746
2023,600,Full,0.025,12766,6958,7030,0.800828053447086,0.545041516528278,0.550681497728341,15941,8645,8749,0.542312276519666,0.548836333981557,-0.0037948174532787,-0.00563998120006259,12194,6708,0.550106609808102,572,250,0.437062937062937,0.552166048658665,0.0553295385425987
2023,600,Full,0.05,6967,3831,3831,0.437049118624929,0.549877996268121,0.549877996268121,15941,8645,8749,0.542312276519666,0.548836333981557,0.00104166228656422,0,6967,3831,0.549877996268121,0,0,,0.569163295945296,0.0691632959452957
2023,600,Full,0.075,1901,1031,1031,0.119252242644753,0.542346133613887,0.542346133613887,15941,8645,8749,0.542312276519666,0.548836333981557,-0.00649020036766956,0,1901,1031,0.542346133613887,0,0,,0.588753657358083,0.088753657358083
2023,600,Full,0.1,288,133,133,0.0180666206636974,0.461805555555556,0.461805555555556,15941,8645,8749,0.542312276519666,0.548836333981557,-0.0870307784260014,0,288,133,0.461805555555556,0,0,,0.60938390289801,0.10938390289801
2024,600,Calendar-only,0,15806,8423,8488,1,0.532898899152221,0.537011261546248,15806,8423,8488,0.532898899152221,0.537011261546248,-0.00411236239402757,-0.00411236239402757,15137,8121,0.536499966968356,669,302,0.451420029895366,0.544675882366722,0.0449905748395558
2024,600,Calendar-only,0.025,12808,6773,6773,0.810325192964697,0.528810118675828,0.528810118675828,15806,8423,8488,0.532898899152221,0.537011261546248,-0.00820114287042062,0,12808,6773,0.528810118675828,0,0,,0.552300926407074,0.0523009264070741
2024,600,Calendar-only,0.05,6182,3219,3219,0.3911172972289,0.520705273374313,0.520705273374313,15806,8423,8488,0.532898899152221,0.537011261546248,-0.0163059881719357,0,6182,3219,0.520705273374313,0,0,,0.567228310790858,0.0672283107908581
2024,600,Calendar-only,0.075,1872,979,979,0.118436036947994,0.522970085470086,0.522970085470086,15806,8423,8488,0.532898899152221,0.537011261546248,-0.0140411760761627,0,1872,979,0.522970085470086,0,0,,0.584085471684444,0.0840854716844434
2024,600,Calendar-only,0.1,48,26,26,0.00303682146020499,0.541666666666667,0.541666666666667,15806,8423,8488,0.532898899152221,0.537011261546248,0.0046554051204184,0,48,26,0.541666666666667,0,0,,0.601944053974866,0.101944053974866
2024,600,Market-state,0,15806,8490,8488,1,0.537137795773757,0.537011261546248,15806,8490,8488,0.537137795773757,0.537011261546248,0.000126534227508524,0.000126534227508524,15804,8488,0.537079220450519,2,2,1,0.542613904121162,0.0426152502266724
2024,600,Market-state,0.025,15695,8433,8433,0.992977350373276,0.537304874163746,0.537304874163746,15806,8490,8488,0.537137795773757,0.537011261546248,0.000293612617498162,0,15695,8433,0.537304874163746,0,0,,0.542782429371845,0.0427824293718452
2024,600,Market-state,0.05,1944,1211,1211,0.122991269138302,0.622942386831276,0.622942386831276,15806,8490,8488,0.537137795773757,0.537011261546248,0.0859311252850274,0,1944,1211,0.622942386831276,0,0,,0.557164720075209,0.0571647200752087
2024,600,Market-state,0.075,71,61,61,0.00449196507655321,0.859154929577465,0.859154929577465,15806,8490,8488,0.537137795773757,0.537011261546248,0.322143668031217,0,71,61,0.859154929577465,0,0,,0.587323994178574,0.0873239941785742
2024,600,Market-state,0.1,9,9,9,0.000569404023788435,1,1,15806,8490,8488,0.537137795773757,0.537011261546248,0.462988738453752,0,9,9,1,0,0,,0.623037655070695,0.123037655070695
2024,600,Full,0,15806,8371,8488,1,0.529609009236999,0.537011261546248,15806,8371,8488,0.529609009236999,0.537011261546248,-0.00740225230924962,-0.00740225230924962,14765,7909,0.535658652218083,1041,462,0.443804034582133,0.543091820639369,0.0446711226520572
2024,600,Full,0.025,12141,6431,6434,0.768126028090599,0.529692776542295,0.529939873157071,15806,8371,8488,0.529609009236999,0.537011261546248,-0.00731848500395349,-0.000247096614776288,12132,6428,0.529838443785031,9,3,0.333333333333333,0.55384627299314,0.0538870426202919
2024,600,Full,0.05,6158,3256,3256,0.389598886498798,0.528743098408574,0.528743098408574,15806,8371,8488,0.529609009236999,0.537011261546248,-0.00826816313767398,0,6158,3256,0.528743098408574,0,0,,0.568179128950201,0.0681791289502007
2024,600,Full,0.075,1886,1000,1000,0.119321776540554,0.530222693531283,0.530222693531283,15806,8371,8488,0.529609009236999,0.537011261546248,-0.00678856801496508,0,1886,1000,0.530222693531283,0,0,,0.589349419846354,0.0893494198463534
2024,600,Full,0.1,251,157,157,0.0158800455523219,0.625498007968128,0.625498007968128,15806,8371,8488,0.529609009236999,0.537011261546248,0.0884867464218793,0,251,157,0.625498007968128,0,0,,0.608901583189624,0.108901583189624
2024,600,Full,0.15,9,9,9,0.000569404023788435,1,1,15806,8371,8488,0.529609009236999,0.537011261546248,0.462988738453752,0,9,9,1,0,0,,0.679084845460181,0.179084845460181
2025,600,Calendar-only,0,15866,8573,8575,1,0.54033782932056,0.540463885037187,15866,8573,8575,0.54033782932056,0.540463885037187,-0.000126055716626716,-0.000126055716626716,15528,8405,0.541280267903143,338,168,0.497041420118343,0.543592426147241,0.0438217756356608
2025,600,Calendar-only,0.025,13724,7471,7471,0.864994327492752,0.544374817837365,0.544374817837365,15866,8573,8575,0.54033782932056,0.540463885037187,0.00391093280017873,0,13724,7471,0.544374817837365,0,0,,0.548550201060641,0.0485502010606407
2025,600,Calendar-only,0.05,5411,3006,3006,0.34104374133367,0.555535021253003,0.555535021253003,15866,8573,8575,0.54033782932056,0.540463885037187,0.0150711362158167,0,5411,3006,0.555535021253003,0,0,,0.566170843698293,0.0661708436982927
2025,600,Calendar-only,0.075,1142,672,672,0.0719778141938737,0.588441330998249,0.588441330998249,15866,8573,8575,0.54033782932056,0.540463885037187,0.0479774459610622,0,1142,672,0.588441330998249,0,0,,0.583080742112026,0.0830807421120263
2025,600,Market-state,0,15866,8581,8575,1,0.540842052187067,0.540463885037187,15866,8581,8575,0.540842052187067,0.540463885037187,0.00037816714988026,0.00037816714988026,15860,8575,0.540668348045397,6,6,1,0.542643239911401,0.0426488065248738
2025,600,Market-state,0.025,15698,8491,8491,0.989411319803353,0.540896929545165,0.540896929545165,15866,8581,8575,0.540842052187067,0.540463885037187,0.000433044507978542,0,15698,8491,0.540896929545165,0,0,,0.542884562663508,0.0428845626635076
2025,600,Market-state,0.05,2556,1401,1401,0.161099205848985,0.5481220657277,0.5481220657277,15866,8581,8575,0.540842052187067,0.540463885037187,0.00765818069051305,0,2556,1401,0.5481220657277,0,0,,0.563543423316934,0.0635434233169339
2025,600,Market-state,0.075,329,217,217,0.0207361653851002,0.659574468085106,0.659574468085106,15866,8581,8575,0.540842052187067,0.540463885037187,0.11911058304792,0,329,217,0.659574468085106,0,0,,0.603985477990183,0.103985477990183
2025,600,Market-state,0.1,96,76,76,0.00605067439808395,0.791666666666667,0.791666666666667,15866,8581,8575,0.540842052187067,0.540463885037187,0.25120278162948,0,96,76,0.791666666666667,0,0,,0.653868291763128,0.153868291763128
2025,600,Market-state,0.15,30,22,22,0.00189083574940124,0.733333333333333,0.733333333333333,15866,8581,8575,0.540842052187067,0.540463885037187,0.192869448296147,0,30,22,0.733333333333333,0,0,,0.723208915250958,0.223208915250958
2025,600,Full,0,15866,8583,8575,1,0.540968107903693,0.540463885037187,15866,8583,8575,0.540968107903693,0.540463885037187,0.000504222866506976,0.000504222866506976,15188,8240,0.542533579141427,678,343,0.505899705014749,0.543386242767899,0.0441071067005517
2025,600,Full,0.025,12745,6930,6930,0.803290054203958,0.543742644174186,0.543742644174186,15866,8583,8575,0.540968107903693,0.540463885037187,0.00327875913699949,0,12745,6930,0.543742644174186,0,0,,0.551324832622764,0.0513248326227635
2025,600,Full,0.05,5544,3042,3042,0.349426446489348,0.548701298701299,0.548701298701299,15866,8583,8575,0.540968107903693,0.540463885037187,0.00823741366411224,0,5544,3042,0.548701298701299,0,0,,0.569490229611723,0.0694902296117234
2025,600,Full,0.075,1589,950,950,0.100151266859952,0.597860289490245,0.597860289490245,15866,8583,8575,0.540968107903693,0.540463885037187,0.0573964044530589,0,1589,950,0.597860289490245,0,0,,0.594068660900562,0.0940686609005623
2025,600,Full,0.1,345,242,242,0.0217446111181142,0.701449275362319,0.701449275362319,15866,8583,8575,0.540968107903693,0.540463885037187,0.160985390325132,0,345,242,0.701449275362319,0,0,,0.625484522894042,0.125484522894042
2025,600,Full,0.15,54,45,45,0.00340350434892222,0.833333333333333,0.833333333333333,15866,8583,8575,0.540968107903693,0.540463885037187,0.292869448296147,0,54,45,0.833333333333333,0,0,,0.702485494902764,0.202485494902764
2026,600,Calendar-only,0,3176,1684,1678,1,0.530226700251889,0.528337531486146,3176,1684,1678,0.530226700251889,0.528337531486146,0.00188916876574297,0.00188916876574297,3074,1630,0.530253741054001,102,54,0.529411764705882,0.542262345044331,0.042667683030967
2026,600,Calendar-only,0.025,2577,1409,1409,0.81139798488665,0.546759798214979,0.546759798214979,3176,1684,1678,0.530226700251889,0.528337531486146,0.0184222667288325,0,2577,1409,0.546759798214979,0,0,,0.549220473684066,0.0492204736840656
2026,600,Calendar-only,0.05,1019,638,638,0.320843828715365,0.626104023552503,0.626104023552503,3176,1684,1678,0.530226700251889,0.528337531486146,0.0977664920663564,0,1019,638,0.626104023552503,0,0,,0.56673296053396,0.0667329605339597
2026,600,Calendar-only,0.075,276,192,192,0.0869017632241814,0.695652173913044,0.695652173913044,3176,1684,1678,0.530226700251889,0.528337531486146,0.167314642426897,0,276,192,0.695652173913044,0,0,,0.583202927420517,0.0832029274205172
2026,600,Calendar-only,0.1,8,7,7,0.00251889168765743,0.875,0.875,3176,1684,1678,0.530226700251889,0.528337531486146,0.346662468513854,0,8,7,0.875,0,0,,0.600262803087362,0.100262803087362
2026,600,Market-state,0,3176,1678,1678,1,0.528337531486146,0.528337531486146,3176,1678,1678,0.528337531486146,0.528337531486146,0,0,3176,1678,0.528337531486146,0,0,,0.542477654104891,0.0424776541048912
2026,600,Market-state,0.025,3147,1656,1656,0.990869017632242,0.526215443279314,0.526215443279314,3176,1678,1678,0.528337531486146,0.528337531486146,-0.00212208820683257,0,3147,1656,0.526215443279314,0,0,,0.542669746906972,0.0426697469069719
2026,600,Market-state,0.05,615,306,306,0.193639798488665,0.497560975609756,0.497560975609756,3176,1678,1678,0.528337531486146,0.528337531486146,-0.0307765558763901,0,615,306,0.497560975609756,0,0,,0.560264474434109,0.0602644744341087
2026,600,Market-state,0.075,48,26,26,0.0151133501259446,0.541666666666667,0.541666666666667,3176,1678,1678,0.528337531486146,0.528337531486146,0.0133291351805205,0,48,26,0.541666666666667,0,0,,0.579218342059225,0.079218342059225
2026,600,Full,0,3176,1677,1678,1,0.528022670025189,0.528337531486146,3176,1677,1678,0.528022670025189,0.528337531486146,-0.000314861460957272,-0.000314861460957272,3019,1599,0.529645578005962,157,78,0.496815286624204,0.542174246126807,0.043312819159921
2026,600,Full,0.025,2460,1327,1327,0.77455919395466,0.539430894308943,0.539430894308943,3176,1677,1678,0.528022670025189,0.528337531486146,0.0110933628227969,0,2460,1327,0.539430894308943,0,0,,0.551196832714382,0.0511968327143818
2026,600,Full,0.05,1019,621,621,0.320843828715365,0.609421000981354,0.609421000981354,3176,1677,1678,0.528022670025189,0.528337531486146,0.0810834694952082,0,1019,621,0.609421000981354,0,0,,0.570693631721356,0.0706936317213563
2026,600,Full,0.075,361,253,253,0.113664987405542,0.700831024930748,0.700831024930748,3176,1677,1678,0.528022670025189,0.528337531486146,0.172493493444602,0,361,253,0.700831024930748,0,0,,0.591695568788016,0.0916955687880158
2026,600,Full,0.1,97,64,64,0.0305415617128464,0.65979381443299,0.65979381443299,3176,1677,1678,0.528022670025189,0.528337531486146,0.131456282946844,0,97,64,0.65979381443299,0,0,,0.609147064827576,0.109147064827576
2017,720,Calendar-only,0,6587,3966,4006,1,0.602095035676332,0.608167602854107,6587,3966,4006,0.602095035676332,0.608167602854107,-0.00607256717777438,-0.00607256717777438,6399,3892,0.608220034380372,188,74,0.393617021276596,0.530495616121953,0.030683478146743
2017,720,Calendar-only,0.025,3611,2211,2211,0.548201001973584,0.612295762946552,0.612295762946552,6587,3966,4006,0.602095035676332,0.608167602854107,0.00412816009244565,0,3611,2211,0.612295762946552,0,0,,0.544035631304423,0.0440356313044224
2017,720,Calendar-only,0.05,1153,675,675,0.175041748899347,0.585429314830876,0.585429314830876,6587,3966,4006,0.602095035676332,0.608167602854107,-0.0227382880232305,0,1153,675,0.585429314830876,0,0,,0.561579544304285,0.0615795443042844
2017,720,Calendar-only,0.075,87,48,48,0.0132078336116593,0.551724137931035,0.551724137931035,6587,3966,4006,0.602095035676332,0.608167602854107,-0.0564434649230721,0,87,48,0.551724137931035,0,0,,0.579366044566307,0.0793660445663072
2017,720,Market-state,0,6587,3876,4006,1,0.58843175952634,0.608167602854107,6587,3876,4006,0.58843175952634,0.608167602854107,-0.0197358433277668,-0.0197358433277668,5935,3615,0.609098567818029,652,261,0.400306748466258,0.513216441694329,0.0137803996020047
2017,720,Market-state,0.025,1024,578,578,0.155457719751025,0.564453125,0.564453125,6587,3876,4006,0.58843175952634,0.608167602854107,-0.0437144778541065,0,1024,578,0.564453125,0,0,,0.536839963082153,0.0368399630821525
2017,720,Market-state,0.05,132,57,57,0.0200394716866555,0.431818181818182,0.431818181818182,6587,3876,4006,0.58843175952634,0.608167602854107,-0.176349421035925,0,132,57,0.431818181818182,0,0,,0.561431041438623,0.061431041438623
2017,720,Market-state,0.075,12,7,7,0.00182177015333232,0.583333333333333,0.583333333333333,6587,3876,4006,0.58843175952634,0.608167602854107,-0.0248342695207732,0,12,7,0.583333333333333,0,0,,0.589390468173912,0.0893904681739115
2017,720,Market-state,0.1,2,2,2,0.00030362835888872,1,1,6587,3876,4006,0.58843175952634,0.608167602854107,0.391832397145893,0,2,2,1,0,0,,0.604422105767395,0.104422105767395
2017,720,Full,0,6587,3538,4006,1,0.537118566874146,0.608167602854107,6587,3538,4006,0.537118566874146,0.608167602854107,-0.0710490359799605,-0.0710490359799605,4247,2602,0.612667765481516,2340,936,0.4,0.510339602968244,0.0262568391777509
2017,720,Full,0.025,2629,1442,1567,0.399119477759223,0.548497527577026,0.596044123240776,6587,3538,4006,0.537118566874146,0.608167602854107,-0.059670075277081,-0.0475465956637504,2110,1245,0.590047393364929,519,197,0.379576107899807,0.523407208562035,0.0500023846664503
2017,720,Full,0.05,884,451,526,0.134203734628814,0.510180995475113,0.595022624434389,6587,3538,4006,0.537118566874146,0.608167602854107,-0.0979866073789935,-0.0848416289592761,633,363,0.57345971563981,251,88,0.350597609561753,0.517600949891959,0.0754132479401241
2017,720,Full,0.075,273,106,164,0.0414452709883103,0.388278388278388,0.600732600732601,6587,3538,4006,0.537118566874146,0.608167602854107,-0.219889214575718,-0.212454212454212,117,57,0.487179487179487,156,49,0.314102564102564,0.467151070136229,0.111892972860328
2017,720,Full,0.1,131,50,87,0.0198876575072112,0.381679389312977,0.66412213740458,6587,3538,4006,0.537118566874146,0.608167602854107,-0.226488213541129,-0.282442748091603,30,18,0.6,101,32,0.316831683168317,0.412640666059197,0.140549678066555
2017,720,Full,0.15,37,11,26,0.00561712463944132,0.297297297297297,0.702702702702703,6587,3538,4006,0.537118566874146,0.608167602854107,-0.310870305556809,-0.405405405405405,0,0,,37,11,0.297297297297297,0.303941593864532,0.196058406135468
2018,720,Calendar-only,0,12695,6889,6889,1,0.542654588420638,0.542654588420638,12695,6889,6889,0.542654588420638,0.542654588420638,0,0,12695,6889,0.542654588420638,0,0,,0.542564781029276,0.0425647810292761
2018,720,Calendar-only,0.025,10949,5905,5905,0.862465537613234,0.539318659238287,0.539318659238287,12695,6889,6889,0.542654588420638,0.542654588420638,-0.00333592918235148,0,10949,5905,0.539318659238287,0,0,,0.546605720556152,0.0466057205561517
2018,720,Calendar-only,0.05,3619,1899,1899,0.285072863332021,0.524730588560376,0.524730588560376,12695,6889,6889,0.542654588420638,0.542654588420638,-0.0179239998602623,0,3619,1899,0.524730588560376,0,0,,0.563927928204222,0.0639279282042222
2018,720,Calendar-only,0.075,523,267,267,0.0411973217802284,0.510516252390057,0.510516252390057,12695,6889,6889,0.542654588420638,0.542654588420638,-0.0321383360305807,0,523,267,0.510516252390057,0,0,,0.579827839232775,0.0798278392327753
2018,720,Market-state,0,12695,6882,6889,1,0.542103190232375,0.542654588420638,12695,6882,6889,0.542103190232375,0.542654588420638,-0.000551398188263108,-0.000551398188263108,12682,6879,0.54242233086264,13,3,0.230769230769231,0.543003321093742,0.0430198632716756
2018,720,Market-state,0.025,12537,6798,6798,0.987554155179204,0.54223498444604,0.54223498444604,12695,6882,6889,0.542103190232375,0.542654588420638,-0.000419603974598393,0,12537,6798,0.54223498444604,0,0,,0.54333032396613,0.0433303239661296
2018,720,Market-state,0.05,2072,1121,1121,0.163213863725876,0.541023166023166,0.541023166023166,12695,6882,6889,0.542103190232375,0.542654588420638,-0.00163142239747205,0,2072,1121,0.541023166023166,0,0,,0.562141659899114,0.0621416598991137
2018,720,Market-state,0.075,268,141,141,0.0211106734935014,0.526119402985075,0.526119402985075,12695,6882,6889,0.542103190232375,0.542654588420638,-0.0165351854355634,0,268,141,0.526119402985075,0,0,,0.589392577256536,0.0893925772565359
2018,720,Market-state,0.1,47,27,27,0.00370224497833793,0.574468085106383,0.574468085106383,12695,6882,6889,0.542103190232375,0.542654588420638,0.031813496685745,0,47,27,0.574468085106383,0,0,,0.616367432634271,0.116367432634271
2018,720,Market-state,0.15,2,2,2,0.000157542339503742,1,1,12695,6882,6889,0.542103190232375,0.542654588420638,0.457345411579362,0,2,2,1,0,0,,0.667720805378609,0.167720805378609
2018,720,Full,0,12695,6592,6889,1,0.519259551004332,0.542654588420638,12695,6592,6889,0.519259551004332,0.542654588420638,-0.0233950374163057,-0.0233950374163057,11140,5963,0.535278276481149,1555,629,0.404501607717042,0.540996284915634,0.0454727063795574
2018,720,Full,0.025,9079,4766,4850,0.715163450177235,0.524947681462716,0.53419980174028,12695,6592,6889,0.519259551004332,0.542654588420638,-0.0177069069579219,-0.00925212027756361,8637,4587,0.53108718304967,442,179,0.404977375565611,0.55450543274744,0.0580024559890553
2018,720,Full,0.05,5132,2612,2607,0.404253643166601,0.50896336710834,0.507989088074825,12695,6592,6889,0.519259551004332,0.542654588420638,-0.0336912213122983,0.000974279033515102,5125,2606,0.508487804878049,7,6,0.857142857142857,0.574212234496388,0.0743631013308798
2018,720,Full,0.075,1605,754,754,0.126427727451753,0.469781931464175,0.469781931464175,12695,6592,6889,0.519259551004332,0.542654588420638,-0.0728726569564636,0,1605,754,0.469781931464175,0,0,,0.60183696559953,0.10183696559953
2018,720,Full,0.1,441,182,182,0.034738085860575,0.412698412698413,0.412698412698413,12695,6592,6889,0.519259551004332,0.542654588420638,-0.129956175722225,0,441,182,0.412698412698413,0,0,,0.646977710401431,0.146977710401431
2018,720,Full,0.15,191,77,77,0.0150452934226073,0.403141361256545,0.403141361256545,12695,6592,6889,0.519259551004332,0.542654588420638,-0.139513227164094,0,191,77,0.403141361256545,0,0,,0.687155637386075,0.187155637386075
2019,720,Calendar-only,0,14177,7902,7971,1,0.557381674543274,0.562248712703675,14177,7902,7971,0.557381674543274,0.562248712703675,-0.00486703816040057,-0.00486703816040057,13692,7694,0.561933976044406,485,208,0.428865979381443,0.542107548841637,0.0429452458650007
2019,720,Calendar-only,0.025,11188,6307,6312,0.789165549834239,0.563728995352163,0.56417590275295,14177,7902,7971,0.557381674543274,0.562248712703675,0.0014802826484881,-0.000446907400786567,11143,6287,0.56421071524724,45,20,0.444444444444444,0.550443472864862,0.0507333899576809
2019,720,Calendar-only,0.05,4804,2820,2820,0.338858714819779,0.587010824313072,0.587010824313072,14177,7902,7971,0.557381674543274,0.562248712703675,0.0247621116093975,0,4804,2820,0.587010824313072,0,0,,0.567668213962485,0.0676682139624853
2019,720,Calendar-only,0.075,1700,989,989,0.119912534386683,0.581764705882353,0.581764705882353,14177,7902,7971,0.557381674543274,0.562248712703675,0.019515993178678,0,1700,989,0.581764705882353,0,0,,0.581119098808762,0.0811190988087624
2019,720,Calendar-only,0.1,44,25,25,0.00310361853706708,0.568181818181818,0.568181818181818,14177,7902,7971,0.557381674543274,0.562248712703675,0.0059331054781433,0,44,25,0.568181818181818,0,0,,0.604781646729933,0.104781646729933
2019,720,Market-state,0,14177,7971,7971,1,0.562248712703675,0.562248712703675,14177,7971,7971,0.562248712703675,0.562248712703675,0,0,14173,7969,0.562266280956749,4,2,0.5,0.538759750139141,0.0387708969576149
2019,720,Market-state,0.025,14114,7932,7933,0.995556182549199,0.561995182088706,0.562066033725379,14177,7971,7971,0.562248712703675,0.562248712703675,-0.000253530614968689,-7.0851636672864e-05,14113,7932,0.56203500318855,1,0,0,0.538847489717995,0.0388534135258917
2019,720,Market-state,0.05,1249,729,729,0.0881004443817451,0.583666933546838,0.583666933546838,14177,7971,7971,0.562248712703675,0.562248712703675,0.0214182208431626,0,1249,729,0.583666933546838,0,0,,0.558737811005923,0.0587378110059232
2019,720,Market-state,0.075,73,45,45,0.00514918530013402,0.616438356164384,0.616438356164384,14177,7971,7971,0.562248712703675,0.562248712703675,0.0541896434607087,0,73,45,0.616438356164384,0,0,,0.587352405742896,0.0873524057428962
2019,720,Market-state,0.1,10,10,10,0.000705367849333427,1,1,14177,7971,7971,0.562248712703675,0.562248712703675,0.437751287296325,0,10,10,1,0,0,,0.604944572543764,0.104944572543764
2019,720,Full,0,14177,7827,7971,1,0.552091415673274,0.562248712703675,14177,7827,7971,0.552091415673274,0.562248712703675,-0.0101572970304014,-0.0101572970304014,13155,7388,0.561611554541999,1022,439,0.429549902152642,0.538980317509983,0.0518431335917823
2019,720,Full,0.025,10598,5955,6076,0.747548846723566,0.5618984714097,0.57331571994716,14177,7827,7971,0.552091415673274,0.562248712703675,-0.000350241293974984,-0.0114172485374598,9849,5641,0.572748502386029,749,314,0.419225634178905,0.547840657728986,0.0646765483561726
2019,720,Full,0.05,6051,3484,3595,0.426818085631657,0.575772599570319,0.594116674929764,14177,7827,7971,0.552091415673274,0.562248712703675,0.0135238868666441,-0.0183440753594447,5354,3191,0.596002988419873,697,293,0.420373027259684,0.557224541617044,0.0860586130856528
2019,720,Full,0.075,3166,1742,1842,0.223319461098963,0.550221099178775,0.581806696146557,14177,7827,7971,0.552091415673274,0.562248712703675,-0.0120276135249005,-0.0315855969677827,2538,1478,0.582348305752561,628,264,0.420382165605096,0.556740872158527,0.109122179956887
2019,720,Full,0.1,1699,899,986,0.119841997601749,0.529134785167746,0.580341377280753,14177,7827,7971,0.552091415673274,0.562248712703675,-0.0331139275359292,-0.0512065921130077,1142,664,0.581436077057793,557,235,0.421903052064632,0.537256322394843,0.127548839127635
2019,720,Full,0.15,125,62,80,0.00881709811666784,0.496,0.64,14177,7827,7971,0.552091415673274,0.562248712703675,-0.0662487127036749,-0.144,31,24,0.774193548387097,94,38,0.404255319148936,0.424572362224589,0.154936755274992
2020,720,Calendar-only,0,14710,8512,8484,1,0.578653976886472,0.57675050985724,14710,8512,8484,0.578653976886472,0.57675050985724,0.00190346702923183,0.00190346702923183,14612,8449,0.578223378045442,98,63,0.642857142857143,0.547080835212058,0.0472409776820864
2020,720,Calendar-only,0.025,12196,7200,7200,0.829095853161115,0.590357494260413,0.590357494260413,14710,8512,8484,0.578653976886472,0.57675050985724,0.0136069844031733,0,12196,7200,0.590357494260413,0,0,,0.553399430444692,0.0533994304446919
2020,720,Calendar-only,0.05,6024,3697,3697,0.409517335146159,0.61371181938911,0.61371181938911,14710,8512,8484,0.578653976886472,0.57675050985724,0.0369613095318703,0,6024,3697,0.61371181938911,0,0,,0.569004283837861,0.0690042838378607
2020,720,Calendar-only,0.075,1670,1031,1031,0.113528212100612,0.617365269461078,0.617365269461078,14710,8512,8484,0.578653976886472,0.57675050985724,0.0406147596038379,0,1670,1031,0.617365269461078,0,0,,0.586137703172156,0.0861377031721562
2020,720,Calendar-only,0.1,150,89,89,0.0101971447994562,0.593333333333333,0.593333333333333,14710,8512,8484,0.578653976886472,0.57675050985724,0.0165828234760934,0,150,89,0.593333333333333,0,0,,0.604119830252128,0.104119830252128
2020,720,Market-state,0,14710,8482,8484,1,0.576614547926581,0.57675050985724,14710,8482,8484,0.576614547926581,0.57675050985724,-0.000135961930659456,-0.000135961930659456,14708,8482,0.576692956214305,2,0,0,0.551718355232754,0.0517194009935341
2020,720,Market-state,0.025,14669,8463,8463,0.997212780421482,0.576930942804554,0.576930942804554,14710,8482,8484,0.576614547926581,0.57675050985724,0.000180432947313847,0,14669,8463,0.576930942804554,0,0,,0.551810550484746,0.0518105504847457
2020,720,Market-state,0.05,6018,3464,3464,0.409109449354181,0.575606513791958,0.575606513791958,14710,8482,8484,0.576614547926581,0.57675050985724,-0.00114399606528248,0,6018,3464,0.575606513791958,0,0,,0.565143708197528,0.0651437081975278
2020,720,Market-state,0.075,1060,610,610,0.0720598232494902,0.575471698113208,0.575471698113208,14710,8482,8484,0.576614547926581,0.57675050985724,-0.00127881174403244,0,1060,610,0.575471698113208,0,0,,0.597154114966418,0.0971541149664181
2020,720,Market-state,0.1,305,172,172,0.0207341944255608,0.563934426229508,0.563934426229508,14710,8482,8484,0.576614547926581,0.57675050985724,-0.0128160836277318,0,305,172,0.563934426229508,0,0,,0.628571545005653,0.128571545005653
2020,720,Market-state,0.15,52,33,33,0.0035350101971448,0.634615384615385,0.634615384615385,14710,8482,8484,0.576614547926581,0.57675050985724,0.0578648747581446,0,52,33,0.634615384615385,0,0,,0.683206002020299,0.183206002020299
2020,720,Full,0,14710,8619,8484,1,0.585927940176751,0.57675050985724,14710,8619,8484,0.585927940176751,0.57675050985724,0.00917743031951057,0.00917743031951057,14153,8273,0.584540380131421,557,346,0.621184919210054,0.555364666146073,0.0573127168702748
2020,720,Full,0.025,12587,7421,7369,0.855676410605031,0.58957654723127,0.585445300707079,14710,8619,8484,0.585927940176751,0.57675050985724,0.0128260373740304,0.00413124652419161,12289,7246,0.589633005126536,298,175,0.587248322147651,0.562555601891725,0.0643388532788232
2020,720,Full,0.05,7322,4457,4455,0.49775662814412,0.608713466266048,0.608440316853319,14710,8619,8484,0.585927940176751,0.57675050985724,0.0319629564088075,0.000273149412728713,7310,4450,0.60875512995896,12,7,0.583333333333333,0.583652284405018,0.0838244587229727
2020,720,Full,0.075,4458,2734,2734,0.303059143439837,0.613279497532526,0.613279497532526,14710,8619,8484,0.585927940176751,0.57675050985724,0.0365289876752858,0,4458,2734,0.613279497532526,0,0,,0.59801915058718,0.0980191505871797
2020,720,Full,0.1,1509,901,901,0.102583276682529,0.597084161696488,0.597084161696488,14710,8619,8484,0.585927940176751,0.57675050985724,0.0203336518392477,0,1509,901,0.597084161696488,0,0,,0.618639266660413,0.118639266660413
2020,720,Full,0.15,129,86,86,0.00876954452753229,0.666666666666667,0.666666666666667,14710,8619,8484,0.585927940176751,0.57675050985724,0.0899161568094267,0,129,86,0.666666666666667,0,0,,0.684732402990541,0.184732402990541
2021,720,Calendar-only,0,15299,8523,8678,1,0.557095234982679,0.567226616118701,15299,8523,8678,0.557095234982679,0.567226616118701,-0.010131381136022,-0.010131381136022,14590,8246,0.565181631254284,709,277,0.390691114245416,0.553118724124205,0.0543061553838819
2021,720,Calendar-only,0.025,12851,7261,7285,0.839989541800118,0.565014395766866,0.566881954711696,15299,8523,8678,0.557095234982679,0.567226616118701,-0.00221222035183422,-0.00186755894482915,12757,7226,0.566434114603747,94,35,0.372340425531915,0.561479177220089,0.0620109813020043
2021,720,Calendar-only,0.05,8788,4957,4957,0.574416628537813,0.564064633591261,0.564064633591261,15299,8523,8678,0.557095234982679,0.567226616118701,-0.00316198252743982,0,8788,4957,0.564064633591261,0,0,,0.573045544152664,0.0730455441526639
2021,720,Calendar-only,0.075,3668,2143,2143,0.239754232302765,0.584242093784079,0.584242093784079,15299,8523,8678,0.557095234982679,0.567226616118701,0.0170154776653779,0,3668,2143,0.584242093784079,0,0,,0.588618750466475,0.0886187504664745
2021,720,Calendar-only,0.1,496,288,288,0.0324204196352703,0.580645161290323,0.580645161290323,15299,8523,8678,0.557095234982679,0.567226616118701,0.013418545171622,0,496,288,0.580645161290323,0,0,,0.605183111826776,0.105183111826776
2021,720,Market-state,0,15299,8678,8678,1,0.567226616118701,0.567226616118701,15299,8678,8678,0.567226616118701,0.567226616118701,0,0,15299,8678,0.567226616118701,0,0,,0.550531989554678,0.0505319895546784
2021,720,Market-state,0.025,15269,8658,8658,0.99803908752206,0.567031239766848,0.567031239766848,15299,8678,8678,0.567226616118701,0.567226616118701,-0.000195376351852739,0,15269,8658,0.567031239766848,0,0,,0.550589991720206,0.0505899917202056
2021,720,Market-state,0.05,6850,3879,3879,0.447741682462906,0.566277372262774,0.566277372262774,15299,8678,8678,0.567226616118701,0.567226616118701,-0.000949243855926873,0,6850,3879,0.566277372262774,0,0,,0.557151554152082,0.0571515541520818
2021,720,Market-state,0.075,221,113,113,0.0144453885874894,0.51131221719457,0.51131221719457,15299,8678,8678,0.567226616118701,0.567226616118701,-0.0559143989241305,0,221,113,0.51131221719457,0,0,,0.582236574609318,0.0822365746093177
2021,720,Market-state,0.1,5,0,0,0.000326818746323289,0,0,15299,8678,8678,0.567226616118701,0.567226616118701,-0.567226616118701,0,5,0,0,0,0,,0.602883465966705,0.102883465966705
2021,720,Full,0,15299,8478,8678,1,0.554153866265769,0.567226616118701,15299,8478,8678,0.554153866265769,0.567226616118701,-0.0130727498529316,-0.0130727498529316,14321,8089,0.564834857900985,978,389,0.397750511247444,0.552978326730472,0.0584179180528611
2021,720,Full,0.025,12544,6975,7142,0.819922870775868,0.556042729591837,0.569355867346939,15299,8478,8678,0.554153866265769,0.567226616118701,-0.0111838865268639,-0.013313137755102,11909,6741,0.566042488873961,635,234,0.368503937007874,0.562137981025329,0.0683554703926728
2021,720,Full,0.05,8905,4902,5020,0.582064187201778,0.550477259966311,0.563728242560359,15299,8478,8678,0.554153866265769,0.567226616118701,-0.0167493561523896,-0.0132509825940483,8431,4724,0.560313130115052,474,178,0.375527426160338,0.573804131152952,0.0811386011459728
2021,720,Full,0.075,5487,3118,3132,0.358650892215177,0.568252232549663,0.570803717878622,15299,8478,8678,0.554153866265769,0.567226616118701,0.00102561643096222,-0.00255148532895932,5361,3062,0.571162096623764,126,56,0.444444444444444,0.589094464656949,0.0926853347066725
2021,720,Full,0.1,1464,863,863,0.095692528923459,0.58948087431694,0.58948087431694,15299,8478,8678,0.554153866265769,0.567226616118701,0.0222542581982392,0,1464,863,0.58948087431694,0,0,,0.60872333163564,0.10872333163564
2022,720,Calendar-only,0,15847,7846,7822,1,0.495109484445005,0.49359500220862,15847,7846,7822,0.495109484445005,0.49359500220862,0.00151448223638545,0.00151448223638545,15697,7759,0.494298273555457,150,87,0.58,0.55580183631271,0.0559107016216987
2022,720,Calendar-only,0.025,13769,6940,6940,0.868871079699628,0.504030793812187,0.504030793812187,15847,7846,7822,0.495109484445005,0.49359500220862,0.0104357916035669,0,13769,6940,0.504030793812187,0,0,,0.562138890641807,0.0621388906418068
2022,720,Calendar-only,0.05,9578,4858,4858,0.604404619170821,0.507204009187722,0.507204009187722,15847,7846,7822,0.495109484445005,0.49359500220862,0.013609006979102,0,9578,4858,0.507204009187722,0,0,,0.572269224840103,0.0722692248401027
2022,720,Calendar-only,0.075,3643,1829,1829,0.229885782798006,0.5020587427944,0.5020587427944,15847,7846,7822,0.495109484445005,0.49359500220862,0.00846374058578031,0,3643,1829,0.5020587427944,0,0,,0.590714818777438,0.0907148187774384
2022,720,Calendar-only,0.1,753,373,373,0.0475168801665931,0.49535192563081,0.49535192563081,15847,7846,7822,0.495109484445005,0.49359500220862,0.00175692342219019,0,753,373,0.49535192563081,0,0,,0.604911829082797,0.104911829082797
2022,720,Market-state,0,15847,7822,7822,1,0.49359500220862,0.49359500220862,15847,7822,7822,0.49359500220862,0.49359500220862,0,0,15843,7820,0.493593385091207,4,2,0.5,0.557398334962854,0.057406101431769
2022,720,Market-state,0.025,15786,7792,7792,0.99615069098252,0.493601925757,0.493601925757,15847,7822,7822,0.49359500220862,0.49359500220862,6.92354837994458e-06,0,15784,7791,0.493601115053219,2,1,0.5,0.557553400818494,0.057560486510119
2022,720,Market-state,0.05,12008,6065,6065,0.757745945604846,0.505079946702199,0.505079946702199,15847,7822,7822,0.49359500220862,0.49359500220862,0.0114849444935787,0,12008,6065,0.505079946702199,0,0,,0.56144537078303,0.0614453707830302
2022,720,Market-state,0.075,1256,699,699,0.0792579037041711,0.556528662420382,0.556528662420382,15847,7822,7822,0.49359500220862,0.49359500220862,0.0629336602117622,0,1256,699,0.556528662420382,0,0,,0.588120626078123,0.0881206260781229
2022,720,Market-state,0.1,153,93,93,0.00965482425695715,0.607843137254902,0.607843137254902,15847,7822,7822,0.49359500220862,0.49359500220862,0.114248135046282,0,153,93,0.607843137254902,0,0,,0.62121406844497,0.12121406844497
2022,720,Market-state,0.15,18,15,15,0.00113586167728908,0.833333333333333,0.833333333333333,15847,7822,7822,0.49359500220862,0.49359500220862,0.339738331124714,0,18,15,0.833333333333333,0,0,,0.68163311339426,0.18163311339426
2022,720,Full,0,15847,7990,7822,1,0.504196377863318,0.49359500220862,15847,7990,7822,0.504196377863318,0.49359500220862,0.010601375654698,0.010601375654698,15289,7627,0.498855386225391,558,363,0.650537634408602,0.561874002163532,0.0629453074535569
2022,720,Full,0.025,13853,7013,6970,0.874171767526977,0.506244134844438,0.503140114054717,15847,7990,7822,0.504196377863318,0.49359500220862,0.0126491326358181,0.00310402078972061,13728,6929,0.504734848484849,125,84,0.672,0.569499126339483,0.0700359066113896
2022,720,Full,0.05,10451,5336,5335,0.659493910519341,0.510573150894651,0.51047746627117,15847,7990,7822,0.504196377863318,0.49359500220862,0.0169781486860314,9.56846234810849e-05,10450,5335,0.510526315789474,1,1,1,0.580264143536405,0.0802755765715429
2022,720,Full,0.075,5404,2826,2826,0.341010916892787,0.522945965951147,0.522945965951147,15847,7990,7822,0.504196377863318,0.49359500220862,0.0293509637425274,0,5404,2826,0.522945965951147,0,0,,0.596643738883237,0.0966437388832373
2022,720,Full,0.1,1865,1076,1076,0.117687890452452,0.576943699731904,0.576943699731904,15847,7990,7822,0.504196377863318,0.49359500220862,0.0833486975232836,0,1865,1076,0.576943699731904,0,0,,0.6146568305136,0.1146568305136
2022,720,Full,0.15,58,44,44,0.00365999873793147,0.758620689655172,0.758620689655172,15847,7990,7822,0.504196377863318,0.49359500220862,0.265025687446552,0,58,44,0.758620689655172,0,0,,0.677900334722754,0.177900334722754
2023,720,Calendar-only,0,15555,8464,8613,1,0.544133719061395,0.553712632594021,15555,8464,8613,0.544133719061395,0.553712632594021,-0.00957891353262619,-0.00957891353262619,14600,8061,0.552123287671233,955,403,0.421989528795812,0.545054564267605,0.0466373857166563
2023,720,Calendar-only,0.025,12549,6929,6956,0.806750241080039,0.552155550243047,0.554307116104869,15555,8464,8613,0.544133719061395,0.553712632594021,-0.00155708235097396,-0.00215156586182164,12400,6868,0.553870967741935,149,61,0.409395973154362,0.553934520484503,0.0545727570334845
2023,720,Calendar-only,0.05,6779,3762,3762,0.435808421729347,0.554949107537985,0.554949107537985,15555,8464,8613,0.544133719061395,0.553712632594021,0.00123647494396373,0,6779,3762,0.554949107537985,0,0,,0.56825285847547,0.0682528584754699
2023,720,Calendar-only,0.075,2030,1166,1166,0.130504660880746,0.574384236453202,0.574384236453202,15555,8464,8613,0.544133719061395,0.553712632594021,0.0206716038591808,0,2030,1166,0.574384236453202,0,0,,0.587199755983019,0.0871997559830192
2023,720,Calendar-only,0.1,100,62,62,0.00642880102860817,0.62,0.62,15555,8464,8613,0.544133719061395,0.553712632594021,0.0662873674059787,0,100,62,0.62,0,0,,0.605537817061096,0.105537817061096
2023,720,Market-state,0,15555,8613,8613,1,0.553712632594021,0.553712632594021,15555,8613,8613,0.553712632594021,0.553712632594021,0,0,15555,8613,0.553712632594021,0,0,,0.543717342015942,0.0437173420159423
2023,720,Market-state,0.025,15493,8590,8590,0.996014143362263,0.554443942425612,0.554443942425612,15555,8613,8613,0.553712632594021,0.553712632594021,0.00073130983159031,0,15493,8590,0.554443942425612,0,0,,0.543810190237671,0.0438101902376704
2023,720,Market-state,0.05,2731,1533,1533,0.175570556091289,0.561332845111681,0.561332845111681,15555,8613,8613,0.553712632594021,0.553712632594021,0.00762021251765943,0,2731,1533,0.561332845111681,0,0,,0.559159345967728,0.0591593459677277
2023,720,Market-state,0.075,176,94,94,0.0113146898103504,0.534090909090909,0.534090909090909,15555,8613,8613,0.553712632594021,0.553712632594021,-0.0196217235031122,0,176,94,0.534090909090909,0,0,,0.586707605711678,0.0867076057116776
2023,720,Market-state,0.1,27,14,14,0.0017357762777242,0.518518518518519,0.518518518518519,15555,8613,8613,0.553712632594021,0.553712632594021,-0.0351941140755028,0,27,14,0.518518518518519,0,0,,0.606755364023089,0.106755364023089
2023,720,Full,0,15555,8591,8613,1,0.552298296367727,0.553712632594021,15555,8591,8613,0.552298296367727,0.553712632594021,-0.00141433622629383,-0.00141433622629383,14333,7991,0.5575245935952,1222,600,0.490998363338789,0.543318889682856,0.0473963245616838
2023,720,Full,0.025,12337,6821,6909,0.793121182899389,0.552889681446057,0.560022695955257,15555,8591,8613,0.552298296367727,0.553712632594021,-0.000822951147964712,-0.00713301450920001,11741,6567,0.559322033898305,596,254,0.426174496644295,0.551953350359219,0.0563760639850636
2023,720,Full,0.05,6581,3691,3721,0.423079395692703,0.560857012612065,0.565415590335815,15555,8591,8613,0.552298296367727,0.553712632594021,0.00714438001804374,-0.00455857772375024,6335,3583,0.565588003157064,246,108,0.439024390243902,0.568045622846449,0.0720137170953422
2023,720,Full,0.075,2176,1211,1211,0.139890710382514,0.556525735294118,0.556525735294118,15555,8591,8613,0.552298296367727,0.553712632594021,0.00281310270009638,0,2176,1211,0.556525735294118,0,0,,0.593879432529983,0.0938794325299834
2023,720,Full,0.1,653,366,366,0.0419800707168113,0.560490045941807,0.560490045941807,15555,8591,8613,0.552298296367727,0.553712632594021,0.00677741334778581,0,653,366,0.560490045941807,0,0,,0.609125978414118,0.109125978414118
2023,720,Full,0.15,5,2,2,0.000321440051430408,0.4,0.4,15555,8591,8613,0.552298296367727,0.553712632594021,-0.153712632594021,0,5,2,0.4,0,0,,0.660732020645543,0.160732020645543
2024,720,Calendar-only,0,15406,8192,8249,1,0.531740880176555,0.535440737375049,15406,8192,8249,0.531740880176555,0.535440737375049,-0.00369985719849408,-0.00369985719849408,14977,8006,0.534552981237898,429,186,0.433566433566434,0.546673859802869,0.0470934588107755
2024,720,Calendar-only,0.025,12571,6629,6629,0.815980786706478,0.527324795163472,0.527324795163472,15406,8192,8249,0.531740880176555,0.535440737375049,-0.00811594221157719,0,12571,6629,0.527324795163472,0,0,,0.554987381762558,0.0549873817625579
2024,720,Calendar-only,0.05,6766,3482,3482,0.43917954043879,0.514631983446645,0.514631983446645,15406,8192,8249,0.531740880176555,0.535440737375049,-0.0208087539284038,0,6766,3482,0.514631983446645,0,0,,0.568590927561602,0.068590927561602
2024,720,Calendar-only,0.075,2205,1171,1171,0.14312605478385,0.531065759637188,0.531065759637188,15406,8192,8249,0.531740880176555,0.535440737375049,-0.00437497773786055,0,2205,1171,0.531065759637188,0,0,,0.588726652860496,0.0887266528604962
2024,720,Calendar-only,0.1,208,105,105,0.0135012332857328,0.504807692307692,0.504807692307692,15406,8192,8249,0.531740880176555,0.535440737375049,-0.0306330450673564,0,208,105,0.504807692307692,0,0,,0.604402260142686,0.104402260142686
2024,720,Market-state,0,15406,8251,8249,1,0.535570556925873,0.535440737375049,15406,8251,8249,0.535570556925873,0.535440737375049,0.000129819550824362,0.000129819550824362,15404,8249,0.535510257076084,2,2,1,0.544384353766571,0.0443856300206363
2024,720,Market-state,0.025,15300,8187,8187,0.993119563806309,0.535098039215686,0.535098039215686,15406,8251,8249,0.535570556925873,0.535440737375049,-0.000342698159362387,0,15300,8187,0.535098039215686,0,0,,0.544566372644347,0.0445663726443465
2024,720,Market-state,0.05,2705,1653,1653,0.175580942489939,0.611090573012939,0.611090573012939,15406,8251,8249,0.535570556925873,0.535440737375049,0.0756498356378903,0,2705,1653,0.611090573012939,0,0,,0.558127032496648,0.0581270324966485
2024,720,Market-state,0.075,123,93,93,0.00798390237569778,0.75609756097561,0.75609756097561,15406,8251,8249,0.535570556925873,0.535440737375049,0.220656823600561,0,123,93,0.75609756097561,0,0,,0.59112104967528,0.0911210496752801
2024,720,Market-state,0.1,26,24,24,0.0016876541607166,0.923076923076923,0.923076923076923,15406,8251,8249,0.535570556925873,0.535440737375049,0.387636185701874,0,26,24,0.923076923076923,0,0,,0.618135062863927,0.118135062863927
2024,720,Market-state,0.15,3,3,3,0.000194729326236531,1,1,15406,8251,8249,0.535570556925873,0.535440737375049,0.464559262624951,0,3,3,1,0,0,,0.652643594918125,0.152643594918125
2024,720,Full,0,15406,8138,8249,1,0.528235752304297,0.535440737375049,15406,8138,8249,0.528235752304297,0.535440737375049,-0.00720498507075174,-0.00720498507075174,14561,7771,0.533685873222993,845,367,0.434319526627219,0.544699906925976,0.0467202254431187
2024,720,Full,0.025,11867,6213,6261,0.770284304816305,0.523552709193562,0.527597539394961,15406,8138,8249,0.528235752304297,0.535440737375049,-0.0118880281814867,-0.00404483020139879,11579,6093,0.526211244494343,288,120,0.416666666666667,0.555015915280786,0.05637895620417
2024,720,Full,0.05,6315,3320,3320,0.409905231727898,0.525732383214569,0.525732383214569,15406,8138,8249,0.528235752304297,0.535440737375049,-0.00970835416048022,0,6315,3320,0.525732383214569,0,0,,0.572162575560081,0.0721625755600813
2024,720,Full,0.075,2291,1224,1224,0.148708295469298,0.534264513312964,0.534264513312964,15406,8138,8249,0.528235752304297,0.535440737375049,-0.00117622406208495,0,2291,1224,0.534264513312964,0,0,,0.59366816923667,0.0936681692366698
2024,720,Full,0.1,698,392,392,0.0453070232376996,0.561604584527221,0.561604584527221,15406,8138,8249,0.528235752304297,0.535440737375049,0.0261638471521719,0,698,392,0.561604584527221,0,0,,0.609386568418634,0.109386568418634
2024,720,Full,0.15,14,14,14,0.000908736855770479,1,1,15406,8138,8249,0.528235752304297,0.535440737375049,0.464559262624951,0,14,14,1,0,0,,0.680230075072382,0.180230075072382
2025,720,Calendar-only,0,15450,8320,8313,1,0.538511326860841,0.538058252427184,15450,8320,8313,0.538511326860841,0.538058252427184,0.000453074433657053,0.000453074433657053,15213,8198,0.538881220009203,237,122,0.514767932489452,0.545103309891404,0.045284534680967
2025,720,Calendar-only,0.025,12569,6815,6815,0.813527508090615,0.542207017264699,0.542207017264699,15450,8320,8313,0.538511326860841,0.538058252427184,0.00414876483751447,0,12569,6815,0.542207017264699,0,0,,0.552159298883075,0.052159298883075
2025,720,Calendar-only,0.05,5964,3300,3300,0.386019417475728,0.553319919517103,0.553319919517103,15450,8320,8313,0.538511326860841,0.538058252427184,0.0152616670899182,0,5964,3300,0.553319919517103,0,0,,0.567097880971254,0.0670978809712544
2025,720,Calendar-only,0.075,1705,958,958,0.110355987055016,0.561876832844575,0.561876832844575,15450,8320,8313,0.538511326860841,0.538058252427184,0.0238185804173904,0,1705,958,0.561876832844575,0,0,,0.587237686890932,0.0872376868909314
2025,720,Calendar-only,0.1,51,29,29,0.00330097087378641,0.568627450980392,0.568627450980392,15450,8320,8313,0.538511326860841,0.538058252427184,0.0305691985532077,0,51,29,0.568627450980392,0,0,,0.600542784718787,0.100542784718787
2025,720,Market-state,0,15450,8318,8313,1,0.538381877022654,0.538058252427184,15450,8318,8313,0.538381877022654,0.538058252427184,0.000323624595469307,0.000323624595469307,15445,8313,0.538232437682098,5,5,1,0.544358496386855,0.0443670704760684
2025,720,Market-state,0.025,15332,8243,8242,0.992362459546926,0.537633707278894,0.537568484216019,15450,8318,8313,0.538381877022654,0.538058252427184,-0.0004245451482906,6.52230628750417e-05,15331,8242,0.537603548366056,1,1,1,0.544548608188248,0.0445522493255019
2025,720,Market-state,0.05,3197,1754,1754,0.206925566343042,0.548639349390053,0.548639349390053,15450,8318,8313,0.538381877022654,0.538058252427184,0.0105810969628688,0,3197,1754,0.548639349390053,0,0,,0.564702616418479,0.0647026164184789
2025,720,Market-state,0.075,478,294,294,0.0309385113268608,0.615062761506276,0.615062761506276,15450,8318,8313,0.538381877022654,0.538058252427184,0.0770045090790917,0,478,294,0.615062761506276,0,0,,0.603893553956864,0.103893553956864
2025,720,Market-state,0.1,142,109,109,0.00919093851132686,0.767605633802817,0.767605633802817,15450,8318,8313,0.538381877022654,0.538058252427184,0.229547381375633,0,142,109,0.767605633802817,0,0,,0.649966778531283,0.149966778531283
2025,720,Market-state,0.15,47,38,38,0.003042071197411,0.808510638297872,0.808510638297872,15450,8318,8313,0.538381877022654,0.538058252427184,0.270452385870688,0,47,38,0.808510638297872,0,0,,0.712738821925581,0.212738821925581
2025,720,Full,0,15450,8328,8313,1,0.539029126213592,0.538058252427184,15450,8328,8313,0.539029126213592,0.538058252427184,0.000970873786407811,0.000970873786407811,14893,8042,0.539985227959444,557,286,0.513464991023339,0.544774425878371,0.0457244669360278
2025,720,Full,0.025,12200,6584,6572,0.789644012944984,0.539672131147541,0.538688524590164,15450,8328,8313,0.539029126213592,0.538058252427184,0.00161387872035657,0.000983606557377059,12180,6568,0.539244663382594,20,16,0.8,0.553576895752309,0.0536644547204821
2025,720,Full,0.05,5420,2993,2993,0.350809061488673,0.552214022140221,0.552214022140221,15450,8328,8313,0.539029126213592,0.538058252427184,0.014155769713037,0,5420,2993,0.552214022140221,0,0,,0.573919460182453,0.0739194601824533
2025,720,Full,0.075,2042,1158,1158,0.132168284789644,0.567091087169442,0.567091087169442,15450,8328,8313,0.539029126213592,0.538058252427184,0.0290328347422573,0,2042,1158,0.567091087169442,0,0,,0.596661015691885,0.0966610156918846
2025,720,Full,0.1,620,380,380,0.0401294498381877,0.612903225806452,0.612903225806452,15450,8328,8313,0.539029126213592,0.538058252427184,0.0748449733792672,0,620,380,0.612903225806452,0,0,,0.620871510033227,0.120871510033227
2025,720,Full,0.15,58,48,48,0.00375404530744337,0.827586206896552,0.827586206896552,15450,8328,8313,0.539029126213592,0.538058252427184,0.289527954469367,0,58,48,0.827586206896552,0,0,,0.712324543373063,0.212324543373063
2026,720,Calendar-only,0,3095,1597,1581,1,0.515993537964459,0.510823909531503,3095,1597,1581,0.515993537964459,0.510823909531503,0.00516962843295632,0.00516962843295632,3019,1551,0.51374627360053,76,46,0.605263157894737,0.543404885383619,0.0438427637302097
2026,720,Calendar-only,0.025,2366,1255,1255,0.764458804523425,0.530431107354184,0.530431107354184,3095,1597,1581,0.515993537964459,0.510823909531503,0.0196071978226818,0,2366,1255,0.530431107354184,0,0,,0.552694289860228,0.0526942898602276
2026,720,Calendar-only,0.05,1177,706,706,0.380290791599354,0.599830076465591,0.599830076465591,3095,1597,1581,0.515993537964459,0.510823909531503,0.089006166934088,0,1177,706,0.599830076465591,0,0,,0.566731649316466,0.0667316493164663
2026,720,Calendar-only,0.075,310,198,198,0.10016155088853,0.638709677419355,0.638709677419355,3095,1597,1581,0.515993537964459,0.510823909531503,0.127885767887852,0,310,198,0.638709677419355,0,0,,0.587007884066532,0.0870078840665315
2026,720,Market-state,0,3095,1581,1581,1,0.510823909531503,0.510823909531503,3095,1581,1581,0.510823909531503,0.510823909531503,0,0,3095,1581,0.510823909531503,0,0,,0.543765841564859,0.0437658415648593
2026,720,Market-state,0.025,3069,1562,1562,0.991599353796446,0.508960573476703,0.508960573476703,3095,1581,1581,0.510823909531503,0.510823909531503,-0.00186333605479994,0,3069,1562,0.508960573476703,0,0,,0.543948177478986,0.0439481774789862
2026,720,Market-state,0.05,747,361,361,0.241357027463651,0.48326639892905,0.48326639892905,3095,1581,1581,0.510823909531503,0.510823909531503,-0.0275575106024529,0,747,361,0.48326639892905,0,0,,0.560838481558717,0.0608384815587171
2026,720,Market-state,0.075,68,31,31,0.0219709208400646,0.455882352941176,0.455882352941176,3095,1581,1581,0.510823909531503,0.510823909531503,-0.054941556590326,0,68,31,0.455882352941176,0,0,,0.580051600277188,0.0800516002771881
2026,720,Full,0,3095,1590,1581,1,0.51373182552504,0.510823909531503,3095,1590,1581,0.51373182552504,0.510823909531503,0.0029079159935379,0.0029079159935379,2966,1521,0.512811867835469,129,69,0.534883720930233,0.543151676074369,0.0441383683822757
2026,720,Full,0.025,2305,1222,1225,0.744749596122779,0.530151843817787,0.531453362255965,3095,1590,1581,0.51373182552504,0.510823909531503,0.019327934286285,-0.00130151843817783,2302,1222,0.530842745438749,3,0,0,0.553707287875152,0.0537754704002318
2026,720,Full,0.05,1057,635,635,0.341518578352181,0.600756859035005,0.600756859035005,3095,1590,1581,0.51373182552504,0.510823909531503,0.0899329495035023,0,1057,635,0.600756859035005,0,0,,0.573019733209935,0.0730197332099353
2026,720,Full,0.075,417,273,273,0.134733441033926,0.654676258992806,0.654676258992806,3095,1590,1581,0.51373182552504,0.510823909531503,0.143852349461303,0,417,273,0.654676258992806,0,0,,0.593684033580675,0.0936840335806752
2026,720,Full,0.1,125,86,86,0.0403877221324717,0.688,0.688,3095,1590,1581,0.51373182552504,0.510823909531503,0.177176090468497,0,125,86,0.688,0,0,,0.610400276998777,0.110400276998777
2017,960,Calendar-only,0,6734,4259,4260,1,0.632462132462132,0.632610632610633,6734,4259,4260,0.632462132462132,0.632610632610633,-0.000148500148500208,-0.000148500148500208,6711,4248,0.632990612427358,23,11,0.478260869565217,0.550423331320865,0.0504625672157797
2017,960,Calendar-only,0.025,6073,3844,3844,0.901841401841402,0.632965585377902,0.632965585377902,6734,4259,4260,0.632462132462132,0.632610632610633,0.00035495276726949,0,6073,3844,0.632965585377902,0,0,,0.554109048943504,0.0541090489435035
2017,960,Calendar-only,0.05,3574,2246,2246,0.530739530739531,0.628427532176833,0.628427532176833,6734,4259,4260,0.632462132462132,0.632610632610633,-0.00418310043379999,0,3574,2246,0.628427532176833,0,0,,0.563394231617278,0.0633942316172781
2017,960,Calendar-only,0.075,523,315,315,0.0776655776655777,0.602294455066922,0.602294455066922,6734,4259,4260,0.632462132462132,0.632610632610633,-0.0303161775437111,0,523,315,0.602294455066922,0,0,,0.580662435346164,0.0806624353461639
2017,960,Market-state,0,6734,4259,4260,1,0.632462132462132,0.632610632610633,6734,4259,4260,0.632462132462132,0.632610632610633,-0.000148500148500208,-0.000148500148500208,6733,4259,0.632556067132036,1,0,0,0.532764885260861,0.0327649900463372
2017,960,Market-state,0.025,4795,3029,3029,0.712058212058212,0.63169968717414,0.63169968717414,6734,4259,4260,0.632462132462132,0.632610632610633,-0.000910945436492949,0,4795,3029,0.63169968717414,0,0,,0.538092290780654,0.0380922907806541
2017,960,Market-state,0.05,696,448,448,0.103356103356103,0.64367816091954,0.64367816091954,6734,4259,4260,0.632462132462132,0.632610632610633,0.0110675283089076,0,696,448,0.64367816091954,0,0,,0.560533980766138,0.0605339807661381
2017,960,Market-state,0.075,69,45,45,0.0102465102465102,0.652173913043478,0.652173913043478,6734,4259,4260,0.632462132462132,0.632610632610633,0.0195632804328456,0,69,45,0.652173913043478,0,0,,0.583682507175206,0.0836825071752059
2017,960,Market-state,0.1,4,4,4,0.000594000594000594,1,1,6734,4259,4260,0.632462132462132,0.632610632610633,0.367389367389367,0,4,4,1,0,0,,0.608733162796117,0.108733162796117
2017,960,Full,0,6734,4147,4260,1,0.615830115830116,0.632610632610633,6734,4147,4260,0.615830115830116,0.632610632610633,-0.0167805167805168,-0.0167805167805168,6045,3859,0.6383788254756,689,288,0.41799709724238,0.529585176005807,0.0391507248804986
2017,960,Full,0.025,4728,2882,2969,0.702108702108702,0.609560067681895,0.627961082910321,6734,4147,4260,0.615830115830116,0.632610632610633,-0.0230505649287376,-0.0184010152284264,4255,2689,0.631962397179789,473,193,0.408033826638478,0.53744644113937,0.0503709245530213
2017,960,Full,0.05,2018,1201,1269,0.2996732996733,0.595143706640238,0.628840436075322,6734,4147,4260,0.615830115830116,0.632610632610633,-0.0374669259703948,-0.0336967294350843,1748,1100,0.62929061784897,270,101,0.374074074074074,0.544423582453718,0.0666712361588016
2017,960,Full,0.075,398,216,248,0.0591030591030591,0.542713567839196,0.623115577889447,6734,4147,4260,0.615830115830116,0.632610632610633,-0.0898970647714367,-0.0804020100502513,280,173,0.617857142857143,118,43,0.364406779661017,0.525544793659617,0.0938035840941438
2017,960,Full,0.1,96,49,63,0.0142560142560143,0.510416666666667,0.65625,6734,4147,4260,0.615830115830116,0.632610632610633,-0.122193965943966,-0.145833333333333,24,20,0.833333333333333,72,29,0.402777777777778,0.42780183137547,0.126868705409487
2017,960,Full,0.15,14,7,7,0.00207900207900208,0.5,0.5,6734,4147,4260,0.615830115830116,0.632610632610633,-0.132610632610633,0,0,0,,14,7,0.5,0.338674778144333,0.161325221855667
2018,960,Calendar-only,0,12397,6769,6769,1,0.546019198193111,0.546019198193111,12397,6769,6769,0.546019198193111,0.546019198193111,0,0,12397,6769,0.546019198193111,0,0,,0.561637342441796,0.0616373424417957
2018,960,Calendar-only,0.025,12000,6538,6538,0.967976123255626,0.544833333333333,0.544833333333333,12397,6769,6769,0.546019198193111,0.546019198193111,-0.00118586485977801,0,12000,6538,0.544833333333333,0,0,,0.563072112563467,0.0630721125634667
2018,960,Calendar-only,0.05,9910,5384,5384,0.799386948455272,0.543289606458123,0.543289606458123,12397,6769,6769,0.546019198193111,0.546019198193111,-0.00272959173498821,0,9910,5384,0.543289606458123,0,0,,0.567876754169389,0.0678767541693886
2018,960,Calendar-only,0.075,2671,1403,1403,0.215455352101315,0.52527143391988,0.52527143391988,12397,6769,6769,0.546019198193111,0.546019198193111,-0.0207477642732311,0,2671,1403,0.52527143391988,0,0,,0.584954634996499,0.0849546349964988
2018,960,Calendar-only,0.1,48,21,21,0.00387190449302251,0.4375,0.4375,12397,6769,6769,0.546019198193111,0.546019198193111,-0.108519198193111,0,48,21,0.4375,0,0,,0.600342663541839,0.100342663541839
2018,960,Market-state,0,12397,6769,6769,1,0.546019198193111,0.546019198193111,12397,6769,6769,0.546019198193111,0.546019198193111,0,0,12397,6769,0.546019198193111,0,0,,0.562983312985073,0.0629833129850732
2018,960,Market-state,0.025,12363,6750,6750,0.997257400984109,0.545983984469789,0.545983984469789,12397,6769,6769,0.546019198193111,0.546019198193111,-3.52137233223804e-05,0,12363,6750,0.545983984469789,0,0,,0.563103724558283,0.0631037245582832
2018,960,Market-state,0.05,11137,6096,6096,0.898362507058159,0.547364640387896,0.547364640387896,12397,6769,6769,0.546019198193111,0.546019198193111,0.00134544219478494,0,11137,6096,0.547364640387896,0,0,,0.565121057159655,0.0651210571596549
2018,960,Market-state,0.075,1821,1019,1019,0.146890376704041,0.559582646897309,0.559582646897309,12397,6769,6769,0.546019198193111,0.546019198193111,0.0135634487041979,0,1821,1019,0.559582646897309,0,0,,0.587240109360684,0.087240109360684
2018,960,Market-state,0.1,246,154,154,0.0198435105267403,0.626016260162602,0.626016260162602,12397,6769,6769,0.546019198193111,0.546019198193111,0.0799970619694903,0,246,154,0.626016260162602,0,0,,0.613958846001326,0.113958846001326
2018,960,Market-state,0.15,5,5,5,0.000403323384689844,1,1,12397,6769,6769,0.546019198193111,0.546019198193111,0.453980801806889,0,5,5,1,0,0,,0.670595899863799,0.170595899863799
2018,960,Full,0,12397,6356,6769,1,0.51270468661773,0.546019198193111,12397,6356,6769,0.51270468661773,0.546019198193111,-0.0333145115753812,-0.0333145115753812,10582,5655,0.534398034398034,1815,701,0.386225895316804,0.552651320165812,0.0639912121303773
2018,960,Full,0.025,10583,5522,5721,0.853674276034525,0.521780213550033,0.54058395540017,12397,6356,6769,0.51270468661773,0.546019198193111,-0.0242389846430782,-0.018803741850137,9756,5208,0.533825338253383,827,314,0.379685610640871,0.561758439199576,0.072825385895394
2018,960,Full,0.05,8320,4361,4486,0.671130112123901,0.524158653846154,0.539182692307692,12397,6356,6769,0.51270468661773,0.546019198193111,-0.0218605443469574,-0.0150240384615384,7831,4179,0.533648320776401,489,182,0.372188139059305,0.57108727506651,0.0823021280134605
2018,960,Full,0.075,4455,2323,2414,0.359361135758651,0.521436588103255,0.541863075196409,12397,6356,6769,0.51270468661773,0.546019198193111,-0.0245826100898565,-0.0204264870931538,4166,2224,0.533845415266443,289,99,0.342560553633218,0.583187652081105,0.0985858188439812
2018,960,Full,0.1,1665,856,912,0.134306687101718,0.514114114114114,0.547747747747748,12397,6356,6769,0.51270468661773,0.546019198193111,-0.0319050840789972,-0.0336336336336336,1465,784,0.535153583617747,200,72,0.36,0.588496574571584,0.120365192384215
2018,960,Full,0.15,77,41,47,0.0062111801242236,0.532467532467532,0.61038961038961,12397,6356,6769,0.51270468661773,0.546019198193111,-0.0135516657255789,-0.077922077922078,47,29,0.617021276595745,30,12,0.4,0.534730092850974,0.15463170009136
2019,960,Calendar-only,0,13600,7956,7970,1,0.585,0.586029411764706,13600,7956,7970,0.585,0.586029411764706,-0.00102941176470595,-0.00102941176470595,13510,7918,0.586084381939304,90,38,0.422222222222222,0.557184958393647,0.0572833112130579
2019,960,Calendar-only,0.025,12371,7263,7263,0.909632352941177,0.587098860237653,0.587098860237653,13600,7956,7970,0.585,0.586029411764706,0.00106944847294665,0,12371,7263,0.587098860237653,0,0,,0.561606862729377,0.0616068627293773
2019,960,Calendar-only,0.05,9110,5359,5359,0.669852941176471,0.588254665203074,0.588254665203074,13600,7956,7970,0.585,0.586029411764706,0.00222525343836766,0,9110,5359,0.588254665203074,0,0,,0.568785698954661,0.0687856989546609
2019,960,Calendar-only,0.075,2481,1415,1415,0.182426470588235,0.570334542523176,0.570334542523176,13600,7956,7970,0.585,0.586029411764706,-0.0156948692415297,0,2481,1415,0.570334542523176,0,0,,0.58276343914643,0.08276343914643
2019,960,Market-state,0,13600,7970,7970,1,0.586029411764706,0.586029411764706,13600,7970,7970,0.586029411764706,0.586029411764706,0,0,13598,7969,0.58604206500956,2,1,0.5,0.554498238538973,0.0545004000625413
2019,960,Market-state,0.025,13581,7957,7957,0.998602941176471,0.585892055076946,0.585892055076946,13600,7970,7970,0.586029411764706,0.586029411764706,-0.00013735668776016,0,13581,7957,0.585892055076946,0,0,,0.554548723185333,0.0545487231853331
2019,960,Market-state,0.05,8192,4852,4852,0.602352941176471,0.59228515625,0.59228515625,13600,7970,7970,0.586029411764706,0.586029411764706,0.00625574448529409,0,8192,4852,0.59228515625,0,0,,0.560724968874724,0.0607249688747241
2019,960,Market-state,0.075,733,449,449,0.0538970588235294,0.612551159618008,0.612551159618008,13600,7970,7970,0.586029411764706,0.586029411764706,0.0265217478533023,0,733,449,0.612551159618008,0,0,,0.588811374461419,0.0888113744614185
2019,960,Market-state,0.1,112,62,62,0.00823529411764706,0.553571428571429,0.553571428571429,13600,7970,7970,0.586029411764706,0.586029411764706,-0.0324579831932773,0,112,62,0.553571428571429,0,0,,0.616812323641332,0.116812323641332
2019,960,Market-state,0.15,5,2,2,0.000367647058823529,0.4,0.4,13600,7970,7970,0.586029411764706,0.586029411764706,-0.186029411764706,0,5,2,0.4,0,0,,0.668333521071541,0.168333521071541
2019,960,Full,0,13600,7866,7970,1,0.578382352941176,0.586029411764706,13600,7866,7970,0.578382352941176,0.586029411764706,-0.00764705882352945,-0.00764705882352945,13014,7625,0.585907484247733,586,241,0.411262798634812,0.551474256656173,0.0551482500025574
2019,960,Full,0.025,11299,6611,6650,0.830808823529412,0.585096026197009,0.588547659084875,13600,7866,7970,0.578382352941176,0.586029411764706,-0.000933385567697287,-0.0034516328878661,11120,6541,0.588219424460432,179,70,0.391061452513966,0.559639394194315,0.0632825052500867
2019,960,Full,0.05,7446,4401,4431,0.5475,0.591055600322321,0.59508460918614,13600,7866,7970,0.578382352941176,0.586029411764706,0.00502618855761483,-0.00402900886381952,7312,4349,0.594775711159737,134,52,0.388059701492537,0.570885681051893,0.0759776517659391
2019,960,Full,0.075,3206,1881,1911,0.235735294117647,0.586712414223331,0.596069868995633,13600,7866,7970,0.578382352941176,0.586029411764706,0.000683002458625293,-0.00935745477230199,3072,1829,0.595377604166667,134,52,0.388059701492537,0.583089093747047,0.0949152989675059
2019,960,Full,0.1,796,422,452,0.0585294117647059,0.530150753768844,0.5678391959799,13600,7866,7970,0.578382352941176,0.586029411764706,-0.0558786579958617,-0.0376884422110553,662,370,0.558912386706949,134,52,0.388059701492537,0.579087237723001,0.126718913522989
2019,960,Full,0.15,68,35,43,0.005,0.514705882352941,0.632352941176471,13600,7866,7970,0.578382352941176,0.586029411764706,-0.0713235294117648,-0.117647058823529,28,19,0.678571428571429,40,16,0.4,0.472672782019104,0.160705758692624
2020,960,Calendar-only,0,13938,8337,8337,1,0.598148945329316,0.598148945329316,13938,8337,8337,0.598148945329316,0.598148945329316,0,0,13938,8337,0.598148945329316,0,0,,0.563637641907039,0.0636376419070386
2020,960,Calendar-only,0.025,13554,8125,8125,0.972449418854929,0.599454035709016,0.599454035709016,13938,8337,8337,0.598148945329316,0.598148945329316,0.00130509037970028,0,13554,8125,0.599454035709016,0,0,,0.564893300249858,0.0648933002498579
2020,960,Calendar-only,0.05,10774,6589,6589,0.772994690773425,0.611564878410989,0.611564878410989,13938,8337,8337,0.598148945329316,0.598148945329316,0.0134159330816739,0,10774,6589,0.611564878410989,0,0,,0.571336787575849,0.0713367875758492
2020,960,Calendar-only,0.075,4473,2735,2735,0.320921222557038,0.611446456516879,0.611446456516879,13938,8337,8337,0.598148945329316,0.598148945329316,0.0132975111875635,0,4473,2735,0.611446456516879,0,0,,0.583152723927935,0.0831527239279354
2020,960,Calendar-only,0.1,149,91,91,0.0106901994547281,0.610738255033557,0.610738255033557,13938,8337,8337,0.598148945329316,0.598148945329316,0.0125893097042415,0,149,91,0.610738255033557,0,0,,0.600832405963598,0.100832405963598
2020,960,Market-state,0,13938,8337,8337,1,0.598148945329316,0.598148945329316,13938,8337,8337,0.598148945329316,0.598148945329316,0,0,13936,8336,0.598163030998852,2,1,0.5,0.569958726516458,0.0699603030275413
2020,960,Market-state,0.025,13928,8333,8333,0.999282536949347,0.598291211947157,0.598291211947157,13938,8337,8337,0.598148945329316,0.598148945329316,0.000142266617841336,0,13928,8333,0.598291211947157,0,0,,0.56999990813076,0.0699999081307597
2020,960,Market-state,0.05,13378,7997,7997,0.959822069163438,0.597772462251458,0.597772462251458,13938,8337,8337,0.598148945329316,0.598148945329316,-0.00037648307785787,0,13378,7997,0.597772462251458,0,0,,0.571012321933826,0.0710123219338263
2020,960,Market-state,0.075,3701,2218,2218,0.265533075046635,0.599297487165631,0.599297487165631,13938,8337,8337,0.598148945329316,0.598148945329316,0.00114854183631541,0,3701,2218,0.599297487165631,0,0,,0.594374789171226,0.0943747891712262
2020,960,Market-state,0.1,894,534,534,0.0641411967283685,0.597315436241611,0.597315436241611,13938,8337,8337,0.598148945329316,0.598148945329316,-0.000833509087704742,0,894,534,0.597315436241611,0,0,,0.626842160105238,0.126842160105238
2020,960,Market-state,0.15,144,89,89,0.0103314679294016,0.618055555555556,0.618055555555556,13938,8337,8337,0.598148945329316,0.598148945329316,0.0199066102262401,0,144,89,0.618055555555556,0,0,,0.684177218144529,0.184177218144529
2020,960,Full,0,13938,8357,8337,1,0.599583871430621,0.598148945329316,13938,8357,8337,0.599583871430621,0.598148945329316,0.0014349261013058,0.0014349261013058,13810,8283,0.599782766111513,128,74,0.578125,0.570887295351252,0.0712974177954702
2020,960,Full,0.025,13470,8101,8090,0.966422729229445,0.601410541945063,0.600593912397921,13938,8357,8337,0.599583871430621,0.598148945329316,0.00326159661574754,0.00081662954714179,13421,8071,0.601370985768572,49,30,0.612244897959184,0.572905058834056,0.0732169502246954
2020,960,Full,0.05,10375,6338,6334,0.744367915052375,0.61089156626506,0.610506024096386,13938,8357,8337,0.599583871430621,0.598148945329316,0.0127426209357447,0.000385542168674702,10363,6330,0.610826980604072,12,8,0.666666666666667,0.582981498815716,0.0831079111966987
2020,960,Full,0.075,6097,3742,3742,0.437437221983068,0.613744464490733,0.613744464490733,13938,8357,8337,0.599583871430621,0.598148945329316,0.0155955191614177,0,6097,3742,0.613744464490733,0,0,,0.597980136607361,0.0979801366073606
2020,960,Full,0.1,1944,1185,1185,0.139474817046922,0.609567901234568,0.609567901234568,13938,8357,8337,0.599583871430621,0.598148945329316,0.0114189559052524,0,1944,1185,0.609567901234568,0,0,,0.620384502567437,0.120384502567437
2020,960,Full,0.15,205,140,140,0.0147079925383843,0.682926829268293,0.682926829268293,13938,8357,8337,0.599583871430621,0.598148945329316,0.0847778839389772,0,205,140,0.682926829268293,0,0,,0.683526988682168,0.183526988682168
2021,960,Calendar-only,0,14595,8140,8163,1,0.55772524837273,0.559301130524152,14595,8140,8163,0.55772524837273,0.559301130524152,-0.00157588215142168,-0.00157588215142168,14500,8104,0.558896551724138,95,36,0.378947368421053,0.570349394247691,0.0704820193383136
2021,960,Calendar-only,0.025,13915,7771,7771,0.95340870161014,0.558462091268415,0.558462091268415,14595,8140,8163,0.55772524837273,0.559301130524152,-0.000839039255736696,0,13915,7771,0.558462091268415,0,0,,0.573266910278865,0.0732669102788652
2021,960,Calendar-only,0.05,11871,6688,6688,0.813360739979445,0.563389773397355,0.563389773397355,14595,8140,8163,0.55772524837273,0.559301130524152,0.00408864287320276,0,11871,6688,0.563389773397355,0,0,,0.579035315322298,0.0790353153222976
2021,960,Calendar-only,0.075,6777,3865,3865,0.464337101747174,0.570311347203778,0.570311347203778,14595,8140,8163,0.55772524837273,0.559301130524152,0.0110102166796254,0,6777,3865,0.570311347203778,0,0,,0.590168047343582,0.0901680473435822
2021,960,Calendar-only,0.1,1549,945,945,0.106132237067489,0.610071013557134,0.610071013557134,14595,8140,8163,0.55772524837273,0.559301130524152,0.0507698830329816,0,1549,945,0.610071013557134,0,0,,0.607877252188169,0.107877252188169
2021,960,Market-state,0,14595,8163,8163,1,0.559301130524152,0.559301130524152,14595,8163,8163,0.559301130524152,0.559301130524152,0,0,14595,8163,0.559301130524152,0,0,,0.568020573273801,0.0680205732738011
2021,960,Market-state,0.025,14579,8149,8149,0.998903734155533,0.558954660813499,0.558954660813499,14595,8163,8163,0.559301130524152,0.559301130524152,-0.000346469710653219,0,14579,8149,0.558954660813499,0,0,,0.568071660678562,0.068071660678562
2021,960,Market-state,0.05,14272,7992,7992,0.977869133264817,0.559977578475336,0.559977578475336,14595,8163,8163,0.559301130524152,0.559301130524152,0.000676447951184267,0,14272,7992,0.559977578475336,0,0,,0.568594422384066,0.068594422384066
2021,960,Market-state,0.075,2627,1589,1589,0.179993148338472,0.604872478111915,0.604872478111915,14595,8163,8163,0.559301130524152,0.559301130524152,0.0455713475877626,0,2627,1589,0.604872478111915,0,0,,0.584274757486482,0.0842747574864824
2021,960,Market-state,0.1,195,94,94,0.013360739979445,0.482051282051282,0.482051282051282,14595,8163,8163,0.559301130524152,0.559301130524152,-0.07724984847287,0,195,94,0.482051282051282,0,0,,0.608709746720558,0.108709746720558
2021,960,Full,0,14595,8120,8163,1,0.556354916067146,0.559301130524152,14595,8120,8163,0.556354916067146,0.559301130524152,-0.00294621445700582,-0.00294621445700582,14410,8049,0.558570437196392,185,71,0.383783783783784,0.569986827992652,0.0710754249569096
2021,960,Full,0.025,13686,7654,7683,0.937718396711202,0.559257635539968,0.561376589215256,14595,8120,8163,0.556354916067146,0.559301130524152,-4.34949841842114e-05,-0.00211895367528858,13555,7603,0.560900036886758,131,51,0.389312977099237,0.57358024746018,0.0746398106021422
2021,960,Full,0.05,10953,6210,6228,0.750462487153135,0.56696795398521,0.56861133935908,14595,8120,8163,0.556354916067146,0.559301130524152,0.0076668234610574,-0.00164338537387021,10889,6187,0.568188079713472,64,23,0.359375,0.582827103277929,0.0837254325544174
2021,960,Full,0.075,6832,3871,3878,0.46810551558753,0.566598360655738,0.567622950819672,14595,8120,8163,0.556354916067146,0.559301130524152,0.00729723013158556,-0.00102459016393452,6789,3853,0.567535719546325,43,18,0.418604651162791,0.595247477196993,0.096326697208373
2021,960,Full,0.1,2487,1471,1470,0.170400822199383,0.591475673502212,0.591073582629674,14595,8120,8163,0.556354916067146,0.559301130524152,0.0321745429780594,0.000402090872537175,2486,1470,0.591311343523733,1,1,1,0.611547726572727,0.111630981848066
2021,960,Full,0.15,8,4,4,0.000548132922233642,0.5,0.5,14595,8120,8163,0.556354916067146,0.559301130524152,-0.0593011305241521,0,8,4,0.5,0,0,,0.658821406952324,0.158821406952324
2022,960,Calendar-only,0,15092,7549,7549,1,0.500198780811026,0.500198780811026,15092,7549,7549,0.500198780811026,0.500198780811026,0,0,15092,7549,0.500198780811026,0,0,,0.568329176170536,0.0683291761705365
2022,960,Calendar-only,0.025,14536,7310,7310,0.963159289689902,0.502889378095762,0.502889378095762,15092,7549,7549,0.500198780811026,0.500198780811026,0.00269059728473653,0,14536,7310,0.502889378095762,0,0,,0.570267917377712,0.0702679173777121
2022,960,Calendar-only,0.05,11559,5869,5869,0.765902464882057,0.507742884332555,0.507742884332555,15092,7549,7549,0.500198780811026,0.500198780811026,0.00754410352152901,0,11559,5869,0.507742884332555,0,0,,0.578171253731561,0.0781712537315609
2022,960,Calendar-only,0.075,5885,3014,3014,0.389941690962099,0.51214953271028,0.51214953271028,15092,7549,7549,0.500198780811026,0.500198780811026,0.0119507518992547,0,5885,3014,0.51214953271028,0,0,,0.590992944378535,0.0909929443785354
2022,960,Calendar-only,0.1,1458,740,740,0.0966074741584946,0.507544581618656,0.507544581618656,15092,7549,7549,0.500198780811026,0.500198780811026,0.00734580080762992,0,1458,740,0.507544581618656,0,0,,0.608705568857165,0.108705568857164
2022,960,Market-state,0,15092,7553,7549,1,0.500463821892393,0.500198780811026,15092,7553,7549,0.500463821892393,0.500198780811026,0.000265041081367601,0.000265041081367601,15088,7549,0.500331389183457,4,4,1,0.572760116261979,0.0727633947662033
2022,960,Market-state,0.025,15038,7529,7529,0.996421945401537,0.500664982045485,0.500664982045485,15092,7553,7549,0.500463821892393,0.500198780811026,0.000466201234459063,0,15038,7529,0.500664982045485,0,0,,0.572964342155223,0.072964342155223
2022,960,Market-state,0.05,14348,7213,7213,0.950702358865624,0.502718148870923,0.502718148870923,15092,7553,7549,0.500463821892393,0.500198780811026,0.00251936805989705,0,14348,7213,0.502718148870923,0,0,,0.574404717906625,0.0744047179066252
2022,960,Market-state,0.075,5246,2902,2902,0.347601378213623,0.553183377811666,0.553183377811666,15092,7553,7549,0.500463821892393,0.500198780811026,0.0529845970006403,0,5246,2902,0.553183377811666,0,0,,0.591861807407147,0.091861807407147
2022,960,Market-state,0.1,1217,698,698,0.0806387490060959,0.57354149548069,0.57354149548069,15092,7553,7549,0.500463821892393,0.500198780811026,0.0733427146696645,0,1217,698,0.57354149548069,0,0,,0.616944081205001,0.116944081205001
2022,960,Market-state,0.15,76,57,57,0.00503578054598463,0.75,0.75,15092,7553,7549,0.500463821892393,0.500198780811026,0.249801219188974,0,76,57,0.75,0,0,,0.680026645539754,0.180026645539754
2022,960,Full,0,15092,7571,7549,1,0.501656506758548,0.500198780811026,15092,7571,7549,0.501656506758548,0.500198780811026,0.0014577259475218,0.0014577259475218,15018,7523,0.500932214675722,74,48,0.648648648648649,0.574802067951753,0.0750043164285052
2022,960,Full,0.025,14360,7251,7241,0.951497482109727,0.504944289693593,0.50424791086351,15092,7571,7549,0.501656506758548,0.500198780811026,0.00474550888256753,0.000696378830083555,14326,7229,0.504607008236772,34,22,0.647058823529412,0.577817044970325,0.0779761615439905
2022,960,Full,0.05,11775,6012,6011,0.780214683275908,0.510573248407643,0.510488322717622,15092,7571,7549,0.501656506758548,0.500198780811026,0.0103744675966175,8.49256900211648e-05,11774,6011,0.510531679972822,1,1,1,0.586551913139989,0.0865624931706082
2022,960,Full,0.075,7368,3876,3876,0.488205671879141,0.526058631921824,0.526058631921824,15092,7571,7549,0.501656506758548,0.500198780811026,0.0258598511107984,0,7368,3876,0.526058631921824,0,0,,0.600478113509699,0.100478113509699
2022,960,Full,0.1,3310,1812,1812,0.219321494831699,0.547432024169184,0.547432024169184,15092,7571,7549,0.501656506758548,0.500198780811026,0.0472332433581585,0,3310,1812,0.547432024169184,0,0,,0.617044442768368,0.117044442768368
2022,960,Full,0.15,174,123,123,0.0115292870394911,0.706896551724138,0.706896551724138,15092,7571,7549,0.501656506758548,0.500198780811026,0.206697770913112,0,174,123,0.706896551724138,0,0,,0.672301877434629,0.172301877434629
2023,960,Calendar-only,0,14858,8223,8233,1,0.553439224660116,0.554112262754072,14858,8223,8233,0.553439224660116,0.554112262754072,-0.000673038093956135,-0.000673038093956135,14512,8055,0.555057883131202,346,168,0.485549132947977,0.557052750784505,0.0573335478661369
2023,960,Calendar-only,0.025,13543,7548,7548,0.911495490644771,0.557335893081297,0.557335893081297,14858,8223,8233,0.553439224660116,0.554112262754072,0.00322363032722472,0,13543,7548,0.557335893081297,0,0,,0.561488507079139,0.0614885070791386
2023,960,Calendar-only,0.05,9454,5314,5314,0.636290214026114,0.56209012058388,0.56209012058388,14858,8223,8233,0.553439224660116,0.554112262754072,0.00797785782980798,0,9454,5314,0.56209012058388,0,0,,0.570844694190928,0.0708446941909285
2023,960,Calendar-only,0.075,3089,1724,1724,0.207901467223045,0.558109420524442,0.558109420524442,14858,8223,8233,0.553439224660116,0.554112262754072,0.00399715777036969,0,3089,1724,0.558109420524442,0,0,,0.589334447172745,0.0893344471727447
2023,960,Calendar-only,0.1,639,358,358,0.0430071342037959,0.560250391236307,0.560250391236307,14858,8223,8233,0.553439224660116,0.554112262754072,0.00613812848223483,0,639,358,0.560250391236307,0,0,,0.603633972882802,0.103633972882802
2023,960,Market-state,0,14858,8233,8233,1,0.554112262754072,0.554112262754072,14858,8233,8233,0.554112262754072,0.554112262754072,0,0,14858,8233,0.554112262754072,0,0,,0.556329975525711,0.0563299755257109
2023,960,Market-state,0.025,14806,8211,8211,0.996500201911428,0.554572470620019,0.554572470620019,14858,8233,8233,0.554112262754072,0.554112262754072,0.000460207865947027,0,14806,8211,0.554572470620019,0,0,,0.5564645727015,0.0564645727014996
2023,960,Market-state,0.05,10086,5662,5662,0.678826221564141,0.561372199087845,0.561372199087845,14858,8233,8233,0.554112262754072,0.554112262754072,0.00725993633377264,0,10086,5662,0.561372199087845,0,0,,0.561629936845045,0.0616299368450451
2023,960,Market-state,0.075,1227,729,729,0.0825817741284157,0.594132029339853,0.594132029339853,14858,8233,8233,0.554112262754072,0.554112262754072,0.0400197665857814,0,1227,729,0.594132029339853,0,0,,0.587411959013133,0.0874119590131332
2023,960,Market-state,0.1,161,89,89,0.0108359133126935,0.552795031055901,0.552795031055901,14858,8233,8233,0.554112262754072,0.554112262754072,-0.00131723169817122,0,161,89,0.552795031055901,0,0,,0.613160780815812,0.113160780815812
2023,960,Market-state,0.15,5,3,3,0.000336519046978059,0.6,0.6,14858,8233,8233,0.554112262754072,0.554112262754072,0.0458877372459281,0,5,3,0.6,0,0,,0.657973872123598,0.157973872123598
2023,960,Full,0,14858,8222,8233,1,0.55337192085072,0.554112262754072,14858,8222,8233,0.55337192085072,0.554112262754072,-0.000740341903351705,-0.000740341903351705,14591,8094,0.554725515728874,267,128,0.47940074906367,0.55505484664255,0.0557711132342887
2023,960,Full,0.025,12858,7217,7217,0.865392381208776,0.56128480323534,0.56128480323534,14858,8222,8233,0.55337192085072,0.554112262754072,0.00717254048126803,0,12800,7188,0.5615625,58,29,0.5,0.561596426012008,0.061993417016019
2023,960,Full,0.05,8136,4685,4685,0.547583793242698,0.575835791543756,0.575835791543756,14858,8222,8233,0.55337192085072,0.554112262754072,0.0217235287896843,0,8126,4680,0.575929116416441,10,5,0.5,0.575165148153574,0.0752936907021467
2023,960,Full,0.075,3501,2044,2044,0.235630636694037,0.583833190516995,0.583833190516995,14858,8222,8233,0.55337192085072,0.554112262754072,0.0297209277629232,0,3501,2044,0.583833190516995,0,0,,0.593920930627632,0.0939209306276321
2023,960,Full,0.1,1059,600,600,0.0712747341499529,0.56657223796034,0.56657223796034,14858,8222,8233,0.55337192085072,0.554112262754072,0.0124599752062681,0,1059,600,0.56657223796034,0,0,,0.612945168151953,0.112945168151953
2023,960,Full,0.15,26,7,7,0.00174989904428591,0.269230769230769,0.269230769230769,14858,8222,8233,0.55337192085072,0.554112262754072,-0.284881493523303,0,26,7,0.269230769230769,0,0,,0.658034111588475,0.158034111588475
2024,960,Calendar-only,0,14718,7949,8013,1,0.540086968338089,0.54443538524256,14718,7949,8013,0.540086968338089,0.54443538524256,-0.00434841690447063,-0.00434841690447063,14428,7836,0.543110618242307,290,113,0.389655172413793,0.55745113523712,0.0576517716378778
2024,960,Calendar-only,0.025,13281,7183,7183,0.902364451691806,0.540847827723816,0.540847827723816,14718,7949,8013,0.540086968338089,0.54443538524256,-0.00358755751874407,0,13281,7183,0.540847827723816,0,0,,0.562227521512634,0.0622275215126336
2024,960,Calendar-only,0.05,9141,4867,4867,0.621076233183857,0.532436276118587,0.532436276118587,14718,7949,8013,0.540086968338089,0.54443538524256,-0.0119991091239735,0,9141,4867,0.532436276118587,0,0,,0.572004104559596,0.0720041045595965
2024,960,Calendar-only,0.075,3655,2001,2001,0.248335371653757,0.547469220246238,0.547469220246238,14718,7949,8013,0.540086968338089,0.54443538524256,0.00303383500367793,0,3655,2001,0.547469220246238,0,0,,0.588092963322686,0.0880929633226857
2024,960,Calendar-only,0.1,311,174,174,0.0211305883951624,0.559485530546624,0.559485530546624,14718,7949,8013,0.540086968338089,0.54443538524256,0.0150501453040637,0,311,174,0.559485530546624,0,0,,0.60511939752964,0.10511939752964
2024,960,Market-state,0,14718,8011,8013,1,0.544299497214295,0.54443538524256,14718,8011,8013,0.544299497214295,0.54443538524256,-0.000135888028264697,-0.000135888028264697,14710,8008,0.544391570360299,8,3,0.375,0.555038757913216,0.055047678191925
2024,960,Market-state,0.025,14617,7957,7957,0.993137654572632,0.544366149004584,0.544366149004584,14718,8011,8013,0.544299497214295,0.54443538524256,-6.92362379763889e-05,0,14617,7957,0.544366149004584,0,0,,0.555310454978919,0.055310454978919
2024,960,Market-state,0.05,9738,5495,5495,0.661638809620872,0.564284247278702,0.564284247278702,14718,8011,8013,0.544299497214295,0.54443538524256,0.0198488620361419,0,9738,5495,0.564284247278702,0,0,,0.560134317772257,0.0601343177722568
2024,960,Market-state,0.075,834,542,542,0.056665307786384,0.649880095923261,0.649880095923261,14718,8011,8013,0.544299497214295,0.54443538524256,0.105444710680701,0,834,542,0.649880095923261,0,0,,0.586997416756039,0.0869974167560386
2024,960,Market-state,0.1,95,71,71,0.00645468134257372,0.747368421052632,0.747368421052632,14718,8011,8013,0.544299497214295,0.54443538524256,0.202933035810072,0,95,71,0.747368421052632,0,0,,0.619725011404891,0.119725011404891
2024,960,Market-state,0.15,9,5,5,0.000611496127191195,0.555555555555556,0.555555555555556,14718,8011,8013,0.544299497214295,0.54443538524256,0.0111201703129955,0,9,5,0.555555555555556,0,0,,0.678684920201232,0.178684920201232
2024,960,Full,0,14718,7989,8013,1,0.542804728903384,0.54443538524256,14718,7989,8013,0.542804728903384,0.54443538524256,-0.00163065633917647,-0.00163065633917647,14416,7850,0.54453385127636,302,139,0.460264900662252,0.555086107152767,0.0556566084677238
2024,960,Full,0.025,12609,6806,6819,0.856706074194863,0.53977317788881,0.54080418748513,14718,7989,8013,0.542804728903384,0.54443538524256,-0.00466220735375045,-0.00103100959632008,12560,6788,0.540445859872612,49,18,0.36734693877551,0.562147695383876,0.0624280744425789
2024,960,Full,0.05,7854,4330,4330,0.533632286995516,0.551311433664375,0.551311433664375,14718,7989,8013,0.542804728903384,0.54443538524256,0.00687604842181477,0,7854,4330,0.551311433664375,0,0,,0.576776881906559,0.0767768819065595
2024,960,Full,0.075,3968,2237,2237,0.269601848077184,0.563760080645161,0.563760080645161,14718,7989,8013,0.542804728903384,0.54443538524256,0.0193246954026012,0,3968,2237,0.563760080645161,0,0,,0.59161604147936,0.09161604147936
2024,960,Full,0.1,744,421,421,0.0505503465144721,0.565860215053764,0.565860215053764,14718,7989,8013,0.542804728903384,0.54443538524256,0.0214248298112034,0,744,421,0.565860215053764,0,0,,0.61136184573813,0.11136184573813
2024,960,Full,0.15,17,12,12,0.00115504824025003,0.705882352941177,0.705882352941177,14718,7989,8013,0.542804728903384,0.54443538524256,0.161446967698616,0,17,12,0.705882352941177,0,0,,0.688988092955749,0.188988092955749
2025,960,Calendar-only,0,14704,7974,7974,1,0.542301414581066,0.542301414581066,14704,7974,7974,0.542301414581066,0.542301414581066,0,0,14704,7974,0.542301414581066,0,0,,0.555976015491369,0.0559760154913693
2025,960,Calendar-only,0.025,13736,7450,7450,0.934167573449401,0.542370413511939,0.542370413511939,14704,7974,7974,0.542301414581066,0.542301414581066,6.89989308729766e-05,0,13736,7450,0.542370413511939,0,0,,0.558818683758802,0.0588186837588018
2025,960,Calendar-only,0.05,8473,4704,4704,0.576237758433079,0.555175262598843,0.555175262598843,14704,7974,7974,0.542301414581066,0.542301414581066,0.012873848017777,0,8473,4704,0.555175262598843,0,0,,0.570654767888942,0.0706547678889418
2025,960,Calendar-only,0.075,3462,1924,1924,0.23544613710555,0.555748122472559,0.555748122472559,14704,7974,7974,0.542301414581066,0.542301414581066,0.0134467078914928,0,3462,1924,0.555748122472559,0,0,,0.586343858705804,0.086343858705804
2025,960,Calendar-only,0.1,208,109,109,0.014145810663765,0.524038461538462,0.524038461538462,14704,7974,7974,0.542301414581066,0.542301414581066,-0.0182629530426048,0,208,109,0.524038461538462,0,0,,0.604771847047222,0.104771847047222
2025,960,Market-state,0,14704,7981,7974,1,0.542777475516866,0.542301414581066,14704,7981,7974,0.542777475516866,0.542301414581066,0.000476060935799771,0.000476060935799771,14697,7974,0.542559706062462,7,7,1,0.5555251730786,0.0555344108481291
2025,960,Market-state,0.025,14628,7942,7942,0.994831338411317,0.542931364506426,0.542931364506426,14704,7981,7974,0.542777475516866,0.542301414581066,0.000629949925359585,0,14628,7942,0.542931364506426,0,0,,0.555729552808564,0.0557295528085635
2025,960,Market-state,0.05,8087,4441,4441,0.549986398258977,0.549152961543217,0.549152961543217,14704,7981,7974,0.542777475516866,0.542301414581066,0.00685154696215107,0,8087,4441,0.549152961543217,0,0,,0.564945822970583,0.0649458229705831
2025,960,Market-state,0.075,1293,676,676,0.0879352557127312,0.522815158546017,0.522815158546017,14704,7981,7974,0.542777475516866,0.542301414581066,-0.0194862560350494,0,1293,676,0.522815158546017,0,0,,0.598600622588292,0.0986006225882917
2025,960,Market-state,0.1,338,205,205,0.0229869423286181,0.606508875739645,0.606508875739645,14704,7981,7974,0.542777475516866,0.542301414581066,0.0642074611585786,0,338,205,0.606508875739645,0,0,,0.641528298332686,0.141528298332686
2025,960,Market-state,0.15,94,77,77,0.00639281828073994,0.819148936170213,0.819148936170213,14704,7981,7974,0.542777475516866,0.542301414581066,0.276847521589146,0,94,77,0.819148936170213,0,0,,0.713564412652892,0.213564412652892
2025,960,Full,0,14704,7966,7974,1,0.541757344940152,0.542301414581066,14704,7966,7974,0.541757344940152,0.542301414581066,-0.000544069640914024,-0.000544069640914024,14566,7901,0.542427571055884,138,65,0.471014492753623,0.555745054176542,0.0558969676448302
2025,960,Full,0.025,12966,7031,7030,0.881800870511425,0.542264383772945,0.542187258985038,14704,7966,7974,0.541757344940152,0.542301414581066,-3.70308081217852e-05,7.71247879067794e-05,12963,7029,0.54223559361259,3,2,0.666666666666667,0.561242914478656,0.0612563715380926
2025,960,Full,0.05,7563,4203,4203,0.514349836779108,0.555731852439508,0.555731852439508,14704,7966,7974,0.541757344940152,0.542301414581066,0.0134304378584418,0,7563,4203,0.555731852439508,0,0,,0.578098364150917,0.0780983641509167
2025,960,Full,0.075,3761,2121,2121,0.255780739934712,0.563945759106621,0.563945759106621,14704,7966,7974,0.541757344940152,0.542301414581066,0.0216443445255542,0,3761,2121,0.563945759106621,0,0,,0.595124354840942,0.095124354840942
2025,960,Full,0.1,901,526,526,0.0612758433079434,0.583795782463929,0.583795782463929,14704,7966,7974,0.541757344940152,0.542301414581066,0.0414943678828625,0,901,526,0.583795782463929,0,0,,0.623016746708823,0.123016746708822
2025,960,Full,0.15,109,79,79,0.00741294885745375,0.724770642201835,0.724770642201835,14704,7966,7974,0.541757344940152,0.542301414581066,0.182469227620768,0,109,79,0.724770642201835,0,0,,0.705145974552649,0.205145974552649
2026,960,Calendar-only,0,2929,1525,1525,1,0.520655513827245,0.520655513827245,2929,1525,1525,0.520655513827245,0.520655513827245,0,0,2929,1525,0.520655513827245,0,0,,0.553751577926863,0.0537515779268629
2026,960,Calendar-only,0.025,2695,1415,1415,0.920109252304541,0.525046382189239,0.525046382189239,2929,1525,1525,0.520655513827245,0.520655513827245,0.00439086836199454,0,2695,1415,0.525046382189239,0,0,,0.556921337659521,0.056921337659521
2026,960,Calendar-only,0.05,1555,907,907,0.530897917377945,0.583279742765273,0.583279742765273,2929,1525,1525,0.520655513827245,0.520655513827245,0.0626242289380284,0,1555,907,0.583279742765273,0,0,,0.570612606027413,0.0706126060274134
2026,960,Calendar-only,0.075,608,411,411,0.207579378627518,0.675986842105263,0.675986842105263,2929,1525,1525,0.520655513827245,0.520655513827245,0.155331328278018,0,608,411,0.675986842105263,0,0,,0.585723102883359,0.0857231028833586
2026,960,Calendar-only,0.1,10,5,5,0.00341413451689997,0.5,0.5,2929,1525,1525,0.520655513827245,0.520655513827245,-0.0206555138272448,0,10,5,0.5,0,0,,0.60761831704752,0.10761831704752
2026,960,Market-state,0,2929,1525,1525,1,0.520655513827245,0.520655513827245,2929,1525,1525,0.520655513827245,0.520655513827245,0,0,2929,1525,0.520655513827245,0,0,,0.554487664142995,0.0544876641429945
2026,960,Market-state,0.025,2908,1513,1513,0.99283031751451,0.520288858321871,0.520288858321871,2929,1525,1525,0.520655513827245,0.520655513827245,-0.00036665550537418,0,2908,1513,0.520288858321871,0,0,,0.554727674031156,0.0547276740311557
2026,960,Market-state,0.05,1605,818,818,0.547968589962445,0.509657320872274,0.509657320872274,2929,1525,1525,0.520655513827245,0.520655513827245,-0.0109981929549707,0,1605,818,0.509657320872274,0,0,,0.56360354748157,0.0636035474815701
2026,960,Market-state,0.075,297,178,178,0.101399795151929,0.599326599326599,0.599326599326599,2929,1525,1525,0.520655513827245,0.520655513827245,0.0786710854993545,0,297,178,0.599326599326599,0,0,,0.585149042028793,0.0851490420287932
2026,960,Market-state,0.1,22,10,10,0.00751109593717993,0.454545454545455,0.454545454545455,2929,1525,1525,0.520655513827245,0.520655513827245,-0.0661100592817903,0,22,10,0.454545454545455,0,0,,0.603165946693987,0.103165946693987
2026,960,Full,0,2929,1525,1525,1,0.520655513827245,0.520655513827245,2929,1525,1525,0.520655513827245,0.520655513827245,0,0,2917,1519,0.520740486801508,12,6,0.5,0.553464726107088,0.0535081368673305
2026,960,Full,0.025,2494,1312,1312,0.851485148514852,0.526062550120289,0.526062550120289,2929,1525,1525,0.520655513827245,0.520655513827245,0.00540703629304384,0,2494,1312,0.526062550120289,0,0,,0.559786245986989,0.0597862459869892
2026,960,Full,0.05,1392,824,824,0.475247524752475,0.591954022988506,0.591954022988506,2929,1525,1525,0.520655513827245,0.520655513827245,0.0712985091612609,0,1392,824,0.591954022988506,0,0,,0.577555097457107,0.0775550974571069
2026,960,Full,0.075,697,465,465,0.237965175827928,0.667144906743185,0.667144906743185,2929,1525,1525,0.520655513827245,0.520655513827245,0.14648939291594,0,697,465,0.667144906743185,0,0,,0.593634703958946,0.0936347039589458
2026,960,Full,0.1,197,149,149,0.0672584499829293,0.756345177664975,0.756345177664975,2929,1525,1525,0.520655513827245,0.520655513827245,0.23568966383773,0,197,149,0.756345177664975,0,0,,0.611521430096673,0.111521430096673
2017,1200,Calendar-only,0,6765,4247,4247,1,0.627790096082779,0.627790096082779,6765,4247,4247,0.627790096082779,0.627790096082779,0,0,6765,4247,0.627790096082779,0,0,,0.553752018894398,0.053752018894398
2017,1200,Calendar-only,0.025,6505,4084,4084,0.961566888396157,0.62782475019216,0.62782475019216,6765,4247,4247,0.627790096082779,0.627790096082779,3.46541093808606e-05,0,6505,4084,0.62782475019216,0,0,,0.555173419336699,0.0551734193366987
2017,1200,Calendar-only,0.05,3984,2542,2542,0.588913525498891,0.638052208835341,0.638052208835341,6765,4247,4247,0.627790096082779,0.627790096082779,0.0102621127525624,0,3984,2542,0.638052208835341,0,0,,0.564553902029409,0.0645539020294089
2017,1200,Calendar-only,0.075,670,429,429,0.0990391722099039,0.640298507462687,0.640298507462687,6765,4247,4247,0.627790096082779,0.627790096082779,0.0125084113799075,0,670,429,0.640298507462687,0,0,,0.580580770018197,0.0805807700181974
2017,1200,Market-state,0,6765,4242,4247,1,0.627050997782705,0.627790096082779,6765,4242,4247,0.627050997782705,0.627790096082779,-0.000739098300073904,-0.000739098300073904,6758,4241,0.627552530334419,7,1,0.142857142857143,0.533298784739822,0.0333032864079213
2017,1200,Market-state,0.025,4670,2922,2922,0.690317812269032,0.625695931477516,0.625695931477516,6765,4242,4247,0.627050997782705,0.627790096082779,-0.00209416460526302,0,4670,2922,0.625695931477516,0,0,,0.539953756804472,0.0399537568044719
2017,1200,Market-state,0.05,871,548,548,0.128750923872875,0.629161882893226,0.629161882893226,6765,4242,4247,0.627050997782705,0.627790096082779,0.00137178681044714,0,871,548,0.629161882893226,0,0,,0.561690393469364,0.061690393469364
2017,1200,Market-state,0.075,91,55,55,0.0134515890613452,0.604395604395604,0.604395604395604,6765,4242,4247,0.627050997782705,0.627790096082779,-0.0233944916871747,0,91,55,0.604395604395604,0,0,,0.587094383950406,0.0870943839504064
2017,1200,Market-state,0.1,13,10,10,0.00192165558019217,0.769230769230769,0.769230769230769,6765,4242,4247,0.627050997782705,0.627790096082779,0.14144067314799,0,13,10,0.769230769230769,0,0,,0.6092582857767,0.1092582857767
2017,1200,Full,0,6765,4173,4247,1,0.616851441241685,0.627790096082779,6765,4173,4247,0.616851441241685,0.627790096082779,-0.0109386548410939,-0.0109386548410939,6435,4045,0.628593628593629,330,128,0.387878787878788,0.531141393365286,0.0363381572773649
2017,1200,Full,0.025,4331,2697,2748,0.640206947524021,0.622719926114062,0.634495497575618,6765,4173,4247,0.616851441241685,0.627790096082779,-0.00507016996871756,-0.0117755714615562,4152,2633,0.634152215799615,179,64,0.357541899441341,0.540637687634236,0.0482402590989484
2017,1200,Full,0.05,1589,970,1003,0.234885439763489,0.610446821900566,0.631214600377596,6765,4173,4247,0.616851441241685,0.627790096082779,-0.0173432741822126,-0.0207677784770296,1480,932,0.62972972972973,109,38,0.348623853211009,0.551431128141796,0.0689456029059032
2017,1200,Full,0.075,328,185,214,0.0484848484848485,0.564024390243902,0.652439024390244,6765,4173,4247,0.616851441241685,0.627790096082779,-0.0637657058388767,-0.0884146341463415,239,155,0.648535564853557,89,30,0.337078651685393,0.524428949652332,0.102074579721639
2017,1200,Full,0.1,95,40,64,0.0140428677014043,0.421052631578947,0.673684210526316,6765,4173,4247,0.616851441241685,0.627790096082779,-0.206737464503832,-0.252631578947368,27,18,0.666666666666667,68,22,0.323529411764706,0.420433979271709,0.150594906270412
2017,1200,Full,0.15,43,17,29,0.00635624538063563,0.395348837209302,0.674418604651163,6765,4173,4247,0.616851441241685,0.627790096082779,-0.232441258873477,-0.27906976744186,5,4,0.8,38,13,0.342105263157895,0.352729937439596,0.184777116428847
2018,1200,Calendar-only,0,12657,6976,6976,1,0.551157462273841,0.551157462273841,12657,6976,6976,0.551157462273841,0.551157462273841,0,0,12657,6976,0.551157462273841,0,0,,0.565561214398998,0.0655612143989984
2018,1200,Calendar-only,0.025,12559,6924,6924,0.992257248953148,0.551317780078032,0.551317780078032,12657,6976,6976,0.551157462273841,0.551157462273841,0.000160317804191124,0,12559,6924,0.551317780078032,0,0,,0.565910102297234,0.0659101022972341
2018,1200,Calendar-only,0.05,10591,5816,5816,0.836770166706171,0.549145500896988,0.549145500896988,12657,6976,6976,0.551157462273841,0.551157462273841,-0.00201196137685256,0,10591,5816,0.549145500896988,0,0,,0.570269240357083,0.0702692403570826
2018,1200,Calendar-only,0.075,3472,1842,1842,0.274314608517026,0.530529953917051,0.530529953917051,12657,6976,6976,0.551157462273841,0.551157462273841,-0.0206275083567898,0,3472,1842,0.530529953917051,0,0,,0.585635384680294,0.0856353846802937
2018,1200,Calendar-only,0.1,147,77,77,0.0116141265702773,0.523809523809524,0.523809523809524,12657,6976,6976,0.551157462273841,0.551157462273841,-0.0273479384643167,0,147,77,0.523809523809524,0,0,,0.607866560470806,0.107866560470806
2018,1200,Market-state,0,12657,6976,6976,1,0.551157462273841,0.551157462273841,12657,6976,6976,0.551157462273841,0.551157462273841,0,0,12657,6976,0.551157462273841,0,0,,0.563943752566904,0.0639437525669038
2018,1200,Market-state,0.025,12657,6976,6976,1,0.551157462273841,0.551157462273841,12657,6976,6976,0.551157462273841,0.551157462273841,0,0,12657,6976,0.551157462273841,0,0,,0.563943752566904,0.0639437525669038
2018,1200,Market-state,0.05,10894,6010,6010,0.860709488820416,0.551679823756196,0.551679823756196,12657,6976,6976,0.551157462273841,0.551157462273841,0.000522361482355516,0,10894,6010,0.551679823756196,0,0,,0.566844174415248,0.0668441744152482
2018,1200,Market-state,0.075,2358,1338,1338,0.186300071106897,0.567430025445293,0.567430025445293,12657,6976,6976,0.551157462273841,0.551157462273841,0.0162725631714521,0,2358,1338,0.567430025445293,0,0,,0.58962542683707,0.0896254268370695
2018,1200,Market-state,0.1,419,273,273,0.0331042111084775,0.651551312649165,0.651551312649165,12657,6976,6976,0.551157462273841,0.551157462273841,0.100393850375324,0,419,273,0.651551312649165,0,0,,0.61653456613059,0.11653456613059
2018,1200,Market-state,0.15,15,15,15,0.00118511495615075,1,1,12657,6976,6976,0.551157462273841,0.551157462273841,0.448842537726159,0,15,15,1,0,0,,0.663623287079405,0.163623287079405
2018,1200,Full,0,12657,6839,6976,1,0.540333412340997,0.551157462273841,12657,6839,6976,0.540333412340997,0.551157462273841,-0.0108240499328435,-0.0108240499328435,12146,6652,0.547670014819694,511,187,0.365949119373777,0.566709614781594,0.0684439760870987
2018,1200,Full,0.025,11727,6355,6414,0.926522872718654,0.541911827406839,0.546942952161678,12657,6839,6976,0.540333412340997,0.551157462273841,-0.00924563486700158,-0.00503112475483925,11516,6279,0.545241403265023,211,76,0.360189573459716,0.571541654916393,0.0727915626945383
2018,1200,Full,0.05,8639,4661,4658,0.682547207079087,0.539530038198866,0.539182775784234,12657,6839,6976,0.540333412340997,0.551157462273841,-0.011627424074975,0.000347262414631344,8636,4658,0.539370078740158,3,3,1,0.584755298497434,0.0847918791233393
2018,1200,Full,0.075,4879,2624,2624,0.385478391403966,0.53781512605042,0.53781512605042,12657,6839,6976,0.540333412340997,0.551157462273841,-0.0133423362234204,0,4879,2624,0.53781512605042,0,0,,0.602175544157103,0.102175544157103
2018,1200,Full,0.1,1941,1083,1083,0.153353875325907,0.557959814528594,0.557959814528594,12657,6839,6976,0.540333412340997,0.551157462273841,0.00680235225475301,0,1941,1083,0.557959814528594,0,0,,0.625505540260976,0.125505540260976
2018,1200,Full,0.15,269,162,162,0.0212530615469701,0.602230483271376,0.602230483271376,12657,6839,6976,0.540333412340997,0.551157462273841,0.051073020997535,0,269,162,0.602230483271376,0,0,,0.674016494472372,0.174016494472372
2019,1200,Calendar-only,0,14056,8369,8369,1,0.595404097894138,0.595404097894138,14056,8369,8369,0.595404097894138,0.595404097894138,0,0,14056,8369,0.595404097894138,0,0,,0.561921827736339,0.0619218277363388
2019,1200,Calendar-only,0.025,13860,8253,8253,0.98605577689243,0.595454545454546,0.595454545454546,14056,8369,8369,0.595404097894138,0.595404097894138,5.04475604077292e-05,0,13860,8253,0.595454545454546,0,0,,0.562495743543436,0.0624957435434361
2019,1200,Calendar-only,0.05,10613,6287,6287,0.755051223676722,0.592386695562047,0.592386695562047,14056,8369,8369,0.595404097894138,0.595404097894138,-0.00301740233209113,0,10613,6287,0.592386695562047,0,0,,0.569511191372403,0.0695111913724031
2019,1200,Calendar-only,0.075,2908,1658,1658,0.206886738759249,0.570151306740028,0.570151306740028,14056,8369,8369,0.595404097894138,0.595404097894138,-0.0252527911541102,0,2908,1658,0.570151306740028,0,0,,0.584762983775575,0.084762983775575
2019,1200,Calendar-only,0.1,164,83,83,0.0116676152532726,0.50609756097561,0.50609756097561,14056,8369,8369,0.595404097894138,0.595404097894138,-0.089306536918528,0,164,83,0.50609756097561,0,0,,0.604189822868267,0.104189822868267
2019,1200,Market-state,0,14056,8368,8369,1,0.595332953898691,0.595404097894138,14056,8368,8369,0.595332953898691,0.595404097894138,-7.11439954468318e-05,-7.11439954468318e-05,14055,8368,0.595375311277126,1,0,0,0.555074420254654,0.0550761671567137
2019,1200,Market-state,0.025,14044,8363,8363,0.999146272054639,0.595485616633438,0.595485616633438,14056,8368,8369,0.595332953898691,0.595404097894138,8.15187393000683e-05,0,14044,8363,0.595485616633438,0,0,,0.555106442485129,0.0551064424851292
2019,1200,Market-state,0.05,8434,5164,5164,0.600028457598179,0.612283613943562,0.612283613943562,14056,8368,8369,0.595332953898691,0.595404097894138,0.0168795160494241,0,8434,5164,0.612283613943562,0,0,,0.562234245875068,0.0622342458750677
2019,1200,Market-state,0.075,1012,656,656,0.0719977233921457,0.648221343873518,0.648221343873518,14056,8368,8369,0.595332953898691,0.595404097894138,0.0528172459793801,0,1012,656,0.648221343873518,0,0,,0.589538287312363,0.089538287312363
2019,1200,Market-state,0.1,174,109,109,0.0123790552077405,0.626436781609195,0.626436781609195,14056,8368,8369,0.595332953898691,0.595404097894138,0.0310326837150576,0,174,109,0.626436781609195,0,0,,0.619009170458544,0.119009170458544
2019,1200,Market-state,0.15,10,3,3,0.000711439954467843,0.3,0.3,14056,8368,8369,0.595332953898691,0.595404097894138,-0.295404097894138,0,10,3,0.3,0,0,,0.668122157796404,0.168122157796404
2019,1200,Full,0,14056,8323,8369,1,0.592131474103586,0.595404097894138,14056,8323,8369,0.592131474103586,0.595404097894138,-0.00327262379055204,-0.00327262379055204,13822,8229,0.595355230791492,234,94,0.401709401709402,0.558220229078369,0.0585613949551164
2019,1200,Full,0.025,12630,7523,7521,0.898548662492886,0.595645288994458,0.595486935866983,14056,8323,8369,0.592131474103586,0.595404097894138,0.000241191100319949,0.000158353127474253,12616,7515,0.595672162333545,14,8,0.571428571428571,0.563417516494846,0.0634812924611713
2019,1200,Full,0.05,8566,5104,5104,0.609419464997154,0.595844034555218,0.595844034555218,14056,8323,8369,0.592131474103586,0.595404097894138,0.000439936661080553,0,8566,5104,0.595844034555218,0,0,,0.575412111404433,0.0754121114044331
2019,1200,Full,0.075,3756,2259,2259,0.267216846898122,0.601437699680511,0.601437699680511,14056,8323,8369,0.592131474103586,0.595404097894138,0.00603360178637347,0,3756,2259,0.601437699680511,0,0,,0.592274756685792,0.0922747566857918
2019,1200,Full,0.1,837,492,492,0.0595475241889585,0.587813620071685,0.587813620071685,14056,8323,8369,0.592131474103586,0.595404097894138,-0.00759047782245315,0,837,492,0.587813620071685,0,0,,0.61849674146352,0.11849674146352
2019,1200,Full,0.15,38,26,26,0.0027034718269778,0.68421052631579,0.68421052631579,14056,8323,8369,0.592131474103586,0.595404097894138,0.0888064284216518,0,38,26,0.68421052631579,0,0,,0.677755117543019,0.177755117543019
2020,1200,Calendar-only,0,14438,8720,8720,1,0.603961767557833,0.603961767557833,14438,8720,8720,0.603961767557833,0.603961767557833,0,0,14438,8720,0.603961767557833,0,0,,0.569504344157203,0.069504344157203
2020,1200,Calendar-only,0.025,14438,8720,8720,1,0.603961767557833,0.603961767557833,14438,8720,8720,0.603961767557833,0.603961767557833,0,0,14438,8720,0.603961767557833,0,0,,0.569504344157203,0.069504344157203
2020,1200,Calendar-only,0.05,12992,7908,7908,0.899847624324699,0.608682266009852,0.608682266009852,14438,8720,8720,0.603961767557833,0.603961767557833,0.00472049845201872,0,12992,7908,0.608682266009852,0,0,,0.572379614815858,0.0723796148158578
2020,1200,Calendar-only,0.075,5681,3332,3332,0.393475550630281,0.586516458370005,0.586516458370005,14438,8720,8720,0.603961767557833,0.603961767557833,-0.0174453091878282,0,5681,3332,0.586516458370005,0,0,,0.583449337287029,0.0834493372870293
2020,1200,Market-state,0,14438,8721,8720,1,0.604031029228425,0.603961767557833,14438,8721,8720,0.604031029228425,0.603961767557833,6.92616705915139e-05,6.92616705915139e-05,14437,8720,0.604003601856341,1,1,1,0.575628243410393,0.0756284291264885
2020,1200,Market-state,0.025,14431,8718,8718,0.999515168305859,0.604116138867715,0.604116138867715,14438,8721,8720,0.604031029228425,0.603961767557833,0.000154371309881829,0,14431,8718,0.604116138867715,0,0,,0.575656280411412,0.0756562804114122
2020,1200,Market-state,0.05,14076,8508,8508,0.974927275245879,0.604433077578858,0.604433077578858,14438,8721,8720,0.604031029228425,0.603961767557833,0.000471310021024185,0,14076,8508,0.604433077578858,0,0,,0.576390953887597,0.076390953887597
2020,1200,Market-state,0.075,5441,3263,3263,0.376852749688323,0.599705936408748,0.599705936408748,14438,8721,8720,0.604031029228425,0.603961767557833,-0.00425583114908512,0,5441,3263,0.599705936408748,0,0,,0.597433845681587,0.0974338456815865
2020,1200,Market-state,0.1,1572,922,922,0.10887934616983,0.586513994910941,0.586513994910941,14438,8721,8720,0.604031029228425,0.603961767557833,-0.017447772646892,0,1572,922,0.586513994910941,0,0,,0.628736495868162,0.128736495868162
2020,1200,Market-state,0.15,274,155,155,0.0189776977420695,0.565693430656934,0.565693430656934,14438,8721,8720,0.604031029228425,0.603961767557833,-0.0382683369008991,0,274,155,0.565693430656934,0,0,,0.689604166964283,0.189604166964283
2020,1200,Full,0,14438,8721,8720,1,0.604031029228425,0.603961767557833,14438,8721,8720,0.604031029228425,0.603961767557833,6.92616705915139e-05,6.92616705915139e-05,14435,8719,0.604018011776931,3,2,0.666666666666667,0.583623892686802,0.0836289179802292
2020,1200,Full,0.025,14381,8683,8683,0.996052084776285,0.603782768931229,0.603782768931229,14438,8721,8720,0.604031029228425,0.603961767557833,-0.000178998626604754,0,14381,8683,0.603782768931229,0,0,,0.583891830519934,0.0838918305199342
2020,1200,Full,0.05,13281,8060,8060,0.919864247125641,0.606882011896695,0.606882011896695,14438,8721,8720,0.604031029228425,0.603961767557833,0.00292024433886107,0,13281,8060,0.606882011896695,0,0,,0.587345583183101,0.0873455831831006
2020,1200,Full,0.075,8404,5059,5059,0.582075079650921,0.601975249881009,0.601975249881009,14438,8721,8720,0.604031029228425,0.603961767557833,-0.00198651767682445,0,8404,5059,0.601975249881009,0,0,,0.60083772398976,0.10083772398976
2020,1200,Full,0.1,2808,1676,1676,0.194486771020917,0.596866096866097,0.596866096866097,14438,8721,8720,0.604031029228425,0.603961767557833,-0.00709567069173667,0,2808,1676,0.596866096866097,0,0,,0.629961660197414,0.129961660197414
2020,1200,Full,0.15,488,314,314,0.0337996952486494,0.64344262295082,0.64344262295082,14438,8721,8720,0.604031029228425,0.603961767557833,0.0394808553929862,0,488,314,0.64344262295082,0,0,,0.695274072419238,0.195274072419238
2021,1200,Calendar-only,0,14953,8444,8444,1,0.564702735237076,0.564702735237076,14953,8444,8444,0.564702735237076,0.564702735237076,0,0,14953,8444,0.564702735237076,0,0,,0.57699192523773,0.0769919252377298
2021,1200,Calendar-only,0.025,14904,8416,8416,0.996723065605564,0.564680622651637,0.564680622651637,14953,8444,8444,0.564702735237076,0.564702735237076,-2.21125854390491e-05,0,14904,8416,0.564680622651637,0,0,,0.577170693874199,0.0771706938741987
2021,1200,Calendar-only,0.05,13623,7701,7701,0.911054637865311,0.565293988108346,0.565293988108346,14953,8444,8444,0.564702735237076,0.564702735237076,0.000591252871270043,0,13623,7701,0.565293988108346,0,0,,0.580508257853466,0.0805082578534662
2021,1200,Calendar-only,0.075,7984,4620,4620,0.533939677656658,0.578657314629259,0.578657314629259,14953,8444,8444,0.564702735237076,0.564702735237076,0.0139545793921824,0,7984,4620,0.578657314629259,0,0,,0.591162353741156,0.0911623537411558
2021,1200,Calendar-only,0.1,1955,1154,1154,0.130742994716779,0.590281329923274,0.590281329923274,14953,8444,8444,0.564702735237076,0.564702735237076,0.0255785946861975,0,1955,1154,0.590281329923274,0,0,,0.608704087517142,0.108704087517142
2021,1200,Market-state,0,14953,8444,8444,1,0.564702735237076,0.564702735237076,14953,8444,8444,0.564702735237076,0.564702735237076,0,0,14953,8444,0.564702735237076,0,0,,0.572013283960874,0.0720132839608741
2021,1200,Market-state,0.025,14937,8429,8429,0.998929980605898,0.564303407645444,0.564303407645444,14953,8444,8444,0.564702735237076,0.564702735237076,-0.000399327591631971,0,14937,8429,0.564303407645444,0,0,,0.572070940051494,0.0720709400514941
2021,1200,Market-state,0.05,14699,8298,8298,0.983013442118638,0.564528199197224,0.564528199197224,14953,8444,8444,0.564702735237076,0.564702735237076,-0.000174536039851847,0,14699,8298,0.564528199197224,0,0,,0.572539676949784,0.0725396769497842
2021,1200,Market-state,0.075,4540,2710,2710,0.303618003076306,0.596916299559471,0.596916299559471,14953,8444,8444,0.564702735237076,0.564702735237076,0.0322135643223952,0,4540,2710,0.596916299559471,0,0,,0.584809323301772,0.084809323301772
2021,1200,Market-state,0.1,384,221,221,0.0256804654584364,0.575520833333333,0.575520833333333,14953,8444,8444,0.564702735237076,0.564702735237076,0.0108180980962572,0,384,221,0.575520833333333,0,0,,0.610614077160536,0.110614077160536
2021,1200,Market-state,0.15,3,0,0,0.000200628636394035,0,0,14953,8444,8444,0.564702735237076,0.564702735237076,-0.564702735237076,0,3,0,0,0,0,,0.657000880234256,0.157000880234256
2021,1200,Full,0,14953,8441,8444,1,0.564502106600682,0.564702735237076,14953,8441,8444,0.564502106600682,0.564702735237076,-0.000200628636394029,-0.000200628636394029,14944,8438,0.564641327623126,9,3,0.333333333333333,0.577126838905657,0.0771359395421737
2021,1200,Full,0.025,14772,8330,8330,0.987895405604227,0.563904684538316,0.563904684538316,14953,8441,8444,0.564502106600682,0.564702735237076,-0.000798050698760378,0,14772,8330,0.563904684538316,0,0,,0.577854632313387,0.0778546323133873
2021,1200,Full,0.05,12686,7191,7191,0.848391627098241,0.566845341321141,0.566845341321141,14953,8441,8444,0.564502106600682,0.564702735237076,0.00214260608406525,0,12686,7191,0.566845341321141,0,0,,0.584031356332117,0.0840313563321171
2021,1200,Full,0.075,7454,4384,4384,0.498495285227045,0.588140595653341,0.588140595653341,14953,8441,8444,0.564502106600682,0.564702735237076,0.0234378604162644,0,7454,4384,0.588140595653341,0,0,,0.598255133280854,0.0982551332808541
2021,1200,Full,0.1,3178,1947,1947,0.212532602153414,0.612649465072373,0.612649465072373,14953,8441,8444,0.564502106600682,0.564702735237076,0.0479467298352965,0,3178,1947,0.612649465072373,0,0,,0.614548627527357,0.114548627527357
2021,1200,Full,0.15,15,6,6,0.00100314318197017,0.4,0.4,14953,8441,8444,0.564502106600682,0.564702735237076,-0.164702735237076,0,15,6,0.4,0,0,,0.657095681626129,0.157095681626129
2022,1200,Calendar-only,0,15364,7642,7642,1,0.497396511325176,0.497396511325176,15364,7642,7642,0.497396511325176,0.497396511325176,0,0,15364,7642,0.497396511325176,0,0,,0.574593563009852,0.0745935630098523
2022,1200,Calendar-only,0.025,15364,7642,7642,1,0.497396511325176,0.497396511325176,15364,7642,7642,0.497396511325176,0.497396511325176,0,0,15364,7642,0.497396511325176,0,0,,0.574593563009852,0.0745935630098523
2022,1200,Calendar-only,0.05,13725,6856,6856,0.893322051549076,0.499526411657559,0.499526411657559,15364,7642,7642,0.497396511325176,0.497396511325176,0.00212990033238342,0,13725,6856,0.499526411657559,0,0,,0.578481018193004,0.0784810181930036
2022,1200,Calendar-only,0.075,7240,3636,3636,0.471231450143192,0.502209944751381,0.502209944751381,15364,7642,7642,0.497396511325176,0.497396511325176,0.00481343342620549,0,7240,3636,0.502209944751381,0,0,,0.591867005461521,0.091867005461521
2022,1200,Calendar-only,0.1,1970,1008,1008,0.128221817235095,0.511675126903553,0.511675126903553,15364,7642,7642,0.497396511325176,0.497396511325176,0.0142786155783776,0,1970,1008,0.511675126903553,0,0,,0.606042096234521,0.106042096234521
2022,1200,Market-state,0,15364,7645,7642,1,0.497591772975788,0.497396511325176,15364,7645,7642,0.497591772975788,0.497396511325176,0.000195261650611789,0.000195261650611789,15361,7642,0.497493652756982,3,3,1,0.577893259998129,0.0778949549992385
2022,1200,Market-state,0.025,15337,7635,7635,0.998242645144494,0.497815739714416,0.497815739714416,15364,7645,7642,0.497591772975788,0.497396511325176,0.000419228389240356,0,15337,7635,0.497815739714416,0,0,,0.578006575269024,0.0780065752690238
2022,1200,Market-state,0.05,14929,7448,7448,0.971687060661286,0.498894768571237,0.498894768571237,15364,7645,7642,0.497591772975788,0.497396511325176,0.00149825724606145,0,14929,7448,0.498894768571237,0,0,,0.578979764643341,0.0789797646433404
2022,1200,Market-state,0.075,7153,3851,3851,0.465568862275449,0.538375506780372,0.538375506780372,15364,7645,7642,0.497591772975788,0.497396511325176,0.0409789954551961,0,7153,3851,0.538375506780372,0,0,,0.592994722031095,0.0929947220310946
2022,1200,Market-state,0.1,1774,994,994,0.115464722728456,0.560315670800451,0.560315670800451,15364,7645,7642,0.497591772975788,0.497396511325176,0.0629191594752752,0,1774,994,0.560315670800451,0,0,,0.619021052984926,0.119021052984926
2022,1200,Market-state,0.15,126,77,77,0.00820098932569643,0.611111111111111,0.611111111111111,15364,7645,7642,0.497591772975788,0.497396511325176,0.113714599785935,0,126,77,0.611111111111111,0,0,,0.680038594428106,0.180038594428106
2022,1200,Full,0,15364,7649,7642,1,0.49785212184327,0.497396511325176,15364,7649,7642,0.49785212184327,0.497396511325176,0.000455610518094229,0.000455610518094229,15335,7631,0.497619823932181,29,18,0.620689655172414,0.583908941273259,0.0839858118040185
2022,1200,Full,0.025,15200,7581,7582,0.989325696433221,0.49875,0.498815789473684,15364,7649,7642,0.49785212184327,0.497396511325176,0.00135348867482427,-6.57894736841858e-05,15191,7577,0.498782173655454,9,4,0.444444444444444,0.584649536985913,0.0846982541829578
2022,1200,Full,0.05,13277,6706,6708,0.864162978391044,0.505083979814717,0.505234616253672,15364,7649,7642,0.49785212184327,0.497396511325176,0.00768746848954144,-0.000150636438954521,13275,6706,0.505160075329567,2,0,0,0.590950042904881,0.0909671796974976
2022,1200,Full,0.075,9050,4684,4684,0.58903931267899,0.517569060773481,0.517569060773481,15364,7649,7642,0.49785212184327,0.497396511325176,0.0201725494483049,0,9050,4684,0.517569060773481,0,0,,0.604123991021436,0.104123991021436
2022,1200,Full,0.1,4550,2471,2471,0.29614683676126,0.543076923076923,0.543076923076923,15364,7649,7642,0.49785212184327,0.497396511325176,0.0456804117517474,0,4550,2471,0.543076923076923,0,0,,0.620871220278553,0.120871220278552
2022,1200,Full,0.15,311,194,194,0.0202421244467587,0.62379421221865,0.62379421221865,15364,7649,7642,0.49785212184327,0.497396511325176,0.126397700893474,0,311,194,0.62379421221865,0,0,,0.678542716949889,0.178542716949888
2023,1200,Calendar-only,0,15067,8433,8439,1,0.559700006637021,0.560098227915312,15067,8433,8439,0.559700006637021,0.560098227915312,-0.000398221278290256,-0.000398221278290256,15017,8411,0.560098554971033,50,22,0.44,0.562390772047441,0.0623984523017845
2023,1200,Calendar-only,0.025,14713,8246,8246,0.976504944580872,0.560456738938354,0.560456738938354,15067,8433,8439,0.559700006637021,0.560098227915312,0.000358511023042185,0,14713,8246,0.560456738938354,0,0,,0.563473417413187,0.0634734174131869
2023,1200,Calendar-only,0.05,11206,6343,6343,0.74374460742019,0.566036052114939,0.566036052114939,15067,8433,8439,0.559700006637021,0.560098227915312,0.00593782419962685,0,11206,6343,0.566036052114939,0,0,,0.570552892859125,0.0705528928591246
2023,1200,Calendar-only,0.075,3710,2213,2213,0.246233490409504,0.596495956873315,0.596495956873315,15067,8433,8439,0.559700006637021,0.560098227915312,0.0363977289580038,0,3710,2213,0.596495956873315,0,0,,0.587464089324158,0.0874640893241583
2023,1200,Calendar-only,0.1,295,164,164,0.0195792128492732,0.555932203389831,0.555932203389831,15067,8433,8439,0.559700006637021,0.560098227915312,-0.00416602452548109,0,295,164,0.555932203389831,0,0,,0.607940235536701,0.107940235536701
2023,1200,Market-state,0,15067,8443,8439,1,0.560363708767505,0.560098227915312,15067,8443,8439,0.560363708767505,0.560098227915312,0.000265480852193578,0.000265480852193578,15063,8439,0.560246962756423,4,4,1,0.559963488872982,0.0599654126316415
2023,1200,Market-state,0.025,15017,8417,8417,0.996681489347581,0.560498102150896,0.560498102150896,15067,8443,8439,0.560363708767505,0.560098227915312,0.000399874235584075,0,15017,8417,0.560498102150896,0,0,,0.560110384495154,0.0601103844951541
2023,1200,Market-state,0.05,12745,7185,7185,0.845888365301653,0.563750490388388,0.563750490388388,15067,8443,8439,0.560363708767505,0.560098227915312,0.00365226247307604,0,12745,7185,0.563750490388388,0,0,,0.56285832579657,0.0628583257965697
2023,1200,Market-state,0.075,1659,965,965,0.110108183447269,0.581675708257987,0.581675708257987,15067,8443,8439,0.560363708767505,0.560098227915312,0.0215774803426751,0,1659,965,0.581675708257987,0,0,,0.587542003803454,0.0875420038034539
2023,1200,Market-state,0.1,217,130,130,0.0144023362314993,0.599078341013825,0.599078341013825,15067,8443,8439,0.560363708767505,0.560098227915312,0.0389801130985132,0,217,130,0.599078341013825,0,0,,0.613501986273027,0.113501986273027
2023,1200,Market-state,0.15,6,5,5,0.000398221278290303,0.833333333333333,0.833333333333333,15067,8443,8439,0.560363708767505,0.560098227915312,0.273235105418022,0,6,5,0.833333333333333,0,0,,0.655755171906516,0.155755171906516
2023,1200,Full,0,15067,8460,8439,1,0.561492002389328,0.560098227915312,15067,8460,8439,0.561492002389328,0.560098227915312,0.00139377447401601,0.00139377447401601,14986,8409,0.56112371546777,81,51,0.62962962962963,0.560170963530521,0.0602857616804948
2023,1200,Full,0.025,14275,8033,8028,0.94743479126568,0.562732049036778,0.562381786339755,15067,8460,8439,0.561492002389328,0.560098227915312,0.00263382112146593,0.000350262697022763,14268,8027,0.562587608634707,7,6,0.857142857142857,0.562617034629826,0.0626501321576155
2023,1200,Full,0.05,9399,5395,5395,0.62381363244176,0.573997233748271,0.573997233748271,15067,8460,8439,0.561492002389328,0.560098227915312,0.0138990058329594,0,9399,5395,0.573997233748271,0,0,,0.574747375975148,0.0747473759751475
2023,1200,Full,0.075,3680,2235,2235,0.244242384018053,0.607336956521739,0.607336956521739,15067,8460,8439,0.561492002389328,0.560098227915312,0.0472387286064275,0,3680,2235,0.607336956521739,0,0,,0.594395310809701,0.0943953108097011
2023,1200,Full,0.1,1002,567,567,0.0665029534744807,0.565868263473054,0.565868263473054,15067,8460,8439,0.561492002389328,0.560098227915312,0.00577003555774225,0,1002,567,0.565868263473054,0,0,,0.616059231737714,0.116059231737714
2023,1200,Full,0.15,37,14,14,0.0024556978827902,0.378378378378378,0.378378378378378,15067,8460,8439,0.561492002389328,0.560098227915312,-0.181719849536933,0,37,14,0.378378378378378,0,0,,0.664696185394577,0.164696185394577
2024,1200,Calendar-only,0,14919,8131,8131,1,0.545009719150077,0.545009719150077,14919,8131,8131,0.545009719150077,0.545009719150077,0,0,14919,8131,0.545009719150077,0,0,,0.562780515507963,0.0627805155079625
2024,1200,Calendar-only,0.025,14620,7967,7967,0.979958442254843,0.544938440492476,0.544938440492476,14919,8131,8131,0.545009719150077,0.545009719150077,-7.12786576010371e-05,0,14620,7967,0.544938440492476,0,0,,0.563642067079439,0.063642067079439
2024,1200,Calendar-only,0.05,11016,5972,5972,0.738387291373416,0.542120551924474,0.542120551924474,14919,8131,8131,0.545009719150077,0.545009719150077,-0.00288916722560362,0,11016,5972,0.542120551924474,0,0,,0.571292858635124,0.0712928586351244
2024,1200,Calendar-only,0.075,3427,1885,1885,0.229707084925263,0.550043770061278,0.550043770061278,14919,8131,8131,0.545009719150077,0.545009719150077,0.00503405091120102,0,3427,1885,0.550043770061278,0,0,,0.59274982126334,0.0927498212633395
2024,1200,Calendar-only,0.1,713,394,394,0.0477914069307594,0.552594670406732,0.552594670406732,14919,8131,8131,0.545009719150077,0.545009719150077,0.00758495125665504,0,713,394,0.552594670406732,0,0,,0.60546326216486,0.10546326216486
2024,1200,Market-state,0,14919,8125,8131,1,0.54460754742275,0.545009719150077,14919,8125,8131,0.54460754742275,0.545009719150077,-0.000402171727327594,-0.000402171727327594,14909,8123,0.544838688040781,10,2,0.2,0.559094082068845,0.0591055108980711
2024,1200,Market-state,0.025,14834,8078,8079,0.994302567196193,0.54455979506539,0.544627207765943,14919,8125,8131,0.54460754742275,0.545009719150077,-0.000449924084686804,-6.74127005527714e-05,14833,8078,0.544596507786692,1,0,0,0.559342329620079,0.0593477844691151
2024,1200,Market-state,0.05,12716,6952,6952,0.852335947449561,0.546712802768166,0.546712802768166,14919,8125,8131,0.54460754742275,0.545009719150077,0.00170308361808902,0,12716,6952,0.546712802768166,0,0,,0.561715821450066,0.061715821450066
2024,1200,Market-state,0.075,1249,770,770,0.0837187479053556,0.616493194555645,0.616493194555645,14919,8125,8131,0.54460754742275,0.545009719150077,0.0714834754055674,0,1249,770,0.616493194555645,0,0,,0.586465035593195,0.086465035593195
2024,1200,Market-state,0.1,123,88,88,0.00824452041021516,0.715447154471545,0.715447154471545,14919,8125,8131,0.54460754742275,0.545009719150077,0.170437435321468,0,123,88,0.715447154471545,0,0,,0.619254810890827,0.119254810890827
2024,1200,Market-state,0.15,11,7,7,0.000737314833433876,0.636363636363636,0.636363636363636,14919,8125,8131,0.54460754742275,0.545009719150077,0.0913539172135592,0,11,7,0.636363636363636,0,0,,0.678508154557428,0.178508154557428
2024,1200,Full,0,14919,8113,8131,1,0.543803203968094,0.545009719150077,14919,8113,8131,0.543803203968094,0.545009719150077,-0.00120651518198278,-0.00120651518198278,14863,8094,0.544573773800713,56,19,0.339285714285714,0.559896623546734,0.0599912588875489
2024,1200,Full,0.025,13852,7555,7559,0.928480461156914,0.545408605255559,0.545697372220618,14919,8113,8131,0.543803203968094,0.545009719150077,0.000398886105481666,-0.000288766965059195,13842,7552,0.54558589799162,10,3,0.3,0.563196440255831,0.0632465961178223
2024,1200,Full,0.05,9191,5033,5033,0.616060057644614,0.547600913937548,0.547600913937548,14919,8113,8131,0.543803203968094,0.545009719150077,0.0025911947874705,0,9191,5033,0.547600913937548,0,0,,0.575579409084025,0.0755794090840245
2024,1200,Full,0.075,3933,2222,2222,0.263623567263221,0.564963132468853,0.564963132468853,14919,8113,8131,0.543803203968094,0.545009719150077,0.0199534133187762,0,3933,2222,0.564963132468853,0,0,,0.595782150033884,0.0957821500338838
2024,1200,Full,0.1,1273,742,742,0.0853274348146659,0.582875098193244,0.582875098193244,14919,8113,8131,0.543803203968094,0.545009719150077,0.0378653790431672,0,1273,742,0.582875098193244,0,0,,0.611311162979673,0.111311162979673
2024,1200,Full,0.15,23,18,18,0.00154165828808901,0.782608695652174,0.782608695652174,14919,8113,8131,0.543803203968094,0.545009719150077,0.237598976502097,0,23,18,0.782608695652174,0,0,,0.69424526754473,0.19424526754473
2025,1200,Calendar-only,0,14948,8086,8086,1,0.540941932031041,0.540941932031041,14948,8086,8086,0.540941932031041,0.540941932031041,0,0,14948,8086,0.540941932031041,0,0,,0.56079016512922,0.0607901651292196
2025,1200,Calendar-only,0.025,14807,8009,8009,0.990567299973241,0.540892820963058,0.540892820963058,14948,8086,8086,0.540941932031041,0.540941932031041,-4.91110679828877e-05,0,14807,8009,0.540892820963058,0,0,,0.561192892985069,0.061192892985069
2025,1200,Calendar-only,0.05,10366,5708,5708,0.693470698421193,0.550646343816323,0.550646343816323,14948,8086,8086,0.540941932031041,0.540941932031041,0.0097044117852817,0,10366,5708,0.550646343816323,0,0,,0.569832364669281,0.0698323646692814
2025,1200,Calendar-only,0.075,3744,2191,2191,0.25046829007225,0.585202991452992,0.585202991452992,14948,8086,8086,0.540941932031041,0.540941932031041,0.0442610594219506,0,3744,2191,0.585202991452992,0,0,,0.588532653589142,0.0885326535891422
2025,1200,Calendar-only,0.1,359,214,214,0.024016590848274,0.596100278551532,0.596100278551532,14948,8086,8086,0.540941932031041,0.540941932031041,0.0551583465204911,0,359,214,0.596100278551532,0,0,,0.603354174463015,0.103354174463015
2025,1200,Market-state,0,14948,8085,8086,1,0.540875033449291,0.540941932031041,14948,8085,8086,0.540875033449291,0.540941932031041,-6.6898581750019e-05,-6.6898581750019e-05,14947,8085,0.540911219642738,1,0,0,0.558942064861692,0.0589429374183732
2025,1200,Market-state,0.025,14912,8073,8073,0.997591651056998,0.541376072961373,0.541376072961373,14948,8085,8086,0.540875033449291,0.540941932031041,0.00043414093033245,0,14912,8073,0.541376072961373,0,0,,0.559048955905992,0.0590489559059922
2025,1200,Market-state,0.05,10656,5788,5788,0.712871287128713,0.543168168168168,0.543168168168168,14948,8085,8086,0.540875033449291,0.540941932031041,0.00222623613712725,0,10656,5788,0.543168168168168,0,0,,0.564502408687544,0.0645024086875445
2025,1200,Market-state,0.075,1623,877,877,0.108576398180359,0.540357362908195,0.540357362908195,14948,8085,8086,0.540875033449291,0.540941932031041,-0.000584569122846212,0,1623,877,0.540357362908195,0,0,,0.596166673830402,0.0961666738304017
2025,1200,Market-state,0.1,378,232,232,0.0252876639015253,0.613756613756614,0.613756613756614,14948,8085,8086,0.540875033449291,0.540941932031041,0.0728146817255728,0,378,232,0.613756613756614,0,0,,0.638791024380541,0.138791024380541
2025,1200,Market-state,0.15,97,78,78,0.00648916242975649,0.804123711340206,0.804123711340206,14948,8085,8086,0.540875033449291,0.540941932031041,0.263181779309165,0,97,78,0.804123711340206,0,0,,0.71147951944648,0.21147951944648
2025,1200,Full,0,14948,8095,8086,1,0.541544019266792,0.540941932031041,14948,8095,8086,0.541544019266792,0.540941932031041,0.000602087235750615,0.000602087235750615,14927,8080,0.541300998191197,21,15,0.714285714285714,0.560459768209525,0.0604961370144873
2025,1200,Full,0.025,14078,7635,7631,0.941798233877442,0.542335559028271,0.542051427759625,14948,8095,8086,0.541544019266792,0.540941932031041,0.00139362699723011,0.000284131268646126,14074,7631,0.542205485292028,4,4,1,0.563054088995477,0.0630701093770037
2025,1200,Full,0.05,8408,4602,4602,0.562483275354563,0.547335870599429,0.547335870599429,14948,8095,8086,0.541544019266792,0.540941932031041,0.00639393856838821,0,8408,4602,0.547335870599429,0,0,,0.578868161277458,0.0788681612774584
2025,1200,Full,0.075,4183,2416,2416,0.27983676746053,0.577575902462348,0.577575902462348,14948,8095,8086,0.541544019266792,0.540941932031041,0.0366339704313067,0,4183,2416,0.577575902462348,0,0,,0.59824696983238,0.0982469698323798
2025,1200,Full,0.1,1331,811,811,0.089042012309339,0.60931630353118,0.60931630353118,14948,8095,8086,0.541544019266792,0.540941932031041,0.0683743715001387,0,1331,811,0.60931630353118,0,0,,0.620917575958344,0.120917575958344
2025,1200,Full,0.15,131,100,100,0.00876371420925876,0.763358778625954,0.763358778625954,14948,8095,8086,0.541544019266792,0.540941932031041,0.222416846594913,0,131,100,0.763358778625954,0,0,,0.714317358490513,0.214317358490513
2026,1200,Calendar-only,0,2962,1505,1505,1,0.508102633355841,0.508102633355841,2962,1505,1505,0.508102633355841,0.508102633355841,0,0,2962,1505,0.508102633355841,0,0,,0.558009877286405,0.0580098772864053
2026,1200,Calendar-only,0.025,2904,1472,1472,0.980418636056718,0.506887052341598,0.506887052341598,2962,1505,1505,0.508102633355841,0.508102633355841,-0.00121558101424279,0,2904,1472,0.506887052341598,0,0,,0.558741733445427,0.0587417334454267
2026,1200,Calendar-only,0.05,1754,965,965,0.592167454422687,0.550171037628278,0.550171037628278,2962,1505,1505,0.508102633355841,0.508102633355841,0.0420684042724376,0,1754,965,0.550171037628278,0,0,,0.571092622399095,0.0710926223990952
2026,1200,Calendar-only,0.075,727,490,490,0.24544226873734,0.674002751031637,0.674002751031637,2962,1505,1505,0.508102633355841,0.508102633355841,0.165900117675796,0,727,490,0.674002751031637,0,0,,0.588046040727232,0.0880460407272314
2026,1200,Calendar-only,0.1,93,70,70,0.0313977042538825,0.752688172043011,0.752688172043011,2962,1505,1505,0.508102633355841,0.508102633355841,0.24458553868717,0,93,70,0.752688172043011,0,0,,0.603556970370533,0.103556970370533
2026,1200,Market-state,0,2962,1505,1505,1,0.508102633355841,0.508102633355841,2962,1505,1505,0.508102633355841,0.508102633355841,0,0,2962,1505,0.508102633355841,0,0,,0.557559593400587,0.057559593400587
2026,1200,Market-state,0.025,2955,1500,1500,0.99763673193788,0.50761421319797,0.50761421319797,2962,1505,1505,0.508102633355841,0.508102633355841,-0.000488420157871095,0,2955,1500,0.50761421319797,0,0,,0.557644870446273,0.0576448704462731
2026,1200,Market-state,0.05,2009,999,999,0.678257933828494,0.497262319561971,0.497262319561971,2962,1505,1505,0.508102633355841,0.508102633355841,-0.0108403137938695,0,2009,999,0.497262319561971,0,0,,0.5637107823334,0.0637107823333999
2026,1200,Market-state,0.075,351,212,212,0.11850101282917,0.603988603988604,0.603988603988604,2962,1505,1505,0.508102633355841,0.508102633355841,0.0958859706327634,0,351,212,0.603988603988604,0,0,,0.586418831707881,0.0864188317078813
2026,1200,Market-state,0.1,39,29,29,0.0131667792032411,0.743589743589744,0.743589743589744,2962,1505,1505,0.508102633355841,0.508102633355841,0.235487110233903,0,39,29,0.743589743589744,0,0,,0.604710604962702,0.104710604962702
2026,1200,Full,0,2962,1507,1505,1,0.508777852802161,0.508102633355841,2962,1507,1505,0.508777852802161,0.508102633355841,0.000675219446320097,0.000675219446320097,2960,1505,0.508445945945946,2,2,1,0.558139916377957,0.0581446482803105
2026,1200,Full,0.025,2765,1395,1395,0.933490884537475,0.504520795660036,0.504520795660036,2962,1507,1505,0.508777852802161,0.508102633355841,-0.00358183769580445,0,2765,1395,0.504520795660036,0,0,,0.56096102201674,0.0609610220167403
2026,1200,Full,0.05,1509,873,873,0.509453072248481,0.578528827037773,0.578528827037773,2962,1507,1505,0.508777852802161,0.508102633355841,0.0704261936819327,0,1509,873,0.578528827037773,0,0,,0.579523327233884,0.0795233272338843
2026,1200,Full,0.075,805,536,536,0.271775827143822,0.66583850931677,0.66583850931677,2962,1507,1505,0.508777852802161,0.508102633355841,0.15773587596093,0,805,536,0.66583850931677,0,0,,0.596910825575338,0.0969108255753382
2026,1200,Full,0.1,298,213,213,0.100607697501688,0.714765100671141,0.714765100671141,2962,1507,1505,0.508777852802161,0.508102633355841,0.2066624673153,0,298,213,0.714765100671141,0,0,,0.6129792248137,0.1129792248137
2017,1380,Calendar-only,0,6778,4278,4278,1,0.631159634110357,0.631159634110357,6778,4278,4278,0.631159634110357,0.631159634110357,0,0,6778,4278,0.631159634110357,0,0,,0.553066494911247,0.0530664949112474
2017,1380,Calendar-only,0.025,6459,4072,4072,0.952935969312482,0.630438148320173,0.630438148320173,6778,4278,4278,0.631159634110357,0.631159634110357,-0.000721485790183607,0,6459,4072,0.630438148320173,0,0,,0.554793303794018,0.0547933037940181
2017,1380,Calendar-only,0.05,3966,2465,2465,0.58512835644733,0.621533030761473,0.621533030761473,6778,4278,4278,0.631159634110357,0.631159634110357,-0.00962660334888454,0,3966,2465,0.621533030761473,0,0,,0.563965609447034,0.0639656094470343
2017,1380,Calendar-only,0.075,628,379,379,0.0926526999114783,0.603503184713376,0.603503184713376,6778,4278,4278,0.631159634110357,0.631159634110357,-0.0276564493969812,0,628,379,0.603503184713376,0,0,,0.586612357609025,0.0866123576090248
2017,1380,Calendar-only,0.1,38,23,23,0.00560637356152257,0.605263157894737,0.605263157894737,6778,4278,4278,0.631159634110357,0.631159634110357,-0.0258964762156202,0,38,23,0.605263157894737,0,0,,0.61105614405823,0.11105614405823
2017,1380,Market-state,0,6778,4237,4278,1,0.625110652109767,0.631159634110357,6778,4237,4278,0.625110652109767,0.631159634110357,-0.00604898200059012,-0.00604898200059012,6653,4195,0.630542612355328,125,42,0.336,0.52968042673183,0.029812719064643
2017,1380,Market-state,0.025,3625,2330,2330,0.534818530539982,0.642758620689655,0.642758620689655,6778,4237,4278,0.625110652109767,0.631159634110357,0.0115989865792981,0,3625,2330,0.642758620689655,0,0,,0.541926175729848,0.0419261757298483
2017,1380,Market-state,0.05,851,522,522,0.125553260548835,0.613396004700353,0.613396004700353,6778,4237,4278,0.625110652109767,0.631159634110357,-0.0177636294100045,0,851,522,0.613396004700353,0,0,,0.564718600544714,0.0647186005447138
2017,1380,Market-state,0.075,144,95,95,0.0212452050752434,0.659722222222222,0.659722222222222,6778,4237,4278,0.625110652109767,0.631159634110357,0.0285625881118652,0,144,95,0.659722222222222,0,0,,0.58800251364013,0.0880025136401297
2017,1380,Market-state,0.1,21,19,19,0.003098259073473,0.904761904761905,0.904761904761905,6778,4237,4278,0.625110652109767,0.631159634110357,0.273602270651548,0,21,19,0.904761904761905,0,0,,0.614648110371379,0.114648110371379
2017,1380,Full,0,6778,4010,4278,1,0.591619946886987,0.631159634110357,6778,4010,4278,0.591619946886987,0.631159634110357,-0.0395396872233698,-0.0395396872233698,5970,3740,0.626465661641541,808,270,0.334158415841584,0.526502150570313,0.0316718591494778
2017,1380,Full,0.025,3683,2208,2298,0.543375627028622,0.599511267988053,0.623947868585392,6778,4010,4278,0.591619946886987,0.631159634110357,-0.0316483661223038,-0.0244366005973391,3505,2164,0.617403708987161,178,44,0.247191011235955,0.540829389986298,0.0476783588718502
2017,1380,Full,0.05,1312,748,806,0.193567424018885,0.570121951219512,0.614329268292683,6778,4010,4278,0.591619946886987,0.631159634110357,-0.0610376828908449,-0.0442073170731708,1194,718,0.601340033500838,118,30,0.254237288135593,0.55235086088451,0.0682936156321243
2017,1380,Full,0.075,312,176,212,0.0460312776630274,0.564102564102564,0.67948717948718,6778,4010,4278,0.591619946886987,0.631159634110357,-0.0670570700077929,-0.115384615384615,236,156,0.661016949152542,76,20,0.263157894736842,0.544713041388877,0.0956659394775342
2017,1380,Full,0.1,74,41,62,0.0109176748303334,0.554054054054054,0.837837837837838,6778,4010,4278,0.591619946886987,0.631159634110357,-0.077105580056303,-0.283783783783784,39,34,0.871794871794872,35,7,0.2,0.515669880462499,0.132399285983222
2017,1380,Full,0.15,9,6,6,0.00132782531720271,0.666666666666667,0.666666666666667,6778,4010,4278,0.591619946886987,0.631159634110357,0.0355070325563096,0,5,4,0.8,4,2,0.5,0.591874936303131,0.227423257194878
2018,1380,Calendar-only,0,12637,7019,7019,1,0.555432460235816,0.555432460235816,12637,7019,7019,0.555432460235816,0.555432460235816,0,0,12637,7019,0.555432460235816,0,0,,0.566969950770269,0.0669699507702686
2018,1380,Calendar-only,0.025,12637,7019,7019,1,0.555432460235816,0.555432460235816,12637,7019,7019,0.555432460235816,0.555432460235816,0,0,12637,7019,0.555432460235816,0,0,,0.566969950770269,0.0669699507702686
2018,1380,Calendar-only,0.05,10975,6097,6097,0.868481443380549,0.555535307517084,0.555535307517084,12637,7019,7019,0.555432460235816,0.555432460235816,0.000102847281268748,0,10975,6097,0.555535307517084,0,0,,0.570576185746436,0.0705761857464357
2018,1380,Calendar-only,0.075,3670,1972,1972,0.290417029358234,0.53732970027248,0.53732970027248,12637,7019,7019,0.555432460235816,0.555432460235816,-0.0181027599633359,0,3670,1972,0.53732970027248,0,0,,0.585087397272895,0.0850873972728948
2018,1380,Calendar-only,0.1,248,130,130,0.0196249109757063,0.524193548387097,0.524193548387097,12637,7019,7019,0.555432460235816,0.555432460235816,-0.0312389118487187,0,248,130,0.524193548387097,0,0,,0.607999639146169,0.107999639146168
2018,1380,Market-state,0,12637,7019,7019,1,0.555432460235816,0.555432460235816,12637,7019,7019,0.555432460235816,0.555432460235816,0,0,12637,7019,0.555432460235816,0,0,,0.563968128608544,0.0639681286085435
2018,1380,Market-state,0.025,12637,7019,7019,1,0.555432460235816,0.555432460235816,12637,7019,7019,0.555432460235816,0.555432460235816,0,0,12637,7019,0.555432460235816,0,0,,0.563968128608544,0.0639681286085435
2018,1380,Market-state,0.05,9873,5467,5467,0.781277201867532,0.553732401499038,0.553732401499038,12637,7019,7019,0.555432460235816,0.555432460235816,-0.0017000587367777,0,9873,5467,0.553732401499038,0,0,,0.569347836106339,0.0693478361063389
2018,1380,Market-state,0.075,2679,1520,1520,0.211996518160956,0.567375886524823,0.567375886524823,12637,7019,7019,0.555432460235816,0.555432460235816,0.0119434262890072,0,2679,1520,0.567375886524823,0,0,,0.593772207598386,0.0937722075983856
2018,1380,Market-state,0.1,715,427,427,0.0565798844662499,0.597202797202797,0.597202797202797,12637,7019,7019,0.555432460235816,0.555432460235816,0.0417703369669817,0,715,427,0.597202797202797,0,0,,0.618766223179737,0.118766223179737
2018,1380,Market-state,0.15,45,29,29,0.00356097174962412,0.644444444444445,0.644444444444445,12637,7019,7019,0.555432460235816,0.555432460235816,0.089011984208629,0,45,29,0.644444444444445,0,0,,0.66612825579044,0.16612825579044
2018,1380,Full,0,12637,7019,7019,1,0.555432460235816,0.555432460235816,12637,7019,7019,0.555432460235816,0.555432460235816,0,0,12637,7019,0.555432460235816,0,0,,0.579105953121385,0.079105953121385
2018,1380,Full,0.025,12583,6980,6980,0.995726833900451,0.554716681236589,0.554716681236589,12637,7019,7019,0.555432460235816,0.555432460235816,-0.00071577899922648,0,12583,6980,0.554716681236589,0,0,,0.579352417691386,0.0793524176913864
2018,1380,Full,0.05,10928,5986,5986,0.864762206219831,0.547767203513909,0.547767203513909,12637,7019,7019,0.555432460235816,0.555432460235816,-0.00766525672190632,0,10928,5986,0.547767203513909,0,0,,0.585051712882564,0.0850517128825638
2018,1380,Full,0.075,6396,3506,3506,0.506132784679908,0.548155096935585,0.548155096935585,12637,7019,7019,0.555432460235816,0.555432460235816,-0.00727736330023077,0,6396,3506,0.548155096935585,0,0,,0.600236531186552,0.100236531186552
2018,1380,Full,0.1,2550,1453,1453,0.201788399145367,0.569803921568628,0.569803921568628,12637,7019,7019,0.555432460235816,0.555432460235816,0.014371461332812,0,2550,1453,0.569803921568628,0,0,,0.6222051585728,0.1222051585728
2018,1380,Full,0.15,202,128,128,0.0159848065205349,0.633663366336634,0.633663366336634,12637,7019,7019,0.555432460235816,0.555432460235816,0.0782309061008182,0,202,128,0.633663366336634,0,0,,0.706097844084458,0.206097844084458
2019,1380,Calendar-only,0,14033,8377,8377,1,0.59695004631939,0.59695004631939,14033,8377,8377,0.59695004631939,0.59695004631939,0,0,14033,8377,0.59695004631939,0,0,,0.563534994452038,0.0635349944520382
2019,1380,Calendar-only,0.025,13948,8327,8327,0.993942848998789,0.597003154574133,0.597003154574133,14033,8377,8377,0.59695004631939,0.59695004631939,5.31082547424733e-05,0,13948,8327,0.597003154574133,0,0,,0.563787699989877,0.0637876999898765
2019,1380,Calendar-only,0.05,11223,6658,6658,0.799757713959952,0.593246012652589,0.593246012652589,14033,8377,8377,0.59695004631939,0.59695004631939,-0.0037040336668015,0,11223,6658,0.593246012652589,0,0,,0.569483835307578,0.0694838353075784
2019,1380,Calendar-only,0.075,3435,2004,2004,0.244780161048956,0.583406113537118,0.583406113537118,14033,8377,8377,0.59695004631939,0.59695004631939,-0.0135439327822721,0,3435,2004,0.583406113537118,0,0,,0.584330719473177,0.0843307194731766
2019,1380,Calendar-only,0.1,50,34,34,0.00356303000071261,0.68,0.68,14033,8377,8377,0.59695004631939,0.59695004631939,0.0830499536806101,0,50,34,0.68,0,0,,0.600816390299329,0.100816390299329
2019,1380,Market-state,0,14033,8377,8377,1,0.59695004631939,0.59695004631939,14033,8377,8377,0.59695004631939,0.59695004631939,0,0,14033,8377,0.59695004631939,0,0,,0.555142705402999,0.055142705402999
2019,1380,Market-state,0.025,14032,8376,8376,0.999928739399986,0.596921322690992,0.596921322690992,14033,8377,8377,0.59695004631939,0.59695004631939,-2.87236283978976e-05,0,14032,8376,0.596921322690992,0,0,,0.555144857307158,0.0551448573071583
2019,1380,Market-state,0.05,8354,5140,5140,0.595311052519062,0.615274120181949,0.615274120181949,14033,8377,8377,0.59695004631939,0.59695004631939,0.0183240738625587,0,8354,5140,0.615274120181949,0,0,,0.562260579440541,0.0622605794405413
2019,1380,Market-state,0.075,1026,672,672,0.0731133756146227,0.654970760233918,0.654970760233918,14033,8377,8377,0.59695004631939,0.59695004631939,0.0580207139145281,0,1026,672,0.654970760233918,0,0,,0.587222747761178,0.0872227477611784
2019,1380,Market-state,0.1,145,85,85,0.0103327870020666,0.586206896551724,0.586206896551724,14033,8377,8377,0.59695004631939,0.59695004631939,-0.0107431497676659,0,145,85,0.586206896551724,0,0,,0.613857805749153,0.113857805749153
2019,1380,Market-state,0.15,2,0,0,0.000142521200028504,0,0,14033,8377,8377,0.59695004631939,0.59695004631939,-0.59695004631939,0,2,0,0,0,0,,0.655190833432094,0.155190833432094
2019,1380,Full,0,14033,8349,8377,1,0.594954749518991,0.59695004631939,14033,8349,8377,0.594954749518991,0.59695004631939,-0.001995296800399,-0.001995296800399,13943,8318,0.596571756436922,90,31,0.344444444444444,0.559180991046234,0.0592659154149099
2019,1380,Full,0.025,12927,7704,7704,0.921185776384237,0.595961940125319,0.595961940125319,14033,8349,8377,0.594954749518991,0.59695004631939,-0.000988106194070859,0,12927,7704,0.595961940125319,0,0,,0.562937030721286,0.0629370307212858
2019,1380,Full,0.05,9294,5585,5585,0.662296016532459,0.600925328168711,0.600925328168711,14033,8349,8377,0.594954749518991,0.59695004631939,0.00397528184932106,0,9294,5585,0.600925328168711,0,0,,0.572198934830315,0.0721989348303152
2019,1380,Full,0.075,3320,2113,2113,0.236585192047317,0.63644578313253,0.63644578313253,14033,8349,8377,0.594954749518991,0.59695004631939,0.0394957368131401,0,3320,2113,0.63644578313253,0,0,,0.589945692912815,0.0899456929128145
2019,1380,Full,0.1,608,374,374,0.0433264448086653,0.615131578947369,0.615131578947369,14033,8349,8377,0.594954749518991,0.59695004631939,0.0181815326279785,0,608,374,0.615131578947369,0,0,,0.611893024540579,0.111893024540579
2019,1380,Full,0.15,14,12,12,0.00099764840019953,0.857142857142857,0.857142857142857,14033,8349,8377,0.594954749518991,0.59695004631939,0.260192810823467,0,14,12,0.857142857142857,0,0,,0.671674704943856,0.171674704943856
2020,1380,Calendar-only,0,14407,8711,8711,1,0.604636634969112,0.604636634969112,14407,8711,8711,0.604636634969112,0.604636634969112,0,0,14407,8711,0.604636634969112,0,0,,0.572025359756276,0.072025359756276
2020,1380,Calendar-only,0.025,14407,8711,8711,1,0.604636634969112,0.604636634969112,14407,8711,8711,0.604636634969112,0.604636634969112,0,0,14407,8711,0.604636634969112,0,0,,0.572025359756276,0.072025359756276
2020,1380,Calendar-only,0.05,13342,8122,8122,0.9260776011661,0.608754309698696,0.608754309698696,14407,8711,8711,0.604636634969112,0.604636634969112,0.00411767472958358,0,13342,8122,0.608754309698696,0,0,,0.57438875150516,0.0743887515051597
2020,1380,Calendar-only,0.075,6355,3729,3729,0.441105018393836,0.586782061369001,0.586782061369001,14407,8711,8711,0.604636634969112,0.604636634969112,-0.0178545736001114,0,6355,3729,0.586782061369001,0,0,,0.585304426890782,0.0853044268907821
2020,1380,Calendar-only,0.1,245,140,140,0.0170056222669536,0.571428571428571,0.571428571428571,14407,8711,8711,0.604636634969112,0.604636634969112,-0.0332080635405408,0,245,140,0.571428571428571,0,0,,0.604071411321517,0.104071411321517
2020,1380,Market-state,0,14407,8711,8711,1,0.604636634969112,0.604636634969112,14407,8711,8711,0.604636634969112,0.604636634969112,0,0,14407,8711,0.604636634969112,0,0,,0.577199339864519,0.0771993398645186
2020,1380,Market-state,0.025,14407,8711,8711,1,0.604636634969112,0.604636634969112,14407,8711,8711,0.604636634969112,0.604636634969112,0,0,14407,8711,0.604636634969112,0,0,,0.577199339864519,0.0771993398645186
2020,1380,Market-state,0.05,14219,8603,8603,0.98695078781148,0.605035515859062,0.605035515859062,14407,8711,8711,0.604636634969112,0.604636634969112,0.000398880889949549,0,14219,8603,0.605035515859062,0,0,,0.577587060447486,0.0775870604474863
2020,1380,Market-state,0.075,5931,3417,3417,0.411674880266537,0.576125442589783,0.576125442589783,14407,8711,8711,0.604636634969112,0.604636634969112,-0.0285111923793298,0,5931,3417,0.576125442589783,0,0,,0.596915168395672,0.0969151683956718
2020,1380,Market-state,0.1,1652,946,946,0.114666481571458,0.572639225181598,0.572639225181598,14407,8711,8711,0.604636634969112,0.604636634969112,-0.0319974097875142,0,1652,946,0.572639225181598,0,0,,0.628628881731062,0.128628881731061
2020,1380,Market-state,0.15,280,174,174,0.0194349968765184,0.621428571428571,0.621428571428571,14407,8711,8711,0.604636634969112,0.604636634969112,0.0167919364594592,0,280,174,0.621428571428571,0,0,,0.688177137839184,0.188177137839184
2020,1380,Full,0,14407,8710,8711,1,0.604567224265982,0.604636634969112,14407,8710,8711,0.604567224265982,0.604636634969112,-6.94107031303792e-05,-6.94107031303792e-05,14406,8710,0.604609190615022,1,0,0,0.59051814825015,0.0905189053738347
2020,1380,Full,0.025,14361,8685,8685,0.996807107656,0.604762899519532,0.604762899519532,14407,8710,8711,0.604567224265982,0.604636634969112,0.000126264550419863,0,14361,8685,0.604762899519532,0,0,,0.590746775854732,0.0907467758547321
2020,1380,Full,0.05,13590,8219,8219,0.943291455542445,0.604782928623988,0.604782928623988,14407,8710,8711,0.604567224265982,0.604636634969112,0.000146293654875951,0,13590,8219,0.604782928623988,0,0,,0.593532631484981,0.0935326314849812
2020,1380,Full,0.075,9523,5548,5548,0.660998125911016,0.582589520109209,0.582589520109209,14407,8710,8711,0.604567224265982,0.604636634969112,-0.022047114859903,0,9523,5548,0.582589520109209,0,0,,0.606032324438937,0.106032324438937
2020,1380,Full,0.1,4281,2499,2499,0.29714722010134,0.583742116327961,0.583742116327961,14407,8710,8711,0.604567224265982,0.604636634969112,-0.0208945186411514,0,4281,2499,0.583742116327961,0,0,,0.62917593150232,0.12917593150232
2020,1380,Full,0.15,719,418,418,0.0499062955507739,0.581363004172462,0.581363004172462,14407,8710,8711,0.604567224265982,0.604636634969112,-0.0232736307966505,0,719,418,0.581363004172462,0,0,,0.695468633885317,0.195468633885317
2021,1380,Calendar-only,0,14929,8291,8291,1,0.555362047022574,0.555362047022574,14929,8291,8291,0.555362047022574,0.555362047022574,0,0,14929,8291,0.555362047022574,0,0,,0.578958764853576,0.0789587648535757
2021,1380,Calendar-only,0.025,14832,8234,8234,0.993502578873334,0.555151024811219,0.555151024811219,14929,8291,8291,0.555362047022574,0.555362047022574,-0.000211022211354495,0,14832,8234,0.555151024811219,0,0,,0.579330278646912,0.0793302786469118
2021,1380,Calendar-only,0.05,13729,7623,7623,0.919619532453614,0.555248015150412,0.555248015150412,14929,8291,8291,0.555362047022574,0.555362047022574,-0.000114031872161968,0,13729,7623,0.555248015150412,0,0,,0.582285347142424,0.0822853471424242
2021,1380,Calendar-only,0.075,9173,5148,5148,0.614441690669167,0.561212253352229,0.561212253352229,14929,8291,8291,0.555362047022574,0.555362047022574,0.00585020632965583,0,9173,5148,0.561212253352229,0,0,,0.591151600459785,0.0911516004597849
2021,1380,Calendar-only,0.1,1991,1137,1137,0.133364592404046,0.571069814163737,0.571069814163737,14929,8291,8291,0.555362047022574,0.555362047022574,0.0157077671411633,0,1991,1137,0.571069814163737,0,0,,0.607010158775424,0.107010158775424
2021,1380,Market-state,0,14929,8291,8291,1,0.555362047022574,0.555362047022574,14929,8291,8291,0.555362047022574,0.555362047022574,0,0,14929,8291,0.555362047022574,0,0,,0.573223226771712,0.0732232267717123
2021,1380,Market-state,0.025,14929,8291,8291,1,0.555362047022574,0.555362047022574,14929,8291,8291,0.555362047022574,0.555362047022574,0,0,14929,8291,0.555362047022574,0,0,,0.573223226771712,0.0732232267717123
2021,1380,Market-state,0.05,14897,8267,8267,0.99785652086543,0.554943948445996,0.554943948445996,14929,8291,8291,0.555362047022574,0.555362047022574,-0.000418098576577708,0,14897,8267,0.554943948445996,0,0,,0.573283660454915,0.0732836604549145
2021,1380,Market-state,0.075,4918,2850,2850,0.329425949494273,0.579503863359089,0.579503863359089,14929,8291,8291,0.555362047022574,0.555362047022574,0.0241418163365156,0,4918,2850,0.579503863359089,0,0,,0.582590518226869,0.0825905182268689
2021,1380,Market-state,0.1,198,114,114,0.0132627771451537,0.575757575757576,0.575757575757576,14929,8291,8291,0.555362047022574,0.555362047022574,0.0203955287350023,0,198,114,0.575757575757576,0,0,,0.607601085942585,0.107601085942585
2021,1380,Full,0,14929,8287,8291,1,0.555094112130752,0.555362047022574,14929,8287,8291,0.555094112130752,0.555362047022574,-0.000267934891821309,-0.000267934891821309,14925,8287,0.555242881072027,4,0,0,0.579608735098575,0.0796117434620664
2021,1380,Full,0.025,14681,8149,8149,0.98338803670708,0.5550711804373,0.5550711804373,14929,8287,8291,0.555094112130752,0.555362047022574,-0.000290866585273664,0,14681,8149,0.5550711804373,0,0,,0.580653205440719,0.0806532054407191
2021,1380,Full,0.05,13400,7440,7440,0.897581887601313,0.555223880597015,0.555223880597015,14929,8287,8291,0.555094112130752,0.555362047022574,-0.000138166425558639,0,13400,7440,0.555223880597015,0,0,,0.584485082479782,0.0844850824797815
2021,1380,Full,0.075,8346,4731,4731,0.559046151785116,0.56685837526959,0.56685837526959,14929,8287,8291,0.555094112130752,0.555362047022574,0.0114963282470167,0,8346,4731,0.56685837526959,0,0,,0.59652250831201,0.0965225083120096
2021,1380,Full,0.1,3115,1877,1877,0.208654297005828,0.602568218298555,0.602568218298555,14929,8287,8291,0.555094112130752,0.555362047022574,0.0472061712759818,0,3115,1877,0.602568218298555,0,0,,0.613298153163087,0.113298153163087
2021,1380,Full,0.15,3,3,3,0.000200951168865966,1,1,14929,8287,8291,0.555094112130752,0.555362047022574,0.444637952977427,0,3,3,1,0,0,,0.655474089324575,0.155474089324575
2022,1380,Calendar-only,0,15353,7513,7513,1,0.489350615514883,0.489350615514883,15353,7513,7513,0.489350615514883,0.489350615514883,0,0,15353,7513,0.489350615514883,0,0,,0.574755780384789,0.0747557803847894
2022,1380,Calendar-only,0.025,15353,7513,7513,1,0.489350615514883,0.489350615514883,15353,7513,7513,0.489350615514883,0.489350615514883,0,0,15353,7513,0.489350615514883,0,0,,0.574755780384789,0.0747557803847894
2022,1380,Calendar-only,0.05,13773,6815,6815,0.897088516902234,0.494808683656429,0.494808683656429,15353,7513,7513,0.489350615514883,0.489350615514883,0.0054580681415462,0,13773,6815,0.494808683656429,0,0,,0.578421803883885,0.0784218038838847
2022,1380,Calendar-only,0.075,7254,3600,3600,0.472480948348857,0.496277915632754,0.496277915632754,15353,7513,7513,0.489350615514883,0.489350615514883,0.00692730011787129,0,7254,3600,0.496277915632754,0,0,,0.591037128810615,0.0910371288106145
2022,1380,Calendar-only,0.1,1580,801,801,0.102911483097766,0.506962025316456,0.506962025316456,15353,7513,7513,0.489350615514883,0.489350615514883,0.0176114098015727,0,1580,801,0.506962025316456,0,0,,0.605147752590293,0.105147752590293
2022,1380,Market-state,0,15353,7513,7513,1,0.489350615514883,0.489350615514883,15353,7513,7513,0.489350615514883,0.489350615514883,0,0,15353,7513,0.489350615514883,0,0,,0.579073137604254,0.0790731376042539
2022,1380,Market-state,0.025,15353,7513,7513,1,0.489350615514883,0.489350615514883,15353,7513,7513,0.489350615514883,0.489350615514883,0,0,15353,7513,0.489350615514883,0,0,,0.579073137604254,0.0790731376042539
2022,1380,Market-state,0.05,15326,7504,7504,0.998241386048329,0.489625473052329,0.489625473052329,15353,7513,7513,0.489350615514883,0.489350615514883,0.000274857537446327,0,15326,7504,0.489625473052329,0,0,,0.579136199565057,0.0791361995650572
2022,1380,Market-state,0.075,7646,3931,3931,0.498013417573113,0.514125032696835,0.514125032696835,15353,7513,7513,0.489350615514883,0.489350615514883,0.0247744171819519,0,7646,3931,0.514125032696835,0,0,,0.590828305551005,0.0908283055510052
2022,1380,Market-state,0.1,1504,779,779,0.0979613104930632,0.517952127659575,0.517952127659575,15353,7513,7513,0.489350615514883,0.489350615514883,0.0286015121446914,0,1504,779,0.517952127659575,0,0,,0.616154788661693,0.116154788661693
2022,1380,Market-state,0.15,91,47,47,0.00592718035563082,0.516483516483517,0.516483516483517,15353,7513,7513,0.489350615514883,0.489350615514883,0.0271329009686335,0,91,47,0.516483516483517,0,0,,0.679073880807783,0.179073880807783
2022,1380,Full,0,15353,7513,7513,1,0.489350615514883,0.489350615514883,15353,7513,7513,0.489350615514883,0.489350615514883,0,0,15353,7513,0.489350615514883,0,0,,0.587848662906553,0.0878486629065528
2022,1380,Full,0.025,15337,7510,7510,0.99895785839901,0.489665514768208,0.489665514768208,15353,7513,7513,0.489350615514883,0.489350615514883,0.000314899253324508,0,15337,7510,0.489665514768208,0,0,,0.587919773349248,0.0879197733492482
2022,1380,Full,0.05,14671,7288,7288,0.9555787142578,0.49676232022357,0.49676232022357,15353,7513,7513,0.489350615514883,0.489350615514883,0.00741170470868724,0,14671,7288,0.49676232022357,0,0,,0.589938967159877,0.0899389671598766
2022,1380,Full,0.075,9626,4934,4934,0.62697844069563,0.512570122584667,0.512570122584667,15353,7513,7513,0.489350615514883,0.489350615514883,0.0232195070697834,0,9626,4934,0.512570122584667,0,0,,0.603516694412453,0.103516694412453
2022,1380,Full,0.1,4939,2604,2604,0.321696085455611,0.527232233245596,0.527232233245596,15353,7513,7513,0.489350615514883,0.489350615514883,0.0378816177307133,0,4939,2604,0.527232233245596,0,0,,0.619036597444211,0.119036597444211
2022,1380,Full,0.15,242,115,115,0.0157623917149743,0.475206611570248,0.475206611570248,15353,7513,7513,0.489350615514883,0.489350615514883,-0.0141440039446351,0,242,115,0.475206611570248,0,0,,0.680620545328746,0.180620545328746
2023,1380,Calendar-only,0,15045,8328,8328,1,0.553539381854437,0.553539381854437,15045,8328,8328,0.553539381854437,0.553539381854437,0,0,15045,8328,0.553539381854437,0,0,,0.561851556258166,0.0618515562581662
2023,1380,Calendar-only,0.025,14693,8133,8133,0.976603522765038,0.553528891308786,0.553528891308786,15045,8328,8328,0.553539381854437,0.553539381854437,-1.04905456502769e-05,0,14693,8133,0.553528891308786,0,0,,0.562830996490232,0.0628309964902317
2023,1380,Calendar-only,0.05,11021,6189,6189,0.732535726154869,0.561564286362399,0.561564286362399,15045,8328,8328,0.553539381854437,0.553539381854437,0.00802490450796234,0,11021,6189,0.561564286362399,0,0,,0.570254800215526,0.0702548002155258
2023,1380,Calendar-only,0.075,4031,2340,2340,0.267929544699236,0.580501116348301,0.580501116348301,15045,8328,8328,0.553539381854437,0.553539381854437,0.026961734493864,0,4031,2340,0.580501116348301,0,0,,0.583937615611734,0.0839376156117338
2023,1380,Calendar-only,0.1,50,36,36,0.00332336324360253,0.72,0.72,15045,8328,8328,0.553539381854437,0.553539381854437,0.166460618145563,0,50,36,0.72,0,0,,0.600787109801027,0.100787109801027
2023,1380,Market-state,0,15045,8328,8328,1,0.553539381854437,0.553539381854437,15045,8328,8328,0.553539381854437,0.553539381854437,0,0,15045,8328,0.553539381854437,0,0,,0.558654180512959,0.0586541805129588
2023,1380,Market-state,0.025,15045,8328,8328,1,0.553539381854437,0.553539381854437,15045,8328,8328,0.553539381854437,0.553539381854437,0,0,15045,8328,0.553539381854437,0,0,,0.558654180512959,0.0586541805129588
2023,1380,Market-state,0.05,13525,7512,7512,0.898969757394483,0.555415896487985,0.555415896487985,15045,8328,8328,0.553539381854437,0.553539381854437,0.00187651463354843,0,13525,7512,0.555415896487985,0,0,,0.559915796555852,0.0599157965558515
2023,1380,Market-state,0.075,733,443,443,0.048720505151213,0.604365620736699,0.604365620736699,15045,8328,8328,0.553539381854437,0.553539381854437,0.0508262388822618,0,733,443,0.604365620736699,0,0,,0.583288498254615,0.0832884982546146
2023,1380,Market-state,0.1,49,36,36,0.00325689597873048,0.73469387755102,0.73469387755102,15045,8328,8328,0.553539381854437,0.553539381854437,0.181154495696584,0,49,36,0.73469387755102,0,0,,0.606829280281807,0.106829280281807
2023,1380,Full,0,15045,8336,8328,1,0.554071119973413,0.553539381854437,15045,8336,8328,0.554071119973413,0.553539381854437,0.000531738118976333,0.000531738118976333,15023,8321,0.553884044465153,22,15,0.681818181818182,0.559679130832133,0.0596937074238874
2023,1380,Full,0.025,14485,8026,8026,0.962778331671652,0.554090438384536,0.554090438384536,15045,8336,8328,0.554071119973413,0.553539381854437,0.000551056530099015,0,14485,8026,0.554090438384536,0,0,,0.561388024434424,0.0613880244344245
2023,1380,Full,0.05,9616,5446,5446,0.639149219009638,0.56634775374376,0.56634775374376,15045,8336,8328,0.554071119973413,0.553539381854437,0.0128083718893237,0,9616,5446,0.56634775374376,0,0,,0.571698678358906,0.0716986783589061
2023,1380,Full,0.075,3527,2143,2143,0.234430043203722,0.607598525659201,0.607598525659201,15045,8336,8328,0.554071119973413,0.553539381854437,0.0540591438047637,0,3527,2143,0.607598525659201,0,0,,0.588486599885613,0.0884865998856129
2023,1380,Full,0.1,455,254,254,0.030242605516783,0.558241758241758,0.558241758241758,15045,8336,8328,0.554071119973413,0.553539381854437,0.00470237638732152,0,455,254,0.558241758241758,0,0,,0.609685711979277,0.109685711979277
2023,1380,Full,0.15,3,2,2,0.000199401794616152,0.666666666666667,0.666666666666667,15045,8336,8328,0.554071119973413,0.553539381854437,0.11312728481223,0,3,2,0.666666666666667,0,0,,0.657722127633049,0.157722127633049
2024,1380,Calendar-only,0,14875,8163,8163,1,0.548773109243698,0.548773109243698,14875,8163,8163,0.548773109243698,0.548773109243698,0,0,14875,8163,0.548773109243698,0,0,,0.560948254468838,0.0609482544688377
2024,1380,Calendar-only,0.025,14430,7910,7910,0.970084033613445,0.548163548163548,0.548163548163548,14875,8163,8163,0.548773109243698,0.548773109243698,-0.000609561080149312,0,14430,7910,0.548163548163548,0,0,,0.562149623741873,0.0621496237418729
2024,1380,Calendar-only,0.05,10358,5616,5616,0.696336134453782,0.542189611894188,0.542189611894188,14875,8163,8163,0.548773109243698,0.548773109243698,-0.00658349734950947,0,10358,5616,0.542189611894188,0,0,,0.57085287472973,0.0708528747297302
2024,1380,Calendar-only,0.075,3445,1908,1908,0.231596638655462,0.553846153846154,0.553846153846154,14875,8163,8163,0.548773109243698,0.548773109243698,0.00507304460245639,0,3445,1908,0.553846153846154,0,0,,0.588155758382428,0.0881557583824275
2024,1380,Calendar-only,0.1,465,257,257,0.0312605042016807,0.552688172043011,0.552688172043011,14875,8163,8163,0.548773109243698,0.548773109243698,0.00391506279931331,0,465,257,0.552688172043011,0,0,,0.606035255309184,0.106035255309184
2024,1380,Market-state,0,14875,8163,8163,1,0.548773109243698,0.548773109243698,14875,8163,8163,0.548773109243698,0.548773109243698,0,0,14875,8163,0.548773109243698,0,0,,0.556967672505315,0.056967672505315
2024,1380,Market-state,0.025,14870,8159,8159,0.999663865546218,0.548688634835239,0.548688634835239,14875,8163,8163,0.548773109243698,0.548773109243698,-8.44744084587124e-05,0,14870,8159,0.548688634835239,0,0,,0.55697970724555,0.0569797072455498
2024,1380,Market-state,0.05,12462,6950,6950,0.837781512605042,0.557695393997753,0.557695393997753,14875,8163,8163,0.548773109243698,0.548773109243698,0.00892228475405565,0,12462,6950,0.557695393997753,0,0,,0.558885494278499,0.0588854942784992
2024,1380,Market-state,0.075,448,306,306,0.0301176470588235,0.683035714285714,0.683035714285714,14875,8163,8163,0.548773109243698,0.548773109243698,0.134262605042017,0,448,306,0.683035714285714,0,0,,0.585497628927378,0.0854976289273779
2024,1380,Market-state,0.1,48,37,37,0.00322689075630252,0.770833333333333,0.770833333333333,14875,8163,8163,0.548773109243698,0.548773109243698,0.222060224089636,0,48,37,0.770833333333333,0,0,,0.618250123583754,0.118250123583754
2024,1380,Market-state,0.15,6,5,5,0.000403361344537815,0.833333333333333,0.833333333333333,14875,8163,8163,0.548773109243698,0.548773109243698,0.284560224089636,0,6,5,0.833333333333333,0,0,,0.660239830380585,0.160239830380585
2024,1380,Full,0,14875,8153,8163,1,0.548100840336135,0.548773109243698,14875,8153,8163,0.548100840336135,0.548773109243698,-0.000672268907563001,-0.000672268907563001,14823,8132,0.548606894690683,52,21,0.403846153846154,0.557800060002259,0.0578452038932281
2024,1380,Full,0.025,14114,7754,7754,0.948840336134454,0.549383590760947,0.549383590760947,14875,8153,8163,0.548100840336135,0.548773109243698,0.000610481517249073,0,14114,7754,0.549383590760947,0,0,,0.560027429404937,0.060027429404937
2024,1380,Full,0.05,8645,4774,4774,0.581176470588235,0.552226720647773,0.552226720647773,14875,8153,8163,0.548100840336135,0.548773109243698,0.00345361140407574,0,8645,4774,0.552226720647773,0,0,,0.572921461076265,0.0729214610762651
2024,1380,Full,0.075,3419,1962,1962,0.229848739495798,0.573852003509798,0.573852003509798,14875,8153,8163,0.548100840336135,0.548773109243698,0.0250788942661007,0,3419,1962,0.573852003509798,0,0,,0.591758098839821,0.0917580988398214
2024,1380,Full,0.1,491,310,310,0.0330084033613445,0.631364562118126,0.631364562118126,14875,8153,8163,0.548100840336135,0.548773109243698,0.0825914528744288,0,491,310,0.631364562118126,0,0,,0.610524137287088,0.110524137287088
2024,1380,Full,0.15,26,25,25,0.00174789915966387,0.961538461538461,0.961538461538461,14875,8153,8163,0.548100840336135,0.548773109243698,0.412765352294764,0,26,25,0.961538461538461,0,0,,0.676161843976895,0.176161843976895
2025,1380,Calendar-only,0,14889,8004,8004,1,0.537578077775539,0.537578077775539,14889,8004,8004,0.537578077775539,0.537578077775539,0,0,14889,8004,0.537578077775539,0,0,,0.559564070136999,0.0595640701369993
2025,1380,Calendar-only,0.025,14706,7910,7910,0.987709046947411,0.537875696994424,0.537875696994424,14889,8004,8004,0.537578077775539,0.537578077775539,0.000297619218885048,0,14706,7910,0.537875696994424,0,0,,0.56001590416649,0.0600159041664902
2025,1380,Calendar-only,0.05,9862,5322,5322,0.662368191282155,0.539647130399513,0.539647130399513,14889,8004,8004,0.537578077775539,0.537578077775539,0.00206905262397428,0,9862,5322,0.539647130399513,0,0,,0.569172062895386,0.0691720628953861
2025,1380,Calendar-only,0.075,3228,1894,1894,0.216804352206327,0.586741016109046,0.586741016109046,14889,8004,8004,0.537578077775539,0.537578077775539,0.0491629383335068,0,3228,1894,0.586741016109046,0,0,,0.586351283214181,0.086351283214181
2025,1380,Calendar-only,0.1,258,158,158,0.0173282288938142,0.612403100775194,0.612403100775194,14889,8004,8004,0.537578077775539,0.537578077775539,0.0748250229996548,0,258,158,0.612403100775194,0,0,,0.604024138369837,0.104024138369837
2025,1380,Market-state,0,14889,8004,8004,1,0.537578077775539,0.537578077775539,14889,8004,8004,0.537578077775539,0.537578077775539,0,0,14889,8004,0.537578077775539,0,0,,0.557484292640132,0.0574842926401325
2025,1380,Market-state,0.025,14886,8001,8001,0.999798508966351,0.537484885126965,0.537484885126965,14889,8004,8004,0.537578077775539,0.537578077775539,-9.3192648574103e-05,0,14886,8001,0.537484885126965,0,0,,0.557491411601235,0.0574914116012348
2025,1380,Market-state,0.05,10364,5601,5601,0.696084357579421,0.540428406020841,0.540428406020841,14889,8004,8004,0.537578077775539,0.537578077775539,0.0028503282453024,0,10364,5601,0.540428406020841,0,0,,0.562492146679619,0.0624921466796191
2025,1380,Market-state,0.075,1142,634,634,0.076700920142387,0.555166374781086,0.555166374781086,14889,8004,8004,0.537578077775539,0.537578077775539,0.0175882970055468,0,1142,634,0.555166374781086,0,0,,0.595546195756961,0.0955461957569613
2025,1380,Market-state,0.1,237,147,147,0.0159177916582712,0.620253164556962,0.620253164556962,14889,8004,8004,0.537578077775539,0.537578077775539,0.082675086781423,0,237,147,0.620253164556962,0,0,,0.642792345601673,0.142792345601673
2025,1380,Market-state,0.15,76,53,53,0.00510443951910807,0.697368421052632,0.697368421052632,14889,8004,8004,0.537578077775539,0.537578077775539,0.159790343277093,0,76,53,0.697368421052632,0,0,,0.704585926046199,0.204585926046199
2025,1380,Full,0,14889,8005,8004,1,0.537645241453422,0.537578077775539,14889,8005,8004,0.537645241453422,0.537578077775539,6.71636778829532e-05,6.71636778829532e-05,14862,7991,0.537679989234289,27,14,0.518518518518519,0.559419248329936,0.0594373676769243
2025,1380,Full,0.025,14383,7756,7756,0.966015178991202,0.539247723006327,0.539247723006327,14889,8005,8004,0.537645241453422,0.537578077775539,0.00166964523078794,0,14383,7756,0.539247723006327,0,0,,0.560934147676637,0.0609341476766373
2025,1380,Full,0.05,8232,4464,4464,0.552891396332863,0.542274052478134,0.542274052478134,14889,8005,8004,0.537645241453422,0.537578077775539,0.00469597470259509,0,8232,4464,0.542274052478134,0,0,,0.576090145291964,0.0760901452919636
2025,1380,Full,0.075,3872,2202,2202,0.260057760762979,0.568698347107438,0.568698347107438,14889,8005,8004,0.537645241453422,0.537578077775539,0.031120269331899,0,3872,2202,0.568698347107438,0,0,,0.594570385710134,0.0945703857101336
2025,1380,Full,0.1,732,459,459,0.0491638122103566,0.627049180327869,0.627049180327869,14889,8005,8004,0.537645241453422,0.537578077775539,0.0894711025523298,0,732,459,0.627049180327869,0,0,,0.626785519318592,0.126785519318592
2025,1380,Full,0.15,119,88,88,0.0079924776680771,0.739495798319328,0.739495798319328,14889,8005,8004,0.537645241453422,0.537578077775539,0.201917720543789,0,119,88,0.739495798319328,0,0,,0.71400318400602,0.21400318400602
2026,1380,Calendar-only,0,2964,1481,1481,1,0.499662618083671,0.499662618083671,2964,1481,1481,0.499662618083671,0.499662618083671,0,0,2964,1481,0.499662618083671,0,0,,0.556632944245061,0.0566329442450614
2026,1380,Calendar-only,0.025,2924,1470,1470,0.986504723346829,0.502735978112175,0.502735978112175,2964,1481,1481,0.499662618083671,0.499662618083671,0.00307336002850434,0,2924,1470,0.502735978112175,0,0,,0.557136876398553,0.0571368763985525
2026,1380,Calendar-only,0.05,1630,893,893,0.549932523616734,0.547852760736196,0.547852760736196,2964,1481,1481,0.499662618083671,0.499662618083671,0.0481901426525255,0,1630,893,0.547852760736196,0,0,,0.569892764019171,0.0698927640191715
2026,1380,Calendar-only,0.075,600,405,405,0.202429149797571,0.675,0.675,2964,1481,1481,0.499662618083671,0.499662618083671,0.175337381916329,0,600,405,0.675,0,0,,0.58665306381815,0.0866530638181501
2026,1380,Calendar-only,0.1,49,30,30,0.016531713900135,0.612244897959184,0.612244897959184,2964,1481,1481,0.499662618083671,0.499662618083671,0.112582279875513,0,49,30,0.612244897959184,0,0,,0.604350372493626,0.104350372493626
2026,1380,Market-state,0,2964,1481,1481,1,0.499662618083671,0.499662618083671,2964,1481,1481,0.499662618083671,0.499662618083671,0,0,2964,1481,0.499662618083671,0,0,,0.556269990351432,0.0562699903514323
2026,1380,Market-state,0.025,2964,1481,1481,1,0.499662618083671,0.499662618083671,2964,1481,1481,0.499662618083671,0.499662618083671,0,0,2964,1481,0.499662618083671,0,0,,0.556269990351432,0.0562699903514323
2026,1380,Market-state,0.05,2016,1015,1015,0.680161943319838,0.503472222222222,0.503472222222222,2964,1481,1481,0.499662618083671,0.499662618083671,0.00380960413855147,0,2016,1015,0.503472222222222,0,0,,0.561181066009191,0.0611810660091908
2026,1380,Market-state,0.075,204,126,126,0.0688259109311741,0.617647058823529,0.617647058823529,2964,1481,1481,0.499662618083671,0.499662618083671,0.117984440739859,0,204,126,0.617647058823529,0,0,,0.581033278769974,0.0810332787699745
2026,1380,Full,0,2964,1478,1481,1,0.498650472334683,0.499662618083671,2964,1478,1481,0.498650472334683,0.499662618083671,-0.00101214574898789,-0.00101214574898789,2959,1477,0.499155119972964,5,1,0.2,0.557495316728839,0.05751099727086
2026,1380,Full,0.025,2884,1445,1445,0.973009446693657,0.501040221914008,0.501040221914008,2964,1478,1481,0.498650472334683,0.499662618083671,0.00137760383033758,0,2884,1445,0.501040221914008,0,0,,0.55862758160757,0.0586275816075703
2026,1380,Full,0.05,1513,891,891,0.510458839406208,0.588896232650364,0.588896232650364,2964,1478,1481,0.498650472334683,0.499662618083671,0.0892336145666928,0,1513,891,0.588896232650364,0,0,,0.575348744909562,0.0753487449095616
2026,1380,Full,0.075,716,477,477,0.241565452091768,0.666201117318436,0.666201117318436,2964,1478,1481,0.498650472334683,0.499662618083671,0.166538499234765,0,716,477,0.666201117318436,0,0,,0.59196989213005,0.0919698921300497
2026,1380,Full,0.1,158,127,127,0.053306342780027,0.80379746835443,0.80379746835443,2964,1478,1481,0.498650472334683,0.499662618083671,0.30413485027076,0,158,127,0.80379746835443,0,0,,0.607622777940095,0.107622777940094
