horizon_min,model_id,algo,automl_rank,tau,base_side,n,coverage,wins,win_rate,base_wins,selected_baseline_win_rate,directional_edge,n_long,long_win_rate,n_short,short_win_rate,tie_rate,mean_confidence
1,GLM_1_AutoML_1_20260923_175254,GLM,1,0,1,4023,1,1722,0.428038777032066,1713,0.425801640566741,0.00223713646532436,3310,0.432628398791541,713,0.406732117812062,0.150882426050211,0.0076790262583227
1,GLM_1_AutoML_1_20260923_175254,GLM,1,0.025,1,166,0.0412627392493164,86,0.518072289156627,85,0.512048192771084,0.00602409638554213,165,0.515151515151515,1,1,0.0542168674698795,0.0384578509686006
1,GLM_1_AutoML_1_20260923_175254,GLM,1,0.05,1,23,0.00571712652249565,13,0.565217391304348,13,0.565217391304348,0,23,0.565217391304348,0,,0.0434782608695652,0.0704224957308797
1,GLM_1_AutoML_1_20260923_175254,GLM,1,0.075,1,6,0.00149142431021626,4,0.666666666666667,4,0.666666666666667,0,6,0.666666666666667,0,,0,0.100163953446202
1,DeepLearning_grid_3_AutoML_1_20260923_175254_model_3,DeepLearning,2,0,1,4023,1,1708,0.424558786974894,1713,0.425801640566741,-0.00124285359184689,11,0.636363636363636,4012,0.423978065802592,0.150882426050211,0.00228735690451126
1,GBM_grid_1_AutoML_1_20260923_175254_model_3,GBM,3,0,1,4023,1,1737,0.431767337807606,1713,0.425801640566741,0.00596569724086504,2214,0.435411020776875,1809,0.427307904919845,0.150882426050211,0.0346943286254334
1,GBM_grid_1_AutoML_1_20260923_175254_model_3,GBM,3,0.025,1,2082,0.517524235645041,914,0.439000960614793,889,0.426993275696446,0.0120076849183478,1266,0.439968404423381,816,0.4375,0.145533141210375,0.0558710189075504
1,GBM_grid_1_AutoML_1_20260923_175254_model_3,GBM,3,0.05,1,924,0.229679343773304,429,0.464285714285714,424,0.458874458874459,0.00541125541125542,621,0.483091787439614,303,0.425742574257426,0.132034632034632,0.0799724474472444
1,GBM_grid_1_AutoML_1_20260923_175254_model_3,GBM,3,0.075,1,406,0.100919711657967,206,0.507389162561576,192,0.472906403940887,0.0344827586206897,287,0.519163763066202,119,0.478991596638655,0.100985221674877,0.103953987077972
1,GBM_grid_1_AutoML_1_20260923_175254_model_7,GBM,4,0,1,4023,1,1738,0.432015908525976,1713,0.425801640566741,0.00621426795923441,2149,0.431828757561657,1874,0.432230522945571,0.150882426050211,0.0517504197116782
1,GBM_grid_1_AutoML_1_20260923_175254_model_7,GBM,4,0.025,1,2670,0.663683818046234,1146,0.429213483146067,1138,0.426217228464419,0.00299625468164799,1462,0.428180574555404,1208,0.43046357615894,0.146441947565543,0.07174582256805
1,GBM_grid_1_AutoML_1_20260923_175254_model_7,GBM,4,0.05,1,1650,0.410141685309471,705,0.427272727272727,715,0.433333333333333,-0.0060606060606061,942,0.435244161358811,708,0.416666666666667,0.144848484848485,0.0934268036004504
1,GBM_grid_1_AutoML_1_20260923_175254_model_7,GBM,4,0.075,1,953,0.236887894606015,432,0.453305351521511,420,0.440713536201469,0.012591815320042,594,0.461279461279461,359,0.440111420612813,0.12906610703043,0.117170702114843
1,GBM_3_AutoML_1_20260923_175254,GBM,5,0,1,4023,1,1723,0.428287347750435,1713,0.425801640566741,0.00248570718369373,2119,0.429447852760736,1904,0.426995798319328,0.150882426050211,0.0618924522284436
1,GBM_3_AutoML_1_20260923_175254,GBM,5,0.025,1,2895,0.719612229679344,1243,0.429360967184801,1229,0.424525043177893,0.00483592400690847,1559,0.427838357921745,1336,0.431137724550898,0.149913644214162,0.0812315807476864
1,GBM_3_AutoML_1_20260923_175254,GBM,5,0.05,1,1953,0.485458612975392,853,0.436763952892985,828,0.423963133640553,0.0128008192524322,1072,0.425373134328358,881,0.450624290578888,0.146953405017921,0.102461066206173
1,GBM_3_AutoML_1_20260923_175254,GBM,5,0.075,1,1246,0.309719115088243,540,0.43338683788122,533,0.42776886035313,0.0056179775280899,702,0.424501424501425,544,0.444852941176471,0.148475120385233,0.12560846011761
1,DeepLearning_grid_3_AutoML_1_20260923_175254_model_1,DeepLearning,6,0,1,4023,1,1671,0.415361670395227,1713,0.425801640566741,-0.0104399701715138,1849,0.405083829096809,2174,0.424103035878565,0.150882426050211,0.0264057258726915
1,DeepLearning_grid_3_AutoML_1_20260923_175254_model_1,DeepLearning,6,0.025,1,1354,0.336564752672135,594,0.438700147710487,609,0.449778434268833,-0.0110782865583456,117,0.478632478632479,1237,0.434923201293452,0.113737075332349,0.062152185323003
1,DeepLearning_grid_3_AutoML_1_20260923_175254_model_1,DeepLearning,6,0.05,1,706,0.17549092716878,319,0.451841359773371,323,0.457507082152975,-0.00566572237960344,42,0.523809523809524,664,0.447289156626506,0.0963172804532578,0.0862773311313642
1,DeepLearning_grid_3_AutoML_1_20260923_175254_model_1,DeepLearning,6,0.075,1,326,0.0810340541884166,159,0.487730061349693,145,0.44478527607362,0.0429447852760736,15,0.466666666666667,311,0.488745980707396,0.0705521472392638,0.115573701718988
1,DeepLearning_grid_2_AutoML_1_20260923_175254_model_3,DeepLearning,7,0,1,4023,1,1743,0.433258762117822,1713,0.425801640566741,0.00745712155108125,527,0.499051233396584,3496,0.423340961098398,0.150882426050211,0.0393179782056088
1,DeepLearning_grid_2_AutoML_1_20260923_175254_model_3,DeepLearning,7,0.025,1,2947,0.732537907034551,1264,0.428910756701731,1237,0.419748897183576,0.00916185951815407,263,0.505703422053232,2684,0.421385991058122,0.161520190023753,0.048421216473503
1,DeepLearning_grid_2_AutoML_1_20260923_175254_model_3,DeepLearning,7,0.05,1,1114,0.276907780263485,484,0.434470377019749,496,0.44524236983842,-0.0107719928186714,125,0.552,989,0.419615773508595,0.140933572710952,0.0672060287188965
1,DeepLearning_grid_2_AutoML_1_20260923_175254_model_3,DeepLearning,7,0.075,1,243,0.0604026845637584,119,0.489711934156379,105,0.432098765432099,0.0576131687242799,52,0.480769230769231,191,0.492146596858639,0.0905349794238683,0.0915757391630116
1,GBM_1_AutoML_1_20260923_175254,GBM,8,0,1,4023,1,1698,0.422073079791201,1713,0.425801640566741,-0.00372856077554062,2161,0.426191577973161,1862,0.417293233082707,0.150882426050211,0.060224732477834
1,GBM_1_AutoML_1_20260923_175254,GBM,8,0.025,1,2968,0.737757892120308,1245,0.419474393530997,1281,0.431603773584906,-0.0121293800539083,1616,0.428217821782178,1352,0.409023668639053,0.147574123989218,0.0772427262677187
1,GBM_1_AutoML_1_20260923_175254,GBM,8,0.05,1,2071,0.514789957742978,887,0.428295509415741,904,0.436504104297441,-0.00820859488169967,1161,0.436692506459948,910,0.417582417582418,0.143891839690971,0.0945503839980812
1,GBM_1_AutoML_1_20260923_175254,GBM,8,0.075,1,1275,0.316927665920955,576,0.451764705882353,572,0.448627450980392,0.00313725490196082,759,0.455862977602108,516,0.445736434108527,0.123137254901961,0.114621590481269
1,GBM_5_AutoML_1_20260923_175254,GBM,9,0,1,4023,1,1737,0.431767337807606,1713,0.425801640566741,0.00596569724086504,2089,0.435136428913356,1934,0.428128231644261,0.150882426050211,0.0540370105685175
1,GBM_5_AutoML_1_20260923_175254,GBM,9,0.025,1,2725,0.67735520755655,1201,0.440733944954128,1156,0.424220183486239,0.0165137614678899,1445,0.442214532871972,1280,0.4390625,0.144954128440367,0.0740384537171874
1,GBM_5_AutoML_1_20260923_175254,GBM,9,0.05,1,1688,0.419587372607507,782,0.463270142180095,718,0.425355450236967,0.037914691943128,922,0.463123644251627,766,0.463446475195822,0.145734597156398,0.097024846035593
1,GBM_5_AutoML_1_20260923_175254,GBM,9,0.075,1,1022,0.254039274173502,485,0.474559686888454,460,0.450097847358121,0.0244618395303327,587,0.494037478705281,435,0.448275862068966,0.136986301369863,0.120125305466555
1,GBM_2_AutoML_1_20260923_175254,GBM,10,0,1,4023,1,1720,0.427541635595327,1713,0.425801640566741,0.00173999502858563,2195,0.423234624145786,1828,0.432713347921225,0.150882426050211,0.0560881981902846
1,GBM_2_AutoML_1_20260923_175254,GBM,10,0.025,1,2743,0.681829480487199,1188,0.433102442581116,1159,0.422530076558513,0.010572366022603,1542,0.424124513618677,1201,0.444629475437136,0.148377688662049,0.0765073441353911
1,GBM_2_AutoML_1_20260923_175254,GBM,10,0.05,1,1748,0.434501615709669,761,0.435354691075515,742,0.424485125858124,0.0108695652173913,1039,0.421559191530318,709,0.455571227080395,0.137871853546911,0.0990470122130912
1,GBM_2_AutoML_1_20260923_175254,GBM,10,0.075,1,1070,0.265970668655232,484,0.452336448598131,456,0.426168224299065,0.0261682242990654,667,0.430284857571214,403,0.488833746898263,0.124299065420561,0.122781140846028
1,GBM_4_AutoML_1_20260923_175254,GBM,11,0,1,4023,1,1719,0.427293064876958,1713,0.425801640566741,0.00149142431021626,2109,0.426268373636795,1914,0.428422152560084,0.150882426050211,0.0742093295299448
1,GBM_4_AutoML_1_20260923_175254,GBM,11,0.025,1,3119,0.775292070594084,1352,0.433472266752164,1318,0.422571336966977,0.0109009297851876,1666,0.42797118847539,1453,0.439779766001377,0.150368707919205,0.092005258881295
1,GBM_4_AutoML_1_20260923_175254,GBM,11,0.05,1,2328,0.578672632363908,1019,0.437714776632302,987,0.423969072164948,0.013745704467354,1279,0.430023455824863,1049,0.447092469018113,0.144759450171821,0.110522920689039
1,GBM_4_AutoML_1_20260923_175254,GBM,11,0.075,1,1638,0.407158836689038,737,0.44993894993895,709,0.432844932844933,0.0170940170940171,933,0.448017148981779,705,0.452482269503546,0.137973137973138,0.130978255385893
1,GBM_grid_1_AutoML_1_20260923_175254_model_1,GBM,12,0,1,4023,1,1696,0.421575938354462,1713,0.425801640566741,-0.00422570221227941,2159,0.422417786012043,1864,0.420600858369099,0.150882426050211,0.0891862376832999
1,GBM_grid_1_AutoML_1_20260923_175254_model_1,GBM,12,0.025,1,3306,0.821774794929157,1393,0.421355111917725,1405,0.424984875983061,-0.00362976406533577,1787,0.420817011751539,1519,0.421988150098749,0.150937689050212,0.105836109039655
1,GBM_grid_1_AutoML_1_20260923_175254_model_1,GBM,12,0.05,1,2677,0.66542381307482,1140,0.425849831901382,1130,0.422114307060142,0.00373552484124018,1467,0.422631220177232,1210,0.429752066115702,0.151662308554352,0.12198561176761
1,GBM_grid_1_AutoML_1_20260923_175254_model_1,GBM,12,0.075,1,2014,0.500621426795924,865,0.429493545183714,856,0.425024826216485,0.00446871896722939,1117,0.427036705461056,897,0.432552954292085,0.151439920556107,0.141652688405363
1,XRT_1_AutoML_1_20260923_175254,DRF,13,0,1,4023,1,1721,0.427790206313696,1713,0.425801640566741,0.001988565746955,2087,0.428845232390992,1936,0.426652892561983,0.150882426050211,0.0710602511118115
1,XRT_1_AutoML_1_20260923_175254,DRF,13,0.025,1,3132,0.778523489932886,1348,0.430395913154534,1351,0.431353767560664,-0.000957854406130276,1639,0.433801098230629,1493,0.426657736101808,0.146871008939974,0.087721100669202
1,XRT_1_AutoML_1_20260923_175254,DRF,13,0.05,1,2326,0.578175490927169,1018,0.437661220980224,1020,0.438521066208083,-0.00085984522785898,1259,0.443208895949166,1067,0.431115276476101,0.143164230438521,0.105206917735042
1,XRT_1_AutoML_1_20260923_175254,DRF,13,0.075,1,1587,0.3944817300522,701,0.441713925645873,700,0.441083805923125,0.000630119722747291,888,0.449324324324324,699,0.432045779685265,0.139886578449905,0.12551941372426
1,DRF_1_AutoML_1_20260923_175254,DRF,14,0,1,4023,1,1755,0.436241610738255,1713,0.425801640566741,0.0104399701715138,2136,0.437265917602996,1887,0.435082140964494,0.150882426050211,0.0734255402033247
1,DRF_1_AutoML_1_20260923_175254,DRF,14,0.025,1,3161,0.785732040765598,1378,0.435937994305599,1341,0.424232837709586,0.0117051565960139,1721,0.435212085996514,1440,0.436805555555556,0.148054413160392,0.0900284689132309
1,DRF_1_AutoML_1_20260923_175254,DRF,14,0.05,1,2334,0.580164056674124,1014,0.434447300771208,986,0.422450728363325,0.0119965724078835,1306,0.433384379785605,1028,0.43579766536965,0.148243359040274,0.108885478430326
1,DRF_1_AutoML_1_20260923_175254,DRF,14,0.075,1,1634,0.406164553815561,713,0.436352509179927,695,0.425336597307222,0.011015911872705,950,0.438947368421053,684,0.432748538011696,0.15422276621787,0.129141729593218
1,GBM_grid_1_AutoML_1_20260923_175254_model_2,GBM,15,0,1,4023,1,1740,0.432513049962714,1713,0.425801640566741,0.00671140939597315,2236,0.431574239713775,1787,0.433687744823727,0.150882426050211,0.0685619740646618
1,GBM_grid_1_AutoML_1_20260923_175254_model_2,GBM,15,0.025,1,3016,0.749689286602038,1301,0.431366047745358,1287,0.426724137931035,0.00464190981432361,1725,0.431884057971014,1291,0.430673896204493,0.155503978779841,0.0874264345166441
1,GBM_grid_1_AutoML_1_20260923_175254_model_2,GBM,15,0.05,1,2196,0.54586129753915,966,0.439890710382514,954,0.434426229508197,0.00546448087431695,1287,0.441336441336441,909,0.437843784378438,0.146630236794171,0.10630406707222
1,GBM_grid_1_AutoML_1_20260923_175254_model_2,GBM,15,0.075,1,1460,0.362913248819289,665,0.455479452054795,636,0.435616438356164,0.0198630136986301,901,0.452830188679245,559,0.459749552772809,0.13972602739726,0.128584518185941
1,DeepLearning_grid_3_AutoML_1_20260923_175254_model_2,DeepLearning,16,0,1,4023,1,1703,0.423315933383048,1713,0.425801640566741,-0.00248570718369379,0,,4023,0.423315933383048,0.150882426050211,0.0701481841402435
1,DeepLearning_grid_3_AutoML_1_20260923_175254_model_2,DeepLearning,16,0.025,1,4023,1,1703,0.423315933383048,1713,0.425801640566741,-0.00248570718369379,0,,4023,0.423315933383048,0.150882426050211,0.0701481841402435
1,DeepLearning_grid_3_AutoML_1_20260923_175254_model_2,DeepLearning,16,0.05,1,4023,1,1703,0.423315933383048,1713,0.425801640566741,-0.00248570718369379,0,,4023,0.423315933383048,0.150882426050211,0.0701481841402435
1,DeepLearning_grid_2_AutoML_1_20260923_175254_model_2,DeepLearning,17,0,1,4023,1,1737,0.431767337807606,1713,0.425801640566741,0.00596569724086504,448,0.497767857142857,3575,0.423496503496503,0.150882426050211,0.043463060100682
1,DeepLearning_grid_2_AutoML_1_20260923_175254_model_2,DeepLearning,17,0.025,1,799,0.198608003977132,369,0.461827284105131,379,0.474342928660826,-0.0125156445556947,340,0.485294117647059,459,0.444444444444444,0.083854818523154,0.122768956896599
1,DeepLearning_grid_2_AutoML_1_20260923_175254_model_2,DeepLearning,17,0.05,1,627,0.155853840417599,295,0.470494417862839,292,0.465709728867624,0.00478468899521528,259,0.494208494208494,368,0.453804347826087,0.0893141945773525,0.146239618683847
1,DeepLearning_grid_2_AutoML_1_20260923_175254_model_2,DeepLearning,17,0.075,1,480,0.119313944817301,224,0.466666666666667,235,0.489583333333333,-0.0229166666666666,205,0.51219512195122,275,0.432727272727273,0.08125,0.172238693120353
1,GBM_grid_1_AutoML_1_20260923_175254_model_4,GBM,18,0,1,4023,1,1712,0.425553069848372,1713,0.425801640566741,-0.000248570718369368,2228,0.429982046678636,1795,0.420055710306407,0.150882426050211,0.0734935763850921
1,GBM_grid_1_AutoML_1_20260923_175254_model_4,GBM,18,0.025,1,3194,0.793934874471787,1351,0.422980588603632,1377,0.431120851596744,-0.0081402629931121,1817,0.430930104567969,1377,0.412490922294844,0.147150907952411,0.0893246687399854
1,GBM_grid_1_AutoML_1_20260923_175254_model_4,GBM,18,0.05,1,2368,0.588615461098683,1035,0.437077702702703,1040,0.439189189189189,-0.00211148648648651,1374,0.444687045123726,994,0.426559356136821,0.135135135135135,0.10740436174253
1,GBM_grid_1_AutoML_1_20260923_175254_model_4,GBM,18,0.075,1,1630,0.405170270942083,714,0.438036809815951,728,0.446625766871166,-0.00858895705521467,957,0.450365726227795,673,0.420505200594354,0.129447852760736,0.128041314678148
1,GBM_grid_1_AutoML_1_20260923_175254_model_6,GBM,19,0,1,4023,1,1716,0.426547352721849,1713,0.425801640566741,0.000745712155108103,2226,0.428571428571429,1797,0.424040066777963,0.150882426050211,0.0872733311565063
1,GBM_grid_1_AutoML_1_20260923_175254_model_6,GBM,19,0.025,1,3280,0.815311956251554,1404,0.428048780487805,1394,0.425,0.00304878048780488,1864,0.428648068669528,1416,0.42725988700565,0.151524390243902,0.104135877034638
1,GBM_grid_1_AutoML_1_20260923_175254_model_6,GBM,19,0.05,1,2574,0.639821029082774,1121,0.435508935508936,1078,0.418803418803419,0.0167055167055167,1508,0.429045092838196,1066,0.444652908067542,0.146076146076146,0.122481420845802
1,GBM_grid_1_AutoML_1_20260923_175254_model_6,GBM,19,0.075,1,1955,0.48595575441213,864,0.441943734015345,826,0.422506393861893,0.0194373401534527,1189,0.438183347350715,766,0.447780678851175,0.141687979539642,0.141489510595777
1,DeepLearning_1_AutoML_1_20260923_175254,DeepLearning,20,0,1,4023,1,1716,0.426547352721849,1713,0.425801640566741,0.000745712155108103,2030,0.437931034482759,1993,0.414952333166081,0.150882426050211,0.078971207262811
1,DeepLearning_1_AutoML_1_20260923_175254,DeepLearning,20,0.025,1,3016,0.749689286602038,1295,0.429376657824934,1286,0.426392572944297,0.00298408488063662,1516,0.445250659630607,1500,0.413333333333333,0.14920424403183,0.101294532072638
1,DeepLearning_1_AutoML_1_20260923_175254,DeepLearning,20,0.05,1,2202,0.547352721849366,964,0.437783832879201,938,0.425976385104451,0.0118074477747502,1069,0.454630495790458,1133,0.42188879082083,0.13669391462307,0.125046728843448
1,DeepLearning_1_AutoML_1_20260923_175254,DeepLearning,20,0.075,1,1631,0.405418841660452,726,0.445125689760883,707,0.433476394849785,0.0116492949110975,798,0.473684210526316,833,0.417767106842737,0.135499693439608,0.147164827957397
1,DeepLearning_grid_2_AutoML_1_20260923_175254_model_1,DeepLearning,21,0,1,4023,1,1683,0.41834451901566,1713,0.425801640566741,-0.0074571215510813,2332,0.427958833619211,1691,0.40508574807806,0.150882426050211,0.0634514673967895
1,DeepLearning_grid_2_AutoML_1_20260923_175254_model_1,DeepLearning,21,0.025,1,2731,0.678846631866766,1148,0.420358842914683,1163,0.425851336506774,-0.00549249359209081,1715,0.429154518950437,1016,0.405511811023622,0.143903332112779,0.0876679420059205
1,DeepLearning_grid_2_AutoML_1_20260923_175254_model_1,DeepLearning,21,0.05,1,1750,0.434998757146408,746,0.426285714285714,757,0.432571428571429,-0.00628571428571428,1219,0.438063986874487,531,0.39924670433145,0.132571428571429,0.11647084488189
1,DeepLearning_grid_2_AutoML_1_20260923_175254_model_1,DeepLearning,21,0.075,1,1078,0.267959234402187,497,0.461038961038961,500,0.463821892393321,-0.00278293135435992,843,0.466192170818505,235,0.442553191489362,0.101113172541744,0.151053192779825
1,DeepLearning_grid_1_AutoML_1_20260923_175254_model_2,DeepLearning,22,0,1,4023,1,1695,0.421327367636092,1713,0.425801640566741,-0.00447427293064878,2055,0.423357664233577,1968,0.419207317073171,0.150882426050211,0.0923813622027396
1,DeepLearning_grid_1_AutoML_1_20260923_175254_model_2,DeepLearning,22,0.025,1,3187,0.792194879443202,1346,0.422340759334798,1371,0.430185127078757,-0.00784436774395986,1618,0.426452410383189,1569,0.418100701083493,0.147160338876687,0.113519802497027
1,DeepLearning_grid_1_AutoML_1_20260923_175254_model_2,DeepLearning,22,0.05,1,2485,0.6176982351479,1064,0.428169014084507,1077,0.433400402414487,-0.00523138832997988,1301,0.431206764027671,1184,0.424831081081081,0.140040241448692,0.135056680731204
1,DeepLearning_grid_1_AutoML_1_20260923_175254_model_2,DeepLearning,22,0.075,1,1958,0.486701466567238,841,0.429519918283963,867,0.442798774259448,-0.0132788559754852,1019,0.443572129538764,939,0.414270500532481,0.1414708886619,0.154814789976145
1,DeepLearning_grid_1_AutoML_1_20260923_175254_model_3,DeepLearning,23,0,1,4023,1,1694,0.421078796917723,1713,0.425801640566741,-0.00472284364901815,1501,0.423717521652232,2522,0.419508326724822,0.150882426050211,0.0989404762251572
1,DeepLearning_grid_1_AutoML_1_20260923_175254_model_3,DeepLearning,23,0.025,1,3212,0.798409147402436,1346,0.419053549190536,1346,0.419053549190536,0,1183,0.420118343195266,2029,0.418432725480532,0.158779576587796,0.120695954410272
1,DeepLearning_grid_1_AutoML_1_20260923_175254_model_3,DeepLearning,23,0.05,1,2593,0.644543872731792,1117,0.430775163902815,1103,0.425376012340918,0.00539915156189741,932,0.440987124463519,1661,0.425045153521975,0.15001928268415,0.14055588787963
1,DeepLearning_grid_1_AutoML_1_20260923_175254_model_3,DeepLearning,23,0.075,1,2022,0.502609992542879,885,0.437685459940653,853,0.421859545004946,0.0158259149357072,739,0.445196211096076,1283,0.43335931410756,0.151829871414441,0.16270397922929
1,GBM_grid_1_AutoML_1_20260923_175254_model_5,GBM,24,0,1,4023,1,1773,0.440715883668904,1713,0.425801640566741,0.0149142431021626,2131,0.441576724542468,1892,0.439746300211417,0.150882426050211,0.145556234198451
1,GBM_grid_1_AutoML_1_20260923_175254_model_5,GBM,24,0.025,1,3627,0.901565995525727,1597,0.440308795147505,1552,0.427901847256686,0.0124069478908189,1924,0.443347193347193,1703,0.436876100998238,0.153294733939895,0.160085839386563
1,GBM_grid_1_AutoML_1_20260923_175254_model_5,GBM,24,0.05,1,3246,0.806860551826995,1419,0.437153419593346,1391,0.42852741836106,0.00862600123228585,1723,0.438769587928033,1523,0.43532501641497,0.150955021565003,0.174453581603998
1,GBM_grid_1_AutoML_1_20260923_175254_model_5,GBM,24,0.075,1,2840,0.705940840169028,1234,0.434507042253521,1222,0.430281690140845,0.00422535211267605,1521,0.437869822485207,1319,0.43062926459439,0.15,0.190466940916264
1,DeepLearning_grid_1_AutoML_1_20260923_175254_model_1,DeepLearning,25,0,1,4023,1,1702,0.423067362664678,1713,0.425801640566741,-0.00273427790206315,2200,0.425,1823,0.420735052111903,0.150882426050211,0.140653685090901
1,DeepLearning_grid_1_AutoML_1_20260923_175254_model_1,DeepLearning,25,0.025,1,3553,0.883171762366393,1518,0.427244582043344,1533,0.431466366450887,-0.00422178440754295,1959,0.431852986217458,1594,0.421580928481807,0.14719954967633,0.157544570925784
1,DeepLearning_grid_1_AutoML_1_20260923_175254_model_1,DeepLearning,25,0.05,1,3083,0.766343524732787,1321,0.428478754459942,1339,0.43431722348362,-0.00583846902367824,1715,0.434402332361516,1368,0.421052631578947,0.145637366201752,0.17588482083645
1,DeepLearning_grid_1_AutoML_1_20260923_175254_model_1,DeepLearning,25,0.075,1,2646,0.657718120805369,1157,0.437263794406652,1158,0.437641723356009,-0.000377928949357564,1497,0.440881763527054,1149,0.432550043516101,0.140967498110355,0.194617626871561
2,GLM_1_AutoML_2_20260923_180332,GLM,1,0,1,4026,1,1840,0.457029309488326,1822,0.452558370591158,0.00447093889716838,3894,0.454288649203904,132,0.537878787878788,0.10655737704918,0.0157851159972589
2,GLM_1_AutoML_2_20260923_180332,GLM,1,0.025,1,428,0.106308991554893,220,0.514018691588785,219,0.511682242990654,0.00233644859813076,421,0.513064133016627,7,0.571428571428571,0.0514018691588785,0.034885887579546
2,GLM_1_AutoML_2_20260923_180332,GLM,1,0.05,1,42,0.0104321907600596,16,0.380952380952381,14,0.333333333333333,0.0476190476190476,40,0.35,2,1,0.0238095238095238,0.0649920858492054
2,GLM_1_AutoML_2_20260923_180332,GLM,1,0.075,1,7,0.00173869846000994,4,0.571428571428571,4,0.571428571428571,0,7,0.571428571428571,0,,0,0.100487395828751
2,GBM_grid_1_AutoML_2_20260923_180332_model_3,GBM,2,0,1,4026,1,1813,0.450322901142573,1822,0.452558370591158,-0.00223546944858422,2621,0.452880579931324,1405,0.445551601423488,0.10655737704918,0.0341919760540273
2,GBM_grid_1_AutoML_2_20260923_180332_model_3,GBM,2,0.025,1,2128,0.52856433184302,947,0.445018796992481,963,0.452537593984962,-0.0075187969924812,1525,0.450491803278689,603,0.431177446102819,0.102443609022556,0.054090005400869
2,GBM_grid_1_AutoML_2_20260923_180332_model_3,GBM,2,0.05,1,995,0.247143566815698,450,0.452261306532663,456,0.458291457286432,-0.00603015075376884,748,0.462566844919786,247,0.421052631578947,0.107537688442211,0.0743093163557882
2,GBM_grid_1_AutoML_2_20260923_180332_model_3,GBM,2,0.075,1,366,0.0909090909090909,168,0.459016393442623,176,0.480874316939891,-0.0218579234972677,251,0.478087649402391,115,0.417391304347826,0.092896174863388,0.0964647902647498
2,DeepLearning_grid_3_AutoML_2_20260923_180332_model_1,DeepLearning,3,0,1,4026,1,1819,0.451813214108296,1822,0.452558370591158,-0.000745156482861442,2792,0.451289398280802,1234,0.452998379254457,0.10655737704918,0.0161830196395151
2,DeepLearning_grid_3_AutoML_2_20260923_180332_model_1,DeepLearning,3,0.025,1,697,0.173124689518132,320,0.459110473457676,324,0.464849354375897,-0.00573888091822095,78,0.525641025641026,619,0.450726978998385,0.084648493543759,0.0568706773003395
2,DeepLearning_grid_3_AutoML_2_20260923_180332_model_1,DeepLearning,3,0.05,1,291,0.0722801788375559,122,0.419243986254296,152,0.52233676975945,-0.103092783505155,26,0.461538461538462,265,0.415094339622642,0.0515463917525773,0.085965049086282
2,DeepLearning_grid_3_AutoML_2_20260923_180332_model_1,DeepLearning,3,0.075,1,143,0.0355191256830601,62,0.433566433566434,73,0.510489510489511,-0.076923076923077,14,0.357142857142857,129,0.441860465116279,0.027972027972028,0.112129818955557
2,DeepLearning_grid_2_AutoML_2_20260923_180332_model_3,DeepLearning,4,0,1,4026,1,1797,0.446348733233979,1822,0.452558370591158,-0.00620963735717839,1221,0.466011466011466,2805,0.437789661319073,0.10655737704918,0.0238172744375567
2,DeepLearning_grid_2_AutoML_2_20260923_180332_model_3,DeepLearning,4,0.025,1,1273,0.316194734227521,584,0.458758837391987,588,0.461901021209741,-0.00314218381775333,391,0.465473145780051,882,0.45578231292517,0.0793401413982718,0.050451163899039
2,DeepLearning_grid_2_AutoML_2_20260923_180332_model_3,DeepLearning,4,0.05,1,439,0.109041231992052,207,0.471526195899772,212,0.482915717539863,-0.0113895216400912,176,0.5,263,0.452471482889734,0.0660592255125285,0.0809962997900731
2,DeepLearning_grid_2_AutoML_2_20260923_180332_model_3,DeepLearning,4,0.075,1,203,0.0504222553402881,102,0.502463054187192,101,0.497536945812808,0.00492610837438429,87,0.528735632183908,116,0.482758620689655,0.0394088669950739,0.104832999640503
2,GBM_5_AutoML_2_20260923_180332,GBM,5,0,1,4026,1,1792,0.445106805762543,1822,0.452558370591158,-0.00745156482861403,2485,0.450704225352113,1541,0.436080467229072,0.10655737704918,0.055539585263659
2,GBM_5_AutoML_2_20260923_180332,GBM,5,0.025,1,2802,0.695976154992548,1214,0.433261955745896,1258,0.448965024982156,-0.0157030692362599,1830,0.438251366120219,972,0.423868312757202,0.110635260528194,0.0743838513201861
2,GBM_5_AutoML_2_20260923_180332,GBM,5,0.05,1,1835,0.45578738201689,811,0.441961852861035,817,0.445231607629428,-0.00326975476839242,1248,0.443108974358974,587,0.439522998296423,0.114441416893733,0.0942512548305146
2,GBM_5_AutoML_2_20260923_180332,GBM,5,0.075,1,1095,0.271982116244411,493,0.450228310502283,495,0.452054794520548,-0.0018264840182648,755,0.456953642384106,340,0.435294117647059,0.111415525114155,0.116010195870808
2,DeepLearning_grid_3_AutoML_2_20260923_180332_model_3,DeepLearning,6,0,1,4026,1,1822,0.452558370591158,1822,0.452558370591158,0,4026,0.452558370591158,0,,0.10655737704918,0.0593621747789048
2,DeepLearning_grid_3_AutoML_2_20260923_180332_model_3,DeepLearning,6,0.025,1,4026,1,1822,0.452558370591158,1822,0.452558370591158,0,4026,0.452558370591158,0,,0.10655737704918,0.0593621747789048
2,DeepLearning_grid_3_AutoML_2_20260923_180332_model_3,DeepLearning,6,0.05,1,4026,1,1822,0.452558370591158,1822,0.452558370591158,0,4026,0.452558370591158,0,,0.10655737704918,0.0593621747789048
2,GBM_2_AutoML_2_20260923_180332,GBM,7,0,1,4026,1,1807,0.448832588176851,1822,0.452558370591158,-0.00372578241430704,2317,0.453172205438067,1709,0.442949093036864,0.10655737704918,0.0596179184365884
2,GBM_2_AutoML_2_20260923_180332,GBM,7,0.025,1,2925,0.726527570789866,1323,0.452307692307692,1307,0.446837606837607,0.00547008547008548,1753,0.451226468910439,1172,0.453924914675768,0.104957264957265,0.0774011444854169
2,GBM_2_AutoML_2_20260923_180332,GBM,7,0.05,1,1951,0.484600099354198,881,0.451563300871348,874,0.447975397232189,0.00358790363915945,1226,0.451876019575856,725,0.451034482758621,0.104049205535623,0.0975126219247565
2,GBM_2_AutoML_2_20260923_180332,GBM,7,0.075,1,1242,0.30849478390462,572,0.460547504025765,567,0.456521739130435,0.00402576489533013,787,0.463786531130877,455,0.454945054945055,0.100644122383253,0.117859645705166
2,GBM_1_AutoML_2_20260923_180332,GBM,8,0,1,4026,1,1783,0.442871336313959,1822,0.452558370591158,-0.00968703427719825,2358,0.44910941475827,1668,0.434052757793765,0.10655737704918,0.059168911398689
2,GBM_1_AutoML_2_20260923_180332,GBM,8,0.025,1,2987,0.741927471435668,1323,0.442919317040509,1349,0.451623702711751,-0.00870438567124204,1802,0.448390677025527,1185,0.434599156118144,0.108135252761969,0.075356778816136
2,GBM_1_AutoML_2_20260923_180332,GBM,8,0.05,1,2029,0.503974167908594,909,0.44800394282898,914,0.45046821094135,-0.0024642681123706,1251,0.451638689048761,778,0.442159383033419,0.105963528831937,0.0933189416957718
2,GBM_1_AutoML_2_20260923_180332,GBM,8,0.075,1,1288,0.319920516641828,578,0.448757763975155,571,0.44332298136646,0.00543478260869562,831,0.450060168471721,457,0.446389496717724,0.110248447204969,0.11139913109576
2,GBM_grid_1_AutoML_2_20260923_180332_model_7,GBM,9,0,1,4026,1,1852,0.460009935419772,1822,0.452558370591158,0.00745156482861398,2457,0.463980463980464,1569,0.453792224346718,0.10655737704918,0.0551867237665313
2,GBM_grid_1_AutoML_2_20260923_180332_model_7,GBM,9,0.025,1,2840,0.70541480377546,1304,0.459154929577465,1270,0.447183098591549,0.0119718309859155,1809,0.459369817578773,1031,0.458777885548012,0.108098591549296,0.0731175945280047
2,GBM_grid_1_AutoML_2_20260923_180332_model_7,GBM,9,0.05,1,1830,0.454545454545455,852,0.465573770491803,827,0.451912568306011,0.0136612021857923,1228,0.465798045602606,602,0.465116279069768,0.102732240437158,0.0932191513060964
2,GBM_grid_1_AutoML_2_20260923_180332_model_7,GBM,9,0.075,1,1057,0.2625434674615,474,0.448438978240303,482,0.45600756859035,-0.00756859035004726,735,0.45578231292517,322,0.43167701863354,0.101229895931883,0.116127902092364
2,XRT_1_AutoML_2_20260923_180332,DRF,10,0,1,4026,1,1773,0.440387481371088,1822,0.452558370591158,-0.0121708892200696,2293,0.447012647187091,1733,0.431621465666474,0.10655737704918,0.0728816126451272
2,XRT_1_AutoML_2_20260923_180332,DRF,10,0.025,1,3110,0.772478887232986,1368,0.439871382636656,1392,0.447588424437299,-0.00771704180064309,1839,0.442088091353997,1271,0.436664044059795,0.110289389067524,0.090676115204092
2,XRT_1_AutoML_2_20260923_180332,DRF,10,0.05,1,2363,0.586934923000497,1026,0.434193821413458,1058,0.447735928903936,-0.0135421074904782,1419,0.438336856941508,944,0.427966101694915,0.106644096487516,0.107531630527189
2,XRT_1_AutoML_2_20260923_180332,DRF,10,0.075,1,1653,0.410581222056632,727,0.439806412583182,721,0.436176648517846,0.00362976406533577,1017,0.432645034414946,636,0.45125786163522,0.107078039927405,0.127171208180095
2,GBM_grid_1_AutoML_2_20260923_180332_model_4,GBM,11,0,1,4026,1,1800,0.447093889716841,1822,0.452558370591158,-0.00546448087431695,2225,0.449887640449438,1801,0.44364242087729,0.10655737704918,0.0755409311770084
2,GBM_grid_1_AutoML_2_20260923_180332_model_4,GBM,11,0.025,1,3160,0.784898161947342,1421,0.449683544303798,1440,0.455696202531646,-0.00601265822784808,1777,0.454698930782217,1383,0.443239334779465,0.104113924050633,0.092833344714926
2,GBM_grid_1_AutoML_2_20260923_180332_model_4,GBM,11,0.05,1,2408,0.598112270243418,1091,0.453073089700997,1083,0.449750830564784,0.00332225913621265,1384,0.453757225433526,1024,0.4521484375,0.107142857142857,0.110276092034093
2,GBM_grid_1_AutoML_2_20260923_180332_model_4,GBM,11,0.075,1,1703,0.423000496770989,776,0.455666470933647,759,0.445684086905461,0.00998238402818552,1001,0.456543456543457,702,0.454415954415954,0.103934233705226,0.130105968771999
2,GBM_4_AutoML_2_20260923_180332,GBM,12,0,1,4026,1,1817,0.451316443119722,1822,0.452558370591158,-0.0012419274714357,2311,0.45175248810039,1715,0.450728862973761,0.10655737704918,0.081757453276016
2,GBM_4_AutoML_2_20260923_180332,GBM,12,0.025,1,3254,0.808246398410333,1489,0.457590657652121,1480,0.454824830977259,0.00276582667486175,1914,0.462382445141066,1340,0.450746268656716,0.106330669944683,0.0981708423316555
2,GBM_4_AutoML_2_20260923_180332,GBM,12,0.05,1,2511,0.623695976154993,1135,0.452011150935882,1152,0.458781362007168,-0.00677021107128634,1490,0.463758389261745,1021,0.43486777668952,0.106730386300279,0.116009578687703
2,GBM_4_AutoML_2_20260923_180332,GBM,12,0.075,1,1880,0.466964729259811,853,0.453723404255319,863,0.459042553191489,-0.00531914893617019,1139,0.467076382791923,741,0.433198380566802,0.10531914893617,0.134084218959777
2,DRF_1_AutoML_2_20260923_180332,DRF,13,0,1,4026,1,1793,0.445355191256831,1822,0.452558370591158,-0.0072031793343269,2285,0.455579868708972,1741,0.431935669155658,0.10655737704918,0.0724713850360313
2,DRF_1_AutoML_2_20260923_180332,DRF,13,0.025,1,3152,0.782911077993045,1444,0.458121827411168,1447,0.459073604060914,-0.000951776649746161,1800,0.472777777777778,1352,0.438609467455621,0.102791878172589,0.0890684338117116
2,DRF_1_AutoML_2_20260923_180332,DRF,13,0.05,1,2371,0.588922006954794,1116,0.470687473639814,1091,0.460143399409532,0.0105440742302826,1393,0.481694185211773,978,0.455010224948875,0.0974272458878111,0.106201545928677
2,DRF_1_AutoML_2_20260923_180332,DRF,13,0.075,1,1668,0.414307004470939,797,0.477817745803357,777,0.465827338129496,0.0119904076738609,1016,0.488188976377953,652,0.461656441717791,0.0869304556354916,0.124840511237697
2,GBM_3_AutoML_2_20260923_180332,GBM,14,0,1,4026,1,1799,0.446845504222553,1822,0.452558370591158,-0.00571286636860408,2355,0.450955414012739,1671,0.441053261520048,0.10655737704918,0.0682788565725745
2,GBM_3_AutoML_2_20260923_180332,GBM,14,0.025,1,3080,0.765027322404372,1375,0.446428571428571,1411,0.458116883116883,-0.0116883116883117,1885,0.455172413793104,1195,0.432635983263598,0.10487012987013,0.0854632479850074
2,GBM_3_AutoML_2_20260923_180332,GBM,14,0.05,1,2235,0.555141579731744,1008,0.451006711409396,1008,0.451006711409396,0,1400,0.455714285714286,835,0.44311377245509,0.109619686800895,0.103742046306865
2,GBM_3_AutoML_2_20260923_180332,GBM,14,0.075,1,1518,0.377049180327869,679,0.44729907773386,668,0.440052700922266,0.00724637681159424,960,0.447916666666667,558,0.446236559139785,0.116600790513834,0.123361731358357
2,DeepLearning_grid_2_AutoML_2_20260923_180332_model_2,DeepLearning,15,0,1,4026,1,1809,0.449329359165425,1822,0.452558370591158,-0.00322901142573279,3603,0.449347765750763,423,0.449172576832151,0.10655737704918,0.0275922776200919
2,DeepLearning_grid_2_AutoML_2_20260923_180332_model_2,DeepLearning,15,0.025,1,877,0.217834078489816,397,0.452679589509692,420,0.478905359179019,-0.0262257696693273,563,0.468916518650089,314,0.423566878980892,0.0695553021664766,0.111123841944671
2,DeepLearning_grid_2_AutoML_2_20260923_180332_model_2,DeepLearning,15,0.05,1,654,0.162444113263785,291,0.444954128440367,317,0.484709480122324,-0.0397553516819572,426,0.469483568075117,228,0.399122807017544,0.0749235474006116,0.136477997266274
2,DeepLearning_grid_2_AutoML_2_20260923_180332_model_2,DeepLearning,15,0.075,1,501,0.124441132637854,215,0.429141716566866,244,0.487025948103792,-0.0578842315369261,323,0.461300309597523,178,0.370786516853933,0.0798403193612774,0.159319083958411
2,DeepLearning_grid_1_AutoML_2_20260923_180332_model_2,DeepLearning,16,0,1,4026,1,1771,0.439890710382514,1822,0.452558370591158,-0.0126676602086439,2701,0.445760829322473,1325,0.427924528301887,0.10655737704918,0.0739950302072084
2,DeepLearning_grid_1_AutoML_2_20260923_180332_model_2,DeepLearning,16,0.025,1,2891,0.718082463984103,1268,0.438602559667935,1298,0.448979591836735,-0.0103770321687997,2068,0.44294003868472,823,0.427703523693803,0.109650639916984,0.0984822192416256
2,DeepLearning_grid_1_AutoML_2_20260923_180332_model_2,DeepLearning,16,0.05,1,2088,0.518628912071535,929,0.44492337164751,929,0.44492337164751,0,1617,0.44465058750773,471,0.445859872611465,0.105842911877395,0.122111805714279
2,DeepLearning_grid_1_AutoML_2_20260923_180332_model_2,DeepLearning,16,0.075,1,1521,0.37779433681073,679,0.446416831032216,684,0.449704142011834,-0.00328731097961871,1247,0.445068163592622,274,0.452554744525548,0.0927021696252466,0.144418518127809
2,DeepLearning_grid_2_AutoML_2_20260923_180332_model_1,DeepLearning,17,0,1,4026,1,1777,0.441381023348237,1822,0.452558370591158,-0.011177347242921,2433,0.449650637073572,1593,0.428750784682988,0.10655737704918,0.0579739416791073
2,DeepLearning_grid_2_AutoML_2_20260923_180332_model_1,DeepLearning,17,0.025,1,2673,0.663934426229508,1199,0.448559670781893,1252,0.468387579498691,-0.0198279087167976,1647,0.465088038858531,1026,0.422027290448343,0.0912832023943135,0.081177972927561
2,DeepLearning_grid_2_AutoML_2_20260923_180332_model_1,DeepLearning,17,0.05,1,1736,0.431197218082464,784,0.451612903225806,814,0.46889400921659,-0.0172811059907834,1118,0.462432915921288,618,0.432038834951456,0.0823732718894009,0.105115973464374
2,DeepLearning_grid_2_AutoML_2_20260923_180332_model_1,DeepLearning,17,0.075,1,1122,0.278688524590164,498,0.443850267379679,539,0.480392156862745,-0.036541889483066,777,0.462033462033462,345,0.402898550724638,0.0748663101604278,0.129027017499386
2,GBM_grid_1_AutoML_2_20260923_180332_model_2,GBM,18,0,1,4026,1,1841,0.457277694982613,1822,0.452558370591158,0.0047193243914555,2338,0.460650128314799,1688,0.45260663507109,0.10655737704918,0.0719791830549737
2,GBM_grid_1_AutoML_2_20260923_180332_model_2,GBM,18,0.025,1,3111,0.772727272727273,1437,0.461909353905497,1425,0.458052073288332,0.00385728061716489,1848,0.469155844155844,1263,0.451306413301663,0.102860816457731,0.0894645013359058
2,GBM_grid_1_AutoML_2_20260923_180332_model_2,GBM,18,0.05,1,2248,0.558370591157476,1040,0.462633451957295,1045,0.464857651245552,-0.00222419928825623,1369,0.473338203067933,879,0.445961319681456,0.099644128113879,0.109583787974024
2,GBM_grid_1_AutoML_2_20260923_180332_model_2,GBM,18,0.075,1,1576,0.391455538996523,731,0.463832487309645,735,0.466370558375635,-0.00253807106598986,979,0.474974463738509,597,0.445561139028476,0.102791878172589,0.12992556306675
2,DeepLearning_1_AutoML_2_20260923_180332,DeepLearning,19,0,1,4026,1,1834,0.455538996522603,1822,0.452558370591158,0.0029806259314456,3939,0.453414572226453,87,0.551724137931035,0.10655737704918,0.0908072603451956
2,DeepLearning_1_AutoML_2_20260923_180332,DeepLearning,19,0.025,1,3779,0.938648782911078,1714,0.453559142630326,1714,0.453559142630326,0,3753,0.453237410071943,26,0.5,0.107700449854459,0.0958266147073205
2,DeepLearning_1_AutoML_2_20260923_180332,DeepLearning,19,0.05,1,3246,0.806259314456036,1472,0.453481207640173,1471,0.453173136167591,0.000308071472581661,3237,0.453197405004634,9,0.555555555555556,0.107516943930992,0.105119117272153
2,DeepLearning_1_AutoML_2_20260923_180332,DeepLearning,19,0.075,1,2429,0.603328365623448,1123,0.462330177027583,1122,0.46191848497324,0.000411692054343382,2426,0.462077493816983,3,0.666666666666667,0.104158089748868,0.119325332637364
2,DeepLearning_grid_3_AutoML_2_20260923_180332_model_2,DeepLearning,20,0,1,4026,1,1788,0.444113263785395,1822,0.452558370591158,-0.00844510680576255,2779,0.447283195394027,1247,0.437048917401764,0.10655737704918,0.0442232268150484
2,DeepLearning_grid_3_AutoML_2_20260923_180332_model_2,DeepLearning,20,0.025,1,1641,0.407600596125186,727,0.443022547227301,750,0.457038391224863,-0.0140158439975625,1011,0.449060336300692,630,0.433333333333333,0.0981109079829372,0.0913005741914779
2,DeepLearning_grid_3_AutoML_2_20260923_180332_model_2,DeepLearning,20,0.05,1,1097,0.272478887232986,467,0.425706472196901,483,0.440291704649043,-0.0145852324521422,672,0.421130952380952,425,0.432941176470588,0.0966271649954421,0.118585231519137
2,DeepLearning_grid_3_AutoML_2_20260923_180332_model_2,DeepLearning,20,0.075,1,723,0.179582712369598,315,0.435684647302905,325,0.449515905947441,-0.0138312586445367,433,0.438799076212471,290,0.431034482758621,0.0982019363762102,0.147690703348562
2,DeepLearning_grid_1_AutoML_2_20260923_180332_model_3,DeepLearning,21,0,1,4026,1,1792,0.445106805762543,1822,0.452558370591158,-0.00745156482861403,2022,0.45351137487636,2004,0.436626746506986,0.10655737704918,0.0856902183417647
2,DeepLearning_grid_1_AutoML_2_20260923_180332_model_3,DeepLearning,21,0.025,1,3237,0.804023845007452,1468,0.453506333024405,1471,0.45443311708372,-0.000926784059314178,1621,0.46020974706971,1616,0.446782178217822,0.103181958603645,0.103560909055053
2,DeepLearning_grid_1_AutoML_2_20260923_180332_model_3,DeepLearning,21,0.05,1,2511,0.623695976154993,1132,0.450816407805655,1128,0.449223416965353,0.00159299084030268,1291,0.450038729666925,1220,0.451639344262295,0.102747909199522,0.122658072524501
2,DeepLearning_grid_1_AutoML_2_20260923_180332_model_3,DeepLearning,21,0.075,1,1857,0.461251862891207,858,0.462035541195477,834,0.449111470113086,0.012924071082391,959,0.451511991657977,898,0.473273942093541,0.0953150242326333,0.144031596032999
2,GBM_grid_1_AutoML_2_20260923_180332_model_1,GBM,22,0,1,4026,1,1795,0.445851962245405,1822,0.452558370591158,-0.00670640834575265,2259,0.455511288180611,1767,0.43350311262026,0.10655737704918,0.0958649484765706
2,GBM_grid_1_AutoML_2_20260923_180332_model_1,GBM,22,0.025,1,3399,0.844262295081967,1524,0.448367166813769,1541,0.453368637834657,-0.00500147102088849,1923,0.459178367134685,1476,0.434281842818428,0.106501912327155,0.111251610654931
2,GBM_grid_1_AutoML_2_20260923_180332_model_1,GBM,22,0.05,1,2749,0.68281172379533,1244,0.452528192069844,1255,0.456529647144416,-0.00400145507457256,1578,0.465779467680608,1171,0.43467122117848,0.108039287013459,0.128884571138566
2,GBM_grid_1_AutoML_2_20260923_180332_model_1,GBM,22,0.075,1,2192,0.544461003477397,992,0.452554744525548,996,0.454379562043796,-0.00182481751824815,1299,0.458814472671286,893,0.443449048152296,0.0985401459854015,0.145933526067363
2,GBM_grid_1_AutoML_2_20260923_180332_model_6,GBM,23,0,1,4026,1,1832,0.455042225534029,1822,0.452558370591158,0.00248385494287129,2257,0.461231723526806,1769,0.447145279819107,0.10655737704918,0.0910563006459823
2,GBM_grid_1_AutoML_2_20260923_180332_model_6,GBM,23,0.025,1,3374,0.838052657724789,1544,0.457617071724956,1525,0.451985773562537,0.00563129816241847,1917,0.460615545122587,1457,0.453671928620453,0.105216360403082,0.106248178014809
2,GBM_grid_1_AutoML_2_20260923_180332_model_6,GBM,23,0.05,1,2698,0.670144063586687,1215,0.450333580429948,1205,0.446627131208302,0.00370644922164565,1545,0.450485436893204,1153,0.450130095403296,0.106004447739066,0.123504738007329
2,GBM_grid_1_AutoML_2_20260923_180332_model_6,GBM,23,0.075,1,2079,0.516393442622951,931,0.447811447811448,907,0.436267436267436,0.0115440115440116,1202,0.440099833610649,877,0.458380843785633,0.105820105820106,0.141668951615862
2,DeepLearning_grid_1_AutoML_2_20260923_180332_model_1,DeepLearning,24,0,1,4026,1,1813,0.450322901142573,1822,0.452558370591158,-0.00223546944858422,2523,0.449464922711058,1503,0.451763140385895,0.10655737704918,0.122701619244556
2,DeepLearning_grid_1_AutoML_2_20260923_180332_model_1,DeepLearning,24,0.025,1,3496,0.868355688027819,1580,0.451945080091533,1569,0.448798627002288,0.00314645308924483,2259,0.447985834440018,1237,0.459175424413905,0.106121281464531,0.139338941585646
2,DeepLearning_grid_1_AutoML_2_20260923_180332_model_1,DeepLearning,24,0.05,1,2961,0.735469448584203,1345,0.454238432961837,1319,0.445457615670382,0.00878081729145558,1962,0.446483180428135,999,0.46946946946947,0.102668017561635,0.15774781819795
2,DeepLearning_grid_1_AutoML_2_20260923_180332_model_1,DeepLearning,24,0.075,1,2517,0.625186289120715,1147,0.45570123162495,1140,0.452920143027414,0.00278108859753679,1713,0.452422650321074,804,0.462686567164179,0.100119189511323,0.174532544062148
2,GBM_grid_1_AutoML_2_20260923_180332_model_5,GBM,25,0,1,4026,1,1792,0.445106805762543,1822,0.452558370591158,-0.00745156482861403,2223,0.452991452991453,1803,0.435385468663339,0.10655737704918,0.142448107422757
2,GBM_grid_1_AutoML_2_20260923_180332_model_5,GBM,25,0.025,1,3568,0.886239443616493,1588,0.445067264573991,1605,0.449831838565022,-0.00476457399103136,1984,0.450100806451613,1584,0.438762626262626,0.106502242152466,0.159086955441344
2,GBM_grid_1_AutoML_2_20260923_180332_model_5,GBM,25,0.05,1,3167,0.786636860407352,1414,0.44647931796653,1427,0.450584149036944,-0.00410483107041365,1777,0.452447945976365,1390,0.438848920863309,0.104831070413641,0.174446959394037
2,GBM_grid_1_AutoML_2_20260923_180332_model_5,GBM,25,0.075,1,2787,0.692250372578241,1231,0.441693577323287,1258,0.451381413706494,-0.00968783638320775,1573,0.448823903369358,1214,0.432454695222405,0.105489773950484,0.189636637990205
3,GLM_1_AutoML_3_20260923_181403,GLM,1,0,1,4026,1,1847,0.458768007948336,1809,0.449329359165425,0.00943864878291112,3716,0.451829924650162,310,0.541935483870968,0.0914058618976652,0.0134974034902118
3,GLM_1_AutoML_3_20260923_181403,GLM,1,0.025,1,374,0.092896174863388,194,0.518716577540107,197,0.526737967914439,-0.00802139037433158,358,0.525139664804469,16,0.375,0.0401069518716578,0.0374265155500703
3,GLM_1_AutoML_3_20260923_181403,GLM,1,0.05,1,53,0.0131644311972181,28,0.528301886792453,25,0.471698113207547,0.0566037735849057,50,0.5,3,1,0,0.0698856075164591
3,GLM_1_AutoML_3_20260923_181403,GLM,1,0.075,1,11,0.00273224043715847,6,0.545454545454545,6,0.545454545454545,0,11,0.545454545454545,0,,0,0.10526936816726
3,GBM_grid_1_AutoML_3_20260923_181403_model_3,GBM,2,0,1,4026,1,1840,0.457029309488326,1809,0.449329359165425,0.00769995032290116,2693,0.453769030820646,1333,0.463615903975994,0.0914058618976652,0.0373917352516236
3,GBM_grid_1_AutoML_3_20260923_181403_model_3,GBM,2,0.025,1,2161,0.536761053154496,1013,0.468764460897733,970,0.44886626561777,0.019898195279963,1523,0.460932370321733,638,0.487460815047022,0.0874595094863489,0.059222812855783
3,GBM_grid_1_AutoML_3_20260923_181403_model_3,GBM,2,0.05,1,1011,0.251117734724292,506,0.500494559841741,477,0.471810089020772,0.0286844708209693,698,0.497134670487106,313,0.507987220447284,0.0850642927794263,0.0856789983968433
3,GBM_grid_1_AutoML_3_20260923_181403_model_3,GBM,2,0.075,1,499,0.12394436164928,256,0.513026052104208,244,0.488977955911824,0.0240480961923847,351,0.50997150997151,148,0.52027027027027,0.0641282565130261,0.111091487675686
3,DeepLearning_grid_3_AutoML_3_20260923_181403_model_3,DeepLearning,3,0,1,4026,1,1807,0.448832588176851,1809,0.449329359165425,-0.000496770988574258,4016,0.448954183266932,10,0.4,0.0914058618976652,0.016486155808677
3,DeepLearning_grid_3_AutoML_3_20260923_181403_model_3,DeepLearning,3,0.025,1,66,0.0163934426229508,37,0.560606060606061,37,0.560606060606061,0,58,0.568965517241379,8,0.5,0,0.0414193812920858
3,DeepLearning_grid_3_AutoML_3_20260923_181403_model_3,DeepLearning,3,0.05,1,7,0.00173869846000994,5,0.714285714285714,5,0.714285714285714,0,3,1,4,0.5,0,0.0962861456443079
3,DeepLearning_grid_3_AutoML_3_20260923_181403_model_3,DeepLearning,3,0.075,1,4,0.000993541977148534,3,0.75,2,0.5,0.25,1,1,3,0.666666666666667,0,0.125762152570082
3,GBM_1_AutoML_3_20260923_181403,GBM,4,0,1,4026,1,1831,0.454793840039742,1809,0.449329359165425,0.00546448087431695,2293,0.446576537287396,1733,0.465666474321985,0.0914058618976652,0.0610742675171086
3,GBM_1_AutoML_3_20260923_181403,GBM,4,0.025,1,3029,0.752359662195728,1390,0.458897325850116,1363,0.449983492901948,0.00891383294816772,1796,0.451559020044543,1233,0.469586374695864,0.0911191812479366,0.0770071323135112
3,GBM_1_AutoML_3_20260923_181403,GBM,4,0.05,1,2097,0.520864381520119,953,0.45445875059609,936,0.446351931330472,0.00810681926561752,1291,0.446165762974438,806,0.467741935483871,0.0944206008583691,0.0945556855799485
3,GBM_1_AutoML_3_20260923_181403,GBM,4,0.075,1,1335,0.331594634873323,605,0.453183520599251,598,0.447940074906367,0.00524344569288387,854,0.444964871194379,481,0.467775467775468,0.0936329588014981,0.113517242305028
3,GBM_5_AutoML_3_20260923_181403,GBM,5,0,1,4026,1,1829,0.454297069051167,1809,0.449329359165425,0.00496770988574269,2403,0.451518934665002,1623,0.458410351201479,0.0914058618976652,0.0562556435543206
3,GBM_5_AutoML_3_20260923_181403,GBM,5,0.025,1,2800,0.695479384003974,1287,0.459642857142857,1270,0.453571428571429,0.00607142857142856,1728,0.456597222222222,1072,0.46455223880597,0.0882142857142857,0.0755796537006068
3,GBM_5_AutoML_3_20260923_181403,GBM,5,0.05,1,1742,0.432687531048187,818,0.469575200918485,762,0.437428243398393,0.0321469575200918,1114,0.453321364452424,628,0.498407643312102,0.0861079219288175,0.0989113213365141
3,GBM_5_AutoML_3_20260923_181403,GBM,5,0.075,1,1062,0.263785394932936,519,0.488700564971751,472,0.444444444444444,0.044256120527307,679,0.472754050073638,383,0.516971279373368,0.0903954802259887,0.122947966163716
3,GBM_2_AutoML_3_20260923_181403,GBM,6,0,1,4026,1,1839,0.456780923994039,1809,0.449329359165425,0.00745156482861403,2346,0.454390451832907,1680,0.460119047619048,0.0914058618976652,0.0605220235341171
3,GBM_2_AutoML_3_20260923_181403,GBM,6,0.025,1,2913,0.72354694485842,1333,0.457603844833505,1307,0.448678338482664,0.00892550635084105,1750,0.452571428571429,1163,0.465176268271711,0.0875386199794027,0.078970865487185
3,GBM_2_AutoML_3_20260923_181403,GBM,6,0.05,1,1947,0.483606557377049,920,0.472521828454032,893,0.458654340010272,0.0138674884437596,1211,0.471511147811726,736,0.474184782608696,0.0842321520287622,0.0998521251799489
3,GBM_2_AutoML_3_20260923_181403,GBM,6,0.075,1,1227,0.304769001490313,579,0.471882640586797,561,0.45721271393643,0.0146699266503668,768,0.471354166666667,459,0.47276688453159,0.0831295843520782,0.121959002705426
3,GBM_grid_1_AutoML_3_20260923_181403_model_7,GBM,7,0,1,4026,1,1840,0.457029309488326,1809,0.449329359165425,0.00769995032290116,2407,0.451184046530951,1619,0.465719579987647,0.0914058618976652,0.0560664549583685
3,GBM_grid_1_AutoML_3_20260923_181403_model_7,GBM,7,0.025,1,2808,0.697466467958271,1301,0.463319088319088,1288,0.458689458689459,0.00462962962962959,1736,0.463709677419355,1072,0.462686567164179,0.0886752136752137,0.0750656742317923
3,GBM_grid_1_AutoML_3_20260923_181403_model_7,GBM,7,0.05,1,1792,0.445106805762543,853,0.476004464285714,817,0.455915178571429,0.0200892857142858,1129,0.469441984056687,663,0.487179487179487,0.0831473214285714,0.0967864425271694
3,GBM_grid_1_AutoML_3_20260923_181403_model_7,GBM,7,0.075,1,1061,0.263537009438649,508,0.478793590951932,492,0.463713477851084,0.0150801131008482,688,0.476744186046512,373,0.482573726541555,0.0772855796418473,0.121017255472323
3,GBM_3_AutoML_3_20260923_181403,GBM,8,0,1,4026,1,1795,0.445851962245405,1809,0.449329359165425,-0.00347739692001986,2253,0.442077230359521,1773,0.450648618161309,0.0914058618976652,0.0651243752816737
3,GBM_3_AutoML_3_20260923_181403,GBM,8,0.025,1,2957,0.734475906607054,1326,0.448427460263781,1346,0.455191072032465,-0.00676361176868445,1711,0.448860315604909,1246,0.447833065810594,0.0889414947582009,0.0841432283962385
3,GBM_3_AutoML_3_20260923_181403,GBM,8,0.05,1,2059,0.511425732737208,932,0.45264691597863,921,0.447304516755707,0.00534239922292373,1251,0.447641886490807,808,0.46039603960396,0.0903351141330743,0.104619152847145
3,GBM_3_AutoML_3_20260923_181403,GBM,8,0.075,1,1349,0.335072031793343,623,0.46182357301705,617,0.457375833951075,0.00444773906597479,846,0.460992907801419,503,0.463220675944334,0.0852483320978503,0.127367215195745
3,DeepLearning_grid_2_AutoML_3_20260923_181403_model_2,DeepLearning,9,0,1,4026,1,1807,0.448832588176851,1809,0.449329359165425,-0.000496770988574258,3614,0.445766463752075,412,0.475728155339806,0.0914058618976652,0.0346439043537182
3,DeepLearning_grid_2_AutoML_3_20260923_181403_model_2,DeepLearning,9,0.025,1,889,0.220814704421262,423,0.475815523059618,432,0.485939257592801,-0.0101237345331833,601,0.48585690515807,288,0.454861111111111,0.0551181102362205,0.122453735924953
3,DeepLearning_grid_2_AutoML_3_20260923_181403_model_2,DeepLearning,9,0.05,1,676,0.167908594138102,327,0.483727810650888,325,0.480769230769231,0.00295857988165676,467,0.481798715203426,209,0.488038277511962,0.0473372781065089,0.149288871918257
3,DeepLearning_grid_2_AutoML_3_20260923_181403_model_2,DeepLearning,9,0.075,1,535,0.132886239443617,248,0.463551401869159,252,0.471028037383178,-0.00747663551401867,380,0.463157894736842,155,0.464516129032258,0.0542056074766355,0.172337427247826
3,XRT_1_AutoML_3_20260923_181403,DRF,10,0,1,4026,1,1811,0.449826130153999,1809,0.449329359165425,0.000496770988574313,2207,0.446760308110557,1819,0.453545904343046,0.0914058618976652,0.0715649062910842
3,XRT_1_AutoML_3_20260923_181403,DRF,10,0.025,1,3131,0.777694982613015,1413,0.451293516448419,1420,0.453529223890131,-0.00223570744171192,1734,0.449826989619377,1397,0.45311381531854,0.0897476844458639,0.0886046712222818
3,XRT_1_AutoML_3_20260923_181403,DRF,10,0.05,1,2323,0.576999503229011,1058,0.455445544554456,1036,0.445975032285837,0.00947051226861817,1335,0.445692883895131,988,0.468623481781377,0.0869565217391304,0.106484886083009
3,XRT_1_AutoML_3_20260923_181403,DRF,10,0.075,1,1603,0.398161947342275,751,0.46849656893325,724,0.451653150343107,0.0168434185901435,959,0.45881126173097,644,0.482919254658385,0.0810979413599501,0.126464273608612
3,DeepLearning_grid_3_AutoML_3_20260923_181403_model_1,DeepLearning,11,0,1,4026,1,1840,0.457029309488326,1809,0.449329359165425,0.00769995032290116,3726,0.451959205582394,300,0.52,0.0914058618976652,0.0350600661099798
3,DeepLearning_grid_3_AutoML_3_20260923_181403_model_1,DeepLearning,11,0.025,1,828,0.205663189269747,440,0.531400966183575,415,0.501207729468599,0.0301932367149759,665,0.526315789473684,163,0.552147239263804,0.0458937198067633,0.0815275945342613
3,DeepLearning_grid_3_AutoML_3_20260923_181403_model_1,DeepLearning,11,0.05,1,352,0.0874316939890711,179,0.508522727272727,172,0.488636363636364,0.0198863636363636,269,0.509293680297398,83,0.506024096385542,0.0397727272727273,0.144548557086331
3,DeepLearning_grid_3_AutoML_3_20260923_181403_model_1,DeepLearning,11,0.075,1,238,0.0591157476403378,126,0.529411764705882,115,0.483193277310924,0.046218487394958,180,0.516666666666667,58,0.568965517241379,0.0336134453781513,0.18518262320138
3,DeepLearning_grid_2_AutoML_3_20260923_181403_model_3,DeepLearning,12,0,1,4026,1,1867,0.463735717834079,1809,0.449329359165425,0.0144063586686538,1526,0.463958060288336,2500,0.4636,0.0914058618976652,0.0470802490826435
3,DeepLearning_grid_2_AutoML_3_20260923_181403_model_3,DeepLearning,12,0.025,1,1620,0.402384500745156,771,0.475925925925926,741,0.457407407407407,0.0185185185185185,1137,0.462620932277924,483,0.507246376811594,0.0666666666666667,0.0992520341152846
3,DeepLearning_grid_2_AutoML_3_20260923_181403_model_3,DeepLearning,12,0.05,1,1168,0.290114257327372,549,0.470034246575343,540,0.462328767123288,0.0077054794520548,797,0.461731493099122,371,0.487870619946092,0.0727739726027397,0.123148330043382
3,DeepLearning_grid_2_AutoML_3_20260923_181403_model_3,DeepLearning,12,0.075,1,831,0.206408345752608,393,0.472924187725632,388,0.46690734055355,0.00601684717208184,545,0.46605504587156,286,0.486013986013986,0.0613718411552347,0.148197114731767
3,GBM_4_AutoML_3_20260923_181403,GBM,13,0,1,4026,1,1816,0.451068057625435,1809,0.449329359165425,0.00173869846000996,2283,0.444152431011827,1743,0.460126219162364,0.0914058618976652,0.0814322824779335
3,GBM_4_AutoML_3_20260923_181403,GBM,13,0.025,1,3195,0.793591654247392,1448,0.45320813771518,1443,0.451643192488263,0.00156494522691708,1826,0.447973713033954,1369,0.460189919649379,0.0926447574334898,0.0993829256117185
3,GBM_4_AutoML_3_20260923_181403,GBM,13,0.05,1,2456,0.6100347739692,1114,0.453583061889251,1112,0.452768729641694,0.000814332247557004,1449,0.449965493443754,1007,0.458788480635551,0.0936482084690554,0.117996934256311
3,GBM_4_AutoML_3_20260923_181403,GBM,13,0.075,1,1825,0.453303527074019,823,0.450958904109589,827,0.453150684931507,-0.00219178082191779,1100,0.448181818181818,725,0.455172413793104,0.090958904109589,0.137275036930396
3,DeepLearning_grid_3_AutoML_3_20260923_181403_model_2,DeepLearning,14,0,1,4026,1,1836,0.456035767511177,1809,0.449329359165425,0.00670640834575265,1390,0.458273381294964,2636,0.454855842185129,0.0914058618976652,0.0620649420433053
3,DeepLearning_grid_3_AutoML_3_20260923_181403_model_2,DeepLearning,14,0.025,1,3157,0.784153005464481,1433,0.45391194171682,1424,0.451061133987963,0.00285080772885649,711,0.462728551336146,2446,0.451349141455438,0.0937598986379474,0.0747517850582897
3,DeepLearning_grid_3_AutoML_3_20260923_181403_model_2,DeepLearning,14,0.05,1,2772,0.688524590163934,1248,0.45021645021645,1237,0.446248196248196,0.00396825396825401,553,0.444846292947559,2219,0.451554754393871,0.0966810966810967,0.0799299655956416
3,DeepLearning_grid_3_AutoML_3_20260923_181403_model_2,DeepLearning,14,0.075,1,681,0.169150521609538,314,0.461086637298091,308,0.452276064610866,0.00881057268722463,404,0.445544554455446,277,0.483754512635379,0.066079295154185,0.149534712669508
3,DRF_1_AutoML_3_20260923_181403,DRF,15,0,1,4026,1,1827,0.453800298062593,1809,0.449329359165425,0.00447093889716843,2248,0.447508896797153,1778,0.461754780652418,0.0914058618976652,0.0749617944700552
3,DRF_1_AutoML_3_20260923_181403,DRF,15,0.025,1,3211,0.797565822155986,1456,0.453441295546559,1436,0.447212706322018,0.00622858922454067,1827,0.445539135194308,1384,0.463872832369942,0.0881345375272501,0.0908523466213273
3,DRF_1_AutoML_3_20260923_181403,DRF,15,0.05,1,2378,0.590660705414804,1083,0.45542472666106,1073,0.451219512195122,0.00420521446593775,1374,0.453420669577875,1004,0.458167330677291,0.0887300252312868,0.109602842668794
3,DRF_1_AutoML_3_20260923_181403,DRF,15,0.075,1,1683,0.418032786885246,774,0.459893048128342,766,0.45513963161022,0.00475341651812239,1010,0.461386138613861,673,0.457652303120357,0.0879382055852644,0.129072456160285
3,DeepLearning_grid_2_AutoML_3_20260923_181403_model_1,DeepLearning,16,0,1,4026,1,1844,0.458022851465474,1809,0.449329359165425,0.00869349230004968,1801,0.459744586340922,2225,0.456629213483146,0.0914058618976652,0.0693625797424216
3,DeepLearning_grid_2_AutoML_3_20260923_181403_model_1,DeepLearning,16,0.025,1,2972,0.738201689021361,1359,0.457267833109018,1328,0.446837146702557,0.0104306864064603,1284,0.458722741433022,1688,0.456161137440758,0.0938761776581427,0.0895880925021385
3,DeepLearning_grid_2_AutoML_3_20260923_181403_model_1,DeepLearning,16,0.05,1,2091,0.519374068554396,972,0.464849354375897,931,0.445241511238642,0.0196078431372549,905,0.465193370165746,1186,0.464586846543002,0.0894308943089431,0.11178661381371
3,DeepLearning_grid_2_AutoML_3_20260923_181403_model_1,DeepLearning,16,0.075,1,1390,0.345255837059116,635,0.456834532374101,627,0.451079136690647,0.00575539568345324,686,0.466472303206997,704,0.447443181818182,0.0913669064748201,0.136783860802533
3,GBM_grid_1_AutoML_3_20260923_181403_model_2,GBM,17,0,1,4026,1,1783,0.442871336313959,1809,0.449329359165425,-0.00645802285146546,2198,0.438580527752502,1828,0.448030634573304,0.0914058618976652,0.0723196067598927
3,GBM_grid_1_AutoML_3_20260923_181403_model_2,GBM,17,0.025,1,3080,0.765027322404372,1358,0.440909090909091,1384,0.449350649350649,-0.00844155844155842,1736,0.438364055299539,1344,0.444196428571429,0.0925324675324675,0.0907323074198142
3,GBM_grid_1_AutoML_3_20260923_181403_model_2,GBM,17,0.05,1,2221,0.551664182811724,982,0.442143178748312,1006,0.452949122017109,-0.0108059432687979,1296,0.442901234567901,925,0.441081081081081,0.0927510130571815,0.11140109045279
3,GBM_grid_1_AutoML_3_20260923_181403_model_2,GBM,17,0.075,1,1593,0.395678092399404,714,0.448210922787194,725,0.455116133082235,-0.00690521029504077,926,0.447084233261339,667,0.449775112443778,0.0860012554927809,0.130829540955331
3,GBM_grid_1_AutoML_3_20260923_181403_model_4,GBM,18,0,1,4026,1,1794,0.445603576751118,1809,0.449329359165425,-0.00372578241430699,2316,0.442141623488774,1710,0.450292397660819,0.0914058618976652,0.0755220598047656
3,GBM_grid_1_AutoML_3_20260923_181403_model_4,GBM,18,0.025,1,3172,0.787878787878788,1410,0.444514501891551,1417,0.44672131147541,-0.00220680958385877,1877,0.440063931806074,1295,0.450965250965251,0.0930012610340479,0.0925204258212671
3,GBM_grid_1_AutoML_3_20260923_181403_model_4,GBM,18,0.05,1,2386,0.592647789369101,1064,0.44593461860855,1071,0.448868398994132,-0.00293378038558256,1431,0.442348008385744,955,0.45130890052356,0.0896898575020956,0.110727096862813
3,GBM_grid_1_AutoML_3_20260923_181403_model_4,GBM,18,0.075,1,1706,0.42374565325385,781,0.457796014067995,771,0.451934349355217,0.00586166471277844,1058,0.45179584120983,648,0.467592592592593,0.0861664712778429,0.130153096782973
3,GBM_grid_1_AutoML_3_20260923_181403_model_6,GBM,19,0,1,4026,1,1849,0.45926477893691,1809,0.449329359165425,0.00993541977148538,2185,0.451716247139588,1841,0.468223791417708,0.0914058618976652,0.0918940027231796
3,GBM_grid_1_AutoML_3_20260923_181403_model_6,GBM,19,0.025,1,3340,0.829607550919026,1553,0.46497005988024,1502,0.449700598802395,0.0152694610778443,1846,0.456121343445287,1494,0.475903614457831,0.0901197604790419,0.108161844296397
3,GBM_grid_1_AutoML_3_20260923_181403_model_6,GBM,19,0.05,1,2690,0.66815697963239,1272,0.472862453531599,1218,0.452788104089219,0.0200743494423792,1530,0.465359477124183,1160,0.482758620689655,0.087732342007435,0.125147043777136
3,GBM_grid_1_AutoML_3_20260923_181403_model_6,GBM,19,0.075,1,2119,0.526328862394436,996,0.470033034450212,964,0.454931571495989,0.0151014629542237,1245,0.465060240963855,874,0.477116704805492,0.0868334119867862,0.142127512890712
3,DeepLearning_1_AutoML_3_20260923_181403,DeepLearning,20,0,1,4026,1,1838,0.456532538499752,1809,0.449329359165425,0.0072031793343269,1263,0.439429928741093,2763,0.464350343829171,0.0914058618976652,0.0814051174516919
3,DeepLearning_1_AutoML_3_20260923_181403,DeepLearning,20,0.025,1,3287,0.816443119721808,1504,0.457560085184058,1467,0.446303620322483,0.0112564648615759,951,0.430073606729758,2336,0.46875,0.0879221174323091,0.0969046741244273
3,DeepLearning_1_AutoML_3_20260923_181403,DeepLearning,20,0.05,1,2567,0.637605563835072,1202,0.468250876509544,1151,0.44838332684067,0.0198675496688742,712,0.442415730337079,1855,0.478167115902965,0.0806388780677834,0.113529222657332
3,DeepLearning_1_AutoML_3_20260923_181403,DeepLearning,20,0.075,1,1855,0.460755091902633,855,0.460916442048518,821,0.442587601078167,0.0183288409703504,510,0.425490196078431,1345,0.474349442379182,0.0835579514824798,0.13311962752964
3,GBM_grid_1_AutoML_3_20260923_181403_model_1,GBM,21,0,1,4026,1,1809,0.449329359165425,1809,0.449329359165425,0,2217,0.442489851150203,1809,0.45771144278607,0.0914058618976652,0.0950329251672544
3,GBM_grid_1_AutoML_3_20260923_181403_model_1,GBM,21,0.025,1,3374,0.838052657724789,1518,0.449911084765857,1513,0.448429164196799,0.00148192056905749,1877,0.441662226957912,1497,0.460253841015364,0.0892116182572614,0.11091920557297
3,GBM_grid_1_AutoML_3_20260923_181403_model_1,GBM,21,0.05,1,2729,0.677844013909588,1240,0.454378893367534,1226,0.449248809087578,0.00513008427995604,1539,0.444444444444444,1190,0.467226890756303,0.0883107365335288,0.128318740675834
3,GBM_grid_1_AutoML_3_20260923_181403_model_1,GBM,21,0.075,1,2127,0.528315946348733,979,0.460272684532205,942,0.442877291960508,0.0173953925716973,1219,0.442165709598031,908,0.484581497797357,0.0846262341325811,0.147075616980483
3,DeepLearning_grid_1_AutoML_3_20260923_181403_model_2,DeepLearning,22,0,1,4026,1,1820,0.452061599602583,1809,0.449329359165425,0.00273224043715847,2768,0.451950867052023,1258,0.452305246422894,0.0914058618976652,0.0983494010274342
3,DeepLearning_grid_1_AutoML_3_20260923_181403_model_2,DeepLearning,22,0.025,1,3222,0.800298062593144,1449,0.449720670391061,1447,0.449099937926754,0.000620732464307883,2352,0.450680272108844,870,0.447126436781609,0.0931098696461825,0.11956822267556
3,DeepLearning_grid_1_AutoML_3_20260923_181403_model_2,DeepLearning,22,0.05,1,2480,0.615996025832092,1108,0.446774193548387,1098,0.442741935483871,0.00403225806451613,1900,0.443684210526316,580,0.456896551724138,0.0899193548387097,0.144235191314815
3,DeepLearning_grid_1_AutoML_3_20260923_181403_model_2,DeepLearning,22,0.075,1,1931,0.479632389468455,851,0.440704298291041,845,0.437597099948213,0.00310719834282752,1573,0.434837889383344,358,0.466480446927374,0.0838943552563439,0.167688159836852
3,DeepLearning_grid_1_AutoML_3_20260923_181403_model_3,DeepLearning,23,0,1,4026,1,1870,0.46448087431694,1809,0.449329359165425,0.0151515151515152,2495,0.457314629258517,1531,0.47615937295885,0.0914058618976652,0.0948382778447664
3,DeepLearning_grid_1_AutoML_3_20260923_181403_model_3,DeepLearning,23,0.025,1,3251,0.807501241927471,1529,0.470316825592126,1482,0.455859735466011,0.0144570901261151,2095,0.464439140811456,1156,0.480968858131488,0.085819747769917,0.114406634682955
3,DeepLearning_grid_1_AutoML_3_20260923_181403_model_3,DeepLearning,23,0.05,1,2554,0.634376552409339,1221,0.478073610023493,1172,0.458888018794049,0.019185591229444,1733,0.470282746682054,821,0.494518879415347,0.0787000783085356,0.135448612032411
3,DeepLearning_grid_1_AutoML_3_20260923_181403_model_3,DeepLearning,23,0.075,1,1967,0.488574267262792,949,0.482460599898322,913,0.464158617183528,0.0183019827147941,1401,0.474660956459672,566,0.501766784452297,0.0767666497203864,0.157295217921127
3,DeepLearning_grid_1_AutoML_3_20260923_181403_model_1,DeepLearning,24,0,1,4026,1,1847,0.458768007948336,1809,0.449329359165425,0.00943864878291112,2124,0.451035781544256,1902,0.467402733964248,0.0914058618976652,0.130506043054397
3,DeepLearning_grid_1_AutoML_3_20260923_181403_model_1,DeepLearning,24,0.025,1,3520,0.87431693989071,1630,0.463068181818182,1591,0.451988636363636,0.0110795454545455,1867,0.457953936797001,1653,0.468844525105868,0.090625,0.147470469188005
3,DeepLearning_grid_1_AutoML_3_20260923_181403_model_1,DeepLearning,24,0.05,1,3054,0.758569299552906,1412,0.462344466273739,1373,0.449574328749181,0.012770137524558,1607,0.454884878655881,1447,0.470628887353144,0.0913555992141454,0.164286267847881
3,DeepLearning_grid_1_AutoML_3_20260923_181403_model_1,DeepLearning,24,0.075,1,2615,0.649528067560854,1201,0.459273422562142,1181,0.451625239005736,0.00764818355640534,1375,0.452363636363636,1240,0.466935483870968,0.0887189292543021,0.181431577284797
3,GBM_grid_1_AutoML_3_20260923_181403_model_5,GBM,25,0,1,4026,1,1816,0.451068057625435,1809,0.449329359165425,0.00173869846000996,2161,0.445164275798242,1865,0.457908847184987,0.0914058618976652,0.144870802065082
3,GBM_grid_1_AutoML_3_20260923_181403_model_5,GBM,25,0.025,1,3644,0.905116741182315,1647,0.451975850713502,1645,0.451427003293085,0.000548847420417109,1952,0.448258196721311,1692,0.456264775413712,0.0889132821075741,0.158744987856581
3,GBM_grid_1_AutoML_3_20260923_181403_model_5,GBM,25,0.05,1,3224,0.800794833581719,1448,0.449131513647643,1451,0.450062034739454,-0.000930521091811409,1736,0.445276497695853,1488,0.453629032258065,0.0896401985111663,0.174507322375134
3,GBM_grid_1_AutoML_3_20260923_181403_model_5,GBM,25,0.075,1,2840,0.70541480377546,1276,0.449295774647887,1279,0.450352112676056,-0.00105633802816901,1537,0.445673389720234,1303,0.453568687643899,0.0897887323943662,0.189853003836539
5,DeepLearning_grid_2_AutoML_4_20260923_182429_model_2,DeepLearning,1,0,1,4022,1,1874,0.465937344604674,1873,0.465688712083541,0.000248632521133774,3758,0.464874933475253,264,0.481060606060606,0.078070611636002,0.0461820382638881
5,DeepLearning_grid_2_AutoML_4_20260923_182429_model_2,DeepLearning,1,0.025,1,3917,0.973893585280955,1821,0.464896604544294,1824,0.465662496808782,-0.000765892264488144,3703,0.464218201458277,214,0.476635514018692,0.0788869032422773,0.0470806639488827
5,DeepLearning_grid_2_AutoML_4_20260923_182429_model_2,DeepLearning,1,0.05,1,647,0.160865241173546,302,0.46676970633694,307,0.474497681607419,-0.00772797527047914,476,0.466386554621849,171,0.467836257309942,0.0695517774343122,0.103655667311908
5,DeepLearning_grid_2_AutoML_4_20260923_182429_model_2,DeepLearning,1,0.075,1,379,0.0942317255096967,161,0.424802110817942,177,0.467018469656992,-0.0422163588390501,240,0.420833333333333,139,0.431654676258993,0.0527704485488127,0.133941847198843
5,GLM_1_AutoML_4_20260923_182429,GLM,2,0,1,4022,1,1859,0.462207856787668,1873,0.465688712083541,-0.00348085529587266,3975,0.463647798742138,47,0.340425531914894,0.078070611636002,0.0170264466321335
5,GLM_1_AutoML_4_20260923_182429,GLM,2,0.025,1,381,0.0947289905519642,185,0.485564304461942,187,0.490813648293963,-0.00524934383202097,379,0.488126649076517,2,0,0.0551181102362205,0.0285558588634708
5,GLM_1_AutoML_4_20260923_182429,GLM,2,0.05,1,4,0.000994530084535057,3,0.75,3,0.75,0,4,0.75,0,,0,0.0591921769651727
5,DeepLearning_grid_3_AutoML_4_20260923_182429_model_3,DeepLearning,3,0,1,4022,1,1871,0.465191447041273,1873,0.465688712083541,-0.000497265042267492,4006,0.465302046929606,16,0.4375,0.078070611636002,0.0158220483755036
5,DeepLearning_grid_3_AutoML_4_20260923_182429_model_1,DeepLearning,4,0,1,4022,1,1864,0.463451019393337,1873,0.465688712083541,-0.00223769269020385,3932,0.463886063072228,90,0.444444444444444,0.078070611636002,0.0484660437829181
5,DeepLearning_grid_3_AutoML_4_20260923_182429_model_1,DeepLearning,4,0.025,1,3886,0.966185977125808,1803,0.463973237261966,1805,0.464487905301081,-0.000514668039114763,3836,0.463764337851929,50,0.48,0.0784868759650026,0.0496186674099124
5,DeepLearning_grid_3_AutoML_4_20260923_182429_model_1,DeepLearning,4,0.05,1,1633,0.406016907011437,759,0.464788732394366,759,0.464788732394366,0,1605,0.464174454828661,28,0.5,0.065523576240049,0.0593074686801686
5,DeepLearning_grid_3_AutoML_4_20260923_182429_model_1,DeepLearning,4,0.075,1,140,0.034808552958727,66,0.471428571428571,70,0.5,-0.0285714285714286,128,0.484375,12,0.333333333333333,0.0285714285714286,0.0878745722712539
5,GBM_grid_1_AutoML_4_20260923_182429_model_3,GBM,5,0,1,4022,1,1881,0.467677772252611,1873,0.465688712083541,0.00198906016907013,2967,0.468486686889114,1055,0.465402843601896,0.078070611636002,0.0318675729310919
5,GBM_grid_1_AutoML_4_20260923_182429_model_3,GBM,5,0.025,1,1973,0.490551964196917,922,0.467308667004562,941,0.476938672072985,-0.00963000506842371,1562,0.473751600512164,411,0.442822384428224,0.0709579320831222,0.0527033539508297
5,GBM_grid_1_AutoML_4_20260923_182429_model_3,GBM,5,0.05,1,797,0.19816011934361,376,0.47176913425345,372,0.466750313676286,0.00501882057716441,609,0.469622331691297,188,0.478723404255319,0.0614805520702635,0.0775976446138728
5,GBM_grid_1_AutoML_4_20260923_182429_model_3,GBM,5,0.075,1,320,0.0795624067628046,151,0.471875,146,0.45625,0.015625,217,0.460829493087558,103,0.495145631067961,0.05,0.102701003748875
5,DeepLearning_grid_2_AutoML_4_20260923_182429_model_3,DeepLearning,6,0,1,4022,1,1873,0.465688712083541,1873,0.465688712083541,0,3896,0.464835728952772,126,0.492063492063492,0.078070611636002,0.0154901436664404
5,DeepLearning_grid_2_AutoML_4_20260923_182429_model_3,DeepLearning,6,0.025,1,712,0.17702635504724,355,0.498595505617978,351,0.492977528089888,0.0056179775280899,687,0.496360989810771,25,0.56,0.0421348314606742,0.0504043556608103
5,DeepLearning_grid_2_AutoML_4_20260923_182429_model_3,DeepLearning,6,0.05,1,255,0.0634012928891099,128,0.501960784313726,127,0.498039215686275,0.00392156862745097,254,0.5,1,1,0.0352941176470588,0.0771647716508821
5,DeepLearning_grid_2_AutoML_4_20260923_182429_model_3,DeepLearning,6,0.075,1,117,0.0290900049726504,66,0.564102564102564,66,0.564102564102564,0,117,0.564102564102564,0,,0.0256410256410256,0.0970006111305195
5,GBM_2_AutoML_4_20260923_182429,GBM,7,0,1,4022,1,1892,0.470412729985082,1873,0.465688712083541,0.00472401790154153,2493,0.474127557160048,1529,0.464355788096795,0.078070611636002,0.0494132151801686
5,GBM_2_AutoML_4_20260923_182429,GBM,7,0.025,1,2561,0.63674788662357,1195,0.466614603670441,1193,0.46583365872706,0.00078094494338149,1711,0.468731735827002,850,0.462352941176471,0.0761421319796954,0.070675011364826
5,GBM_2_AutoML_4_20260923_182429,GBM,7,0.05,1,1526,0.379413227250124,713,0.467234600262123,706,0.46264744429882,0.00458715596330278,1061,0.464655984919887,465,0.473118279569893,0.0773263433813893,0.0939532726402905
5,GBM_2_AutoML_4_20260923_182429,GBM,7,0.075,1,935,0.23247140726007,443,0.47379679144385,441,0.471657754010695,0.00213903743315508,650,0.472307692307692,285,0.47719298245614,0.06524064171123,0.114670008539619
5,GBM_grid_1_AutoML_4_20260923_182429_model_7,GBM,8,0,1,4022,1,1878,0.466931874689209,1873,0.465688712083541,0.00124316260566881,2515,0.468389662027833,1507,0.46449900464499,0.078070611636002,0.0472939867017693
5,GBM_grid_1_AutoML_4_20260923_182429_model_7,GBM,8,0.025,1,2585,0.642715067130781,1203,0.465377176015474,1195,0.462282398452611,0.00309477756286269,1735,0.462824207492795,850,0.470588235294118,0.0723404255319149,0.0667362529638925
5,GBM_grid_1_AutoML_4_20260923_182429_model_7,GBM,8,0.05,1,1495,0.371705619094978,691,0.462207357859532,695,0.464882943143813,-0.00267558528428097,1037,0.462873674059788,458,0.460698689956332,0.0722408026755853,0.0886059715486892
5,GBM_grid_1_AutoML_4_20260923_182429_model_7,GBM,8,0.075,1,822,0.204375932371954,384,0.467153284671533,389,0.47323600973236,-0.00608272506082724,561,0.470588235294118,261,0.459770114942529,0.0778588807785888,0.110825977194489
5,XRT_1_AutoML_4_20260923_182429,DRF,9,0,1,4022,1,1882,0.467926404773744,1873,0.465688712083541,0.00223769269020391,2270,0.47136563876652,1752,0.463470319634703,0.078070611636002,0.0672758945485986
5,XRT_1_AutoML_4_20260923_182429,DRF,9,0.025,1,3063,0.76156141223272,1450,0.473392099249102,1431,0.46718903036239,0.0062030688867124,1782,0.478675645342312,1281,0.466042154566745,0.0777015997388182,0.084478137671669
5,XRT_1_AutoML_4_20260923_182429,DRF,9,0.05,1,2199,0.546742913973148,1041,0.473396998635744,1042,0.473851750795816,-0.000454752160072736,1312,0.485518292682927,887,0.455467869222097,0.0809458844929513,0.102998424151327
5,XRT_1_AutoML_4_20260923_182429,DRF,9,0.075,1,1480,0.367976131277971,705,0.476351351351351,718,0.485135135135135,-0.00878378378378375,922,0.493492407809111,558,0.448028673835125,0.0763513513513514,0.122688962588137
5,GBM_5_AutoML_4_20260923_182429,GBM,10,0,1,4022,1,1911,0.475136747886624,1873,0.465688712083541,0.00944803580308307,2526,0.477434679334917,1496,0.471256684491979,0.078070611636002,0.0473315916188624
5,GBM_5_AutoML_4_20260923_182429,GBM,10,0.025,1,2535,0.630283441074093,1215,0.479289940828402,1172,0.46232741617357,0.0169625246548323,1710,0.476023391812866,825,0.486060606060606,0.0765285996055227,0.0679706033361704
5,GBM_5_AutoML_4_20260923_182429,GBM,10,0.05,1,1456,0.362008950770761,704,0.483516483516484,688,0.472527472527473,0.010989010989011,1029,0.484936831875607,427,0.480093676814988,0.0776098901098901,0.0912765897327707
5,GBM_5_AutoML_4_20260923_182429,GBM,10,0.075,1,810,0.201392342118349,386,0.476543209876543,392,0.483950617283951,-0.00740740740740742,563,0.490230905861457,247,0.445344129554656,0.0777777777777778,0.115064639782271
5,GBM_1_AutoML_4_20260923_182429,GBM,11,0,1,4022,1,1888,0.469418199900547,1873,0.465688712083541,0.00372948781700649,2357,0.473907509546033,1665,0.463063063063063,0.078070611636002,0.0549636748529473
5,GBM_1_AutoML_4_20260923_182429,GBM,11,0.025,1,2918,0.725509696668324,1368,0.468814256339959,1356,0.464701850582591,0.00411240575736804,1780,0.473033707865169,1138,0.462214411247803,0.0757368060315285,0.071253064187401
5,GBM_1_AutoML_4_20260923_182429,GBM,11,0.05,1,1895,0.471158627548483,907,0.478627968337731,892,0.470712401055409,0.0079155672823219,1195,0.482008368200837,700,0.472857142857143,0.0691292875989446,0.0897950342035035
5,GBM_1_AutoML_4_20260923_182429,GBM,11,0.075,1,1111,0.276230730979612,529,0.476147614761476,528,0.475247524752475,0.000900090009000931,736,0.487771739130435,375,0.453333333333333,0.0792079207920792,0.109620656500683
5,DRF_1_AutoML_4_20260923_182429,DRF,12,0,1,4022,1,1848,0.459472899055196,1873,0.465688712083541,-0.00621581302834412,2309,0.463404071026418,1713,0.454173963806188,0.078070611636002,0.0671606584334307
5,DRF_1_AutoML_4_20260923_182429,DRF,12,0.025,1,3066,0.762307309796121,1415,0.461513372472277,1440,0.469667318982387,-0.00815394651011087,1795,0.466295264623955,1271,0.454760031471283,0.071102413568167,0.0842905612180337
5,DRF_1_AutoML_4_20260923_182429,DRF,12,0.05,1,2220,0.551964196916957,1015,0.457207207207207,1027,0.462612612612613,-0.00540540540540541,1335,0.456179775280899,885,0.458757062146893,0.0738738738738739,0.102248208550503
5,DRF_1_AutoML_4_20260923_182429,DRF,12,0.075,1,1498,0.372451516658379,678,0.45260347129506,707,0.47196261682243,-0.0193591455273698,920,0.460869565217391,578,0.439446366782007,0.0720961281708945,0.121717570896016
5,GBM_3_AutoML_4_20260923_182429,GBM,13,0,1,4022,1,1884,0.468423669816012,1873,0.465688712083541,0.0027349577324714,2402,0.472939217318901,1620,0.461728395061728,0.078070611636002,0.0541200337368806
5,GBM_3_AutoML_4_20260923_182429,GBM,13,0.025,1,2761,0.686474390850323,1277,0.462513582035494,1298,0.470119521912351,-0.00760593987685626,1744,0.469610091743119,1017,0.450344149459194,0.0727997102499095,0.0732800029014139
5,GBM_3_AutoML_4_20260923_182429,GBM,13,0.05,1,1703,0.423421183490801,790,0.463887257780388,819,0.480916030534351,-0.0170287727539636,1100,0.476363636363636,603,0.441127694859038,0.0675278919553729,0.0957970603470826
5,GBM_3_AutoML_4_20260923_182429,GBM,13,0.075,1,1015,0.252362008950771,469,0.462068965517241,479,0.47192118226601,-0.00985221674876852,680,0.467647058823529,335,0.450746268656716,0.0630541871921182,0.119297468457304
5,GBM_grid_1_AutoML_4_20260923_182429_model_2,GBM,14,0,1,4022,1,1868,0.464445549477872,1873,0.465688712083541,-0.00124316260566881,2481,0.466747279322854,1541,0.460739779364049,0.078070611636002,0.060565084529323
5,GBM_grid_1_AutoML_4_20260923_182429_model_2,GBM,14,0.025,1,2874,0.714569865738439,1362,0.473903966597077,1358,0.472512178148921,0.00139178844815585,1872,0.478632478632479,1002,0.465069860279441,0.0751565762004175,0.0798806438584575
5,GBM_grid_1_AutoML_4_20260923_182429_model_2,GBM,14,0.05,1,1906,0.473893585280955,919,0.482161594963274,895,0.469569779643232,0.012591815320042,1269,0.483057525610717,637,0.480376766091052,0.0750262329485834,0.101674736621892
5,GBM_grid_1_AutoML_4_20260923_182429_model_2,GBM,14,0.075,1,1229,0.305569368473396,581,0.472742066720911,560,0.455655004068348,0.017087062652563,819,0.466422466422467,410,0.485365853658537,0.0756712774613507,0.123563537656868
5,GBM_grid_1_AutoML_4_20260923_182429_model_4,GBM,15,0,1,4022,1,1806,0.449030333167578,1873,0.465688712083541,-0.0166583789159622,2341,0.455360956856045,1681,0.440214158239143,0.078070611636002,0.0644209320067052
5,GBM_grid_1_AutoML_4_20260923_182429_model_4,GBM,15,0.025,1,2996,0.744903033316758,1371,0.457610146862483,1394,0.465287049399199,-0.0076769025367156,1816,0.463105726872247,1180,0.449152542372881,0.0761014686248331,0.0822803910030071
5,GBM_grid_1_AutoML_4_20260923_182429_model_4,GBM,15,0.05,1,2089,0.519393336648434,956,0.457635232168502,975,0.46673049305888,-0.00909526089037821,1321,0.461771385314156,768,0.450520833333333,0.0713259932982288,0.10188875876574
5,GBM_grid_1_AutoML_4_20260923_182429_model_4,GBM,15,0.075,1,1382,0.343610144206862,637,0.460926193921852,640,0.463096960926194,-0.00217076700434149,893,0.460246360582307,489,0.462167689161554,0.065123010130246,0.122314219662337
5,DeepLearning_1_AutoML_4_20260923_182429,DeepLearning,16,0,1,4022,1,1838,0.456986573843859,1873,0.465688712083541,-0.00870213823968174,1103,0.466001813236627,2919,0.453579993148339,0.078070611636002,0.0540790487656195
5,DeepLearning_1_AutoML_4_20260923_182429,DeepLearning,16,0.025,1,2935,0.729736449527598,1354,0.461328790459966,1359,0.463032367972743,-0.00170357751277683,650,0.478461538461538,2285,0.456455142231948,0.0824531516183986,0.0693966148773647
5,DeepLearning_1_AutoML_4_20260923_182429,DeepLearning,16,0.05,1,1859,0.462207856787668,842,0.452931683700914,856,0.460462614308768,-0.0075309306078537,338,0.464497041420118,1521,0.450361604207758,0.0882194728348575,0.0879945310733258
5,DeepLearning_1_AutoML_4_20260923_182429,DeepLearning,16,0.075,1,1040,0.258577821979115,473,0.454807692307692,476,0.457692307692308,-0.00288461538461537,175,0.497142857142857,865,0.446242774566474,0.0980769230769231,0.108683922115836
5,GBM_4_AutoML_4_20260923_182429,GBM,17,0,1,4022,1,1874,0.465937344604674,1873,0.465688712083541,0.000248632521133774,2320,0.468534482758621,1702,0.462397179788484,0.078070611636002,0.0700015379656879
5,GBM_4_AutoML_4_20260923_182429,GBM,17,0.025,1,3064,0.761810044753854,1435,0.468342036553525,1444,0.471279373368146,-0.00293733681462144,1806,0.473421926910299,1258,0.461049284578696,0.0757180156657964,0.0880115537821132
5,GBM_4_AutoML_4_20260923_182429,GBM,17,0.05,1,2191,0.544753853804078,1023,0.466910086718393,1036,0.472843450479233,-0.00593336376083981,1340,0.472388059701493,851,0.45828437132785,0.0712003651300776,0.108152450680812
5,GBM_4_AutoML_4_20260923_182429,GBM,17,0.075,1,1520,0.377921432123322,697,0.458552631578947,741,0.4875,-0.0289473684210526,961,0.478668054110302,559,0.42397137745975,0.068421052631579,0.128605644161972
5,DeepLearning_grid_2_AutoML_4_20260923_182429_model_1,DeepLearning,18,0,1,4022,1,1876,0.466434609646942,1873,0.465688712083541,0.000745897563401321,2504,0.474840255591054,1518,0.452569169960474,0.078070611636002,0.0545434670632106
5,DeepLearning_grid_2_AutoML_4_20260923_182429_model_1,DeepLearning,18,0.025,1,2341,0.582048731974142,1100,0.469884664673217,1074,0.45877829987185,0.011106364801367,1689,0.465364120781528,652,0.48159509202454,0.0683468603161042,0.0850076979974139
5,DeepLearning_grid_2_AutoML_4_20260923_182429_model_1,DeepLearning,18,0.05,1,1344,0.334162108403779,638,0.474702380952381,641,0.476934523809524,-0.0022321428571429,1156,0.474913494809689,188,0.473404255319149,0.0565476190476191,0.12148502052292
5,DeepLearning_grid_2_AutoML_4_20260923_182429_model_1,DeepLearning,18,0.075,1,933,0.231974142217802,421,0.451232583065381,438,0.469453376205788,-0.0182207931404073,811,0.456226880394575,122,0.418032786885246,0.0482315112540193,0.148054296766117
5,DeepLearning_grid_1_AutoML_4_20260923_182429_model_3,DeepLearning,19,0,1,4022,1,1892,0.470412729985082,1873,0.465688712083541,0.00472401790154153,2549,0.470772852098862,1473,0.469789545145961,0.078070611636002,0.0677756564965777
5,DeepLearning_grid_1_AutoML_4_20260923_182429_model_3,DeepLearning,19,0.025,1,3041,0.756091496767777,1445,0.475172640578757,1425,0.46859585662611,0.00657678395264716,2032,0.474409448818898,1009,0.476709613478692,0.0746464978625452,0.0856693152566598
5,DeepLearning_grid_1_AutoML_4_20260923_182429_model_3,DeepLearning,19,0.05,1,2180,0.542018896071606,1038,0.476146788990826,1009,0.462844036697248,0.013302752293578,1530,0.469934640522876,650,0.490769230769231,0.0752293577981651,0.104901338508249
5,DeepLearning_grid_1_AutoML_4_20260923_182429_model_3,DeepLearning,19,0.075,1,1467,0.364743908503232,695,0.473755964553511,683,0.465576005453306,0.00817995910020447,1088,0.46875,379,0.488126649076517,0.070892978868439,0.125654129308105
5,GBM_grid_1_AutoML_4_20260923_182429_model_6,GBM,20,0,1,4022,1,1851,0.460218796618598,1873,0.465688712083541,-0.0054699154649428,2176,0.465533088235294,1846,0.453954496208017,0.078070611636002,0.0838303993951912
5,GBM_grid_1_AutoML_4_20260923_182429_model_6,GBM,20,0.025,1,3308,0.822476379910492,1531,0.462817412333736,1540,0.465538089480048,-0.00272067714631197,1841,0.469310157523085,1467,0.4546693933197,0.0798065296251512,0.0991976863228384
5,GBM_grid_1_AutoML_4_20260923_182429_model_6,GBM,20,0.05,1,2528,0.628543013426156,1171,0.463212025316456,1153,0.456091772151899,0.007120253164557,1414,0.46039603960396,1114,0.466786355475763,0.0791139240506329,0.118319896421947
5,GBM_grid_1_AutoML_4_20260923_182429_model_6,GBM,20,0.075,1,1880,0.467429139731477,887,0.471808510638298,858,0.456382978723404,0.0154255319148936,1069,0.467726847521048,811,0.477188655980271,0.073936170212766,0.137492624400949
5,GBM_grid_1_AutoML_4_20260923_182429_model_1,GBM,21,0,1,4022,1,1880,0.467429139731477,1873,0.465688712083541,0.00174042764793636,2220,0.474324324324324,1802,0.458934517203108,0.078070611636002,0.0893314018533957
5,GBM_grid_1_AutoML_4_20260923_182429_model_1,GBM,21,0.025,1,3297,0.819741422178021,1553,0.471034273582044,1538,0.466484683045193,0.00454959053685172,1862,0.477443609022556,1435,0.462717770034843,0.0761298149833182,0.106309142154203
5,GBM_grid_1_AutoML_4_20260923_182429_model_1,GBM,21,0.05,1,2618,0.650919940328195,1238,0.472880061115355,1220,0.466004583651643,0.00687547746371275,1520,0.477631578947368,1098,0.466302367941712,0.0744843391902215,0.124132444064459
5,GBM_grid_1_AutoML_4_20260923_182429_model_1,GBM,21,0.075,1,2028,0.504226752859274,949,0.467948717948718,939,0.46301775147929,0.00493096646942803,1183,0.473372781065089,845,0.460355029585799,0.0793885601577909,0.142090259747477
5,DeepLearning_grid_3_AutoML_4_20260923_182429_model_2,DeepLearning,22,0,1,4022,1,1873,0.465688712083541,1873,0.465688712083541,0,4022,0.465688712083541,0,,0.078070611636002,0.156826084976165
5,DeepLearning_grid_3_AutoML_4_20260923_182429_model_2,DeepLearning,22,0.025,1,4022,1,1873,0.465688712083541,1873,0.465688712083541,0,4022,0.465688712083541,0,,0.078070611636002,0.156826084976165
5,DeepLearning_grid_3_AutoML_4_20260923_182429_model_2,DeepLearning,22,0.05,1,4022,1,1873,0.465688712083541,1873,0.465688712083541,0,4022,0.465688712083541,0,,0.078070611636002,0.156826084976165
5,DeepLearning_grid_3_AutoML_4_20260923_182429_model_2,DeepLearning,22,0.075,1,4022,1,1873,0.465688712083541,1873,0.465688712083541,0,4022,0.465688712083541,0,,0.078070611636002,0.156826084976165
5,DeepLearning_grid_1_AutoML_4_20260923_182429_model_2,DeepLearning,23,0,1,4022,1,1856,0.461461959224267,1873,0.465688712083541,-0.00422675285927399,2973,0.46619576185671,1049,0.448045757864633,0.078070611636002,0.0968317085239797
5,DeepLearning_grid_1_AutoML_4_20260923_182429_model_2,DeepLearning,23,0.025,1,3594,0.893585280954749,1671,0.464941569282137,1669,0.464385086254869,0.000556483027267629,2741,0.466618022619482,853,0.459554513481829,0.0765164162493044,0.106871404949363
5,DeepLearning_grid_1_AutoML_4_20260923_182429_model_2,DeepLearning,23,0.05,1,2018,0.501740427647936,951,0.471258671952428,940,0.465807730426165,0.00545094152626363,1329,0.475545522949586,689,0.462989840348331,0.0797819623389495,0.162742952275445
5,DeepLearning_grid_1_AutoML_4_20260923_182429_model_2,DeepLearning,23,0.075,1,1587,0.394579811039284,747,0.47069943289225,745,0.469439193446755,0.00126023944549464,1038,0.476878612716763,549,0.459016393442623,0.0793950850661626,0.190115583233844
5,DeepLearning_grid_1_AutoML_4_20260923_182429_model_1,DeepLearning,24,0,1,4022,1,1853,0.460716061660865,1873,0.465688712083541,-0.00497265042267525,2318,0.463330457290768,1704,0.457159624413146,0.078070611636002,0.133685336258339
5,DeepLearning_grid_1_AutoML_4_20260923_182429_model_1,DeepLearning,24,0.025,1,3566,0.886623570363003,1642,0.460459899046551,1666,0.467190128996074,-0.00673022994952327,2098,0.463775023832221,1468,0.455722070844687,0.0790802019068985,0.149141088790832
5,DeepLearning_grid_1_AutoML_4_20260923_182429_model_1,DeepLearning,24,0.05,1,3116,0.77473893585281,1448,0.464698331193838,1469,0.471437740693196,-0.00673940949935814,1861,0.470177324019344,1255,0.456573705179283,0.0754172015404365,0.165306461212804
5,DeepLearning_grid_1_AutoML_4_20260923_182429_model_1,DeepLearning,24,0.075,1,2650,0.658876181004476,1231,0.464528301886792,1250,0.471698113207547,-0.00716981132075473,1596,0.471177944862155,1054,0.454459203036053,0.0754716981132076,0.183306522032819
5,GBM_grid_1_AutoML_4_20260923_182429_model_5,GBM,25,0,1,4022,1,1848,0.459472899055196,1873,0.465688712083541,-0.00621581302834412,2162,0.464847363552266,1860,0.453225806451613,0.078070611636002,0.141750346609826
5,GBM_grid_1_AutoML_4_20260923_182429_model_5,GBM,25,0.025,1,3605,0.89632023868722,1656,0.459361997226075,1670,0.463245492371706,-0.00388349514563108,1949,0.462288353001539,1656,0.455917874396135,0.0779472954230236,0.156735492414581
5,GBM_grid_1_AutoML_4_20260923_182429_model_5,GBM,25,0.05,1,3222,0.801093983092989,1469,0.45592799503414,1498,0.464928615766605,-0.00900062073246433,1762,0.461975028376845,1460,0.448630136986301,0.0794537554314091,0.170908678854919
5,GBM_grid_1_AutoML_4_20260923_182429_model_5,GBM,25,0.075,1,2791,0.693933366484336,1270,0.455034037979219,1302,0.466499462558223,-0.0114654245790039,1546,0.461836998706339,1245,0.446586345381526,0.0777499104263705,0.187681411701518
7,GLM_1_AutoML_5_20260923_183457,GLM,1,0,1,4020,1,1900,0.472636815920398,1899,0.472388059701493,0.000248756218905466,3893,0.471872591831493,127,0.496062992125984,0.0582089552238806,0.024016344793575
7,GLM_1_AutoML_5_20260923_183457,GLM,1,0.025,1,1662,0.413432835820896,811,0.487966305655836,816,0.490974729241877,-0.00300842358604092,1647,0.489374620522162,15,0.333333333333333,0.0433212996389892,0.0350472292774025
7,GLM_1_AutoML_5_20260923_183457,GLM,1,0.05,1,112,0.0278606965174129,52,0.464285714285714,53,0.473214285714286,-0.0089285714285714,109,0.467889908256881,3,0.333333333333333,0.00892857142857143,0.0644918821936845
7,GLM_1_AutoML_5_20260923_183457,GLM,1,0.075,1,16,0.00398009950248756,9,0.5625,9,0.5625,0,14,0.571428571428571,2,0.5,0,0.0961121073196638
7,DeepLearning_grid_3_AutoML_5_20260923_183457_model_2,DeepLearning,2,0,1,4020,1,1899,0.472388059701493,1899,0.472388059701493,0,4020,0.472388059701493,0,,0.0582089552238806,0.0271260583686089
7,DeepLearning_grid_3_AutoML_5_20260923_183457_model_2,DeepLearning,2,0.025,1,4020,1,1899,0.472388059701493,1899,0.472388059701493,0,4020,0.472388059701493,0,,0.0582089552238806,0.0271260583686089
7,GBM_grid_1_AutoML_5_20260923_183457_model_3,GBM,3,0,1,4020,1,1929,0.479850746268657,1899,0.472388059701493,0.00746268656716415,2888,0.479570637119114,1132,0.480565371024735,0.0582089552238806,0.0400241052490474
7,GBM_grid_1_AutoML_5_20260923_183457_model_3,GBM,3,0.025,1,2580,0.641791044776119,1239,0.480232558139535,1218,0.472093023255814,0.00813953488372093,2015,0.478411910669975,565,0.486725663716814,0.0523255813953488,0.055090363997086
7,GBM_grid_1_AutoML_5_20260923_183457_model_3,GBM,3,0.05,1,1192,0.296517412935323,562,0.471476510067114,562,0.471476510067114,0,954,0.470649895178197,238,0.474789915966387,0.0402684563758389,0.076423913728033
7,GBM_grid_1_AutoML_5_20260923_183457_model_3,GBM,3,0.075,1,447,0.111194029850746,213,0.476510067114094,223,0.498881431767338,-0.0223713646532439,351,0.49002849002849,96,0.427083333333333,0.0447427293064877,0.10286977464019
7,DeepLearning_grid_2_AutoML_5_20260923_183457_model_3,DeepLearning,4,0,1,4020,1,1897,0.471890547263682,1899,0.472388059701493,-0.000497512437810987,3919,0.471804031640725,101,0.475247524752475,0.0582089552238806,0.0483707222727409
7,DeepLearning_grid_2_AutoML_5_20260923_183457_model_3,DeepLearning,4,0.025,1,2963,0.737064676616916,1425,0.480931488356396,1425,0.480931488356396,0,2940,0.480952380952381,23,0.478260869565217,0.0523118461019237,0.0601503949747655
7,DeepLearning_grid_2_AutoML_5_20260923_183457_model_3,DeepLearning,4,0.05,1,1294,0.321890547263682,623,0.48145285935085,625,0.482998454404946,-0.00154559505409585,1288,0.482142857142857,6,0.333333333333333,0.0370942812982998,0.0900782489009394
7,DeepLearning_grid_2_AutoML_5_20260923_183457_model_3,DeepLearning,4,0.075,1,619,0.153980099502488,315,0.508885298869144,317,0.512116316639742,-0.00323101777059776,617,0.510534846029174,2,0,0.0274636510500808,0.122447169196137
7,GBM_grid_1_AutoML_5_20260923_183457_model_4,GBM,5,0,1,4020,1,1924,0.478606965174129,1899,0.472388059701493,0.00621890547263682,2409,0.478621834786218,1611,0.478584729981378,0.0582089552238806,0.0718632083561122
7,GBM_grid_1_AutoML_5_20260923_183457_model_4,GBM,5,0.025,1,3124,0.777114427860697,1497,0.479193341869398,1471,0.470870678617158,0.00832266325224074,1960,0.476530612244898,1164,0.483676975945017,0.0563380281690141,0.088941783469864
7,GBM_grid_1_AutoML_5_20260923_183457_model_4,GBM,5,0.05,1,2282,0.567661691542289,1086,0.47589833479404,1076,0.471516213847502,0.00438212094653812,1502,0.474700399467377,780,0.478205128205128,0.0556529360210342,0.108004357557676
7,GBM_grid_1_AutoML_5_20260923_183457_model_4,GBM,5,0.075,1,1606,0.399502487562189,778,0.484433374844334,762,0.474470734744707,0.00996264009962639,1081,0.481036077705828,525,0.491428571428572,0.0473225404732254,0.127270671669456
7,DeepLearning_grid_3_AutoML_5_20260923_183457_model_3,DeepLearning,6,0,1,4020,1,1886,0.469154228855721,1899,0.472388059701493,-0.00323383084577117,3190,0.472413793103448,830,0.456626506024096,0.0582089552238806,0.0570163728055645
7,DeepLearning_grid_3_AutoML_5_20260923_183457_model_3,DeepLearning,6,0.025,1,3021,0.751492537313433,1433,0.474346242965905,1445,0.478318437603443,-0.00397219463753723,2536,0.478312302839117,485,0.45360824742268,0.0523005627275737,0.071475747801385
7,DeepLearning_grid_3_AutoML_5_20260923_183457_model_3,DeepLearning,6,0.05,1,1663,0.413681592039801,801,0.481659651232712,818,0.491882140709561,-0.0102224894768491,1365,0.491575091575092,298,0.436241610738255,0.047504509921828,0.103148892753999
7,DeepLearning_grid_3_AutoML_5_20260923_183457_model_3,DeepLearning,6,0.075,1,1149,0.285820895522388,563,0.489991296779809,577,0.502175805047868,-0.0121845082680592,975,0.501538461538462,174,0.425287356321839,0.0461270670147955,0.121694107293461
7,GBM_5_AutoML_5_20260923_183457,GBM,7,0,1,4020,1,1910,0.475124378109453,1899,0.472388059701493,0.00273631840796018,2575,0.477669902912621,1445,0.470588235294118,0.0582089552238806,0.0543345177910098
7,GBM_5_AutoML_5_20260923_183457,GBM,7,0.025,1,2823,0.702238805970149,1347,0.477151965993624,1329,0.470775770456961,0.00637619553666313,1924,0.475051975051975,899,0.481646273637375,0.0534891958908962,0.0721788484455
7,GBM_5_AutoML_5_20260923_183457,GBM,7,0.05,1,1712,0.425870646766169,811,0.473714953271028,799,0.466705607476636,0.0070093457943925,1185,0.468354430379747,527,0.485768500948767,0.0572429906542056,0.0949195638212334
7,GBM_5_AutoML_5_20260923_183457,GBM,7,0.075,1,945,0.235074626865672,450,0.476190476190476,439,0.464550264550265,0.0116402116402116,638,0.468652037617555,307,0.49185667752443,0.0529100529100529,0.122283256397019
7,DeepLearning_grid_3_AutoML_5_20260923_183457_model_1,DeepLearning,8,0,1,4020,1,1953,0.485820895522388,1899,0.472388059701493,0.0134328358208955,1920,0.490625,2100,0.481428571428571,0.0582089552238806,0.0285723855851152
7,DeepLearning_grid_3_AutoML_5_20260923_183457_model_1,DeepLearning,8,0.025,1,1359,0.338059701492537,683,0.502575423105224,652,0.479764532744665,0.0228108903605592,990,0.495959595959596,369,0.520325203252033,0.0426784400294334,0.0662223733097965
7,DeepLearning_grid_3_AutoML_5_20260923_183457_model_1,DeepLearning,8,0.05,1,536,0.133333333333333,282,0.526119402985075,285,0.531716417910448,-0.00559701492537312,383,0.548302872062663,153,0.470588235294118,0.0317164179104478,0.113228668711213
7,DeepLearning_grid_3_AutoML_5_20260923_183457_model_1,DeepLearning,8,0.075,1,268,0.0666666666666667,141,0.526119402985075,143,0.533582089552239,-0.0074626865671642,182,0.554945054945055,86,0.465116279069768,0.0261194029850746,0.167055433262523
7,GBM_grid_1_AutoML_5_20260923_183457_model_7,GBM,9,0,1,4020,1,1889,0.469900497512438,1899,0.472388059701493,-0.00248756218905477,2605,0.471401151631478,1415,0.467137809187279,0.0582089552238806,0.0558357533527765
7,GBM_grid_1_AutoML_5_20260923_183457_model_7,GBM,9,0.025,1,2927,0.728109452736319,1393,0.475913905022207,1378,0.470789203963102,0.0051247010591049,2013,0.473422752111277,914,0.481400437636762,0.0556884181756064,0.0720845989617913
7,GBM_grid_1_AutoML_5_20260923_183457_model_7,GBM,9,0.05,1,1894,0.471144278606965,929,0.490496304118268,903,0.476768743400211,0.013727560718057,1370,0.485401459854015,524,0.50381679389313,0.0501583949313622,0.091077716230373
7,GBM_grid_1_AutoML_5_20260923_183457_model_7,GBM,9,0.075,1,1055,0.262437810945274,494,0.46824644549763,498,0.472037914691943,-0.00379146919431278,766,0.466057441253264,289,0.474048442906574,0.0511848341232228,0.11461402020091
7,GBM_2_AutoML_5_20260923_183457,GBM,10,0,1,4020,1,1903,0.473383084577114,1899,0.472388059701493,0.000995024875621864,2539,0.473808586057503,1481,0.472653612424038,0.0582089552238806,0.0590495470058736
7,GBM_2_AutoML_5_20260923_183457,GBM,10,0.025,1,2934,0.729850746268657,1399,0.476823449216087,1385,0.472051806407635,0.00477164280845266,1940,0.47680412371134,994,0.476861167002012,0.0548738922972052,0.0763503095027856
7,GBM_2_AutoML_5_20260923_183457,GBM,10,0.05,1,1917,0.476865671641791,908,0.473656755346896,908,0.473656755346896,0,1304,0.47239263803681,613,0.476345840130506,0.0474700052164841,0.0971412370592827
7,GBM_2_AutoML_5_20260923_183457,GBM,10,0.075,1,1208,0.300497512437811,569,0.471026490066225,566,0.468543046357616,0.00248344370860926,812,0.467980295566503,396,0.477272727272727,0.048841059602649,0.11803162905897
7,GBM_1_AutoML_5_20260923_183457,GBM,11,0,1,4020,1,1899,0.472388059701493,1899,0.472388059701493,0,2471,0.474301902063942,1549,0.469335054874112,0.0582089552238806,0.0609212599674715
7,GBM_1_AutoML_5_20260923_183457,GBM,11,0.025,1,3009,0.748507462686567,1407,0.467597208374875,1438,0.477899634430043,-0.0103024260551678,1965,0.473791348600509,1044,0.455938697318008,0.0545031571950814,0.0771600000371032
7,GBM_1_AutoML_5_20260923_183457,GBM,11,0.05,1,2111,0.525124378109453,996,0.471814306016106,996,0.471814306016106,0,1451,0.472088215024121,660,0.471212121212121,0.0506868782567504,0.094067597694218
7,GBM_1_AutoML_5_20260923_183457,GBM,11,0.075,1,1346,0.334825870646766,639,0.474739970282318,636,0.472511144130758,0.00222882615156017,956,0.475941422594142,390,0.471794871794872,0.050520059435364,0.112349287816992
7,GBM_3_AutoML_5_20260923_183457,GBM,12,0,1,4020,1,1867,0.464427860696517,1899,0.472388059701493,-0.00796019900497513,2480,0.466532258064516,1540,0.461038961038961,0.0582089552238806,0.0634857146585217
7,GBM_3_AutoML_5_20260923_183457,GBM,12,0.025,1,2972,0.739303482587065,1388,0.467025572005384,1410,0.47442799461642,-0.00740242261103635,1929,0.469155002592017,1043,0.463087248322148,0.0541722745625841,0.0815036109162596
7,GBM_3_AutoML_5_20260923_183457,GBM,12,0.05,1,2097,0.521641791044776,975,0.464949928469242,991,0.472579876013352,-0.00762994754411062,1420,0.466197183098592,677,0.462333825701625,0.0515021459227468,0.100007784971995
7,GBM_3_AutoML_5_20260923_183457,GBM,12,0.075,1,1326,0.329850746268657,617,0.465309200603318,629,0.474358974358974,-0.00904977375565608,936,0.46474358974359,390,0.466666666666667,0.0497737556561086,0.122149557292796
7,DeepLearning_grid_2_AutoML_5_20260923_183457_model_2,DeepLearning,13,0,1,4020,1,1904,0.47363184079602,1899,0.472388059701493,0.00124378109452733,3790,0.472295514511873,230,0.495652173913044,0.0582089552238806,0.0433202249115204
7,DeepLearning_grid_2_AutoML_5_20260923_183457_model_2,DeepLearning,13,0.025,1,1197,0.297761194029851,581,0.485380116959064,577,0.48203842940685,0.00334168755221387,1034,0.482591876208898,163,0.503067484662577,0.0392648287385129,0.11337103121463
7,DeepLearning_grid_2_AutoML_5_20260923_183457_model_2,DeepLearning,13,0.05,1,875,0.217661691542289,420,0.48,421,0.481142857142857,-0.00114285714285717,752,0.478723404255319,123,0.487804878048781,0.0365714285714286,0.141673180367166
7,DeepLearning_grid_2_AutoML_5_20260923_183457_model_2,DeepLearning,13,0.075,1,660,0.164179104477612,323,0.489393939393939,330,0.5,-0.0106060606060606,563,0.495559502664298,97,0.45360824742268,0.0303030303030303,0.16781672976053
7,DeepLearning_1_AutoML_5_20260923_183457,DeepLearning,14,0,1,4020,1,1916,0.476616915422886,1899,0.472388059701493,0.00422885572139303,3177,0.47780925401322,843,0.472123368920522,0.0582089552238806,0.0836189771366453
7,DeepLearning_1_AutoML_5_20260923_183457,DeepLearning,14,0.025,1,3172,0.789054726368159,1531,0.48266078184111,1490,0.469735182849937,0.0129255989911728,2726,0.477256052824652,446,0.515695067264574,0.0542244640605296,0.102694998842718
7,DeepLearning_1_AutoML_5_20260923_183457,DeepLearning,14,0.05,1,2453,0.610199004975124,1188,0.484304932735426,1166,0.475336322869955,0.00896860986547088,2274,0.479771328056289,179,0.541899441340782,0.0481043620057073,0.122020838208978
7,DeepLearning_1_AutoML_5_20260923_183457,DeepLearning,14,0.075,1,1853,0.460945273631841,893,0.481921208850513,888,0.479222881813276,0.00269832703723694,1795,0.480222841225627,58,0.53448275862069,0.0469508904479223,0.14160392679799
7,XRT_1_AutoML_5_20260923_183457,DRF,15,0,1,4020,1,1889,0.469900497512438,1899,0.472388059701493,-0.00248756218905477,2454,0.471882640586797,1566,0.466794380587484,0.0582089552238806,0.0711847035445514
7,XRT_1_AutoML_5_20260923_183457,DRF,15,0.025,1,3147,0.782835820895522,1486,0.472195741976486,1502,0.477279949157928,-0.00508420718144265,1984,0.477318548387097,1163,0.463456577815993,0.0587861455354306,0.087538115560954
7,XRT_1_AutoML_5_20260923_183457,DRF,15,0.05,1,2314,0.575621890547264,1101,0.475799481417459,1120,0.484010371650821,-0.00821089023336219,1503,0.483033932135729,811,0.462392108508015,0.0535868625756266,0.10588814640722
7,XRT_1_AutoML_5_20260923_183457,DRF,15,0.075,1,1617,0.402238805970149,759,0.469387755102041,767,0.474335188620903,-0.00494743351886207,1086,0.470534069981584,531,0.467043314500942,0.056895485466914,0.124801316644234
7,DRF_1_AutoML_5_20260923_183457,DRF,16,0,1,4020,1,1884,0.46865671641791,1899,0.472388059701493,-0.0037313432835821,2387,0.470883954754923,1633,0.465401102265769,0.0582089552238806,0.0768992771874344
7,DRF_1_AutoML_5_20260923_183457,DRF,16,0.025,1,3213,0.799253731343284,1493,0.464674758792406,1528,0.47556800497977,-0.0108932461873639,1953,0.472094214029698,1260,0.453174603174603,0.057889822595705,0.0931400831538339
7,DRF_1_AutoML_5_20260923_183457,DRF,16,0.05,1,2415,0.600746268656716,1124,0.465424430641822,1156,0.478674948240166,-0.0132505175983437,1481,0.472653612424038,934,0.453961456102784,0.053416149068323,0.111807935625338
7,DRF_1_AutoML_5_20260923_183457,DRF,16,0.075,1,1753,0.436069651741294,800,0.456360524814604,836,0.476896748431261,-0.0205362236166571,1109,0.463480613165014,644,0.444099378881988,0.0536223616657159,0.130617945631823
7,GBM_grid_1_AutoML_5_20260923_183457_model_2,GBM,17,0,1,4020,1,1842,0.458208955223881,1899,0.472388059701493,-0.0141791044776119,2313,0.462602680501513,1707,0.452255418863503,0.0582089552238806,0.0698781109482977
7,GBM_grid_1_AutoML_5_20260923_183457_model_2,GBM,17,0.025,1,3099,0.77089552238806,1410,0.454985479186835,1463,0.472087770248467,-0.0171022910616328,1841,0.460076045627376,1258,0.447535771065183,0.058728622136173,0.086928188774134
7,GBM_grid_1_AutoML_5_20260923_183457_model_2,GBM,17,0.05,1,2208,0.549253731343284,1009,0.456974637681159,1040,0.471014492753623,-0.0140398550724637,1334,0.461769115442279,874,0.449656750572082,0.0529891304347826,0.107035353184118
7,GBM_grid_1_AutoML_5_20260923_183457_model_2,GBM,17,0.075,1,1523,0.378855721393035,707,0.464215364412344,713,0.468154957321077,-0.00393959290873275,931,0.465091299677766,592,0.462837837837838,0.0531845042678923,0.127431328374792
7,GBM_4_AutoML_5_20260923_183457,GBM,18,0,1,4020,1,1864,0.463681592039801,1899,0.472388059701493,-0.00870646766169159,2342,0.4666951323655,1678,0.459475566150179,0.0582089552238806,0.080477808207836
7,GBM_4_AutoML_5_20260923_183457,GBM,18,0.025,1,3212,0.799004975124378,1489,0.463574097135741,1491,0.464196762141968,-0.000622665006226653,1921,0.459135866736075,1291,0.470178156467854,0.0579078455790785,0.097548932097302
7,GBM_4_AutoML_5_20260923_183457,GBM,18,0.05,1,2407,0.598756218905473,1126,0.467802243456585,1112,0.461985874532613,0.00581636892397175,1462,0.459644322845417,945,0.48042328042328,0.0540091400083091,0.117612286973688
7,GBM_4_AutoML_5_20260923_183457,GBM,18,0.075,1,1787,0.44452736318408,848,0.474538332400672,836,0.46782316731953,0.00671516508114156,1088,0.46875,699,0.483547925608012,0.0464465584778959,0.136773090207713
7,GBM_grid_1_AutoML_5_20260923_183457_model_6,GBM,19,0,1,4020,1,1932,0.480597014925373,1899,0.472388059701493,0.0082089552238806,2457,0.479039479039479,1563,0.483045425463852,0.0582089552238806,0.0895235839521729
7,GBM_grid_1_AutoML_5_20260923_183457_model_6,GBM,19,0.025,1,3320,0.825870646766169,1590,0.478915662650602,1571,0.473192771084337,0.0057228915662651,2084,0.477447216890595,1236,0.481391585760518,0.0575301204819277,0.10574087855926
7,GBM_grid_1_AutoML_5_20260923_183457_model_6,GBM,19,0.05,1,2644,0.65771144278607,1264,0.478063540090772,1256,0.475037821482602,0.00302571860816947,1706,0.477139507620164,938,0.479744136460554,0.0548411497730711,0.123259154464441
7,GBM_grid_1_AutoML_5_20260923_183457_model_6,GBM,19,0.075,1,2027,0.504228855721393,969,0.478046373951653,956,0.471632955106068,0.00641341884558461,1338,0.475336322869955,689,0.483309143686502,0.0577207696102615,0.141839227972748
7,DeepLearning_grid_1_AutoML_5_20260923_183457_model_3,DeepLearning,20,0,1,4020,1,1868,0.464676616915423,1899,0.472388059701493,-0.00771144278606967,2621,0.46928653185807,1399,0.456040028591851,0.0582089552238806,0.0879332577204838
7,DeepLearning_grid_1_AutoML_5_20260923_183457_model_3,DeepLearning,20,0.025,1,3295,0.819651741293532,1543,0.468285280728376,1570,0.476479514415782,-0.00819423368740518,2262,0.473916887709991,1033,0.45595353339787,0.0555386949924128,0.104417837435374
7,DeepLearning_grid_1_AutoML_5_20260923_183457_model_3,DeepLearning,20,0.05,1,2624,0.65273631840796,1230,0.46875,1263,0.481326219512195,-0.0125762195121951,1906,0.475865687303253,718,0.449860724233983,0.0495426829268293,0.121573713508882
7,DeepLearning_grid_1_AutoML_5_20260923_183457_model_3,DeepLearning,20,0.075,1,1998,0.497014925373134,933,0.466966966966967,951,0.475975975975976,-0.00900900900900897,1553,0.471989697359949,445,0.449438202247191,0.0500500500500501,0.140111344404806
7,GBM_grid_1_AutoML_5_20260923_183457_model_1,GBM,21,0,1,4020,1,1862,0.46318407960199,1899,0.472388059701493,-0.00920398009950252,2321,0.464454976303318,1699,0.461447910535609,0.0582089552238806,0.0912386413613374
7,GBM_grid_1_AutoML_5_20260923_183457_model_1,GBM,21,0.025,1,3302,0.821393034825871,1516,0.459115687462144,1558,0.47183525136281,-0.0127195639006663,1952,0.458504098360656,1350,0.46,0.0566323440339188,0.108361010536766
7,GBM_grid_1_AutoML_5_20260923_183457_model_1,GBM,21,0.05,1,2651,0.659452736318408,1221,0.460580912863071,1247,0.470388532629197,-0.00980761976612604,1603,0.457891453524641,1048,0.46469465648855,0.0562052055827989,0.125973257358121
7,GBM_grid_1_AutoML_5_20260923_183457_model_1,GBM,21,0.075,1,2064,0.513432835820896,942,0.456395348837209,956,0.463178294573643,-0.00678294573643412,1276,0.45141065830721,788,0.464467005076142,0.0591085271317829,0.144090707640912
7,DeepLearning_grid_2_AutoML_5_20260923_183457_model_1,DeepLearning,22,0,1,4020,1,1903,0.473383084577114,1899,0.472388059701493,0.000995024875621864,1906,0.480587618048269,2114,0.466887417218543,0.0582089552238806,0.0710966666713027
7,DeepLearning_grid_2_AutoML_5_20260923_183457_model_1,DeepLearning,22,0.025,1,2495,0.620646766169154,1201,0.481362725450902,1195,0.478957915831663,0.0024048096192385,1145,0.493449781659389,1350,0.471111111111111,0.0480961923847695,0.108095982655071
7,DeepLearning_grid_2_AutoML_5_20260923_183457_model_1,DeepLearning,22,0.05,1,1670,0.415422885572139,820,0.491017964071856,794,0.475449101796407,0.0155688622754491,856,0.490654205607477,814,0.491400491400491,0.0389221556886228,0.143479793255816
7,DeepLearning_grid_2_AutoML_5_20260923_183457_model_1,DeepLearning,22,0.075,1,1172,0.291542288557214,567,0.483788395904437,569,0.485494880546075,-0.00170648464163825,657,0.490106544901065,515,0.475728155339806,0.0358361774744027,0.178347682399441
7,DeepLearning_grid_1_AutoML_5_20260923_183457_model_2,DeepLearning,23,0,1,4020,1,1928,0.479601990049751,1899,0.472388059701493,0.00721393034825868,2810,0.479359430604982,1210,0.480165289256198,0.0582089552238806,0.101992284780328
7,DeepLearning_grid_1_AutoML_5_20260923_183457_model_2,DeepLearning,23,0.025,1,3258,0.81044776119403,1565,0.480356046654389,1544,0.473910374462861,0.00644567219152853,2336,0.479880136986301,922,0.481561822125813,0.0564763658686311,0.122792339516991
7,DeepLearning_grid_1_AutoML_5_20260923_183457_model_2,DeepLearning,23,0.05,1,2546,0.633333333333333,1225,0.48114689709348,1224,0.480754124116261,0.00039277297721918,1855,0.48355795148248,691,0.474674384949349,0.0526315789473684,0.146743881112849
7,DeepLearning_grid_1_AutoML_5_20260923_183457_model_2,DeepLearning,23,0.075,1,1952,0.485572139303483,951,0.48719262295082,955,0.489241803278689,-0.00204918032786888,1431,0.491963661774983,521,0.474088291746641,0.0496926229508197,0.172697110133608
7,GBM_grid_1_AutoML_5_20260923_183457_model_5,GBM,24,0,1,4020,1,1875,0.466417910447761,1899,0.472388059701493,-0.00597014925373135,2223,0.470535312640576,1797,0.461324429604897,0.0582089552238806,0.142362308348231
7,GBM_grid_1_AutoML_5_20260923_183457_model_5,GBM,24,0.025,1,3601,0.895771144278607,1687,0.468480977506248,1708,0.474312690919189,-0.00583171341294081,2012,0.473161033797217,1589,0.462555066079295,0.0583171341294085,0.157477554456054
7,GBM_grid_1_AutoML_5_20260923_183457_model_5,GBM,24,0.05,1,3190,0.793532338308458,1482,0.464576802507837,1508,0.472727272727273,-0.00815047021943571,1810,0.467403314917127,1380,0.460869565217391,0.0592476489028213,0.173030208292013
7,GBM_grid_1_AutoML_5_20260923_183457_model_5,GBM,24,0.075,1,2786,0.693034825870647,1297,0.46554199569275,1314,0.471643933955492,-0.0061019382627423,1601,0.465334166146159,1185,0.465822784810127,0.0567121320890165,0.189161104337099
7,DeepLearning_grid_1_AutoML_5_20260923_183457_model_1,DeepLearning,25,0,1,4020,1,1952,0.485572139303483,1899,0.472388059701493,0.01318407960199,2145,0.489044289044289,1875,0.4816,0.0582089552238806,0.130121130037075
7,DeepLearning_grid_1_AutoML_5_20260923_183457_model_1,DeepLearning,25,0.025,1,3500,0.870646766169154,1707,0.487714285714286,1676,0.478857142857143,0.00885714285714284,1880,0.496808510638298,1620,0.47716049382716,0.0565714285714286,0.147534707098346
7,DeepLearning_grid_1_AutoML_5_20260923_183457_model_1,DeepLearning,25,0.05,1,2979,0.741044776119403,1478,0.496139644175898,1425,0.478348439073515,0.0177912051023834,1608,0.50497512437811,1371,0.485776805251641,0.0570661295736824,0.166802893342149
7,DeepLearning_grid_1_AutoML_5_20260923_183457_model_1,DeepLearning,25,0.075,1,2520,0.626865671641791,1260,0.5,1220,0.484126984126984,0.0158730158730159,1391,0.512580877066858,1129,0.484499557130204,0.0535714285714286,0.185834793815419
