candidate_id,horizon,feature_set,model_id,xgb_depth,target_coverage,selected_n,wins,overall_wr,base_wins,overall_baseline_wr,overall_edge,total_nonoverlap_n,nonoverlap_fraction,avg_active_weeks_full,min_active_weeks_full,folds_over_50,full_years_over_50,min_full_year_wr,max_full_year_wr,max_top_day_share_all,max_top5_day_share_all,max_top5_day_share_full,long_n,long_wins,long_wr,short_n,short_wins,short_wr,mean_actual_coverage,temporal_ok,persistence_ok,wr_block_lower,wr_block_upper,edge_block_lower,edge_block_upper,statistically_robust
7__NQ_ES__xgb_d2__0.0100,7,NQ_ES,xgb_d2,2,0.01,701,410,0.584878744650499,369,0.526390870185449,0.0584878744650499,701,1,51,49,3,3,0.537735849056604,0.635071090047393,0.0952380952380952,0.333333333333333,0.0990566037735849,479,280,0.58455114822547,222,130,0.585585585585586,0.0100386899629017,TRUE,TRUE,0.550066978281936,0.62103941616915,0.0148610446247847,0.100452359936821,TRUE
7__NQ_ES__xgb_d2__0.0500,7,NQ_ES,xgb_d2,2,0.05,3647,2058,0.564299424184261,1904,0.522072936660269,0.0422264875239923,3647,1,52.6666666666667,52,4,3,0.565094339622642,0.569787985865724,0.0495495495495496,0.193693693693694,0.0512367491166078,2760,1546,0.560144927536232,887,512,0.577226606538895,0.0523847885522851,TRUE,TRUE,0.54806357010971,0.580383266049664,0.0271686205839234,0.059333758175653,TRUE
7__NQ_ONLY__xgb_d2__0.0500,7,NQ_ONLY,xgb_d2,2,0.05,3818,2125,0.556574122577266,1982,0.519119958093243,0.037454164484023,3818,1,52.6666666666667,52,4,3,0.558310376492195,0.561231630510847,0.0480769230769231,0.192307692307692,0.0485347985347985,2861,1582,0.552953512757777,957,543,0.567398119122257,0.0537592572008643,TRUE,TRUE,0.543288375791103,0.573264030655747,0.0209868051537237,0.0529280440744772,TRUE
10__NQ_ES__xgb_d4__0.0050,10,NQ_ES,xgb_d4,4,0.005,326,193,0.592024539877301,158,0.484662576687117,0.107361963190184,326,1,40,35,4,3,0.548387096774194,0.595238095238095,0.294117647058824,0.529411764705882,0.209677419354839,187,106,0.566844919786096,139,87,0.62589928057554,0.00454997462772452,TRUE,TRUE,0.541656353135314,0.645208728652751,0.0358155808494619,0.176829758450318,TRUE
7__NQ_ONLY__ranger__0.0200,7,NQ_ONLY,ranger,,0.02,1593,901,0.565599497802888,833,0.522912743251726,0.0426867545511613,1593,1,52.6666666666667,52,4,3,0.549473684210526,0.593333333333333,0.0649350649350649,0.246753246753247,0.0610526315789474,1196,671,0.561036789297659,397,230,0.579345088161209,0.0219826218127429,TRUE,TRUE,0.541369761862631,0.589598674588833,0.0165622205634219,0.0676043888457996,TRUE
7__NQ_ONLY__xgb_d3__0.1000,7,NQ_ONLY,xgb_d3,3,0.1,7127,3941,0.552967588045461,3641,0.510874140592114,0.0420934474533464,7127,1,52.6666666666667,52,3,3,0.543538038496792,0.56488181379643,0.0363636363636364,0.170454545454545,0.0411184210526316,5000,2742,0.5484,2127,1199,0.563704748472026,0.102657267569915,TRUE,TRUE,0.540940120830063,0.564229249011858,0.0286424517880195,0.0544225232595202,TRUE
7__NQ_ONLY__ranger__0.0500,7,NQ_ONLY,ranger,,0.05,3904,2182,0.55891393442623,2050,0.525102459016393,0.0338114754098361,3904,1,52.6666666666667,52,4,3,0.554498269896194,0.57716894977169,0.0495049504950495,0.198019801980198,0.0493079584775087,2990,1666,0.557190635451505,914,516,0.564551422319475,0.0544775312461611,TRUE,TRUE,0.540717291400825,0.574234176852989,0.0175970589256873,0.049503269996984,TRUE
7__NQ_ONLY__logit__0.0200,7,NQ_ONLY,logit,,0.02,1287,727,0.564879564879565,689,0.535353535353535,0.0295260295260295,1287,1,52.3333333333333,51,3,3,0.550403225806452,0.58876404494382,0.0909090909090909,0.363636363636364,0.125842696629213,856,495,0.578271028037383,431,232,0.538283062645012,0.0174133171219044,TRUE,TRUE,0.540473418484913,0.591751005388253,0.00216648841354724,0.0614515054927055,TRUE
7__NQ_ONLY__xgb_d4__0.1000,7,NQ_ONLY,xgb_d4,4,0.1,7016,3864,0.550741163055872,3529,0.502993158494869,0.0477480045610034,7016,1,52.6666666666667,52,4,3,0.536091549295775,0.56281179138322,0.0368550368550369,0.164619164619165,0.0413732394366197,4813,2609,0.542073550799917,2203,1255,0.569677712210622,0.0998406757113965,TRUE,TRUE,0.539913241194528,0.562206854074441,0.0355667802766789,0.0593799207610721,TRUE
5__NQ_ONLY__logit__0.0500,5,NQ_ONLY,logit,,0.05,3212,1793,0.558219178082192,1677,0.522104607721046,0.0361145703611457,3212,1,52.6666666666667,52,4,3,0.541176470588235,0.570017953321364,0.0406091370558376,0.187817258883249,0.069683257918552,2171,1220,0.561953017042837,1041,573,0.550432276657061,0.0461488143088322,TRUE,TRUE,0.539893770874608,0.57723680849511,0.0150848815382967,0.056183091979712,TRUE
7__NQ_ES__xgb_d3__0.1000,7,NQ_ES,xgb_d3,3,0.1,7264,3997,0.550247797356828,3750,0.516244493392071,0.0340033039647577,7264,1,52.6666666666667,52,4,3,0.542538354253836,0.563118811881188,0.0414847161572052,0.189956331877729,0.0398924249215598,5107,2812,0.550616800469943,2157,1185,0.549374130737135,0.105059410428701,TRUE,TRUE,0.539236820346766,0.56217557055698,0.02287166121146,0.0462429991801693,TRUE
7__NQ_ES__ranger__0.1000,7,NQ_ES,ranger,,0.1,7220,3983,0.551662049861496,3798,0.526038781163435,0.0256232686980609,7220,1,52.6666666666667,52,4,3,0.551823023351086,0.554261760596181,0.036231884057971,0.164251207729469,0.0401262398557259,5664,3121,0.551024011299435,1556,862,0.553984575835476,0.102555896663083,TRUE,TRUE,0.539224743951484,0.562518014965145,0.0158965649579276,0.0363312409239914,TRUE
7__NQ_ES__xgb_d3__0.0500,7,NQ_ES,xgb_d3,3,0.05,3767,2096,0.556410937085214,1917,0.508893018316963,0.0475179187682506,3767,1,52.6666666666667,52,4,3,0.54625550660793,0.573970037453184,0.052863436123348,0.202643171806167,0.051498127340824,2612,1439,0.550918836140888,1155,657,0.568831168831169,0.0540135074036034,TRUE,TRUE,0.53897629135018,0.572060116739288,0.0308531375153597,0.0638696637534551,TRUE
7__NQ_ES__xgb_d2__0.1000,7,NQ_ES,xgb_d2,2,0.1,7293,4008,0.549568078979844,3817,0.523378582202112,0.0261894967777321,7293,1,52.6666666666667,52,3,3,0.546846846846847,0.560165975103734,0.0382882882882883,0.168918918918919,0.0394308943089431,5559,3057,0.549919050188883,1734,951,0.548442906574394,0.104766606536653,TRUE,TRUE,0.538523101400303,0.561427780852241,0.0154532582181402,0.0363627159727154,TRUE
7__NQ_ONLY__logit__0.0500,7,NQ_ONLY,logit,,0.05,3289,1825,0.55487990270599,1725,0.524475524475525,0.0304043782304652,3289,1,52.6666666666667,52,4,3,0.536992840095465,0.567332754126846,0.043956043956044,0.203296703296703,0.0847255369928401,2272,1273,0.560299295774648,1017,552,0.542772861356932,0.0463866293102137,TRUE,TRUE,0.538370795591799,0.573625998485847,0.0114159931265589,0.0508486783567352,TRUE
7__NQ_ONLY__ranger__0.1000,7,NQ_ONLY,ranger,,0.1,7457,4087,0.548075633632828,3894,0.522193911760762,0.0258817218720665,7457,1,52.6666666666667,52,4,3,0.54046881910659,0.555555555555556,0.0368663594470046,0.165898617511521,0.0393366756652526,5743,3147,0.54797144349643,1714,940,0.548424737456243,0.106221796740225,TRUE,TRUE,0.537864482389867,0.559989522469134,0.015406947668967,0.0368284176418664,TRUE
7__NQ_ONLY__xgb_d3__0.0500,7,NQ_ONLY,xgb_d3,3,0.05,3782,2096,0.554204124801692,1901,0.502644103648863,0.0515600211528292,3782,1,52.6666666666667,52,3,3,0.542709232096635,0.569526627218935,0.0558139534883721,0.195348837209302,0.0457290767903365,2581,1406,0.544750096861682,1201,690,0.574521232306411,0.0536402317276134,TRUE,TRUE,0.537826059056654,0.570094272474142,0.0334358002920788,0.0689034248053995,TRUE
7__NQ_ES__logit__0.1000,7,NQ_ES,logit,,0.1,6741,3706,0.549770063788755,3506,0.520100875241062,0.0296691885476932,6741,1,52.6666666666667,52,4,3,0.543906333155934,0.556679308891698,0.0407608695652174,0.184782608695652,0.0661609776654024,4502,2500,0.555308751665926,2239,1206,0.538633318445735,0.094834610939376,TRUE,TRUE,0.537803824043828,0.563579195223611,0.0162576937934231,0.0433971988563387,TRUE
1__NQ_ONLY__xgb_d2__0.1000,1,NQ_ONLY,xgb_d2,2,0.1,7048,3869,0.548950056753689,3414,0.484392735527809,0.0645573212258797,7048,1,52.6666666666667,52,4,3,0.538046146293569,0.554514480408859,0.0344827586206897,0.148706896551724,0.0381991814461119,4303,2315,0.537996746455961,2745,1554,0.566120218579235,0.102692750951504,TRUE,TRUE,0.537644294745327,0.560158362691779,0.0491852337415939,0.0784723993459988,TRUE
5__NQ_ONLY__ranger__0.0500,5,NQ_ONLY,ranger,,0.05,3669,2028,0.552739165985282,1901,0.518124829653857,0.0346143363314255,3669,1,52.6666666666667,52,4,3,0.519793459552496,0.578598484848485,0.0473684210526316,0.194736842105263,0.0475812846946868,2779,1527,0.549478229578985,890,501,0.562921348314607,0.0511635690599209,TRUE,TRUE,0.537578300700379,0.568820687686342,0.0183124738590947,0.0514350978922194,TRUE
7__NQ_ES__xgb_d2__0.0200,7,NQ_ES,xgb_d2,2,0.02,1440,810,0.5625,741,0.514583333333333,0.0479166666666667,1440,1,52.6666666666667,52,3,3,0.552106430155211,0.579520697167756,0.0864197530864198,0.283950617283951,0.0709534368070954,1056,586,0.554924242424242,384,224,0.583333333333333,0.0203803078611885,TRUE,TRUE,0.537491061241907,0.586501290616459,0.0237444502097771,0.0733547219099877,TRUE
5__NQ_ES__logit__0.1000,5,NQ_ES,logit,,0.1,6552,3602,0.5497557997558,3397,0.518467643467644,0.0312881562881563,6552,1,52.6666666666667,52,4,3,0.542612419700214,0.554518950437318,0.036319612590799,0.174334140435835,0.0539614561027837,4501,2487,0.552543879137969,2051,1115,0.543637250121892,0.0946303250761324,TRUE,TRUE,0.537394837657697,0.563743421265747,0.0168680004772934,0.0444765618638794,TRUE
5__NQ_ES__ranger__0.1000,5,NQ_ES,ranger,,0.1,7334,4028,0.549222797927461,3836,0.523043359694573,0.0261794382328879,7334,1,52.6666666666667,52,4,3,0.533450704225352,0.560906515580737,0.0380313199105145,0.1834451901566,0.0404694455685957,5826,3188,0.547202197047717,1508,840,0.557029177718833,0.105324577358872,TRUE,TRUE,0.536995177109922,0.5613051372417,0.0154375945309645,0.0376952471034549,TRUE
5__NQ_ES__xgb_d5__0.0200,5,NQ_ES,xgb_d5,5,0.02,1323,744,0.562358276643991,676,0.510959939531368,0.0513983371126228,1323,1,52.3333333333333,51,4,3,0.543973941368078,0.584352078239609,0.0609756097560976,0.268292682926829,0.107491856677524,846,474,0.560283687943262,477,270,0.566037735849057,0.0190325249015714,TRUE,TRUE,0.536910404167202,0.586967259151579,0.0210510534206581,0.0797642524906502,TRUE
60__NQ_ONLY__ranger__0.2000,60,NQ_ONLY,ranger,,0.2,13150,7215,0.548669201520913,7185,0.54638783269962,0.00228136882129278,4946,0.376121673003802,52.6666666666667,52,3,3,0.550354609929078,0.555097087378641,0.0401376146788991,0.186926605504587,0.0442973523421589,12970,7110,0.548188126445644,180,105,0.583333333333333,0.203982978489591,TRUE,TRUE,0.536868380736922,0.561607489660509,0.000151670948880026,0.00464013488641315,TRUE
1__NQ_ONLY__logit__0.1000,1,NQ_ONLY,logit,,0.1,6647,3646,0.548518128479013,3260,0.490446818113435,0.0580713103655785,6647,1,52.6666666666667,52,4,3,0.543215211754538,0.556696220251983,0.046242774566474,0.177263969171484,0.0704407951598963,4110,2223,0.540875912408759,2537,1423,0.560898699251084,0.100442329528176,TRUE,TRUE,0.536832435043618,0.560457977724683,0.0420179027748029,0.0745243531282558,TRUE
5__NQ_ES__xgb_d3__0.0500,5,NQ_ES,xgb_d3,3,0.05,3694,2038,0.551705468327017,1888,0.511099079588522,0.0406063887384949,3694,1,52.6666666666667,52,4,3,0.53156146179402,0.568204121687929,0.0588235294117647,0.235294117647059,0.0465666929755328,2667,1456,0.545931758530184,1027,582,0.566699123661149,0.0520811426690852,TRUE,TRUE,0.536578102471046,0.57088234104388,0.0222364103691273,0.0594716384255922,TRUE
1__NQ_ES__xgb_d3__0.1000,1,NQ_ES,xgb_d3,3,0.1,7238,3969,0.548355899419729,3527,0.487289306438243,0.0610665929814866,7238,1,52.6666666666667,52,4,3,0.548444444444444,0.552189930413426,0.0332594235033259,0.150776053215078,0.0382043935052531,4082,2226,0.5453209211171,3156,1743,0.552281368821293,0.104306022256053,TRUE,TRUE,0.536391008775683,0.559834318346355,0.0473730188133988,0.076301925885584,TRUE
7__NQ_ONLY__xgb_d2__0.0100,7,NQ_ONLY,xgb_d2,2,0.01,730,418,0.572602739726027,366,0.501369863013699,0.0712328767123288,730,1,52.3333333333333,52,4,3,0.529411764705882,0.601503759398496,0.075,0.3,0.0827067669172932,484,271,0.559917355371901,246,147,0.597560975609756,0.0102829758315764,TRUE,TRUE,0.536052214962148,0.611207598371778,0.0262002325685406,0.115340274508718,TRUE
7__NQ_ONLY__xgb_d4__0.0500,7,NQ_ONLY,xgb_d4,4,0.05,3741,2056,0.549585672280139,1860,0.4971932638332,0.0523924084469393,3741,1,52.6666666666667,52,3,3,0.539024390243903,0.565836298932384,0.0424528301886792,0.212264150943396,0.051063829787234,2531,1361,0.537732121691031,1210,695,0.574380165289256,0.053004897116268,TRUE,TRUE,0.535838148401797,0.565550826098355,0.0350108100912868,0.0692100987563984,TRUE
5__NQ_ES__logit__0.0500,5,NQ_ES,logit,,0.05,3210,1777,0.553582554517134,1658,0.516510903426791,0.0370716510903427,3210,1,52.6666666666667,52,4,3,0.536418166238218,0.567748091603053,0.0552763819095477,0.21105527638191,0.078834618680377,2171,1204,0.554583141409489,1039,573,0.551491819056785,0.0462039932266553,TRUE,TRUE,0.53549731756386,0.57284609675104,0.0206587653350834,0.0566120229268961,TRUE
5__NQ_ES__xgb_d2__0.1000,5,NQ_ES,xgb_d2,2,0.1,7211,3951,0.547912910830675,3767,0.52239633892664,0.0255165719040355,7211,1,52.6666666666667,52,4,3,0.54078947368421,0.551666666666667,0.0420353982300885,0.176991150442478,0.0403508771929825,5567,3048,0.547512125022454,1644,903,0.549270072992701,0.104114033844522,TRUE,TRUE,0.535404957216828,0.560719603385733,0.0140523590724052,0.0362436509044469,TRUE
7__NQ_ONLY__xgb_d2__0.0200,7,NQ_ONLY,xgb_d2,2,0.02,1535,858,0.558957654723127,778,0.506840390879479,0.0521172638436482,1535,1,52.6666666666667,52,3,3,0.543967280163599,0.583333333333333,0.072289156626506,0.253012048192771,0.0659133709981168,1104,606,0.548913043478261,431,252,0.584686774941995,0.0215733165148556,TRUE,TRUE,0.534753130249554,0.583281082529475,0.0270439950575173,0.0757889873522113,TRUE
7__NQ_ONLY__xgb_d2__0.1000,7,NQ_ONLY,xgb_d2,2,0.1,7348,4015,0.546407185628743,3844,0.523135547087643,0.0232716385410996,7348,1,52.6666666666667,52,3,3,0.54590237348858,0.551937984496124,0.0351288056206089,0.159250585480094,0.0395348837209302,5579,3057,0.547947660871124,1769,958,0.541548897682306,0.104639381709869,TRUE,TRUE,0.534638644828381,0.558463333558483,0.0122845269856218,0.034658261133791,TRUE
60__NQ_ES__xgb_d3__0.2000,60,NQ_ES,xgb_d3,3,0.2,13039,7132,0.54697446123169,7077,0.542756346345579,0.0042181148861109,5284,0.405245801058363,52.6666666666667,52,4,3,0.540598290598291,0.553832321870083,0.0615989515072084,0.231979030144168,0.0597510373443983,12659,6915,0.546251678647603,380,217,0.571052631578947,0.197340879682965,TRUE,TRUE,0.534510816589167,0.560797212172882,0.00105738894922904,0.00784291650678388,TRUE
1__NQ_ES__xgb_d2__0.0200,1,NQ_ES,xgb_d2,2,0.02,1415,792,0.559717314487633,690,0.487632508833922,0.0720848056537102,1415,1,52.6666666666667,52,4,3,0.536407766990291,0.591194968553459,0.0555555555555556,0.255555555555556,0.0649895178197065,655,375,0.572519083969466,760,417,0.548684210526316,0.0204738841888016,TRUE,TRUE,0.534370108983858,0.585471614349671,0.0375971571693279,0.105526157003682,TRUE
7__NQ_ES__xgb_d3__0.0200,7,NQ_ES,xgb_d3,3,0.02,1538,861,0.559817945383615,771,0.501300390117035,0.05851755526658,1538,1,52.6666666666667,52,3,3,0.546906187624751,0.584821428571429,0.0909090909090909,0.337662337662338,0.0714285714285714,1018,560,0.550098231827112,520,301,0.578846153846154,0.0213331644571651,TRUE,TRUE,0.53423708209983,0.583053292686319,0.0325618837155027,0.0839962422037972,TRUE
1__NQ_ONLY__xgb_d2__0.2000,1,NQ_ONLY,xgb_d2,2,0.2,14054,7619,0.542123238935534,6819,0.485199943076704,0.0569232958588302,14054,1,52.6666666666667,52,4,3,0.533678756476684,0.548614166300044,0.0263157894736842,0.126315789473684,0.0313235986811116,8679,4629,0.533356377462841,5375,2990,0.556279069767442,0.205855535534773,TRUE,TRUE,0.533911919383072,0.550025041306714,0.0465911218748103,0.0671070845531186,TRUE
5__NQ_ONLY__xgb_d3__0.0200,5,NQ_ONLY,xgb_d3,3,0.02,1468,821,0.559264305177112,732,0.498637602179837,0.0606267029972752,1468,1,52.6666666666667,52,4,3,0.522727272727273,0.59746835443038,0.0602409638554217,0.265060240963855,0.0711462450592885,982,537,0.546843177189409,486,284,0.584362139917696,0.0207836077921995,TRUE,TRUE,0.533686818880571,0.584124992807385,0.0342678052333858,0.089183469565414,TRUE
7__NQ_ES__xgb_d4__0.1000,7,NQ_ES,xgb_d4,4,0.1,7132,3882,0.544307347167695,3642,0.510656197420079,0.0336511497476164,7132,1,52.6666666666667,52,4,3,0.54018048990116,0.550974173085637,0.0469798657718121,0.192393736017897,0.0394200271862256,4787,2608,0.544808857321914,2345,1274,0.543283582089552,0.102994281107876,TRUE,TRUE,0.533615253212461,0.554821675287928,0.0213992055653389,0.0455870098708727,TRUE
7__NQ_ONLY__xgb_d2__0.0050,7,NQ_ONLY,xgb_d2,2,0.005,340,199,0.585294117647059,157,0.461764705882353,0.123529411764706,340,1,44.6666666666667,43,4,3,0.541666666666667,0.62962962962963,0.133333333333333,0.466666666666667,0.138888888888889,195,107,0.548717948717949,145,92,0.63448275862069,0.00462231926873211,TRUE,TRUE,0.533522837706511,0.637729712987817,0.0565189701226751,0.197103943850267,TRUE
5__NQ_ES__ranger__0.0500,5,NQ_ES,ranger,,0.05,3769,2076,0.55080923321836,1977,0.524542318917485,0.0262669143008756,3769,1,52.6666666666667,52,4,3,0.531017369727047,0.56420233463035,0.055,0.22,0.0495495495495496,3048,1671,0.548228346456693,721,405,0.561719833564494,0.0527752513560103,TRUE,TRUE,0.533456753310949,0.567272402061668,0.0104887226502823,0.0400878716607942,TRUE
1__NQ_ES__xgb_d2__0.1000,1,NQ_ES,xgb_d2,2,0.1,7039,3838,0.545247904531894,3441,0.48884784770564,0.0564000568262537,7039,1,52.6666666666667,52,4,3,0.541176470588235,0.550411077455647,0.037117903930131,0.15938864628821,0.0383495145631068,4277,2309,0.539864390928221,2762,1529,0.553584359160029,0.102310305244271,TRUE,TRUE,0.533295921068344,0.557153761820974,0.039597543733551,0.0725837213101364,TRUE
5__NQ_ONLY__xgb_d4__0.1000,5,NQ_ONLY,xgb_d4,4,0.1,6993,3812,0.545116545116545,3587,0.512941512941513,0.0321750321750322,6993,1,52.6666666666667,52,4,3,0.532575426322694,0.551951104842501,0.045662100456621,0.189497716894977,0.045037166593791,4833,2638,0.545830746948066,2160,1174,0.543518518518519,0.100927675811131,TRUE,TRUE,0.532953417772259,0.557802563622444,0.0181776907151655,0.0464073405377444,TRUE
7__NQ_ONLY__ranger__0.2000,7,NQ_ONLY,ranger,,0.2,14614,7911,0.541330231285069,7556,0.517038456274805,0.0242917750102641,14614,1,52.6666666666667,52,4,3,0.541657050542349,0.544816522959695,0.0300668151447661,0.141425389755011,0.0320746132848044,10941,5925,0.541540992596655,3673,1986,0.540702423087395,0.210324358147836,TRUE,TRUE,0.532924453885296,0.550127402058729,0.0154041533089875,0.0326903797714734,TRUE
1__NQ_ES__xgb_d2__0.2000,1,NQ_ES,xgb_d2,2,0.2,14021,7582,0.54076028813922,6834,0.487411739533557,0.0533485486056629,14021,1,52.6666666666667,52,4,3,0.535791757049892,0.545433526011561,0.0289079229122056,0.134903640256959,0.0318148951554592,8564,4581,0.534913591779542,5457,3001,0.549935862195345,0.204767777114452,TRUE,TRUE,0.53252109736755,0.548466547555085,0.0430928691125182,0.0633532223905554,TRUE
5__NQ_ONLY__ranger__0.1000,5,NQ_ONLY,ranger,,0.1,7347,4006,0.545256567306384,3837,0.522253981216823,0.0230025860895604,7347,1,52.6666666666667,52,4,3,0.524496937882765,0.556713426853707,0.0389016018306636,0.183066361556064,0.0396793587174349,5636,3079,0.546309439318666,1711,927,0.541788427819988,0.105021163907605,TRUE,TRUE,0.532416081254588,0.557006364049605,0.0124144230584176,0.0342048795594293,TRUE
7__NQ_ES__xgb_d3__0.2000,7,NQ_ES,xgb_d3,3,0.2,14120,7631,0.540439093484419,7222,0.511473087818697,0.0289660056657224,14120,1,52.6666666666667,52,4,3,0.536145952109464,0.547875852960599,0.0361842105263158,0.153508771929825,0.0325775918996258,9911,5354,0.540207849863788,4209,2277,0.540983606557377,0.205185836957264,TRUE,TRUE,0.532320771583299,0.548023550064143,0.0199581578408944,0.0376574062590151,TRUE
5__NQ_ES__xgb_d2__0.0500,5,NQ_ES,xgb_d2,2,0.05,3624,1995,0.550496688741722,1881,0.519039735099338,0.0314569536423841,3624,1,52.6666666666667,52,4,3,0.542929292929293,0.556580050293378,0.0603015075376884,0.226130653266332,0.0502933780385583,2813,1538,0.546747244934234,811,457,0.563501849568434,0.0510391438523044,TRUE,TRUE,0.532298676348253,0.567277183691451,0.0162794082582459,0.0480094735047657,TRUE
1__NQ_ONLY__xgb_d4__0.2000,1,NQ_ONLY,xgb_d4,4,0.2,14233,7684,0.539872128152884,6889,0.484016019110518,0.0558561090423663,14233,1,52.6666666666667,52,4,3,0.528531337698784,0.549691423707172,0.0285714285714286,0.136,0.0315715622076707,8597,4573,0.531929742933582,5636,3111,0.551987224982257,0.204538559698101,TRUE,TRUE,0.531885181791793,0.54800800660526,0.0444682095997096,0.0661630427867475,TRUE
7__NQ_ONLY__logit__0.2000,7,NQ_ONLY,logit,,0.2,13636,7368,0.540334408917571,7090,0.519947198591963,0.0203872103256087,13636,1,52.6666666666667,52,4,3,0.541284403669725,0.544231646146831,0.0328282828282828,0.146464646464646,0.0417236662106703,9399,5135,0.546334716459198,4237,2233,0.527023837620958,0.194084229415465,TRUE,TRUE,0.531800910526976,0.549107800392925,0.011399527301541,0.030225460338392,TRUE
5__NQ_ES__xgb_d5__0.0500,5,NQ_ES,xgb_d5,5,0.05,3392,1868,0.550707547169811,1702,0.501768867924528,0.048938679245283,3392,1,52.6666666666667,52,4,3,0.546289211935731,0.564668769716088,0.0478468899521531,0.205741626794258,0.0648648648648649,2217,1207,0.544429409111412,1175,661,0.562553191489362,0.0487549638556472,TRUE,TRUE,0.531763526595558,0.567765579187022,0.0279455127493355,0.0700069195045125,TRUE
5__NQ_ES__xgb_d4__0.1000,5,NQ_ES,xgb_d4,4,0.1,7098,3858,0.543533389687236,3586,0.505212735981967,0.0383206537052691,7098,1,52.6666666666667,52,4,3,0.539568345323741,0.542897327707454,0.0526315789473684,0.20137299771167,0.0407876230661041,4875,2628,0.539076923076923,2223,1230,0.553306342780027,0.102091206813812,TRUE,TRUE,0.531748032407369,0.556071027375817,0.0238045617823286,0.0522109858069273,TRUE
1__NQ_ES__xgb_d4__0.1000,1,NQ_ES,xgb_d4,4,0.1,7081,3840,0.542296285835334,3393,0.479169608812315,0.0631266770230193,7081,1,52.6666666666667,52,4,3,0.531024531024531,0.55807743658211,0.0313199105145414,0.152125279642058,0.0394420394420394,3885,2076,0.534362934362934,3196,1764,0.551939924906133,0.10229387901852,TRUE,TRUE,0.531691150759241,0.553289508620504,0.0468041649216566,0.0792563518449102,TRUE
7__NQ_ES__xgb_d4__0.2000,7,NQ_ES,xgb_d4,4,0.2,14089,7596,0.539144013059834,7183,0.509830364113848,0.0293136489459862,14089,1,52.6666666666667,52,4,3,0.530450953045095,0.549006168608636,0.0344444444444444,0.158888888888889,0.0328992460589445,9628,5191,0.539156626506024,4461,2405,0.539116789957409,0.204248664356468,TRUE,TRUE,0.531499681323103,0.546788651846926,0.0201967409946157,0.0380566389470088,TRUE
5__NQ_ES__logit__0.2000,5,NQ_ES,logit,,0.2,13295,7175,0.53967657013915,6860,0.515983452425724,0.0236931177134261,13295,1,52.6666666666667,52,4,3,0.532447397563677,0.544864864864865,0.0307167235494881,0.139931740614334,0.0389811738648948,9218,5005,0.542959427207637,4077,2170,0.532254108413049,0.193929512386221,TRUE,TRUE,0.531478212618108,0.54851487349926,0.0148189858561999,0.0338498471420106,TRUE
7__NQ_ES__ranger__0.2000,7,NQ_ES,ranger,,0.2,14525,7836,0.539483648881239,7492,0.515800344234079,0.0236833046471601,14525,1,52.6666666666667,52,4,3,0.536304003619091,0.546940486169321,0.0287929125138427,0.137320044296788,0.0349958088851635,10875,5867,0.539494252873563,3650,1969,0.539452054794521,0.209498337544619,TRUE,TRUE,0.531468604076646,0.547769058592264,0.0156931695802444,0.0318274498482331,TRUE
5__NQ_ONLY__xgb_d2__0.0500,5,NQ_ONLY,xgb_d2,2,0.05,3621,1979,0.546534106600387,1860,0.513670256835129,0.0328638497652582,3621,1,52.6666666666667,52,4,3,0.519317160826595,0.563079777365492,0.05,0.211111111111111,0.048,2700,1466,0.542962962962963,921,513,0.55700325732899,0.0501605850012325,TRUE,TRUE,0.53143991656821,0.56364365911564,0.0161145820170836,0.050526257479611,TRUE
7__NQ_ONLY__xgb_d2__0.2000,7,NQ_ONLY,xgb_d2,2,0.2,14326,7726,0.53929917632277,7405,0.516892363534832,0.022406812787938,14326,1,52.6666666666667,52,4,3,0.535465924895688,0.546540880503145,0.0322209436133487,0.148446490218642,0.0335429769392034,10668,5764,0.540307461567304,3658,1962,0.536358665937671,0.205649528715784,TRUE,TRUE,0.531414879273946,0.547516280268577,0.0144021009277487,0.0306535022005806,TRUE
7__NQ_ONLY__xgb_d4__0.2000,7,NQ_ONLY,xgb_d4,4,0.2,13877,7487,0.539525834114002,7099,0.511565900410752,0.02795993370325,13877,1,52.6666666666667,52,4,3,0.530946065428824,0.550861458579183,0.0369487485101311,0.158522050059595,0.0347038019451813,9768,5269,0.539414414414414,4109,2218,0.539790703334145,0.199004963999979,TRUE,TRUE,0.531413771122955,0.548139077854416,0.0185936989510117,0.0366234690178984,TRUE
7__NQ_ONLY__xgb_d5__0.0500,7,NQ_ONLY,xgb_d5,5,0.05,3450,1891,0.548115942028986,1733,0.50231884057971,0.0457971014492754,3450,1,52.6666666666667,52,4,3,0.538091419406576,0.567316620241411,0.0552763819095477,0.226130653266332,0.0571736785329018,2245,1217,0.542093541202673,1205,674,0.559336099585062,0.0490108446424095,TRUE,TRUE,0.531303084911087,0.563966371809917,0.0255060365021752,0.0657478894158775,TRUE
7__NQ_ES__xgb_d2__0.2000,7,NQ_ES,xgb_d2,2,0.2,14317,7721,0.539288957183768,7371,0.51484249493609,0.0244464622476776,14317,1,52.6666666666667,52,4,3,0.53679354094579,0.546562959848644,0.0379041248606466,0.157190635451505,0.033271719038817,10606,5719,0.53922308127475,3711,2002,0.539477229857181,0.206822177543487,TRUE,TRUE,0.531300955944757,0.54783116078777,0.0163632195903957,0.0331039322444041,TRUE
1__NQ_ES__xgb_d4__0.0500,1,NQ_ES,xgb_d4,4,0.05,3478,1901,0.546578493387004,1659,0.476998274870615,0.0695802185163887,3478,1,52.6666666666667,52,4,3,0.52116935483871,0.576782449725777,0.042654028436019,0.18957345971564,0.0493951612903226,1722,932,0.54123112659698,1756,969,0.551822323462415,0.049861439265175,TRUE,TRUE,0.531245797538228,0.562450421667125,0.0461146021954791,0.0924051750883198,TRUE
1__NQ_ONLY__logit__0.0500,1,NQ_ONLY,logit,,0.05,3217,1762,0.547715262667081,1596,0.496114392290954,0.0516008703761268,3217,1,52.6666666666667,52,4,3,0.546532846715328,0.555102040816327,0.0683760683760684,0.239316239316239,0.108506944444444,1894,1038,0.5480464625132,1323,724,0.54724111866969,0.0478239258895597,TRUE,TRUE,0.531234878566811,0.564277730415838,0.0264586826347305,0.075829333422397,TRUE
3__NQ_ES__xgb_d5__0.0100,3,NQ_ES,xgb_d5,5,0.01,585,330,0.564102564102564,272,0.464957264957265,0.0991452991452991,585,1,49,45,4,3,0.512437810945274,0.595588235294118,0.0930232558139535,0.395348837209302,0.125,257,140,0.544747081712062,328,190,0.579268292682927,0.00872284951268158,TRUE,TRUE,0.531147197123364,0.599284750888953,0.04630964195014,0.154269903912148,TRUE
7__NQ_ONLY__xgb_d3__0.0200,7,NQ_ONLY,xgb_d3,3,0.02,1583,880,0.555906506632975,780,0.49273531269741,0.0631711939355654,1583,1,52.6666666666667,52,4,3,0.526530612244898,0.578947368421053,0.0512820512820513,0.217948717948718,0.0645933014354067,1056,570,0.539772727272727,527,310,0.588235294117647,0.0219085953464825,TRUE,TRUE,0.5310502903177,0.580941214815747,0.0368332356866191,0.0892704075290983,TRUE
1__NQ_ONLY__xgb_d4__0.1000,1,NQ_ONLY,xgb_d4,4,0.1,7199,3908,0.542853174051952,3463,0.481039033199055,0.0618141408528962,7199,1,52.6666666666667,52,4,3,0.536119945479328,0.55188246097337,0.0356294536817102,0.152019002375297,0.0376492194674013,4240,2258,0.532547169811321,2959,1650,0.557620817843866,0.102470956984876,TRUE,TRUE,0.530965669600231,0.554612899648996,0.0478353179689825,0.0759499982228672,TRUE
5__NQ_ONLY__logit__0.1000,5,NQ_ONLY,logit,,0.1,6684,3633,0.543536804308797,3432,0.513464991023339,0.0300718132854578,6684,1,52.6666666666667,52,4,3,0.535376295628662,0.552330694810906,0.0366132723112128,0.169336384439359,0.0482199188823795,4638,2521,0.54355325571367,2046,1112,0.543499511241447,0.0972795356188021,TRUE,TRUE,0.530849213005259,0.555460022517735,0.0156181069827705,0.0438098385261133,TRUE
5__NQ_ONLY__xgb_d3__0.0500,5,NQ_ONLY,xgb_d3,3,0.05,3672,2016,0.549019607843137,1863,0.507352941176471,0.0416666666666667,3672,1,52.6666666666667,52,4,3,0.53125,0.562560620756547,0.0490196078431373,0.205882352941176,0.0494812450119713,2538,1380,0.543735224586288,1134,636,0.560846560846561,0.0518282400540616,TRUE,TRUE,0.530774869420925,0.565614556331862,0.0240788984807231,0.0596341124234567,TRUE
7__NQ_ONLY__xgb_d3__0.2000,7,NQ_ONLY,xgb_d3,3,0.2,14222,7665,0.538953733652088,7301,0.513359583743496,0.0255941499085923,14222,1,52.6666666666667,52,4,3,0.534451495920218,0.546655120155878,0.030751708428246,0.149202733485194,0.0335570469798658,10165,5486,0.539695031972455,4057,2179,0.53709637663298,0.204831332301566,TRUE,TRUE,0.530706167853979,0.546954980514351,0.0172798734723094,0.0339717712426323,TRUE
5__NQ_ES__xgb_d4__0.0500,5,NQ_ES,xgb_d4,4,0.05,3550,1951,0.549577464788732,1764,0.496901408450704,0.0526760563380282,3550,1,52.6666666666667,52,4,3,0.539837398373984,0.562078922040424,0.0625,0.240384615384615,0.0512581547064306,2441,1313,0.537894305612454,1109,638,0.575293056807935,0.0505714635203228,TRUE,TRUE,0.530629554481164,0.567523504894834,0.0345298933160939,0.0715369271783373,TRUE
7__NQ_ONLY__logit__0.1000,7,NQ_ONLY,logit,,0.1,6725,3653,0.543197026022305,3473,0.516431226765799,0.0267657992565056,6725,1,52.6666666666667,52,4,3,0.539795464650956,0.552831029870709,0.0344827586206897,0.16710875331565,0.0549568965517241,4654,2541,0.545981951009884,2071,1112,0.536938676967649,0.0950802383891548,TRUE,TRUE,0.530491076536872,0.555711587411713,0.0132522009174549,0.0397314633631715,TRUE
1__NQ_ONLY__xgb_d3__0.1000,1,NQ_ONLY,xgb_d3,3,0.1,7145,3872,0.541917424772568,3422,0.478936319104269,0.0629811056682995,7145,1,52.6666666666667,52,4,3,0.530085959885387,0.550866281652599,0.0296803652968037,0.139269406392694,0.0401146131805158,4284,2267,0.529178338001867,2861,1605,0.560992659909123,0.102632129072599,TRUE,TRUE,0.530455446685096,0.554658715794914,0.0484197179488978,0.0787686659262002,TRUE
7__NQ_ES__xgb_d4__0.0500,7,NQ_ES,xgb_d4,4,0.05,3628,1983,0.546582138919515,1816,0.500551267916207,0.0460308710033076,3628,1,52.6666666666667,52,3,3,0.543117744610282,0.555860805860806,0.0567685589519651,0.231441048034935,0.0499545867393279,2280,1236,0.542105263157895,1348,747,0.554154302670623,0.0524602500886724,TRUE,TRUE,0.53042502929798,0.560364235614548,0.0287611720475489,0.0631417754062251,TRUE
1__NQ_ES__logit__0.1000,1,NQ_ES,logit,,0.1,6607,3583,0.542303617375511,3237,0.48993491751173,0.0523686998637808,6607,1,52.6666666666667,52,4,3,0.538650306748466,0.550351288056206,0.0528541226215645,0.186046511627907,0.0756646216768916,3961,2127,0.536985609694522,2646,1456,0.55026455026455,0.0978693779328842,TRUE,TRUE,0.530414946783444,0.554598627251752,0.0375619583142241,0.0695065889752734,TRUE
1__NQ_ES__ranger__0.0500,1,NQ_ES,ranger,,0.05,3783,2066,0.546127412106794,1808,0.477927570711076,0.0681998413957177,3783,1,52.6666666666667,52,4,3,0.516666666666667,0.569230769230769,0.0428571428571429,0.2,0.046078431372549,1935,1046,0.540568475452196,1848,1020,0.551948051948052,0.053365801014157,TRUE,TRUE,0.530219180261382,0.560892392852773,0.0468937886826565,0.0899491721571258,TRUE
1__NQ_ONLY__xgb_d3__0.2000,1,NQ_ONLY,xgb_d3,3,0.2,14259,7668,0.537765621712603,6898,0.483764639876569,0.0540009818360334,14259,1,52.6666666666667,52,4,3,0.531139835487662,0.545821815862216,0.028169014084507,0.128927410617551,0.0314923619271445,8679,4602,0.53024541997926,5580,3066,0.549462365591398,0.207020365055849,TRUE,TRUE,0.529938027196016,0.545586122833127,0.0443585791177877,0.0644353414064036,TRUE
7__NQ_ES__xgb_d5__0.1000,7,NQ_ES,xgb_d5,5,0.1,6982,3777,0.540962474935549,3523,0.504583213978803,0.0363792609567459,6982,1,52.6666666666667,52,4,3,0.534582132564842,0.547038327526132,0.0415647921760391,0.188264058679707,0.0417867435158501,4480,2416,0.539285714285714,2502,1361,0.54396482813749,0.099525230978348,TRUE,TRUE,0.529892964558324,0.552304640386221,0.0212559219611005,0.0505569669350871,TRUE
7__NQ_ONLY__xgb_d5__0.1000,7,NQ_ONLY,xgb_d5,5,0.1,6828,3693,0.540861159929701,3437,0.503368482718219,0.0374926772114821,6828,1,52.6666666666667,52,4,3,0.529965753424658,0.55357978474497,0.0441176470588235,0.198529411764706,0.0411792232101076,4622,2476,0.5356988316746,2206,1217,0.551677243880326,0.0976715628274648,TRUE,TRUE,0.529684034135883,0.552127873315529,0.023941964287293,0.0505266542789045,TRUE
5__NQ_ONLY__xgb_d5__0.1000,5,NQ_ONLY,xgb_d5,5,0.1,6803,3682,0.541231809495811,3483,0.511980008819638,0.0292518006761723,6803,1,52.6666666666667,52,4,3,0.531998258598172,0.548071979434447,0.0389016018306636,0.167048054919908,0.0437853107344633,4680,2540,0.542735042735043,2123,1142,0.537918040508714,0.0986588292648884,TRUE,TRUE,0.52958336657867,0.552644817227136,0.015636487751823,0.0418225909016695,TRUE
1__NQ_ES__xgb_d3__0.2000,1,NQ_ES,xgb_d3,3,0.2,14255,7656,0.53707471062785,6899,0.483970536653806,0.0531041739740442,14255,1,52.6666666666667,52,4,3,0.53208174904943,0.543939739785437,0.0302351623740202,0.138857782754759,0.0327946768060837,8377,4453,0.531574549361347,5878,3203,0.544913235794488,0.205626025425805,TRUE,TRUE,0.529489864908862,0.545314244679887,0.0436283560042921,0.0636437971752399,TRUE
5__NQ_ONLY__xgb_d3__0.1000,5,NQ_ONLY,xgb_d3,3,0.1,7272,3948,0.542904290429043,3737,0.513888888888889,0.029015401540154,7272,1,52.6666666666667,52,4,3,0.532541776605101,0.548770491803279,0.04337899543379,0.178082191780822,0.0389344262295082,5153,2798,0.542984669124782,2119,1150,0.542708824917414,0.104192947766435,TRUE,TRUE,0.529467909727819,0.555917491019452,0.0150525867415366,0.0420308252471467,TRUE
5__NQ_ONLY__xgb_d2__0.1000,5,NQ_ONLY,xgb_d2,2,0.1,7046,3817,0.541725801873403,3645,0.517314788532501,0.0244110133409026,7046,1,52.6666666666667,52,4,3,0.527930402930403,0.550643776824034,0.0364963503649635,0.167883211678832,0.0407725321888412,5334,2888,0.54143232095988,1712,929,0.542640186915888,0.100350333810824,TRUE,TRUE,0.529447231790793,0.55483898293506,0.01187904841067,0.0372497285945648,TRUE
10__NQ_ES__ranger__0.1000,10,NQ_ES,ranger,,0.1,7503,4063,0.541516726642676,3978,0.530187924830068,0.0113288018126083,7503,1,52.6666666666667,52,4,3,0.535729037587774,0.54801124949779,0.0534521158129176,0.180400890868597,0.0413052457662123,6461,3506,0.542640458133416,1042,557,0.534548944337812,0.107460083252753,TRUE,TRUE,0.529379822863786,0.552816156371154,0.00347241384801298,0.0195418874444411,TRUE
7__NQ_ONLY__xgb_d5__0.2000,7,NQ_ONLY,xgb_d5,5,0.2,13900,7467,0.537194244604317,7145,0.514028776978417,0.0231654676258993,13900,1,52.6666666666667,52,4,3,0.528396679772827,0.548995886765062,0.0338600451467269,0.148984198645598,0.0370191144447133,9640,5201,0.539522821576763,4260,2266,0.531924882629108,0.20138786392785,TRUE,TRUE,0.529373912432904,0.544543227226921,0.0152873287623282,0.0314919563956289,TRUE
1__NQ_ONLY__logit__0.2000,1,NQ_ONLY,logit,,0.2,13408,7215,0.538111575178998,6628,0.494331742243437,0.0437798329355609,13408,1,52.6666666666667,52,3,3,0.53647111309391,0.545498431088583,0.035140562248996,0.152610441767068,0.0468436314967656,8456,4528,0.535477767265847,4952,2687,0.542609046849758,0.200352592106542,TRUE,TRUE,0.52935736584638,0.54599929966624,0.0334136790360368,0.0549339814801439,TRUE
1__NQ_ES__xgb_d2__0.0500,1,NQ_ES,xgb_d2,2,0.05,3567,1945,0.545276142416597,1722,0.482758620689655,0.0625175217269414,3567,1,52.6666666666667,52,3,3,0.541420118343195,0.556126820908312,0.0393700787401575,0.169291338582677,0.0512820512820513,2005,1081,0.539152119700748,1562,864,0.553137003841229,0.0528439525291826,TRUE,TRUE,0.529325675750543,0.56171214116813,0.0407136035796365,0.0839591276912027,TRUE
1__NQ_ONLY__xgb_d3__0.0500,1,NQ_ONLY,xgb_d3,3,0.05,3618,1971,0.544776119402985,1724,0.476506357103372,0.068269762299613,3618,1,52.6666666666667,52,4,3,0.525505293551492,0.563275434243176,0.0454545454545455,0.181818181818182,0.0488006617038875,2027,1081,0.53330044400592,1591,890,0.559396605908234,0.0518931067463044,TRUE,TRUE,0.529202133698209,0.560059417047245,0.0481259014331576,0.0897487902077996,TRUE
10__NQ_ES__xgb_d5__0.1000,10,NQ_ES,xgb_d5,5,0.1,6721,3635,0.540842136586818,3524,0.524326737092695,0.0165153994941229,6721,1,52.6666666666667,52,4,3,0.53660797034291,0.547445255474453,0.0555555555555556,0.185990338164251,0.0460415496911847,4772,2620,0.549036043587594,1949,1015,0.520779887121601,0.0967503586585526,TRUE,TRUE,0.52903415544293,0.552859437493509,0.00369747321999376,0.0300324349434986,TRUE
5__NQ_ONLY__xgb_d5__0.2000,5,NQ_ONLY,xgb_d5,5,0.2,13641,7321,0.536690858441463,6973,0.511179532292354,0.0255113261491093,13641,1,52.6666666666667,52,4,3,0.52669452181987,0.547914032869785,0.0328227571115974,0.150984682713348,0.0361567635903919,9573,5142,0.537135694139768,4068,2179,0.535644051130777,0.199566413570219,TRUE,TRUE,0.528675630510583,0.545189382477202,0.0155385209506273,0.0352277549672617,TRUE
7__NQ_ES__logit__0.2000,7,NQ_ES,logit,,0.2,13506,7266,0.537983118613949,7001,0.51836220938842,0.0196209092255294,13506,1,52.6666666666667,52,4,3,0.537259615384615,0.54235807860262,0.0325945241199479,0.151238591916558,0.0449781659388646,9091,4955,0.545044549554504,4415,2311,0.523442808607022,0.191397219188697,TRUE,TRUE,0.528651236687147,0.546635729190487,0.00995111366857304,0.0288876323020422,TRUE
5__NQ_ONLY__ranger__0.2000,5,NQ_ONLY,ranger,,0.2,14296,7687,0.53770285394516,7417,0.518816452154449,0.0188864017907107,14296,1,52.6666666666667,52,4,3,0.531013962005036,0.542736842105263,0.0347144456886898,0.151175811870101,0.0322728313115129,10886,5874,0.539592136689326,3410,1813,0.531671554252199,0.206297560015896,TRUE,TRUE,0.528591751769089,0.546749568141333,0.0111970600113702,0.0268871797705878,TRUE
5__NQ_ES__ranger__0.2000,5,NQ_ES,ranger,,0.2,14370,7727,0.537717466945024,7442,0.517884481558803,0.0198329853862213,14370,1,52.6666666666667,52,4,3,0.532868077442593,0.545951629863302,0.0289855072463768,0.141583054626533,0.0321766561514196,11004,5927,0.53862231915667,3366,1800,0.53475935828877,0.20732640327135,TRUE,TRUE,0.528551551619458,0.546493488696416,0.0116668877489188,0.0278047030182841,TRUE
5__NQ_ES__xgb_d3__0.1000,5,NQ_ES,xgb_d3,3,0.1,7249,3924,0.54131604359222,3739,0.515795282107877,0.0255207614843427,7249,1,52.6666666666667,52,4,3,0.537611559711007,0.544223444773593,0.0466666666666667,0.202222222222222,0.0408065290446471,5244,2847,0.542906178489703,2005,1077,0.53715710723192,0.104449822131576,TRUE,TRUE,0.528524590258529,0.554010032130161,0.0128357222282948,0.0384865371794361,TRUE
5__NQ_ONLY__logit__0.0200,5,NQ_ONLY,logit,,0.02,1252,693,0.553514376996805,653,0.521565495207668,0.0319488817891374,1252,1,52,51,4,3,0.543396226415094,0.561247216035635,0.0833333333333333,0.333333333333333,0.133630289532294,821,460,0.560292326431181,431,233,0.540603248259861,0.0172217743706735,TRUE,TRUE,0.528469506167533,0.579127215896253,0.00145055679177903,0.0630948944188708,TRUE
10__NQ_ONLY__ranger__0.1000,10,NQ_ONLY,ranger,,0.1,7271,3931,0.540640902214276,3818,0.525099711181406,0.0155411910328703,7271,1,52.6666666666667,52,4,3,0.536575398447078,0.545679012345679,0.0519187358916479,0.191873589164786,0.0390123456790123,6391,3440,0.538256923799093,880,491,0.557954545454546,0.104510139131928,TRUE,TRUE,0.528436335683575,0.552900272525183,0.00771525663818154,0.0234436119548261,TRUE
5__NQ_ONLY__xgb_d5__0.0500,5,NQ_ONLY,xgb_d5,5,0.05,3403,1856,0.545401116661769,1726,0.507199529826624,0.0382015868351455,3403,1,52.6666666666667,52,4,3,0.53531914893617,0.548237476808905,0.0558375634517767,0.223350253807107,0.0535152151101784,2254,1226,0.543921916592724,1149,630,0.548302872062663,0.0483664646518476,TRUE,TRUE,0.528321898117885,0.562466288780948,0.019662950826508,0.0595145946041512,TRUE
1__NQ_ES__logit__0.2000,1,NQ_ES,logit,,0.2,13420,7205,0.536885245901639,6610,0.492548435171386,0.0443368107302534,13420,1,52.6666666666667,52,4,3,0.535394456289979,0.543307086614173,0.0391937290033595,0.156774916013438,0.0488272921108742,8199,4384,0.534699353579705,5221,2821,0.540317946753496,0.19578460670926,TRUE,TRUE,0.528069585249789,0.54556340363341,0.0335143642511981,0.0550339859845743,TRUE
15__NQ_ONLY__xgb_d3__0.1000,15,NQ_ONLY,xgb_d3,3,0.1,7358,3962,0.538461538461538,3906,0.530850774667029,0.00761076379450938,7358,1,52.6666666666667,52,4,3,0.527257594673325,0.546027131782946,0.0681818181818182,0.247474747474748,0.061531007751938,6765,3639,0.537915742793792,593,323,0.54468802698145,0.104738320210658,TRUE,TRUE,0.528043847412031,0.549047249437243,0.000814814676023487,0.0144191121943454,TRUE
10__NQ_ONLY__logit__0.1000,10,NQ_ONLY,logit,,0.1,6866,3706,0.539761141858433,3625,0.527963879988348,0.0117972618700845,6866,1,52.6666666666667,52,4,3,0.539741989180191,0.546745562130178,0.0372960372960373,0.17016317016317,0.0591715976331361,5493,2988,0.54396504642272,1373,718,0.522942461762564,0.0991230198973552,TRUE,TRUE,0.527870402792884,0.551267007884201,0.00102554489595919,0.0226809326489001,TRUE
10__NQ_ONLY__xgb_d3__0.1000,10,NQ_ONLY,xgb_d3,3,0.1,6984,3767,0.539375715922108,3642,0.521477663230241,0.0178980526918671,6984,1,52.6666666666667,52,4,3,0.535966149506347,0.546075085324232,0.0536912751677852,0.190156599552573,0.0463188688444661,5700,3073,0.539122807017544,1284,694,0.540498442367601,0.101326526913861,TRUE,TRUE,0.527864628884688,0.551301231708132,0.00861535920678274,0.0280706056268625,TRUE
1__NQ_ONLY__ranger__0.2000,1,NQ_ONLY,ranger,,0.2,14483,7762,0.535938686736173,7004,0.483601463785128,0.0523372229510461,14483,1,52.6666666666667,52,4,3,0.526811594202899,0.543062738925118,0.0293478260869565,0.135869565217391,0.0304347826086957,9246,4866,0.526281635301752,5237,2896,0.552988352109987,0.209522001661981,TRUE,TRUE,0.52782955419161,0.544353050964279,0.0416237254840807,0.062373041075075,TRUE
1__NQ_ONLY__ranger__0.1000,1,NQ_ONLY,ranger,,0.1,7622,4114,0.539753345578588,3706,0.486224088165836,0.0535292574127526,7622,1,52.6666666666667,52,4,3,0.521065375302663,0.558407079646018,0.033112582781457,0.152317880794702,0.0397094430992736,4734,2518,0.531896915927334,2888,1596,0.552631578947369,0.108883790855746,TRUE,TRUE,0.527740956000509,0.551834860318366,0.0389270669102343,0.0680644780750829,TRUE
1__NQ_ONLY__logit__0.0200,1,NQ_ONLY,logit,,0.02,1197,662,0.553049289891395,604,0.504594820384294,0.0484544695071011,1197,1,52,50,4,3,0.516279069767442,0.581113801452784,0.0882352941176471,0.352941176470588,0.179640718562874,656,369,0.5625,541,293,0.541589648798521,0.0169143621591597,TRUE,TRUE,0.527686603368217,0.583336776859504,0.00680187380915119,0.0949492431000914,TRUE
5__NQ_ONLY__xgb_d4__0.2000,5,NQ_ONLY,xgb_d4,4,0.2,13866,7426,0.535554593970864,7071,0.509952401557767,0.0256021924130968,13866,1,52.6666666666667,52,4,3,0.528107502799552,0.546904761904762,0.037280701754386,0.160087719298246,0.0374020156774916,9858,5275,0.53509839724082,4008,2151,0.536676646706587,0.202106992459142,TRUE,TRUE,0.527653234594151,0.544048707708327,0.0152295297024187,0.0362094091561819,TRUE
10__NQ_ONLY__ranger__0.0500,10,NQ_ONLY,ranger,,0.05,3812,2071,0.543284365162644,2032,0.53305351521511,0.0102308499475341,3812,1,52.6666666666667,52,4,3,0.540948275862069,0.548923679060665,0.0491071428571429,0.200892857142857,0.0479452054794521,3462,1878,0.542461005199307,350,193,0.551428571428571,0.0544351077955572,TRUE,TRUE,0.52759032738987,0.559500060950522,0.00160585334210953,0.019840026852864,TRUE
1__NQ_ES__xgb_d3__0.0500,1,NQ_ES,xgb_d3,3,0.05,3618,1958,0.541182974018795,1722,0.475953565505804,0.0652294085129906,3618,1,52.6666666666667,52,3,3,0.533397870280736,0.552152317880795,0.0405405405405405,0.171171171171171,0.0503388189738625,1883,1002,0.532129580456718,1735,956,0.551008645533141,0.0519848354576422,TRUE,TRUE,0.527563864628821,0.555372587894873,0.046144977372848,0.0846222649331623,TRUE
5__NQ_ONLY__logit__0.2000,5,NQ_ONLY,logit,,0.2,13464,7216,0.535947712418301,6895,0.512106357694593,0.0238413547237077,13464,1,52.6666666666667,52,4,3,0.528082191780822,0.540591397849462,0.0297356828193833,0.145374449339207,0.0363013698630137,9393,5046,0.537208559565634,4071,2170,0.533038565463031,0.19723897721427,TRUE,TRUE,0.527391430380204,0.544584098446683,0.0155419302597756,0.032842925357156,TRUE
5__NQ_ONLY__xgb_d3__0.2000,5,NQ_ONLY,xgb_d3,3,0.2,14030,7530,0.536707056307912,7196,0.512900926585887,0.0238061297220242,14030,1,52.6666666666667,52,4,3,0.528107861060329,0.547464820192093,0.0334051724137931,0.149784482758621,0.0340493601462523,10143,5451,0.537414965986395,3887,2079,0.534859789040391,0.204772131953608,TRUE,TRUE,0.52737634303011,0.545862486830298,0.0140082270080837,0.0330448773965375,TRUE
1__NQ_ES__ranger__0.1000,1,NQ_ES,ranger,,0.1,7434,3998,0.537799300511165,3606,0.485068603712672,0.0527306967984934,7434,1,52.6666666666667,52,4,3,0.529836381135707,0.545,0.0330396475770925,0.162995594713656,0.0389797882579403,4369,2321,0.531242847333486,3065,1677,0.547145187601958,0.106726425735594,TRUE,TRUE,0.527366921344039,0.548905600031395,0.0380284144541335,0.0671751812070529,TRUE
1__NQ_ONLY__xgb_d5__0.1000,1,NQ_ONLY,xgb_d5,5,0.1,7056,3807,0.539540816326531,3383,0.479450113378685,0.0600907029478458,7056,1,52.6666666666667,52,3,3,0.528335564480143,0.55461811722913,0.0327102803738318,0.149532710280374,0.0388758782201405,4195,2209,0.52657926102503,2861,1598,0.558545962950018,0.101111808751087,TRUE,TRUE,0.527339090787157,0.551395465039947,0.0446476690773839,0.0762433424242857,TRUE
3__NQ_ES__xgb_d5__0.0200,3,NQ_ES,xgb_d5,5,0.02,1221,675,0.552825552825553,583,0.477477477477478,0.0753480753480754,1221,1,52.6666666666667,52,4,3,0.508771929824562,0.594654788418708,0.0689655172413793,0.252873563218391,0.0944055944055944,647,350,0.540958268933539,574,325,0.566202090592335,0.0180856547068764,TRUE,TRUE,0.527317108404281,0.580574083724162,0.0386853122645154,0.113795478486346,TRUE
10__NQ_ONLY__xgb_d5__0.1000,10,NQ_ONLY,xgb_d5,5,0.1,6614,3565,0.539008164499546,3439,0.519957665557907,0.0190504989416389,6614,1,52.6666666666667,52,4,3,0.539146741678387,0.543431750106975,0.0545454545454545,0.177272727272727,0.0557511737089202,5025,2719,0.541094527363184,1589,846,0.532410320956577,0.0966833247901555,TRUE,TRUE,0.527274394728777,0.550149761349527,0.0067050368748261,0.0311264499874888,TRUE
10__NQ_ES__xgb_d3__0.1000,10,NQ_ES,xgb_d3,3,0.1,7031,3791,0.539183615417437,3680,0.523396387427109,0.0157872279903285,7031,1,52.6666666666667,52,4,3,0.535564853556485,0.541848299912816,0.0575221238938053,0.205752212389381,0.0441655044165504,5415,2940,0.542936288088643,1616,851,0.526608910891089,0.102118883448421,TRUE,TRUE,0.527203600100726,0.551516478717666,0.00443028056803506,0.0274568091281107,TRUE
7__NQ_ES__xgb_d5__0.2000,7,NQ_ES,xgb_d5,5,0.2,13861,7422,0.535459202077772,7094,0.51179568573696,0.0236635163408124,13861,1,52.6666666666667,52,4,3,0.525578135949545,0.540418449833571,0.0324449594438007,0.156431054461182,0.0337612933903947,9202,4962,0.539230602043034,4659,2460,0.528010302640052,0.199907537366343,TRUE,TRUE,0.527047973627798,0.544720576545468,0.014541703518176,0.0333219577645549,TRUE
1__NQ_ONLY__ranger__0.0500,1,NQ_ONLY,ranger,,0.05,3875,2103,0.542709677419355,1849,0.477161290322581,0.0655483870967742,3875,1,52.6666666666667,52,4,3,0.517206477732794,0.564487632508834,0.0478723404255319,0.212765957446809,0.0455465587044534,2173,1158,0.532903819604234,1702,945,0.555229142185664,0.0534556580433786,TRUE,TRUE,0.527025340367827,0.557484984632079,0.045345222944443,0.0838971468945562,TRUE
3__NQ_ONLY__ranger__0.1000,3,NQ_ONLY,ranger,,0.1,7268,3912,0.538249862410567,3656,0.503026967528894,0.0352228948816731,7268,1,52.6666666666667,52,4,3,0.51437417072092,0.564266180492252,0.0433734939759036,0.175903614457831,0.0412844036697248,4855,2608,0.537178166838311,2413,1304,0.540406133443846,0.103045661667616,TRUE,TRUE,0.526644329860519,0.550305119838864,0.02284204807185,0.0487886919761398,TRUE
3__NQ_ES__xgb_d5__0.1000,3,NQ_ES,xgb_d5,5,0.1,6734,3633,0.539501039501039,3342,0.496287496287496,0.0432135432135432,6734,1,52.6666666666667,52,4,3,0.520173535791757,0.560073092736409,0.0467289719626168,0.177570093457944,0.0458057395143488,4210,2256,0.535866983372922,2524,1377,0.545562599049128,0.0973871271317183,TRUE,TRUE,0.526643173010592,0.552692248948884,0.0285562993684592,0.0565917748251966,TRUE
7__NQ_ES__logit__0.0500,7,NQ_ES,logit,,0.05,3245,1768,0.544838212634823,1675,0.51617873651772,0.0286594761171032,3245,1,52.6666666666667,52,4,3,0.53566958698373,0.551168412570508,0.0532544378698225,0.218934911242604,0.0918614020950846,2141,1175,0.548808967772069,1104,593,0.53713768115942,0.0452581589208756,TRUE,TRUE,0.526616456395225,0.560991116283374,0.0101934667711266,0.0462864481346367,TRUE
10__NQ_ONLY__xgb_d3__0.0500,10,NQ_ONLY,xgb_d3,3,0.05,3483,1893,0.543496985357451,1804,0.517944300890037,0.0255526844674132,3483,1,52.6666666666667,52,4,3,0.531514581373471,0.564212328767123,0.0593607305936073,0.219178082191781,0.0545625587958608,2877,1551,0.53910323253389,606,342,0.564356435643564,0.0503582628417762,TRUE,TRUE,0.526536660877445,0.559458766568921,0.0112769620273177,0.0401878296537209,TRUE
7__NQ_ONLY__xgb_d5__0.0050,7,NQ_ONLY,xgb_d5,5,0.005,311,180,0.578778135048232,149,0.479099678456592,0.0996784565916399,311,1,41,32,3,3,0.552631578947369,0.63265306122449,0.111111111111111,0.388888888888889,0.183673469387755,179,99,0.553072625698324,132,81,0.613636363636364,0.00441142507770019,TRUE,TRUE,0.526501766784452,0.632453769333305,0.0271839746915276,0.1715738457216,TRUE
3__NQ_ES__ranger__0.1000,3,NQ_ES,ranger,,0.1,7263,3909,0.538207352333746,3638,0.500894946991601,0.0373124053421451,7263,1,52.6666666666667,52,4,3,0.516056083220262,0.558992487847989,0.0359712230215827,0.167865707434053,0.040893760539629,5047,2692,0.533386170001981,2216,1217,0.549187725631769,0.103086625494068,TRUE,TRUE,0.526465823105608,0.549777127714962,0.0241767665522112,0.0504753785621041,TRUE
5__NQ_ES__xgb_d5__0.2000,5,NQ_ES,xgb_d5,5,0.2,13563,7264,0.535574725355747,6875,0.506893755068938,0.0286809702868097,13563,1,52.6666666666667,52,4,3,0.529804727646454,0.539896128423041,0.0340775558166862,0.158636897767333,0.0356468366383381,9028,4840,0.536109880372175,4535,2424,0.534509371554576,0.195776737878709,TRUE,TRUE,0.526439146799366,0.544478103449502,0.0178973192709746,0.0397587737185289,TRUE
1__NQ_ES__ranger__0.2000,1,NQ_ES,ranger,,0.2,14212,7601,0.534829721362229,6928,0.487475372924289,0.0473543484379398,14212,1,52.6666666666667,52,4,3,0.527960927960928,0.541076487252125,0.0311493018259936,0.146079484425349,0.0305250305250305,8841,4677,0.529012555140821,5371,2924,0.544405138707876,0.206862144842691,TRUE,TRUE,0.526385494549364,0.543720968675283,0.0371759792959415,0.0583858226565736,TRUE
5__NQ_ONLY__xgb_d4__0.0500,5,NQ_ONLY,xgb_d4,4,0.05,3534,1921,0.543576683644595,1795,0.507923033389926,0.0356536502546689,3534,1,52.6666666666667,52,4,3,0.530813475760066,0.553191489361702,0.0416666666666667,0.203125,0.0568285976168653,2371,1286,0.542387178405736,1163,635,0.546001719690456,0.0496634879728634,TRUE,TRUE,0.52635324005891,0.560761717151642,0.017545497985288,0.054782957624817,TRUE
3__NQ_ES__logit__0.2000,3,NQ_ES,logit,,0.2,13648,7298,0.534730363423212,6897,0.50534876905041,0.0293815943728019,13648,1,52.6666666666667,52,4,3,0.530320236202589,0.538514920194309,0.0298165137614679,0.142201834862385,0.0372473313649784,9388,5011,0.533766510438858,4260,2287,0.536854460093897,0.197652023133618,TRUE,TRUE,0.526249103609564,0.543314234820802,0.0199426400816292,0.0393450998953952,TRUE
7__NQ_ES__xgb_d5__0.0500,7,NQ_ES,xgb_d5,5,0.05,3477,1884,0.541846419327006,1748,0.502732240437159,0.0391141788898476,3477,1,52.6666666666667,52,3,3,0.540713632204941,0.549172346640701,0.0563380281690141,0.220657276995305,0.0524475524475525,2205,1186,0.537868480725624,1272,698,0.54874213836478,0.0499849118853835,TRUE,TRUE,0.526223510174809,0.557817603230972,0.0204054512323371,0.0578583765112263,TRUE
1__NQ_ONLY__xgb_d4__0.0500,1,NQ_ONLY,xgb_d4,4,0.05,3512,1901,0.54128701594533,1657,0.471810933940775,0.0694760820045558,3512,1,52.6666666666667,52,4,3,0.5234375,0.560221870047544,0.0459183673469388,0.193877551020408,0.048828125,1947,1025,0.526450950179764,1565,876,0.559744408945687,0.0495779600322492,TRUE,TRUE,0.526200621342598,0.557111855383463,0.0481443691200886,0.0907865413769091,TRUE
5__NQ_ES__xgb_d2__0.2000,5,NQ_ES,xgb_d2,2,0.2,14176,7568,0.533860045146727,7316,0.516083521444695,0.0177765237020316,14176,1,52.6666666666667,52,4,3,0.532184950135993,0.533848676505036,0.0330843116328709,0.155816435432231,0.0322509872751207,10705,5733,0.535544138253153,3471,1835,0.528666090463843,0.206876755645285,TRUE,TRUE,0.526190665291446,0.541721952725873,0.00935056755925755,0.0258376454265344,TRUE
3__NQ_ONLY__xgb_d3__0.0500,3,NQ_ONLY,xgb_d3,3,0.05,3568,1941,0.544002242152466,1748,0.489910313901345,0.0540919282511211,3568,1,52.6666666666667,52,4,3,0.525846702317291,0.565139263252471,0.0396039603960396,0.178217821782178,0.0477453580901857,2154,1155,0.536211699164345,1414,786,0.555869872701556,0.0505043252838995,TRUE,TRUE,0.526136965166818,0.562991272718821,0.0297098461531869,0.0773781037441402,TRUE
10__NQ_ES__xgb_d4__0.1000,10,NQ_ES,xgb_d4,4,0.1,6918,3720,0.537727666955768,3597,0.519947961838682,0.0177797051170859,6918,1,52.6666666666667,52,4,3,0.530087276067984,0.552789699570815,0.058165548098434,0.190156599552573,0.0493890020366599,5072,2746,0.541403785488959,1846,974,0.52762730227519,0.10055905406486,TRUE,TRUE,0.526062167672017,0.549429934246902,0.00553396159317212,0.0306141038173616,TRUE
3__NQ_ES__xgb_d4__0.1000,3,NQ_ES,xgb_d4,4,0.1,6819,3667,0.537762135210441,3373,0.494647308989588,0.0431148262208535,6819,1,52.6666666666667,52,4,3,0.528094820017559,0.557851239669422,0.0401002506265664,0.175438596491228,0.0427698574338086,4239,2263,0.533852323661241,2580,1404,0.544186046511628,0.0970739493586182,TRUE,TRUE,0.526057603769175,0.550126609403714,0.0294399482932965,0.0571848867617524,TRUE
5__NQ_ONLY__xgb_d4__0.0200,5,NQ_ONLY,xgb_d4,4,0.02,1408,778,0.552556818181818,711,0.504971590909091,0.0475852272727273,1408,1,52.6666666666667,52,4,3,0.523809523809524,0.582125603864734,0.0625,0.25,0.0658536585365854,894,492,0.550335570469799,514,286,0.556420233463035,0.0199405892206069,TRUE,TRUE,0.526022355507088,0.579335598853062,0.0172006327807965,0.0787156345558489,TRUE
1__NQ_ONLY__xgb_d5__0.2000,1,NQ_ONLY,xgb_d5,5,0.2,13983,7485,0.535292855610384,6765,0.483801759279125,0.0514910963312594,13983,1,52.6666666666667,52,4,3,0.525231952930527,0.543215405284371,0.0267441860465116,0.130232558139535,0.0318546484190656,8471,4466,0.527210482823752,5512,3019,0.547714078374456,0.200915245398149,TRUE,TRUE,0.525912533044583,0.543743471349312,0.0395239224468906,0.062794173042207,TRUE
1__NQ_ES__xgb_d4__0.2000,1,NQ_ES,xgb_d4,4,0.2,14089,7523,0.533962665909575,6838,0.485343175527007,0.048619490382568,14089,1,52.6666666666667,52,4,3,0.532588011417697,0.540564373897707,0.0297142857142857,0.139428571428571,0.0319624497094323,8110,4303,0.530579531442663,5979,3220,0.538551597257066,0.202870967419502,TRUE,TRUE,0.525908236926974,0.542620538619821,0.038119949492057,0.0593691873837581,TRUE
5__NQ_ES__xgb_d3__0.2000,5,NQ_ES,xgb_d3,3,0.2,14121,7554,0.534947949861908,7265,0.514481977197082,0.0204659726648254,14121,1,52.6666666666667,52,4,3,0.531781557743957,0.536908234238277,0.0349344978165939,0.156113537117904,0.033411214953271,10131,5446,0.53755799032672,3990,2108,0.528320802005013,0.205268964070609,TRUE,TRUE,0.525848287460434,0.543949985344928,0.0108711267801534,0.0302077157891276,TRUE
10__NQ_ONLY__xgb_d3__0.2000,10,NQ_ONLY,xgb_d3,3,0.2,13875,7430,0.535495495495495,7205,0.519279279279279,0.0162162162162162,13875,1,52.6666666666667,52,4,3,0.531694993109784,0.539470806910125,0.0410490307867731,0.166476624857469,0.0356177843281749,11086,5944,0.536171748150821,2789,1486,0.532807457870204,0.200826663851199,TRUE,TRUE,0.525612594406063,0.544242557586275,0.00846714482859698,0.0236372949680995,TRUE
10__NQ_ES__xgb_d3__0.0500,10,NQ_ES,xgb_d3,3,0.05,3472,1879,0.541186635944701,1808,0.52073732718894,0.0204493087557604,3472,1,52.6666666666667,52,4,3,0.529296875,0.549862763037512,0.0786026200873363,0.25764192139738,0.0546875,2694,1460,0.541945063103192,778,419,0.538560411311054,0.0506901514732061,TRUE,TRUE,0.525569948505395,0.557486372544358,0.00469411687388842,0.0362871621899552,TRUE
60__NQ_ES__xgb_d3__0.1000,60,NQ_ES,xgb_d3,3,0.1,6469,3516,0.543515226464678,3483,0.538413974339156,0.00510125212552172,2685,0.415056422940176,52.6666666666667,52,4,3,0.539923954372624,0.548622366288493,0.0952380952380952,0.366946778711485,0.0941558441558442,6296,3413,0.542090216010165,173,103,0.595375722543353,0.0967844093428247,TRUE,TRUE,0.52554925380837,0.561370023752931,0.00107799534445883,0.0101174570475663,TRUE
3__NQ_ES__xgb_d5__0.0500,3,NQ_ES,xgb_d5,5,0.05,3286,1789,0.544430919050517,1609,0.48965307364577,0.0547778454047474,3286,1,52.6666666666667,52,4,3,0.530950305143854,0.552677029360967,0.0506912442396313,0.193548387096774,0.0589005235602094,1924,1035,0.537941787941788,1362,754,0.55359765051395,0.0478818967880543,TRUE,TRUE,0.525507643458889,0.562249732500112,0.0323548075946797,0.0764640645753377,TRUE
5__NQ_ES__xgb_d5__0.1000,5,NQ_ES,xgb_d5,5,0.1,6764,3642,0.538438793613247,3424,0.506209343583678,0.0322294500295683,6764,1,52.6666666666667,52,4,3,0.530434782608696,0.54735308402137,0.041958041958042,0.186480186480187,0.0451370231058571,4445,2392,0.538132733408324,2319,1250,0.539025442000862,0.0978150882042563,TRUE,TRUE,0.525433407473501,0.551528938131774,0.0169686135569682,0.048727448358042,TRUE
5__NQ_ES__ranger__0.0200,5,NQ_ES,ranger,,0.02,1569,863,0.550031867431485,821,0.523263224984066,0.0267686424474187,1569,1,52.6666666666667,52,4,3,0.507128309572301,0.6,0.075,0.275,0.0686619718309859,1276,697,0.546238244514107,293,166,0.566552901023891,0.0218252480007402,TRUE,TRUE,0.525301708153711,0.575497841282261,0.00435574525691079,0.0476485245507309,TRUE
7__NQ_ES__ranger__0.0500,7,NQ_ES,ranger,,0.05,3812,2066,0.541972717733473,1971,0.517051416579224,0.0249213011542497,3812,1,52.6666666666667,52,4,3,0.539705882352941,0.549692172383465,0.0505050505050505,0.191919191919192,0.0474485228290063,2984,1610,0.539544235924933,828,456,0.550724637681159,0.0532282841350805,TRUE,TRUE,0.525251775919432,0.558674834280303,0.0111730030217792,0.0402873855395257,TRUE
30__NQ_ONLY__xgb_d5__0.0500,30,NQ_ONLY,xgb_d5,5,0.05,2821,1544,0.547323644097838,1508,0.534562211981567,0.0127614321162708,2344,0.830911024459412,52.6666666666667,52,4,3,0.523281596452328,0.568052930056711,0.121212121212121,0.339393939393939,0.130820399113082,2577,1405,0.545207605743112,244,139,0.569672131147541,0.0413225346201354,TRUE,TRUE,0.52521847648279,0.568295704119149,0.000378613687111202,0.0245186267676177,TRUE
3__NQ_ES__ranger__0.0500,3,NQ_ES,ranger,,0.05,3504,1898,0.541666666666667,1748,0.498858447488585,0.0428082191780822,3504,1,52.6666666666667,52,4,3,0.518072289156627,0.566914498141264,0.0505050505050505,0.191919191919192,0.0473977695167286,2312,1242,0.53719723183391,1192,656,0.550335570469799,0.0495874912339427,TRUE,TRUE,0.52514393508516,0.558716914367494,0.0231638978718373,0.0663475161592594,TRUE
10__NQ_ONLY__xgb_d2__0.2000,10,NQ_ONLY,xgb_d2,2,0.2,13891,7421,0.534230796918868,7264,0.522928514865741,0.0113022820531279,13891,1,52.6666666666667,52,4,3,0.528380249192432,0.543561030235162,0.0348706411698538,0.154105736782902,0.0359267190102308,11564,6198,0.535973711518506,2327,1223,0.525569402664375,0.201584688853347,TRUE,TRUE,0.52511684574387,0.542908511690848,0.00456266046691232,0.0178706589262146,TRUE
3__NQ_ONLY__xgb_d5__0.2000,3,NQ_ONLY,xgb_d5,5,0.2,13962,7455,0.533949290932531,6937,0.49684858902736,0.0371007019051712,13962,1,52.6666666666667,52,4,3,0.518134715025907,0.551755585955312,0.0335260115606936,0.152601156069364,0.0347582037996546,9183,4859,0.529129913971469,4779,2596,0.54320987654321,0.20094581653773,TRUE,TRUE,0.524984441963189,0.543044418798701,0.0264397820611643,0.0471522919090914,TRUE
3__NQ_ES__xgb_d2__0.2000,3,NQ_ES,xgb_d2,2,0.2,14020,7477,0.533309557774608,7012,0.500142653352354,0.0331669044222539,14020,1,52.6666666666667,52,4,3,0.521597770552717,0.547131147540984,0.0329308452250274,0.138309549945115,0.0319655406937202,9581,5079,0.530111679365411,4439,2398,0.540211759405271,0.203782164532259,TRUE,TRUE,0.524939690708359,0.541712453172544,0.0240150377038581,0.042585497376254,TRUE
3__NQ_ONLY__ranger__0.0100,3,NQ_ONLY,ranger,,0.01,658,371,0.563829787234043,290,0.440729483282675,0.123100303951368,658,1,52.3333333333333,52,4,3,0.521505376344086,0.593220338983051,0.05,0.25,0.0860215053763441,292,151,0.517123287671233,366,220,0.601092896174863,0.00944185496675718,TRUE,TRUE,0.524873009013458,0.602374781023203,0.0651465943422137,0.177930152817448,TRUE
10__NQ_ES__xgb_d3__0.2000,10,NQ_ES,xgb_d3,3,0.2,14053,7489,0.532911122180317,7303,0.519675514125098,0.0132356080552195,14053,1,52.6666666666667,52,4,3,0.525676295277396,0.540872233179926,0.0422374429223744,0.171232876712329,0.0364534336782691,10629,5713,0.537491767805062,3424,1776,0.518691588785047,0.202867373016245,TRUE,TRUE,0.524857523859616,0.541417155907684,0.00538036554504385,0.0214368727185723,TRUE
1__NQ_ES__xgb_d5__0.0500,1,NQ_ES,xgb_d5,5,0.05,3422,1849,0.540327293980129,1647,0.481297486849796,0.0590298071303331,3422,1,52.6666666666667,52,4,3,0.524722502522704,0.561272217025257,0.0414746543778802,0.184331797235023,0.048643592142189,1750,941,0.537714285714286,1672,908,0.543062200956938,0.0494813718001571,TRUE,TRUE,0.524714154542669,0.556403516504369,0.0364918514832986,0.0798800030046753,TRUE
3__NQ_ES__ranger__0.2000,3,NQ_ES,ranger,,0.2,14354,7640,0.532255817193814,7208,0.502159676745158,0.0300961404486554,14354,1,52.6666666666667,52,4,3,0.521335807050093,0.545700744752877,0.0279017857142857,0.133928571428571,0.0316012725344645,10262,5427,0.528844279867472,4092,2213,0.540811339198436,0.207001011263961,TRUE,TRUE,0.524605073838611,0.540291185404258,0.0215082483135942,0.0385701657663915,TRUE
10__NQ_ONLY__logit__0.0500,10,NQ_ONLY,logit,,0.05,3339,1805,0.540581012279126,1741,0.521413596885295,0.0191674153938305,3339,1,52.6666666666667,52,3,3,0.527918781725888,0.561139028475712,0.0481283422459893,0.213903743315508,0.0887772194304858,2632,1424,0.541033434650456,707,381,0.538896746817539,0.0472115660535308,TRUE,TRUE,0.524405030292797,0.556488316096945,0.00330782535159316,0.0356615885194513,TRUE
10__NQ_ONLY__logit__0.2000,10,NQ_ONLY,logit,,0.2,13807,7366,0.533497501267473,7194,0.521040052147462,0.0124574491200116,13807,1,52.6666666666667,52,4,3,0.526956972524624,0.54353562005277,0.0313953488372093,0.146511627906977,0.0419906687402799,11030,5911,0.535902085222122,2777,1455,0.523946705077422,0.199259789895759,TRUE,TRUE,0.524370221036665,0.54232457725596,0.00496161450753833,0.0200774133929579,TRUE
3__NQ_ONLY__xgb_d5__0.1000,3,NQ_ONLY,xgb_d5,5,0.1,6884,3696,0.536897152818129,3447,0.500726321905869,0.0361708309122603,6884,1,52.6666666666667,52,4,3,0.518441773725653,0.559267734553776,0.0403022670025189,0.17632241813602,0.0449973530968767,4272,2298,0.537921348314607,2612,1398,0.535222052067381,0.0977104517953444,TRUE,TRUE,0.524361283869146,0.54944583823951,0.0198539116351984,0.0511757797930482,TRUE
15__NQ_ES__ranger__0.1000,15,NQ_ES,ranger,,0.1,7563,4044,0.534708449028163,3981,0.526378421261404,0.00833002776675922,7563,1,52.6666666666667,52,4,3,0.526714513556619,0.542404473438956,0.05720823798627,0.215102974828375,0.0503261882572227,7144,3805,0.532614781634938,419,239,0.570405727923628,0.1090166919182,TRUE,TRUE,0.524335201064837,0.545246488621439,0.00263378890417266,0.0145137946718312,TRUE
3__NQ_ONLY__xgb_d2__0.1000,3,NQ_ONLY,xgb_d2,2,0.1,7170,3849,0.536820083682008,3538,0.493444909344491,0.0433751743375174,7170,1,52.6666666666667,52,4,3,0.514585232452142,0.562932226832642,0.0425531914893617,0.16548463356974,0.039010067114094,4569,2424,0.530531845042679,2601,1425,0.547866205305652,0.10228008441506,TRUE,TRUE,0.524309297256448,0.54978580003868,0.0302030100248648,0.056752005914347,TRUE
3__NQ_ONLY__ranger__0.2000,3,NQ_ONLY,ranger,,0.2,14509,7725,0.532428148046041,7274,0.501343993383417,0.0310841546626232,14509,1,52.6666666666667,52,4,3,0.521259480579177,0.545578540577404,0.0306818181818182,0.139772727272727,0.0319737651158024,10340,5461,0.528143133462282,4169,2264,0.543055888702327,0.208079225674422,TRUE,TRUE,0.524206554690798,0.541049154314749,0.0232508477520214,0.0393523065389242,TRUE
10__NQ_ONLY__xgb_d5__0.2000,10,NQ_ONLY,xgb_d5,5,0.2,13514,7208,0.533372798579251,7018,0.51931330472103,0.0140594938582211,13514,1,52.6666666666667,52,4,3,0.5272053716138,0.54490760636012,0.0370799536500579,0.157589803012746,0.0407830342577488,10334,5546,0.536675053222373,3180,1662,0.522641509433962,0.195948111484247,TRUE,TRUE,0.524108700872324,0.542369400530228,0.00507092271862173,0.023416303524765,TRUE
3__NQ_ONLY__ranger__0.0500,3,NQ_ONLY,ranger,,0.05,3515,1905,0.541963015647226,1729,0.491891891891892,0.0500711237553343,3515,1,52.6666666666667,52,4,3,0.515583259127338,0.571295433364399,0.0495049504950495,0.183168316831683,0.0519247985675918,2152,1155,0.536710037174721,1363,750,0.550256786500367,0.0498867931587163,TRUE,TRUE,0.524098922582701,0.559010365528879,0.027954317414259,0.0716395083260662,TRUE
10__NQ_ES__xgb_d4__0.0500,10,NQ_ES,xgb_d4,4,0.05,3368,1824,0.541567695961995,1739,0.516330166270784,0.0252375296912114,3368,1,52.6666666666667,52,4,3,0.53025302530253,0.550684931506849,0.0675675675675676,0.22972972972973,0.0682068206820682,2427,1317,0.542645241038319,941,507,0.538788522848034,0.0491517332221049,TRUE,TRUE,0.524070587662969,0.557300756253636,0.00806460273069429,0.0422777746688842,TRUE
10__NQ_ONLY__xgb_d4__0.2000,10,NQ_ONLY,xgb_d4,4,0.2,13817,7369,0.533328508359268,7207,0.52160382137946,0.0117246869798075,13817,1,52.6666666666667,52,4,3,0.530156537753223,0.538005504975651,0.0398126463700234,0.163934426229508,0.0390143737166324,10835,5821,0.537240424550069,2982,1548,0.519114688128773,0.199069823448889,TRUE,TRUE,0.52382498904554,0.541863665795408,0.00328378537466631,0.0198791443803216,TRUE
3__NQ_ONLY__xgb_d3__0.1000,3,NQ_ONLY,xgb_d3,3,0.1,7092,3800,0.535815002820079,3495,0.492808798646362,0.0430062041737169,7092,1,52.6666666666667,52,4,3,0.51685393258427,0.557392536608408,0.0352112676056338,0.15962441314554,0.0411633109619687,4558,2413,0.529398859148749,2534,1387,0.547355958958169,0.101478827270488,TRUE,TRUE,0.523815725424842,0.547496768902644,0.0293846697265005,0.0568911012219617,TRUE
10__NQ_ES__xgb_d2__0.1000,10,NQ_ES,xgb_d2,2,0.1,7075,3793,0.536113074204947,3707,0.523957597173145,0.0121554770318021,7075,1,52.6666666666667,52,4,3,0.530823529411765,0.54786060873401,0.055045871559633,0.192660550458716,0.0404984423676012,5806,3125,0.538236307268343,1269,668,0.526398739164697,0.101916756260622,TRUE,TRUE,0.523714364963293,0.548525127037112,0.00286030977092521,0.021749607537918,TRUE
10__NQ_ONLY__ranger__0.2000,10,NQ_ONLY,ranger,,0.2,14556,7755,0.532769991755977,7568,0.519923055784556,0.0128469359714207,14556,1,52.6666666666667,52,4,3,0.530861354214648,0.537578514186701,0.0394877267876201,0.154749199573106,0.0337881741390513,12154,6479,0.533075530689485,2402,1276,0.531223980016653,0.211504631731744,TRUE,TRUE,0.523693620511659,0.54108503008239,0.00631315670683182,0.0192696345656502,TRUE
3__NQ_ONLY__xgb_d2__0.0500,3,NQ_ONLY,xgb_d2,2,0.05,3591,1938,0.53968253968254,1763,0.490949596212754,0.0487329434697856,3591,1,52.6666666666667,52,4,3,0.520661157024794,0.562329390354868,0.0436893203883495,0.189320388349515,0.0495867768595041,2205,1174,0.532426303854875,1386,764,0.551226551226551,0.0509624082104328,TRUE,TRUE,0.52367937551585,0.556598892365127,0.0278763885666967,0.0698536281585917,TRUE
10__NQ_ES__xgb_d2__0.2000,10,NQ_ES,xgb_d2,2,0.2,14184,7551,0.532360406091371,7375,0.519952058657642,0.0124083474337281,14184,1,52.6666666666667,52,4,3,0.529604493330213,0.536858271171567,0.0388888888888889,0.164444444444444,0.0339097237817202,11226,6010,0.53536433279886,2958,1541,0.520960108181204,0.205492159043504,TRUE,TRUE,0.523628299255803,0.541671040230352,0.00468462654121947,0.0208544108576939,TRUE
15__NQ_ONLY__xgb_d2__0.2000,15,NQ_ONLY,xgb_d2,2,0.2,14464,7698,0.532217920353982,7614,0.526410398230089,0.00580752212389381,14464,1,52.6666666666667,52,4,3,0.524329042112154,0.5449610573519,0.0440324449594438,0.178447276940904,0.0379663975561859,13554,7205,0.531577394127195,910,493,0.541758241758242,0.209790487248214,TRUE,TRUE,0.523605242245664,0.540370770896472,0.00194503455886078,0.00992215289471963,TRUE
1__NQ_ONLY__xgb_d2__0.0500,1,NQ_ONLY,xgb_d2,2,0.05,3562,1920,0.539023020774846,1703,0.478102189781022,0.0609208309938237,3562,1,52.6666666666667,52,4,3,0.53248031496063,0.548007246376812,0.037344398340249,0.178423236514523,0.0466278101582015,1986,1053,0.530211480362538,1576,867,0.5501269035533,0.0521976967367303,TRUE,TRUE,0.523581665371012,0.555042060228447,0.0401823558888027,0.0809067713114781,TRUE
30__NQ_ONLY__logit__0.5000,30,NQ_ONLY,logit,,0.5,33652,17832,0.529894211339594,17714,0.526387733269939,0.00350647806965411,21164,0.628907642933555,52.6666666666667,52,4,3,0.524650547789951,0.53905866168812,0.0297029702970297,0.129755080771235,0.0302643215092856,30993,16449,0.530732746103959,2659,1383,0.520120345994735,0.491659152636237,TRUE,TRUE,0.523579423288466,0.536264981139457,0.00020769330109968,0.00701339519243467,TRUE
10__NQ_ES__logit__0.2000,10,NQ_ES,logit,,0.2,13558,7227,0.533043221714117,7090,0.522938486502434,0.0101047352116831,13558,1,52.6666666666667,52,4,3,0.523945120372767,0.54084753167322,0.0367197062423501,0.152998776009792,0.042093023255814,10625,5712,0.5376,2933,1515,0.516535969996591,0.194400503665408,TRUE,TRUE,0.523512579420386,0.541839040377832,0.00313651589481585,0.0173408077598068,TRUE
3__NQ_ONLY__xgb_d4__0.2000,3,NQ_ONLY,xgb_d4,4,0.2,14037,7466,0.531880031345729,7015,0.499750658972715,0.0321293723730142,14037,1,52.6666666666667,52,4,3,0.520132743362832,0.541048237476809,0.0343195266272189,0.155029585798817,0.0334862385321101,9377,4963,0.529273754932281,4660,2503,0.537124463519313,0.200946002738674,TRUE,TRUE,0.523478746589459,0.540775958026251,0.0225217153150654,0.042323511818883,TRUE
5__NQ_ONLY__xgb_d2__0.2000,5,NQ_ONLY,xgb_d2,2,0.2,14037,7486,0.533304837215929,7216,0.514069957968227,0.0192348792477025,14037,1,52.6666666666667,52,4,3,0.527945971122497,0.538444639718805,0.0341034103410341,0.152915291529153,0.0329525483304042,10655,5685,0.533552322853121,3382,1801,0.532525133057363,0.204012231114792,TRUE,TRUE,0.523426996086044,0.542282757011562,0.0109471365521998,0.0280292338412565,TRUE
15__NQ_ONLY__xgb_d2__0.1000,15,NQ_ONLY,xgb_d2,2,0.1,7586,4041,0.532691800685473,4003,0.527682573161086,0.00500922752438703,7586,1,52.6666666666667,52,4,3,0.52208515718265,0.545833333333333,0.0588235294117647,0.245098039215686,0.0527777777777778,7235,3848,0.531859018659295,351,193,0.54985754985755,0.10796077689156,TRUE,TRUE,0.523258956340643,0.543399184694904,0.000130824503306446,0.00994641478422722,TRUE
3__NQ_ES__xgb_d3__0.2000,3,NQ_ES,xgb_d3,3,0.2,13864,7365,0.531231967686094,6903,0.497908251586844,0.0333237160992499,13864,1,52.6666666666667,52,4,3,0.518874560375147,0.546471797213976,0.0337601862630966,0.152502910360885,0.0323563892145369,9288,4903,0.527885443583118,4576,2462,0.538024475524476,0.199616444386485,TRUE,TRUE,0.523174865831843,0.540445300047459,0.0246799805465848,0.0430127378732183,TRUE
3__NQ_ES__logit__0.1000,3,NQ_ES,logit,,0.1,6779,3635,0.536214780941142,3389,0.499926242808674,0.0362885381324679,6779,1,52.6666666666667,52,4,3,0.530842745438749,0.546203110704483,0.0382775119617225,0.172248803827751,0.0473501303214596,4615,2453,0.531527627302275,2164,1182,0.546210720887246,0.0974608604838519,TRUE,TRUE,0.523164871517489,0.548358910769168,0.0227648646197956,0.0485120555432315,TRUE
1__NQ_ES__xgb_d5__0.1000,1,NQ_ES,xgb_d5,5,0.1,6960,3711,0.533189655172414,3317,0.476580459770115,0.0566091954022989,6960,1,52.6666666666667,52,4,3,0.523809523809524,0.543587403012323,0.031390134529148,0.150224215246637,0.037999037999038,3794,1991,0.524775962045335,3166,1720,0.543272267845862,0.100839307234652,TRUE,TRUE,0.523128477358446,0.544542155900295,0.0414133917841674,0.0716832195090232,TRUE
10__NQ_ONLY__xgb_d5__0.0500,10,NQ_ONLY,xgb_d5,5,0.05,3293,1776,0.539325842696629,1713,0.520194351655026,0.0191314910416034,3293,1,52.6666666666667,52,4,3,0.534807534807535,0.546816479400749,0.0582959641255605,0.2152466367713,0.0793854033290653,2476,1341,0.541599353796446,817,435,0.532435740514076,0.0483005191411953,TRUE,TRUE,0.52292281826688,0.558177141071662,0.00211956071280564,0.0368570210502403,TRUE
1__NQ_ONLY__ranger__0.0200,1,NQ_ONLY,ranger,,0.02,1558,852,0.546854942233633,716,0.459563543003851,0.0872913992297818,1558,1,52.6666666666667,52,4,3,0.530026109660574,0.555194805194805,0.0632911392405063,0.278481012658228,0.0666666666666667,681,364,0.534508076358297,877,488,0.556442417331813,0.0216493454369376,TRUE,TRUE,0.522831408645627,0.571141231303777,0.0513090324982197,0.123714283296093,TRUE
1__NQ_ES__logit__0.0500,1,NQ_ES,logit,,0.05,3144,1689,0.537213740458015,1544,0.491094147582697,0.0461195928753181,3144,1,52.6666666666667,52,4,3,0.526207605344296,0.560839160839161,0.0780487804878049,0.253658536585366,0.1207034372502,1781,954,0.535654126895003,1363,735,0.53925165077036,0.0456413600582805,TRUE,TRUE,0.522677850301763,0.552065536474626,0.0259947411391797,0.0688377429324688,TRUE
3__NQ_ONLY__logit__0.2000,3,NQ_ONLY,logit,,0.2,13704,7275,0.530866900175131,6866,0.501021599532983,0.0298453006421483,13704,1,52.6666666666667,52,4,3,0.525193344269979,0.537356966569441,0.0286343612334802,0.133259911894273,0.0346267190569745,9394,4960,0.527996593570364,4310,2315,0.537122969837587,0.199962037295514,TRUE,TRUE,0.522654642821853,0.539290219633086,0.020523692551819,0.0384790621481729,TRUE
5__NQ_ES__xgb_d4__0.2000,5,NQ_ES,xgb_d4,4,0.2,13966,7425,0.531648288701131,7141,0.511313189173708,0.0203350995274237,13966,1,52.6666666666667,52,4,3,0.528217711354004,0.533380182712579,0.0348706411698538,0.156355455568054,0.033459736783404,9676,5175,0.534828441504754,4290,2250,0.524475524475525,0.2022288293269,TRUE,TRUE,0.522624933128165,0.541006963176228,0.0111372082276158,0.0300883198275765,TRUE
10__NQ_ES__ranger__0.2000,10,NQ_ES,ranger,,0.2,14663,7782,0.530723589988406,7641,0.521107549614676,0.0096160403737298,14663,1,52.6666666666667,52,4,3,0.528740581270183,0.533887468030691,0.0369967355821545,0.151251360174102,0.0346609257265877,12015,6407,0.533250104036621,2648,1375,0.519259818731118,0.211921319173841,TRUE,TRUE,0.522615319723118,0.538953863169518,0.00327453733218252,0.0164348063284234,TRUE
10__NQ_ES__xgb_d4__0.0200,10,NQ_ES,xgb_d4,4,0.02,1237,680,0.549717057396928,622,0.502829426030719,0.0468876313662086,1237,1,52,51,3,3,0.535398230088496,0.568238213399504,0.0975609756097561,0.317073170731707,0.0966666666666667,859,464,0.540162980209546,378,216,0.571428571428571,0.0180653670187716,TRUE,TRUE,0.522399887004549,0.577446009421818,0.0154745706831694,0.0764808271651926,TRUE
1__NQ_ES__xgb_d5__0.2000,1,NQ_ES,xgb_d5,5,0.2,14200,7533,0.530492957746479,6833,0.481197183098592,0.0492957746478873,14200,1,52.6666666666667,52,4,3,0.525811726232189,0.535214396800711,0.0336700336700337,0.142536475869809,0.0343377715487036,8081,4240,0.524687538670957,6119,3293,0.538159830037588,0.204870764402345,TRUE,TRUE,0.522225019895332,0.538715223103617,0.0386951935685623,0.0594186737728756,TRUE
15__NQ_ES__xgb_d2__0.2000,15,NQ_ES,xgb_d2,2,0.2,14528,7712,0.530837004405286,7603,0.523334251101322,0.00750275330396476,14528,1,52.6666666666667,52,4,3,0.525118076427651,0.544306757072715,0.0473988439306358,0.184971098265896,0.0427870002338087,13236,7018,0.530220610456331,1292,694,0.537151702786378,0.210620142907371,TRUE,TRUE,0.521995640846859,0.538970743932595,0.0024402366364935,0.0122413441985024,TRUE
10__NQ_ES__xgb_d4__0.2000,10,NQ_ES,xgb_d4,4,0.2,13972,7411,0.530417978814772,7253,0.519109647867163,0.0113083309476095,13972,1,52.6666666666667,52,4,3,0.529586474754398,0.531987977672821,0.0425776754890679,0.162255466052934,0.0393313667649951,10243,5493,0.536268671287709,3729,1918,0.514347009922231,0.201578150984396,TRUE,TRUE,0.521909091782041,0.538461676217765,0.00325382079488938,0.0194162634183759,TRUE
1__NQ_ES__xgb_d2__0.5000,1,NQ_ES,xgb_d2,2,0.5,34934,18381,0.526163622831625,17103,0.489580351520009,0.0365832713116162,34934,1,52.6666666666667,52,4,3,0.521370637018135,0.530028251161943,0.0228519195612431,0.112888482632541,0.0252437801877335,21109,11076,0.524705102089156,13825,7305,0.528390596745027,0.503743046970221,TRUE,TRUE,0.521819771406632,0.530922097782858,0.0305146718264554,0.0425829674579891,TRUE
1__NQ_ONLY__xgb_d2__0.5000,1,NQ_ONLY,xgb_d2,2,0.5,34910,18397,0.526983672300201,17082,0.489315382411916,0.0376682898882842,34910,1,52.6666666666667,52,4,3,0.523200147302523,0.532011228832745,0.0238202247191011,0.113258426966292,0.0257779414472473,21249,11153,0.524871758670996,13661,7244,0.53026864797599,0.505164669749623,TRUE,TRUE,0.521742711522904,0.531719070416393,0.0309563156806746,0.0438855625723511,TRUE
3__NQ_ONLY__xgb_d4__0.1000,3,NQ_ONLY,xgb_d4,4,0.1,6921,3692,0.533448923565959,3401,0.49140297644849,0.0420459471174686,6921,1,52.6666666666667,52,4,3,0.504321521175454,0.563805104408353,0.0481012658227848,0.179746835443038,0.0403500243072436,4341,2290,0.527528219304308,2580,1402,0.543410852713178,0.0980766874371395,TRUE,TRUE,0.521670685701566,0.546347183478553,0.0273676236437218,0.0575201620279098,TRUE
15__NQ_ONLY__xgb_d4__0.2000,15,NQ_ONLY,xgb_d4,4,0.2,14096,7453,0.528731555051078,7339,0.520644154370034,0.00808740068104427,14096,1,52.6666666666667,52,4,3,0.521516829995739,0.53547178646687,0.0399529964747356,0.171562867215041,0.0393350503394989,12372,6544,0.528936307791788,1724,909,0.527262180974478,0.204842269976062,TRUE,TRUE,0.521661128245049,0.536801062001077,0.00246035777867542,0.0139144354743367,TRUE
10__NQ_ONLY__logit__0.5000,10,NQ_ONLY,logit,,0.5,34619,18236,0.526762760333921,17943,0.518299199861348,0.00846356047257287,34619,1,52.6666666666667,52,4,3,0.526563550773369,0.529309715120526,0.0255439924314097,0.123462630085147,0.0270919396675954,26712,14187,0.531109613656783,7907,4049,0.512077905653219,0.497819840425999,TRUE,TRUE,0.521576214654062,0.533023569423982,0.00389297672084262,0.0132866541054408,TRUE
1__NQ_ONLY__xgb_d4__0.5000,1,NQ_ONLY,xgb_d4,4,0.5,35261,18562,0.526417288222115,17292,0.490400158815689,0.0360171294064264,35261,1,52.6666666666667,52,4,3,0.523145616912703,0.531609451627285,0.0277398817644384,0.117326057298772,0.0262438490978677,21467,11281,0.525504262356175,13794,7281,0.527838190517616,0.508053643193699,TRUE,TRUE,0.521468573017558,0.531654540746414,0.029913685132107,0.0422730175890619,TRUE
10__NQ_ES__logit__0.1000,10,NQ_ES,logit,,0.1,6860,3668,0.53469387755102,3580,0.521865889212828,0.0128279883381924,6860,1,52.6666666666667,52,4,3,0.531772575250836,0.54344262295082,0.0484261501210654,0.184019370460048,0.0577868852459016,5365,2886,0.537931034482759,1495,782,0.523076923076923,0.0983123405636325,TRUE,TRUE,0.521375531884667,0.547476734486946,0.0017755323852776,0.0227967801014713,TRUE
7__NQ_ONLY__xgb_d4__0.0200,7,NQ_ONLY,xgb_d4,4,0.02,1487,811,0.545393409549428,743,0.499663752521856,0.0457296570275723,1487,1,52.6666666666667,52,4,3,0.517117117117117,0.585185185185185,0.0609756097560976,0.207317073170732,0.0666666666666667,994,533,0.536217303822938,493,278,0.563894523326572,0.0209517244222671,TRUE,TRUE,0.521372564125804,0.569672916941949,0.0173693278929893,0.0765104987159844,TRUE
15__NQ_ES__logit__0.2000,15,NQ_ES,logit,,0.2,13588,7190,0.529143361789815,7014,0.516190756549897,0.0129526052399176,13588,1,52.6666666666667,52,3,3,0.523370497427101,0.542585286609422,0.041005291005291,0.174603174603175,0.0427013228127176,11786,6207,0.52664177838113,1802,983,0.54550499445061,0.194472440161078,TRUE,TRUE,0.521184933463327,0.537696122538806,0.00681687626896042,0.0198434003911129,TRUE
15__NQ_ONLY__xgb_d5__0.2000,15,NQ_ONLY,xgb_d5,5,0.2,13621,7209,0.52925629542618,7047,0.517362895528963,0.0118933998972175,13621,1,52.6666666666667,52,4,3,0.526707414297103,0.53328677839851,0.0403225806451613,0.168202764976959,0.0395960669678448,11520,6088,0.528472222222222,2101,1121,0.533555449785816,0.199981793823378,TRUE,TRUE,0.5211154898164,0.537779534520712,0.00579959313280934,0.0185929149553326,TRUE
15__NQ_ES__xgb_d4__0.2000,15,NQ_ES,xgb_d4,4,0.2,13828,7319,0.529288400347122,7193,0.520176453572462,0.00911194677466011,13828,1,52.6666666666667,52,4,3,0.523430782459157,0.533891850723534,0.0411568409343715,0.169076751946607,0.0419548178884278,11557,6133,0.53067405035909,2271,1186,0.522236900044033,0.20386705888277,TRUE,TRUE,0.521106538514991,0.538008304627534,0.00243740569640112,0.0160707010520607,TRUE
10__NQ_ES__xgb_d2__0.5000,10,NQ_ES,xgb_d2,2,0.5,35253,18560,0.526480015885173,18218,0.516778713868323,0.00970130201684963,35253,1,52.6666666666667,52,4,3,0.524441213883336,0.531141714793425,0.0264930399640772,0.126627750336776,0.0270990670812972,26673,14162,0.530948899636336,8580,4398,0.512587412587413,0.510297286380771,TRUE,TRUE,0.521037886900009,0.531652191512582,0.00464358162359381,0.0146277611653793,TRUE
10__NQ_ES__logit__0.5000,10,NQ_ES,logit,,0.5,34330,18077,0.526565685988931,17791,0.518234780075736,0.00833090591319546,34330,1,52.6666666666667,52,4,3,0.523343584008946,0.531413141314132,0.0258215962441315,0.12112676056338,0.0276327632763276,25816,13733,0.531956925937403,8514,4344,0.510218463706836,0.495138210344044,TRUE,TRUE,0.521004760121187,0.532082611072351,0.00353634417012875,0.0132567821159963,TRUE
3__NQ_ONLY__xgb_d3__0.0200,3,NQ_ONLY,xgb_d3,3,0.02,1267,699,0.551696921862668,616,0.486187845303867,0.0655090765588003,1267,1,52.3333333333333,52,4,3,0.52020202020202,0.575,0.0487804878048781,0.219512195121951,0.077120822622108,680,369,0.542647058823529,587,330,0.562180579216354,0.0183993836231873,TRUE,TRUE,0.520933597666576,0.582248952376959,0.0217398772715426,0.103424867069479,TRUE
15__NQ_ONLY__xgb_d5__0.1000,15,NQ_ONLY,xgb_d5,5,0.1,6771,3600,0.53167922020381,3530,0.521341013144292,0.0103382070595185,6771,1,52.6666666666667,52,4,3,0.521472392638037,0.539110070257611,0.0588235294117647,0.191176470588235,0.0568878973786949,5818,3092,0.531454107940873,953,508,0.53305351521511,0.0983091805643624,TRUE,TRUE,0.520897838640409,0.542183962387347,0.00133095733086642,0.0197082395009465,TRUE
15__NQ_ES__logit__0.5000,15,NQ_ES,logit,,0.5,34327,18056,0.525999941736825,17723,0.51629912313922,0.00970081859760538,34327,1,52.6666666666667,52,3,3,0.524106030955346,0.530824508320726,0.0245,0.121,0.0284646859989326,27815,14664,0.52719755527593,6512,3392,0.520884520884521,0.495570957154927,TRUE,TRUE,0.520889286181395,0.531499941292633,0.0056931778197271,0.0139202465360584,TRUE
3__NQ_ONLY__xgb_d3__0.2000,3,NQ_ONLY,xgb_d3,3,0.2,14364,7609,0.529727095516569,7096,0.494012809802284,0.0357142857142857,14364,1,52.6666666666667,52,4,3,0.513227513227513,0.547519703291609,0.0337078651685393,0.156179775280899,0.0328719723183391,9714,5082,0.523162445954293,4650,2527,0.543440860215054,0.206798409853078,TRUE,TRUE,0.520855381334235,0.538300503261692,0.0258924451349342,0.0449386472185556,TRUE
3__NQ_ES__xgb_d2__0.1000,3,NQ_ES,xgb_d2,2,0.1,7051,3749,0.531697631541625,3474,0.492696071479223,0.0390015600624025,7051,1,52.6666666666667,52,4,3,0.507279344858963,0.552389705882353,0.041036717062635,0.168466522678186,0.040650406504065,4628,2431,0.525280898876405,2423,1318,0.543953776310359,0.10269970227808,TRUE,TRUE,0.520814676464732,0.543349974895238,0.0257924829369997,0.0523869970299525,TRUE
7__NQ_ES__xgb_d3__0.5000,7,NQ_ES,xgb_d3,3,0.5,34931,18366,0.52577939366179,17734,0.507686582119035,0.0180928115427557,34931,1,52.6666666666667,52,4,3,0.520134541717276,0.530679629459782,0.0248116969428445,0.119627824545857,0.0262313124828029,23389,12357,0.528325281115054,11542,6009,0.520620343094784,0.507622145165369,TRUE,TRUE,0.520765920717197,0.530970550707143,0.0128424251412787,0.0237065850474825,TRUE
1__NQ_ONLY__xgb_d3__0.5000,1,NQ_ONLY,xgb_d3,3,0.5,35169,18491,0.525775540959368,17285,0.491483977366431,0.034291563592937,35169,1,52.6666666666667,52,4,3,0.520665691294806,0.531415254996863,0.0263982102908277,0.114988814317673,0.026609363569861,21387,11246,0.525833450226773,13782,7245,0.525685676969961,0.508620187179612,TRUE,TRUE,0.520757366126388,0.530816719851181,0.0280538054919692,0.0406942307260014,TRUE
3__NQ_ES__ranger__0.0200,3,NQ_ES,ranger,,0.02,1360,744,0.547058823529412,670,0.492647058823529,0.0544117647058824,1360,1,52.6666666666667,52,4,3,0.526785714285714,0.580188679245283,0.0540540540540541,0.243243243243243,0.0676328502415459,834,449,0.538369304556355,526,295,0.560836501901141,0.0191101428260268,TRUE,TRUE,0.520755997001499,0.572587354525255,0.0219031854367433,0.0854779814592017,TRUE
10__NQ_ES__xgb_d5__0.2000,10,NQ_ES,xgb_d5,5,0.2,13863,7323,0.528240640553993,7200,0.519368102142393,0.00887253841159922,13863,1,52.6666666666667,52,4,3,0.519098021168891,0.53376677852349,0.0399529964747356,0.162162162162162,0.0369127516778524,9978,5349,0.536079374624173,3885,1974,0.508108108108108,0.19946132699976,TRUE,TRUE,0.520739303915264,0.536293232504155,0.0012157279291948,0.0175314681226393,TRUE
7__NQ_ONLY__xgb_d4__0.5000,7,NQ_ONLY,xgb_d4,4,0.5,34577,18170,0.52549382537525,17696,0.511785290800243,0.0137085345750065,34577,1,52.6666666666667,52,4,3,0.52233676975945,0.533756273080201,0.0260750228728271,0.123055809698079,0.0271754568696146,23788,12614,0.530267361694972,10789,5556,0.514968949856335,0.50022589518164,TRUE,TRUE,0.520681918890003,0.530633407816153,0.00867191356030015,0.0188484861349173,TRUE
7__NQ_ES__xgb_d4__0.5000,7,NQ_ES,xgb_d4,4,0.5,34864,18325,0.525613813675998,17765,0.509551399724644,0.0160624139513538,34864,1,52.6666666666667,52,4,3,0.519321656936336,0.532492815425976,0.0268817204301075,0.122311827956989,0.0273477333827756,23250,12315,0.529677419354839,11614,6010,0.517478904770105,0.505666349480982,TRUE,TRUE,0.520663304809874,0.530544255932434,0.0103191596047764,0.0219076507853573,TRUE
7__NQ_ONLY__xgb_d3__0.5000,7,NQ_ONLY,xgb_d3,3,0.5,35362,18594,0.525818675414287,18018,0.509530003959052,0.0162886714552344,35362,1,52.6666666666667,52,4,3,0.52093023255814,0.531126304426053,0.026196928635953,0.124661246612466,0.0263584023029867,24461,12936,0.528841829851601,10901,5658,0.519034950921934,0.510665166891769,TRUE,TRUE,0.520656318244326,0.530871920194894,0.011197733714008,0.0214634050518934,TRUE
3__NQ_ES__xgb_d4__0.0500,3,NQ_ES,xgb_d4,4,0.05,3368,1813,0.538301662707839,1660,0.492874109263658,0.0454275534441805,3368,1,52.6666666666667,52,4,3,0.526315789473684,0.56232427366448,0.0485436893203884,0.213592233009709,0.0557275541795666,2009,1074,0.534594325535092,1359,739,0.543782192788815,0.0483505273271513,TRUE,TRUE,0.520647449245185,0.556260889534862,0.0211642503988162,0.0675191129190975,TRUE
1__NQ_ONLY__logit__0.5000,1,NQ_ONLY,logit,,0.5,34609,18192,0.525643618711896,17004,0.491317287410789,0.0343263313011067,34609,1,52.6666666666667,52,4,3,0.524570366929865,0.528503336510963,0.0251626898047722,0.118872017353579,0.0291429088605304,20817,10934,0.525243791132248,13792,7258,0.526247099767982,0.505232123201655,TRUE,TRUE,0.520617928267626,0.530571767990261,0.0277047974074976,0.0403169200345726,TRUE
15__NQ_ONLY__xgb_d3__0.2000,15,NQ_ONLY,xgb_d3,3,0.2,14375,7603,0.528904347826087,7509,0.522365217391304,0.00653913043478261,14375,1,52.6666666666667,52,4,3,0.522355975924334,0.540585181689476,0.0428736964078795,0.17728852838934,0.0424728645587541,13043,6897,0.528789388944261,1332,706,0.53003003003003,0.208715626634724,TRUE,TRUE,0.520564976356083,0.537528311026698,0.00191975111462064,0.0110318115299885,TRUE
7__NQ_ES__ranger__0.0200,7,NQ_ES,ranger,,0.02,1579,856,0.542115262824573,802,0.507916402786574,0.0341988600379987,1579,1,52.6666666666667,52,4,3,0.513651877133106,0.587719298245614,0.0823529411764706,0.235294117647059,0.0685840707964602,1177,632,0.53695836873407,402,224,0.557213930348259,0.0221864761490576,TRUE,TRUE,0.520545102258612,0.564882312890593,0.0099729045741641,0.0566165628891656,TRUE
1__NQ_ES__xgb_d4__0.5000,1,NQ_ES,xgb_d4,4,0.5,34920,18353,0.52557273768614,17156,0.491294387170676,0.0342783505154639,34920,1,52.6666666666667,52,4,3,0.522725194330133,0.532292145153881,0.0248161764705882,0.120404411764706,0.0256058527663466,20806,10950,0.526290493126983,14114,7403,0.524514666288791,0.50303990020228,TRUE,TRUE,0.520445210711143,0.5306429859595,0.0270513721851886,0.040962849615968,TRUE
7__NQ_ES__xgb_d2__0.5000,7,NQ_ES,xgb_d2,2,0.5,35173,18493,0.525772609672192,17938,0.509993460893299,0.0157791487788929,35173,1,52.6666666666667,52,4,3,0.520697976610358,0.531150442477876,0.026196928635953,0.119692863595303,0.0259072117593018,24029,12723,0.529485205376836,11144,5770,0.517767408470926,0.508506816679661,TRUE,TRUE,0.520422046812723,0.530919360199741,0.00991223723821879,0.0211108681558304,TRUE
3__NQ_ONLY__xgb_d4__0.0200,3,NQ_ONLY,xgb_d4,4,0.02,1228,677,0.551302931596091,584,0.47557003257329,0.0757328990228013,1228,1,52.6666666666667,52,4,3,0.518248175182482,0.582914572864322,0.0568181818181818,0.238636363636364,0.0755287009063444,624,334,0.53525641025641,604,343,0.567880794701987,0.0182120404576505,TRUE,TRUE,0.520392187833422,0.578401358313817,0.0355908549450721,0.114644621988169,TRUE
1__NQ_ES__xgb_d3__0.5000,1,NQ_ES,xgb_d3,3,0.5,35240,18518,0.525482406356413,17283,0.490437003405221,0.0350454029511918,35240,1,52.6666666666667,52,4,3,0.519435593991807,0.53067264573991,0.0238204306000916,0.114979386165827,0.0263996358670915,21193,11129,0.525126220922003,14047,7389,0.526019790702641,0.507079556588815,TRUE,TRUE,0.520385252084952,0.530870409101435,0.0287109525730728,0.0415839114348725,TRUE
15__NQ_ES__xgb_d3__0.2000,15,NQ_ES,xgb_d3,3,0.2,14181,7501,0.528947182850293,7372,0.519850504195755,0.00909667865453776,14181,1,52.6666666666667,52,4,3,0.522618529795563,0.537084398976982,0.0471264367816092,0.180459770114943,0.0404557079748896,12358,6537,0.528969088849328,1823,964,0.528798683488755,0.206745563564485,TRUE,TRUE,0.520314855831859,0.537231265587376,0.00366417751431392,0.0145826032325847,TRUE
10__NQ_ONLY__xgb_d3__0.5000,10,NQ_ONLY,xgb_d3,3,0.5,34737,18273,0.526038518006736,17900,0.515300688027176,0.0107378299795607,34737,1,52.6666666666667,52,4,3,0.524350799371592,0.527407672359832,0.0256756756756757,0.123423423423423,0.0267288119471131,26883,14215,0.528772830413272,7854,4058,0.51667939903234,0.503955257590173,TRUE,TRUE,0.520275551425781,0.531752873783119,0.00592064206126735,0.015731379565105,TRUE
3__NQ_ES__xgb_d5__0.2000,3,NQ_ES,xgb_d5,5,0.2,13752,7265,0.528286794648051,6851,0.498182082606166,0.0301047120418848,13752,1,52.6666666666667,52,4,3,0.511859898027045,0.544380017841213,0.0324074074074074,0.153935185185185,0.0362188543539687,9059,4768,0.526327409206314,4693,2497,0.532069038994247,0.198472169992229,TRUE,TRUE,0.520251659197313,0.537167724117249,0.0206094185605268,0.0397310451214108,TRUE
15__NQ_ONLY__ranger__0.2000,15,NQ_ONLY,ranger,,0.2,14493,7663,0.528738011453805,7573,0.522528117022011,0.00620989443179466,14493,1,52.6666666666667,52,4,3,0.524112829845314,0.536252354048964,0.0389321468298109,0.166852057842047,0.0383709981167608,13779,7264,0.527179040568982,714,399,0.558823529411765,0.211831760276792,TRUE,TRUE,0.520242596781784,0.537789365159445,0.00240659163003419,0.010019434276625,TRUE
7__NQ_ES__logit__0.5000,7,NQ_ES,logit,,0.5,34396,18059,0.525031980462845,17600,0.511687405512269,0.0133445749505757,34396,1,52.6666666666667,52,4,3,0.522294189430208,0.531232361241769,0.0251450676982592,0.119439071566731,0.028700769578995,22508,11972,0.531899768971033,11888,6087,0.512028936742934,0.49277521835063,TRUE,TRUE,0.520213293442415,0.529955435417884,0.00756545647149394,0.0195062676637883,TRUE
7__NQ_ES__ranger__0.5000,7,NQ_ES,ranger,,0.5,35650,18704,0.524656381486676,18170,0.509677419354839,0.0149789621318373,35650,1,52.6666666666667,52,4,3,0.516770527859238,0.530907191363399,0.0252883762200532,0.119787045252884,0.0260956537552282,24665,13026,0.52811676464626,10985,5678,0.516886663632226,0.515863342367834,TRUE,TRUE,0.520152194667317,0.529441635612376,0.00955076355562142,0.0207817469965516,TRUE
15__NQ_ONLY__logit__0.2000,15,NQ_ONLY,logit,,0.2,13543,7167,0.52920327844643,7042,0.51997341800192,0.00922986044451008,13543,1,52.6666666666667,52,3,3,0.528774542992553,0.536320139190953,0.0424469413233458,0.161048689138577,0.039945836154367,12066,6372,0.528095474888115,1477,795,0.538253215978334,0.196049719383136,TRUE,TRUE,0.5200788158381,0.537984568952817,0.00285681674810483,0.0149878184784065,TRUE
10__NQ_ES__xgb_d3__0.5000,10,NQ_ES,xgb_d3,3,0.5,35052,18403,0.525019970329796,18093,0.516175967134543,0.00884400319525277,35052,1,52.6666666666667,52,4,3,0.519282594554409,0.529197080291971,0.0267452402538531,0.125113327289211,0.0273707492397014,25953,13766,0.5304203752938,9099,4637,0.509616441367183,0.506998961221016,TRUE,TRUE,0.519809631579445,0.530194394197977,0.00386128973479003,0.0138683973917501,TRUE
1__NQ_ONLY__xgb_d5__0.5000,1,NQ_ONLY,xgb_d5,5,0.5,34938,18340,0.524929875779953,17123,0.490096742801534,0.0348331329784189,34938,1,52.6666666666667,52,4,3,0.518979295314203,0.533369853008308,0.0280898876404494,0.11938202247191,0.0261532873229205,21213,11118,0.52411257247914,13725,7222,0.526193078324226,0.501424722939158,TRUE,TRUE,0.519755643011454,0.530189287576865,0.0281530549808454,0.0413179184032916,TRUE
1__NQ_ES__logit__0.5000,1,NQ_ES,logit,,0.5,34609,18165,0.524863474818689,17059,0.49290646941547,0.0319570054032188,34609,1,52.6666666666667,52,4,3,0.523724897814111,0.527473573945339,0.0248756218905473,0.119402985074627,0.028523191754043,20301,10698,0.52696911482193,14308,7467,0.521875873637126,0.500933871219048,TRUE,TRUE,0.519719846693041,0.52997846871505,0.02574713293434,0.0385065849869596,TRUE
3__NQ_ONLY__xgb_d2__0.2000,3,NQ_ONLY,xgb_d2,2,0.2,14312,7575,0.529276131917272,7110,0.49678591391839,0.0324902179988821,14312,1,52.6666666666667,52,4,3,0.516466045877811,0.543043275942299,0.0342163355408389,0.143487858719647,0.0316684378320935,9778,5131,0.524749437512784,4534,2444,0.539038376709307,0.206947409400348,TRUE,TRUE,0.519701915962379,0.538665457321196,0.023651148667939,0.0423074518939142,TRUE
10__NQ_ONLY__xgb_d2__0.5000,10,NQ_ONLY,xgb_d2,2,0.5,34816,18280,0.525045955882353,17905,0.514275045955882,0.0107709099264706,34816,1,52.6666666666667,52,4,3,0.523690078037904,0.528773072747014,0.0260791366906475,0.12410071942446,0.0270539268910604,27385,14433,0.527040350556874,7431,3847,0.517696137801103,0.505095367976261,TRUE,TRUE,0.519692816644096,0.530474213837208,0.0059489041235117,0.0154152504844965,TRUE
15__NQ_ONLY__ranger__0.1000,15,NQ_ONLY,ranger,,0.1,7588,4039,0.532287822878229,3992,0.526093832366895,0.00619399051133368,7588,1,52.6666666666667,52,4,3,0.524590163934426,0.544559099437148,0.0601851851851852,0.219907407407407,0.0469043151969981,7291,3868,0.530517075846935,297,171,0.575757575757576,0.109119642615055,TRUE,TRUE,0.519678776341886,0.545083146221782,0.0020803243409661,0.0105539816234377,TRUE
7__NQ_ONLY__ranger__0.5000,7,NQ_ONLY,ranger,,0.5,35607,18684,0.524728283764428,18193,0.510938860336451,0.0137894234279776,35607,1,52.6666666666667,52,4,3,0.51626578195558,0.53164908384231,0.0250990752972259,0.119330691325407,0.0260966129927818,24832,13131,0.528793492268041,10775,5553,0.515359628770302,0.516179360884743,TRUE,TRUE,0.519639316016575,0.52982699421953,0.00834395806524315,0.0192281817868834,TRUE
10__NQ_ONLY__ranger__0.5000,10,NQ_ONLY,ranger,,0.5,35220,18488,0.524929017603634,18196,0.516638273708121,0.00829074389551391,35220,1,52.6666666666667,52,4,3,0.52214777591662,0.532126696832579,0.0257842715943275,0.123334765792866,0.0270588235294118,28032,14800,0.52796803652968,7188,3688,0.51307735114079,0.514489101256823,TRUE,TRUE,0.519609251371022,0.530273418899556,0.00361076202351314,0.012739704198303,TRUE
15__NQ_ONLY__logit__0.5000,15,NQ_ONLY,logit,,0.5,34323,18042,0.525653351979722,17724,0.516388427585001,0.00926492439472074,34323,1,52.6666666666667,52,3,3,0.520356584872714,0.536022531116562,0.0277777777777778,0.123294346978558,0.0281228931907926,28783,15137,0.525900705277421,5540,2905,0.524368231046931,0.497984437301345,TRUE,TRUE,0.519592969838996,0.531069712620734,0.00545049211520284,0.0131216825781188,TRUE
10__NQ_ONLY__xgb_d4__0.5000,10,NQ_ONLY,xgb_d4,4,0.5,34159,17969,0.52603998946105,17635,0.516262185661173,0.00977780379987705,34159,1,52.6666666666667,52,4,3,0.524637953733308,0.528391734052111,0.0254893035958125,0.122439690487028,0.0269660717787802,26048,13806,0.530021498771499,8111,4163,0.513253606213784,0.49616812739482,TRUE,TRUE,0.51955343797378,0.531985675554387,0.004568157912693,0.014406337124823,TRUE
10__NQ_ES__ranger__0.5000,10,NQ_ES,ranger,,0.5,35636,18706,0.524918621618588,18421,0.516921091031541,0.00799753058704681,35636,1,52.6666666666667,52,4,3,0.523069894929192,0.528885709175461,0.0256183745583039,0.124558303886926,0.0267394026113397,27946,14773,0.528626637085808,7690,3933,0.511443433029909,0.516466761865182,TRUE,TRUE,0.519458455601778,0.530068056948032,0.00336028323400006,0.012901794259072,TRUE
10__NQ_ONLY__xgb_d4__0.0500,10,NQ_ONLY,xgb_d4,4,0.05,3377,1815,0.537459283387622,1720,0.509327805744744,0.0281314776428783,3377,1,52.6666666666667,52,4,3,0.528446389496718,0.548104956268222,0.0614035087719298,0.228070175438597,0.0765864332603939,2638,1402,0.531463229719484,739,413,0.558863328822733,0.0495154950489222,TRUE,TRUE,0.519339386969031,0.555439699990207,0.0134343981281196,0.0430088694655155,TRUE
3__NQ_ONLY__xgb_d5__0.0500,3,NQ_ONLY,xgb_d5,5,0.05,3329,1788,0.537098227696005,1618,0.486031841393812,0.0510663863021929,3329,1,52.6666666666667,52,4,3,0.515126050420168,0.564007421150278,0.045,0.205,0.0569105691056911,1915,1013,0.528981723237598,1414,775,0.548090523338048,0.0476078559098308,TRUE,TRUE,0.519315756421218,0.554457425200207,0.0290887111331533,0.0740929542399926,TRUE
7__NQ_ES__xgb_d5__0.5000,7,NQ_ES,xgb_d5,5,0.5,34489,18092,0.524573052277538,17527,0.508191017425846,0.0163820348516918,34489,1,52.6666666666667,52,4,3,0.515689590379557,0.530921488777346,0.0256872465074358,0.122577737719694,0.0269911923477602,22523,11904,0.528526395240421,11966,6188,0.517131873641986,0.500694939996374,TRUE,TRUE,0.519229933981932,0.529708615031394,0.0104903740046599,0.0216361076125468,TRUE
7__NQ_ONLY__logit__0.5000,7,NQ_ONLY,logit,,0.5,34475,18086,0.524612037708485,17646,0.511849166062364,0.0127628716461204,34475,1,52.6666666666667,52,4,3,0.520831434041389,0.530596803177906,0.0252501191043354,0.118151500714626,0.0277829056673435,23180,12297,0.530500431406385,11295,5789,0.51252766710934,0.495141317774979,TRUE,TRUE,0.519196575166266,0.529802875906176,0.00710531196291466,0.0181143288978445,TRUE
3__NQ_ES__xgb_d3__0.1000,3,NQ_ES,xgb_d3,3,0.1,6882,3659,0.531676838128451,3385,0.491862830572508,0.039814007555943,6882,1,52.6666666666667,52,4,3,0.512797485406376,0.550369685767098,0.0375,0.1675,0.0411286465805835,4339,2283,0.526158100944918,2543,1376,0.541093197011404,0.0978676524565068,TRUE,TRUE,0.519112446403763,0.543188740048563,0.0239981183695758,0.0551238949981466,TRUE
5__NQ_ONLY__ranger__0.0200,5,NQ_ONLY,ranger,,0.02,1520,824,0.542105263157895,773,0.508552631578947,0.0335526315789474,1520,1,52.6666666666667,52,3,2,0.495934959349594,0.582159624413146,0.0731707317073171,0.219512195121951,0.0610328638497653,1120,601,0.536607142857143,400,223,0.5575,0.0213428732557141,TRUE,TRUE,0.519109570300296,0.566829519463991,0.00939270850452387,0.058270636637818,TRUE
15__NQ_ES__xgb_d5__0.1000,15,NQ_ES,xgb_d5,5,0.1,7052,3735,0.529636982416336,3620,0.51332955190017,0.0163074305161656,7052,1,52.6666666666667,52,3,3,0.527733755942948,0.539157990040742,0.064367816091954,0.222988505747126,0.0534178361249434,5687,3001,0.527694742394936,1365,734,0.537728937728938,0.102853518919702,TRUE,TRUE,0.519106908321847,0.540639069261046,0.00656189379852122,0.025782209315112,TRUE
15__NQ_ES__xgb_d4__0.0500,15,NQ_ES,xgb_d4,4,0.05,3651,1950,0.534100246507806,1898,0.519857573267598,0.0142426732402082,3651,1,52.6666666666667,52,4,3,0.519027484143763,0.54639175257732,0.124423963133641,0.304147465437788,0.0743362831858407,3005,1603,0.533444259567388,646,347,0.537151702786378,0.0528609225956658,TRUE,TRUE,0.518765641399179,0.549608039308562,0.000509378190099055,0.0278112678307428,TRUE
3__NQ_ES__xgb_d4__0.0200,3,NQ_ES,xgb_d4,4,0.02,1308,712,0.54434250764526,640,0.489296636085627,0.055045871559633,1308,1,52.6666666666667,52,3,2,0.482435597189696,0.585972850678733,0.0689655172413793,0.252873563218391,0.0738636363636364,716,387,0.540502793296089,592,325,0.548986486486487,0.0190954714640949,TRUE,TRUE,0.518622597683124,0.569389019007297,0.019134595381735,0.0896344706436994,TRUE
15__NQ_ONLY__ranger__0.5000,15,NQ_ONLY,ranger,,0.5,34999,18353,0.524386411040315,18139,0.518271950627161,0.00611446041315466,34999,1,52.6666666666667,52,4,3,0.522935779816514,0.529163935961052,0.0263876251137398,0.126478616924477,0.0279936335549106,31456,16495,0.524383265513734,3543,1858,0.524414338131527,0.512724735552423,TRUE,TRUE,0.518516902364486,0.530284826675121,0.0027048994912448,0.00938356257540979,TRUE
10__NQ_ES__xgb_d3__0.0200,10,NQ_ES,xgb_d3,3,0.02,1274,697,0.547095761381476,649,0.509419152276295,0.0376766091051805,1274,1,52.6666666666667,52,4,3,0.535545023696682,0.567695961995249,0.0869565217391304,0.271739130434783,0.0855457227138643,1000,538,0.538,274,159,0.58029197080292,0.0189578914317284,TRUE,TRUE,0.518515735871108,0.575765180765181,0.0107860518783145,0.0614177890976063,TRUE
1__NQ_ES__xgb_d5__0.5000,1,NQ_ES,xgb_d5,5,0.5,35017,18347,0.523945512179798,17235,0.49218950795328,0.0317560042265186,35017,1,52.6666666666667,52,4,3,0.521707406056184,0.52863154043176,0.0245566166439291,0.118235561618918,0.0258194469877312,20574,10834,0.526586954408477,14443,7513,0.52018278750952,0.505214532784109,TRUE,TRUE,0.518454670334777,0.529204283696819,0.0252375286385474,0.038815971430158,TRUE
10__NQ_ES__xgb_d4__0.5000,10,NQ_ES,xgb_d4,4,0.5,34710,18181,0.523797176606165,17869,0.514808412561222,0.00898876404494382,34710,1,52.6666666666667,52,4,3,0.518755803156917,0.528248084120478,0.0262189512419503,0.121895124195032,0.0273141122913505,25137,13306,0.529339221068544,9573,4875,0.509244750861799,0.501549290125631,TRUE,TRUE,0.518431394082771,0.529293649994332,0.00381446327214101,0.0137965497236206,TRUE
5__NQ_ONLY__logit__0.5000,5,NQ_ONLY,logit,,0.5,34330,17979,0.523711039906787,17457,0.508505680163123,0.0152053597436644,34330,1,52.6666666666667,52,4,3,0.519391985260249,0.527219796215429,0.0245207311636202,0.119037004012483,0.0268143131692139,23397,12338,0.527332564003932,10933,5641,0.515960852465014,0.499727059548959,TRUE,TRUE,0.518426985783893,0.52954878640569,0.00934063631120845,0.021337463199557,TRUE
3__NQ_ONLY__xgb_d2__0.0100,3,NQ_ONLY,xgb_d2,2,0.01,676,376,0.556213017751479,331,0.489644970414201,0.0665680473372781,676,1,50.3333333333333,48,4,3,0.520833333333333,0.590909090909091,0.0666666666666667,0.266666666666667,0.09375,388,211,0.543814432989691,288,165,0.572916666666667,0.00987864406267922,TRUE,TRUE,0.518406936464146,0.595569173630455,0.0136523219576007,0.119709556461381,TRUE
30__NQ_ONLY__xgb_d4__0.5000,30,NQ_ONLY,xgb_d4,4,0.5,32592,17115,0.525128865979382,16971,0.520710603829161,0.00441826215022091,20138,0.617881688757977,52.6666666666667,52,4,3,0.519257801518133,0.532386303402947,0.0267942583732057,0.120574162679426,0.0319092547439839,29393,15453,0.525737420474263,3199,1662,0.51953735542357,0.48676205143446,TRUE,TRUE,0.518388365521852,0.53144490474405,0.00100786003589956,0.00780204053370784,TRUE
3__NQ_ES__xgb_d4__0.2000,3,NQ_ES,xgb_d4,4,0.2,13805,7274,0.526910539659544,6841,0.495545092357841,0.0313654473017023,13805,1,52.6666666666667,52,4,3,0.513814616755793,0.544103992571959,0.0337601862630966,0.153667054714785,0.0349397590361446,9103,4761,0.523014390860156,4702,2513,0.534453424074862,0.198877825256756,TRUE,TRUE,0.518356874390211,0.535927338329611,0.0221477245705391,0.0414872162412932,TRUE
3__NQ_ONLY__logit__0.1000,3,NQ_ONLY,logit,,0.1,6871,3650,0.531218163295008,3402,0.495124436035512,0.0360937272594964,6871,1,52.6666666666667,52,4,3,0.521695257315843,0.54858934169279,0.0379464285714286,0.165178571428571,0.0448369565217391,4621,2422,0.524128976412032,2250,1228,0.545777777777778,0.0999135626066147,TRUE,TRUE,0.518311149175818,0.544106834202353,0.0225753119984689,0.0493544550121404,TRUE
5__NQ_ES__logit__0.5000,5,NQ_ES,logit,,0.5,34390,18007,0.523611514975284,17578,0.511136958418145,0.0124745565571387,34390,1,52.6666666666667,52,4,3,0.517453798767967,0.52820562187139,0.0235457063711911,0.11449676823638,0.0272429726607624,22977,12171,0.529703616660139,11413,5836,0.511346709892228,0.496901967782577,TRUE,TRUE,0.518108167615533,0.529227791960719,0.00680474880573817,0.0186056168735916,TRUE
3__NQ_ONLY__xgb_d4__0.0500,3,NQ_ONLY,xgb_d4,4,0.05,3421,1833,0.535808243203742,1678,0.490499853843905,0.0453083893598363,3421,1,52.6666666666667,52,4,3,0.512345679012346,0.56322869955157,0.0621761658031088,0.196891191709845,0.0520939734422881,1995,1064,0.533333333333333,1426,769,0.539270687237027,0.0483771087062327,TRUE,TRUE,0.518054250221635,0.553883648857017,0.0219753506005399,0.0688841860168238,TRUE
3__NQ_ES__logit__0.0500,3,NQ_ES,logit,,0.05,3330,1781,0.534834834834835,1645,0.493993993993994,0.0408408408408408,3330,1,52.6666666666667,52,3,3,0.529276693455798,0.554945054945055,0.0483091787439614,0.207729468599034,0.0672413793103448,2256,1187,0.526152482269504,1074,594,0.553072625698324,0.0479428839661719,TRUE,TRUE,0.517964024972201,0.551902113208796,0.0233309573752198,0.0617395963165856,TRUE
5__NQ_ONLY__xgb_d4__0.5000,5,NQ_ONLY,xgb_d4,4,0.5,34334,17961,0.523125764548261,17378,0.506145511737636,0.016980252810625,34334,1,52.6666666666667,52,4,3,0.516812310030395,0.526385473803669,0.0251946862116354,0.123224919835089,0.026763760166446,24112,12641,0.524261778367618,10222,5320,0.520446096654275,0.497043308704281,TRUE,TRUE,0.517949066170789,0.528389204204684,0.0102809710186097,0.0234987411666894,TRUE
10__NQ_ONLY__xgb_d5__0.5000,10,NQ_ONLY,xgb_d5,5,0.5,33874,17737,0.523616933341206,17434,0.514672019838224,0.00894491350298164,33874,1,52.6666666666667,52,4,3,0.521710952689566,0.526838160826413,0.0257352941176471,0.125,0.0270407129835933,25220,13324,0.528310864393339,8654,4413,0.509937601109314,0.491900880841101,TRUE,TRUE,0.517874395188882,0.529658242471188,0.00387840894086981,0.0141682232266078,TRUE
10__NQ_ES__xgb_d5__0.0500,10,NQ_ES,xgb_d5,5,0.05,3270,1751,0.535474006116208,1692,0.517431192660551,0.0180428134556575,3270,1,52.6666666666667,52,3,3,0.531592249368155,0.543417366946779,0.0904977375565611,0.244343891402715,0.0670037926675095,2315,1251,0.540388768898488,955,500,0.523560209424084,0.0479490192526592,TRUE,TRUE,0.517870918731837,0.551792196126806,0.00153945835059996,0.0353371678675285,TRUE
7__NQ_ONLY__xgb_d2__0.5000,7,NQ_ONLY,xgb_d2,2,0.5,35361,18493,0.522977291366194,18050,0.510449365119765,0.0125279262464297,35361,1,52.6666666666667,52,4,3,0.517662170841362,0.528235836020267,0.0247524752475248,0.118811881188119,0.0255181943804698,24488,12916,0.527442012414244,10873,5577,0.512921916674331,0.511069924604144,TRUE,TRUE,0.517870899333748,0.528443942836872,0.00678876369554545,0.0182793881204687,TRUE
3__NQ_ES__logit__0.5000,3,NQ_ES,logit,,0.5,34663,18159,0.523872717306638,17320,0.499668234140149,0.0242044831664888,34663,1,52.6666666666667,52,4,3,0.52003771805752,0.525263742365353,0.0231187669990934,0.112420670897552,0.0264026402640264,22922,11993,0.523209144053748,11741,6166,0.525168213951111,0.501639991669217,TRUE,TRUE,0.517870385909042,0.529523659281375,0.018068978899214,0.0303984310886382,TRUE
30__NQ_ONLY__xgb_d4__0.2000,30,NQ_ONLY,xgb_d4,4,0.2,12910,6816,0.527962819519752,6764,0.523934934159566,0.0040278853601859,9168,0.710147172734315,52.6666666666667,52,3,3,0.522573363431151,0.540930979133226,0.0420382165605096,0.169426751592357,0.0476904619076185,12160,6418,0.527796052631579,750,398,0.530666666666667,0.190757589588624,TRUE,TRUE,0.517844432795429,0.537019376274187,7.7081192189106e-05,0.00781420854184727,TRUE
5__NQ_ONLY__xgb_d5__0.5000,5,NQ_ONLY,xgb_d5,5,0.5,34269,17934,0.523330123435175,17394,0.507572441565263,0.0157576818699116,34269,1,52.6666666666667,52,4,3,0.516580066131318,0.528249400479616,0.0258121940364931,0.123275478415665,0.0269544364508393,23696,12462,0.525911546252532,10573,5472,0.517544689302942,0.499186972657736,TRUE,TRUE,0.517834424802921,0.529132018307428,0.0101881332178802,0.02144552731559,TRUE
15__NQ_ONLY__logit__0.1000,15,NQ_ONLY,logit,,0.1,6760,3588,0.530769230769231,3518,0.520414201183432,0.0103550295857988,6760,1,52.6666666666667,52,3,3,0.526473099914603,0.542874396135266,0.044973544973545,0.193121693121693,0.0542271562766866,6123,3236,0.528499101747509,637,352,0.552590266875981,0.096821868775579,TRUE,TRUE,0.517824617963306,0.544326734432261,0.00297147975612355,0.0178380891073375,TRUE
15__NQ_ONLY__xgb_d5__0.0500,15,NQ_ONLY,xgb_d5,5,0.05,3363,1796,0.534046981861433,1744,0.518584597085935,0.0154623847754981,3363,1,52.6666666666667,52,4,3,0.505938242280285,0.55244122965642,0.0852272727272727,0.261363636363636,0.0831353919239905,2858,1518,0.531140657802659,505,278,0.550495049504951,0.0475991057863292,TRUE,TRUE,0.517793438881084,0.549443952058355,0.00182003359875932,0.0284496925839,TRUE
10__NQ_ES__xgb_d5__0.5000,10,NQ_ES,xgb_d5,5,0.5,34458,18041,0.523564919612282,17754,0.515235939404492,0.00832898020778919,34458,1,52.6666666666667,52,4,3,0.521835883171071,0.526325119659635,0.0278293135435993,0.12847866419295,0.0269662921348315,24290,12883,0.530382873610539,10168,5158,0.507277734067663,0.497768919584499,TRUE,TRUE,0.517784118634248,0.529667971400568,0.00323520111382987,0.0133079578413338,TRUE
5__NQ_ONLY__ranger__0.5000,5,NQ_ONLY,ranger,,0.5,35304,18460,0.522886924994335,17886,0.506628144119647,0.0162587808746884,35304,1,52.6666666666667,52,4,3,0.519282594554409,0.526253310199982,0.0241228070175439,0.114035087719298,0.0253858095151128,25192,13202,0.52405525563671,10112,5258,0.519976265822785,0.512787621830174,TRUE,TRUE,0.51770999475154,0.528910653699944,0.0107990570139629,0.022420658051182,TRUE
5__NQ_ONLY__xgb_d3__0.5000,5,NQ_ONLY,xgb_d3,3,0.5,34909,18267,0.523274800194792,17708,0.507261737660775,0.016013062534017,34909,1,52.6666666666667,52,4,3,0.521325244983668,0.524206708975521,0.026268115942029,0.119565217391304,0.026013143483023,24695,12965,0.525005061753391,10214,5302,0.51909144311729,0.504893225296605,TRUE,TRUE,0.517662685410732,0.528384210171972,0.00975076908234298,0.0218441064820559,TRUE
7__NQ_ONLY__xgb_d5__0.5000,7,NQ_ONLY,xgb_d5,5,0.5,34628,18109,0.522958299641908,17528,0.506179969966501,0.0167783296754072,34628,1,52.6666666666667,52,4,3,0.517040653459769,0.531232466803815,0.024367816091954,0.117701149425287,0.0272115204787731,23624,12391,0.524508973924822,11004,5718,0.519629225736096,0.50031799991752,TRUE,TRUE,0.517649937970919,0.527888308570167,0.0113030869918745,0.0223802609612553,TRUE
1__NQ_ES__ranger__0.5000,1,NQ_ES,ranger,,0.5,34995,18298,0.522874696385198,17117,0.489127018145449,0.0337476782397485,34995,1,52.6666666666667,52,4,3,0.52235316124205,0.526067639858555,0.0241071428571429,0.116517857142857,0.0254395809951366,21532,11227,0.5214099944269,13463,7071,0.525217262125826,0.506864231599403,TRUE,TRUE,0.51760559924406,0.528129665562294,0.0275802189460877,0.040737601593209,TRUE
15__NQ_ONLY__xgb_d3__0.5000,15,NQ_ONLY,xgb_d3,3,0.5,34169,17883,0.523369135766338,17640,0.516257426322105,0.00711170944423308,34169,1,52.6666666666667,52,4,3,0.521916790490342,0.527296811429653,0.0265906932573599,0.124406457739791,0.0277829573000186,29072,15239,0.524181342872867,5097,2644,0.518736511673533,0.498673438168996,TRUE,TRUE,0.517573375441268,0.529142220587704,0.00332221993993937,0.0115112682031165,TRUE
5__NQ_ES__xgb_d5__0.5000,5,NQ_ES,xgb_d5,5,0.5,34380,17972,0.522745782431646,17398,0.506050029086678,0.016695753344968,34380,1,52.6666666666667,52,4,3,0.51922177532504,0.529234318161654,0.0237551393330288,0.116034719049794,0.0275686772900577,22838,12012,0.525965496102986,11542,5960,0.516374978339976,0.497791121483235,TRUE,TRUE,0.517569107765663,0.528314901266621,0.0104956115041695,0.0228372137932646,TRUE
15__NQ_ES__xgb_d4__0.1000,15,NQ_ES,xgb_d4,4,0.1,7050,3728,0.528794326241135,3650,0.517730496453901,0.011063829787234,7050,1,52.6666666666667,52,4,3,0.521719250114312,0.537390407426508,0.0709534368070954,0.23059866962306,0.056241426611797,5935,3136,0.528390901432182,1115,592,0.530941704035875,0.103576388830253,TRUE,TRUE,0.517522935026345,0.539395653190189,0.00212042130414323,0.0199236447999272,TRUE
1__NQ_ES__xgb_d4__0.0200,1,NQ_ES,xgb_d4,4,0.02,1348,729,0.54080118694362,638,0.473293768545994,0.0675074183976261,1348,1,52.6666666666667,52,4,3,0.514511873350924,0.570743405275779,0.0888888888888889,0.322222222222222,0.0712401055408971,559,304,0.543828264758497,789,425,0.538656527249683,0.0196985583549796,TRUE,TRUE,0.517482019050088,0.565152328499721,0.0310410564510589,0.105311963979417,TRUE
10__NQ_ES__xgb_d5__0.0200,10,NQ_ES,xgb_d5,5,0.02,1233,671,0.544201135442011,631,0.511759935117599,0.032441200324412,1233,1,52.3333333333333,52,4,3,0.522267206477733,0.578692493946731,0.121951219512195,0.341463414634146,0.105263157894737,826,451,0.546004842615012,407,220,0.540540540540541,0.0180084928969368,TRUE,TRUE,0.517463029040508,0.571927916180235,0.0078598834876095,0.0605375871493322,TRUE
1__NQ_ONLY__ranger__0.5000,1,NQ_ONLY,ranger,,0.5,35267,18425,0.52244307709757,17256,0.489295942382397,0.0331471347151728,35267,1,52.6666666666667,52,3,3,0.522348350478893,0.525728909606069,0.0238738738738739,0.115315315315315,0.0261311172668513,21927,11414,0.520545446253478,13340,7011,0.525562218890555,0.509104802070969,TRUE,TRUE,0.517461779935315,0.527724755670286,0.0258992009315413,0.0401252920105618,TRUE
5__NQ_ES__xgb_d3__0.0200,5,NQ_ES,xgb_d3,3,0.02,1483,811,0.546864463924477,752,0.50708024275118,0.0397842211732974,1483,1,52.6666666666667,52,4,3,0.502824858757062,0.571428571428571,0.0853658536585366,0.25609756097561,0.0754310344827586,1024,555,0.5419921875,459,256,0.557734204793028,0.020901764520797,TRUE,TRUE,0.517450244022801,0.572554542943938,0.0105694764464926,0.0694254519245753,TRUE
3__NQ_ES__xgb_d4__0.5000,3,NQ_ES,xgb_d4,4,0.5,34663,18133,0.523122637971324,17326,0.499841329371376,0.0232813085999481,34663,1,52.6666666666667,52,4,3,0.519712601326456,0.527240773286468,0.0247820100963745,0.117944011014227,0.0249607099935287,23357,12208,0.522669863424241,11306,5925,0.52405802228905,0.500462334990873,TRUE,TRUE,0.517335737278198,0.528946130453394,0.0174796945641235,0.0290780394362849,TRUE
5__NQ_ES__xgb_d4__0.5000,5,NQ_ES,xgb_d4,4,0.5,34855,18218,0.522679672930713,17602,0.505006455314876,0.017673217615837,34855,1,52.6666666666667,52,4,3,0.519273952095808,0.528190968201657,0.0244444444444444,0.121333333333333,0.0269885098423443,23825,12486,0.524071353620147,11030,5732,0.519673617407072,0.506116525393749,TRUE,TRUE,0.517314406813547,0.527502647428695,0.0118228936749761,0.0239219607577238,TRUE
7__NQ_ONLY__xgb_d5__0.0200,7,NQ_ONLY,xgb_d5,5,0.02,1406,765,0.544096728307255,692,0.492176386913229,0.0519203413940256,1406,1,52.6666666666667,52,3,3,0.51985559566787,0.579439252336449,0.0714285714285714,0.285714285714286,0.0700934579439252,875,467,0.533714285714286,531,298,0.56120527306968,0.0200943174376788,TRUE,TRUE,0.517053012216297,0.570799942167878,0.0204580313700132,0.0834069179104514,TRUE
3__NQ_ONLY__logit__0.0200,3,NQ_ONLY,logit,,0.02,1311,713,0.543859649122807,668,0.509534706331045,0.034324942791762,1311,1,52.6666666666667,52,3,3,0.531986531986532,0.574468085106383,0.0740740740740741,0.296296296296296,0.0863930885529158,874,475,0.543478260869565,437,238,0.544622425629291,0.0188492111387626,TRUE,TRUE,0.517042645397224,0.570891840607211,0.00150561536792862,0.06406500635759,TRUE
5__NQ_ES__ranger__0.5000,5,NQ_ES,ranger,,0.5,35570,18574,0.522181613719427,18024,0.506719145347203,0.0154624683722238,35570,1,52.6666666666667,52,4,3,0.520910436713546,0.525833937635968,0.0245372363323289,0.116229014205768,0.0267403915881073,25157,13173,0.523631593592241,10413,5401,0.51867857485835,0.517822128368825,TRUE,TRUE,0.517012838121415,0.527223812056099,0.00997418021117863,0.0213456068888343,TRUE
15__NQ_ES__xgb_d2__0.5000,15,NQ_ES,xgb_d2,2,0.5,34915,18246,0.52258341686954,17992,0.515308606616068,0.00727481025347272,34915,1,52.6666666666667,52,4,3,0.519981668194317,0.526240628347019,0.0259619842373667,0.124710245711637,0.0279030439684329,29740,15564,0.523335574983188,5175,2682,0.518260869565217,0.509820976637518,TRUE,TRUE,0.516805675981341,0.528243903403148,0.00342585561925704,0.0112339220812406,TRUE
3__NQ_ES__xgb_d3__0.0500,3,NQ_ES,xgb_d3,3,0.05,3419,1824,0.533489324363849,1650,0.482597250658087,0.0508920737057619,3419,1,52.6666666666667,52,3,3,0.516728624535316,0.557586837294333,0.0396039603960396,0.178217821782178,0.0515759312320917,2055,1071,0.521167883211679,1364,753,0.552052785923754,0.048775739170762,TRUE,TRUE,0.516788321167883,0.55081513801665,0.0288113093828613,0.0723995648836217,TRUE
3__NQ_ES__xgb_d5__0.5000,3,NQ_ES,xgb_d5,5,0.5,34332,17932,0.522311546079459,17071,0.497232902248631,0.0250786438308284,34332,1,52.6666666666667,52,4,3,0.516357939360428,0.529472113411677,0.0251141552511416,0.122374429223744,0.027060270602706,22928,11926,0.520150034891835,11404,6006,0.52665731322343,0.497099366022968,TRUE,TRUE,0.516573606752455,0.528053230984907,0.0193168236569452,0.0308494095028916,TRUE
1__NQ_ES__xgb_d2__0.0100,1,NQ_ES,xgb_d2,2,0.01,732,404,0.551912568306011,332,0.453551912568306,0.0983606557377049,732,1,52,50,3,2,0.487562189054726,0.608163265306122,0.0666666666666667,0.333333333333333,0.0938775510204082,269,143,0.531598513011153,463,261,0.563714902807775,0.010523025881,TRUE,TRUE,0.516527790391427,0.590790188196821,0.0426608203677511,0.155270966930718,TRUE
15__NQ_ONLY__xgb_d2__0.5000,15,NQ_ONLY,xgb_d2,2,0.5,34632,18091,0.522378147378147,17935,0.517873642873643,0.00450450450450451,34632,1,52.6666666666667,52,4,3,0.519825829164351,0.526608269756052,0.0265486725663717,0.128085700978109,0.0288965143579556,30465,15952,0.523617265714755,4167,2139,0.513318934485241,0.506036402508853,TRUE,TRUE,0.516454674314984,0.52775056688303,0.000983596401823822,0.0081648569829193,TRUE
5__NQ_ES__xgb_d3__0.5000,5,NQ_ES,xgb_d3,3,0.5,34982,18248,0.521639700417358,17703,0.506060259562061,0.015579440855297,34982,1,52.6666666666667,52,4,3,0.519069343065693,0.52442879075228,0.0247826086956522,0.120434782608696,0.0262801408832295,24409,12774,0.523331558031874,10573,5474,0.517733850373593,0.509904109883895,TRUE,TRUE,0.516390789455057,0.527050443599155,0.00939500458304601,0.021694092307706,TRUE
15__NQ_ONLY__xgb_d4__0.5000,15,NQ_ONLY,xgb_d4,4,0.5,34216,17861,0.522007248071078,17651,0.515869768529343,0.00613747954173486,34216,1,52.6666666666667,52,4,3,0.518170197224251,0.529792624566013,0.0263901979264845,0.123468426013195,0.0285169289461135,28195,14778,0.524135485015074,6021,3083,0.512041189171234,0.499911096503194,TRUE,TRUE,0.516376866810306,0.527744505750433,0.00122387618516409,0.0106885917416094,TRUE
3__NQ_ONLY__logit__0.0500,3,NQ_ONLY,logit,,0.05,3369,1806,0.53606411398041,1675,0.49718017215791,0.0388839418224993,3369,1,52.6666666666667,52,3,3,0.515951595159516,0.57117903930131,0.04739336492891,0.208530805687204,0.0615942028985507,2240,1188,0.530357142857143,1129,618,0.547387068201949,0.0485903843901594,TRUE,TRUE,0.516304307183082,0.553522356675649,0.018145350778063,0.0589948810585377,TRUE
15__NQ_ES__ranger__0.5000,15,NQ_ES,ranger,,0.5,34676,18109,0.522234398431192,17931,0.517101165070942,0.00513323336024916,34676,1,52.6666666666667,52,4,3,0.520188487480366,0.525777103866566,0.0254158964879852,0.122458410351201,0.0270090978013647,30422,15918,0.523239760699494,4254,2191,0.515044663845792,0.507331121561324,TRUE,TRUE,0.516296719955642,0.527891559907763,0.00143147101994066,0.00850769848497202,TRUE
3__NQ_ONLY__xgb_d5__0.5000,3,NQ_ONLY,xgb_d5,5,0.5,35080,18305,0.521807297605473,17535,0.499857468643102,0.0219498289623717,35080,1,52.6666666666667,52,4,3,0.514670471773834,0.529665686994857,0.0237561631555356,0.115643209323173,0.0267546597699099,23955,12476,0.520809851805469,11125,5829,0.523955056179775,0.507599155876199,TRUE,TRUE,0.515938046064129,0.527421633370289,0.015580836758767,0.0277941730258211,TRUE
5__NQ_ONLY__xgb_d2__0.5000,5,NQ_ONLY,xgb_d2,2,0.5,34963,18223,0.521208134313417,17721,0.506850098675743,0.0143580356376741,34963,1,52.6666666666667,52,4,3,0.518250208971859,0.527574203004764,0.0249671484888305,0.116951379763469,0.0258336386954929,24903,13024,0.522989198088584,10060,5199,0.516799204771372,0.508945030857409,TRUE,TRUE,0.51589081298248,0.52714643900782,0.00848941103912215,0.0207254257870266,TRUE
5__NQ_ES__xgb_d2__0.5000,5,NQ_ES,xgb_d2,2,0.5,34952,18210,0.521000228885329,17714,0.506809338521401,0.0141908903639277,34952,1,52.6666666666667,52,4,3,0.517696629213483,0.525985825913138,0.0247459125055236,0.114449845338047,0.0260299625468165,24712,12928,0.523146649401101,10240,5282,0.5158203125,0.507893237773501,TRUE,TRUE,0.515848005253919,0.526431589579977,0.00846945741736228,0.0199572466850572,TRUE
3__NQ_ONLY__logit__0.5000,3,NQ_ONLY,logit,,0.5,34631,18056,0.521382576304467,17283,0.499061534463342,0.022321041841125,34631,1,52.6666666666667,52,4,3,0.517149425287356,0.524705452552745,0.022911051212938,0.112309074573226,0.0259310344827586,23039,12000,0.520855939927948,11592,6056,0.522429261559696,0.502205784560896,TRUE,TRUE,0.515844716264185,0.526880771769394,0.0162590650047069,0.0279377379184522,TRUE
3__NQ_ES__xgb_d3__0.5000,3,NQ_ES,xgb_d3,3,0.5,34751,18117,0.521337515467181,17313,0.498201490604587,0.0231360248625939,34751,1,52.6666666666667,52,4,3,0.515703869882221,0.524914801510546,0.0236902050113895,0.115261958997722,0.0264535427182651,23591,12261,0.519732101225043,11160,5856,0.524731182795699,0.502249698068058,TRUE,TRUE,0.515781127081299,0.527325473451174,0.017391511369742,0.0292324577215492,TRUE
3__NQ_ONLY__xgb_d4__0.5000,3,NQ_ONLY,xgb_d4,4,0.5,35246,18390,0.521761334619531,17668,0.501276740623049,0.0204845939964819,35246,1,52.6666666666667,52,4,3,0.514370932754881,0.527770076702708,0.0256410256410256,0.11996336996337,0.0263040171781337,24379,12713,0.521473399237048,10867,5677,0.522407288119996,0.507448362239751,TRUE,TRUE,0.515618498276668,0.527777125299955,0.0146187304481978,0.0265758196541311,TRUE
10__NQ_ES__xgb_d4__0.0100,10,NQ_ES,xgb_d4,4,0.01,600,333,0.555,293,0.488333333333333,0.0666666666666667,600,1,50,48,3,3,0.534246575342466,0.585714285714286,0.166666666666667,0.444444444444444,0.148148148148148,379,203,0.535620052770449,221,130,0.588235294117647,0.00859116574096637,TRUE,TRUE,0.515570367937297,0.590829133127711,0.0235700950208629,0.110731586752348,TRUE
15__NQ_ES__xgb_d4__0.5000,15,NQ_ES,xgb_d4,4,0.5,34175,17804,0.520965618141917,17597,0.514908558888076,0.00605705925384053,34175,1,52.6666666666667,52,3,3,0.517423346374306,0.529532564052416,0.0271514035895076,0.126092959042798,0.0292391942108351,26957,14138,0.524464888526171,7218,3666,0.507896924355777,0.501743306352044,TRUE,TRUE,0.515474192447127,0.52714925674279,0.00130563105329828,0.0109380462171714,TRUE
15__NQ_ES__xgb_d3__0.5000,15,NQ_ES,xgb_d3,3,0.5,34599,18025,0.520968814127576,17818,0.514985982253822,0.00598283187375358,34599,1,52.6666666666667,52,4,3,0.516790873125403,0.530176415970288,0.0272479564032698,0.126248864668483,0.0288765088207985,28275,14799,0.523395225464191,6324,3226,0.510120177103099,0.508136513048093,TRUE,TRUE,0.515347740828511,0.526432181532621,0.00129974538732547,0.0109172447584126,TRUE
10__NQ_ONLY__xgb_d3__0.0200,10,NQ_ONLY,xgb_d3,3,0.02,1341,732,0.54586129753915,690,0.514541387024609,0.0313199105145414,1341,1,52.6666666666667,52,3,3,0.533492822966507,0.569476082004556,0.0777777777777778,0.288888888888889,0.0837320574162679,1068,576,0.539325842696629,273,156,0.571428571428571,0.0196485890081405,TRUE,TRUE,0.515236732640966,0.576637171254605,0.00873987608682559,0.0529921676952294,TRUE
3__NQ_ONLY__ranger__0.5000,3,NQ_ONLY,ranger,,0.5,35148,18300,0.520655513827245,17533,0.498833504040059,0.0218220097871856,35148,1,52.6666666666667,52,4,3,0.516555678875324,0.524757056918094,0.0253445975989329,0.116496220542463,0.024787273399926,24538,12735,0.51899095280789,10610,5565,0.524505183788878,0.509306297563191,TRUE,TRUE,0.514883605374573,0.526400802469843,0.0162446095026503,0.0273580363293884,TRUE
3__NQ_ES__xgb_d2__0.0500,3,NQ_ES,xgb_d2,2,0.05,3505,1865,0.532097004279601,1733,0.494436519258203,0.037660485021398,3505,1,52.6666666666667,52,3,3,0.519598906107566,0.545867393278837,0.0460829493087558,0.193548387096774,0.0522935779816514,2289,1206,0.526867627785059,1216,659,0.541940789473684,0.0504539469624783,TRUE,TRUE,0.51484756752476,0.549028043995882,0.0147027730602302,0.0590408135825256,TRUE
3__NQ_ES__xgb_d2__0.5000,3,NQ_ES,xgb_d2,2,0.5,35000,18220,0.520571428571429,17457,0.498771428571429,0.0218,35000,1,52.6666666666667,52,4,3,0.514407486333735,0.524065161051462,0.0238200264666961,0.112924569916189,0.026035393310479,23956,12441,0.519327099682752,11044,5779,0.523270554147048,0.508397077772079,TRUE,TRUE,0.51483357860801,0.526593501735616,0.01535485165757,0.0273632783206775,TRUE
15__NQ_ES__xgb_d5__0.0500,15,NQ_ES,xgb_d5,5,0.05,3389,1802,0.531720271466509,1719,0.507229271171437,0.0244910002950723,3389,1,52.6666666666667,52,3,3,0.515042117930205,0.542883211678832,0.0829493087557604,0.276497695852535,0.0702554744525547,2701,1420,0.525731210662718,688,382,0.555232558139535,0.0497826563109805,TRUE,TRUE,0.51477694327294,0.547531057248017,0.0110623930966009,0.0375673606594258,TRUE
7__NQ_ES__xgb_d4__0.0200,7,NQ_ES,xgb_d4,4,0.02,1431,775,0.541579315164221,703,0.491264849755416,0.050314465408805,1431,1,52.6666666666667,52,3,3,0.5146771037182,0.582766439909297,0.072289156626506,0.289156626506024,0.0757575757575758,866,460,0.531177829099307,565,315,0.557522123893805,0.0203513424066183,TRUE,TRUE,0.514683579506829,0.56832352674748,0.0200843017783511,0.0800317031081158,TRUE
1__NQ_ONLY__xgb_d5__0.0500,1,NQ_ONLY,xgb_d5,5,0.05,3515,1867,0.531152204836415,1677,0.477098150782361,0.0540540540540541,3515,1,52.6666666666667,52,3,3,0.505545286506469,0.555652936021034,0.0467289719626168,0.205607476635514,0.0528756957328386,2013,1050,0.521609538002981,1502,817,0.543941411451398,0.0504126264077627,TRUE,TRUE,0.514645299342308,0.548095718556305,0.031864144315708,0.0758511537518365,TRUE
1__NQ_ONLY__xgb_d2__0.0200,1,NQ_ONLY,xgb_d2,2,0.02,1418,764,0.538787023977433,662,0.466854724964739,0.0719322990126939,1418,1,52.6666666666667,52,3,3,0.526041666666667,0.578616352201258,0.0515463917525773,0.237113402061856,0.0677083333333333,634,338,0.533123028391167,784,426,0.543367346938776,0.0208312813950939,TRUE,TRUE,0.514597477661259,0.56285135953432,0.034430969855109,0.111745143429618,TRUE
3__NQ_ONLY__xgb_d3__0.5000,3,NQ_ONLY,xgb_d3,3,0.5,35298,18376,0.520596067765879,17644,0.499858348914953,0.0207377188509264,35298,1,52.6666666666667,52,4,3,0.516640972159246,0.522803114571746,0.0253671562082777,0.119715175789942,0.02593633807926,24502,12732,0.519631050526488,10796,5644,0.522786217117451,0.51091772771274,TRUE,TRUE,0.51457260229032,0.525981641130073,0.0152846966278677,0.0263138297574802,TRUE
1__NQ_ONLY__xgb_d5__0.0200,1,NQ_ONLY,xgb_d5,5,0.02,1281,692,0.540202966432475,612,0.477751756440281,0.0624512099921936,1281,1,52.3333333333333,52,4,3,0.515892420537897,0.573529411764706,0.107692307692308,0.292307692307692,0.087719298245614,709,381,0.53737658674189,572,311,0.543706293706294,0.0177804925756483,TRUE,TRUE,0.514508676043418,0.564970834608323,0.0258828638292924,0.0948441722899485,TRUE
5__NQ_ES__xgb_d4__0.0200,5,NQ_ES,xgb_d4,4,0.02,1465,792,0.54061433447099,730,0.498293515358362,0.042320819112628,1465,1,52.3333333333333,52,4,3,0.50796812749004,0.574938574938575,0.0642201834862385,0.256880733944954,0.0677290836653386,987,526,0.532928064842959,478,266,0.556485355648536,0.0219206075883846,TRUE,TRUE,0.514303335160205,0.566807657627756,0.0164692349581003,0.0689926962176023,TRUE
3__NQ_ES__ranger__0.5000,3,NQ_ES,ranger,,0.5,35054,18221,0.519798025902893,17479,0.498630684087408,0.0211673418154847,35054,1,52.6666666666667,52,4,3,0.514415500139056,0.524271844660194,0.024652622142537,0.118332586284178,0.0253082414016872,24083,12490,0.518623095129344,10971,5731,0.522377176191778,0.507399062356952,TRUE,TRUE,0.51393665660337,0.525477111776531,0.0153321726936715,0.0274163909594896,TRUE
15__NQ_ONLY__xgb_d5__0.5000,15,NQ_ONLY,xgb_d5,5,0.5,33786,17557,0.519653110755935,17361,0.51385189131593,0.00580121944000474,33786,1,52.6666666666667,52,4,3,0.518400726942299,0.522445529676935,0.0266539742979534,0.125178486435031,0.0285087719298246,27051,14124,0.522124875235666,6735,3433,0.509725315515961,0.493832508296231,TRUE,TRUE,0.513690760296827,0.524924764048144,0.00107493084493832,0.0104660260160844,TRUE
3__NQ_ONLY__xgb_d2__0.5000,3,NQ_ONLY,xgb_d2,2,0.5,35177,18275,0.519515592574694,17534,0.498450692213662,0.0210649003610314,35177,1,52.6666666666667,52,4,3,0.514652525816355,0.524167362464051,0.0251211987659762,0.117672983693257,0.0248395199553447,24539,12707,0.517828762378255,10638,5568,0.523406655386351,0.510566335595347,TRUE,TRUE,0.513544012300563,0.525110095230969,0.0151929932141573,0.026670358743941,TRUE
3__NQ_ONLY__xgb_d5__0.0200,3,NQ_ONLY,xgb_d5,5,0.02,1214,656,0.540362438220758,579,0.476935749588138,0.0634266886326194,1214,1,52.6666666666667,52,3,2,0.498871331828442,0.567049808429119,0.0595238095238095,0.273809523809524,0.0881226053639847,603,318,0.527363184079602,611,338,0.553191489361702,0.0178587076664897,TRUE,TRUE,0.512347915305915,0.567271815581486,0.0241720622894995,0.103248908875429,TRUE
7__NQ_ONLY__xgb_d4__0.0050,7,NQ_ONLY,xgb_d4,4,0.005,308,173,0.561688311688312,144,0.467532467532468,0.0941558441558442,308,1,42.6666666666667,39,4,3,0.529411764705882,0.635294117647059,0.0909090909090909,0.409090909090909,0.147058823529412,176,94,0.534090909090909,132,79,0.598484848484849,0.00456235898316107,TRUE,TRUE,0.512339805203127,0.612703533026114,0.0275501464953798,0.166124986709711,TRUE
1__NQ_ES__ranger__0.0200,1,NQ_ES,ranger,,0.02,1561,840,0.538116591928251,714,0.457399103139013,0.0807174887892377,1561,1,52.6666666666667,52,3,2,0.484486873508353,0.564007421150278,0.0875,0.2875,0.0596658711217184,619,326,0.526655896607431,942,514,0.545647558386412,0.0217195498506644,TRUE,TRUE,0.512191257844137,0.560949854957189,0.0456436272360244,0.117793135291464,TRUE
60__NQ_ONLY__xgb_d5__0.0500,60,NQ_ONLY,xgb_d5,5,0.05,3229,1727,0.534840507897182,1696,0.525240012387736,0.00960049550944565,1580,0.489315577578198,52,50,4,3,0.524736415247364,0.543249797898141,0.104166666666667,0.427083333333333,0.162257495590829,3001,1598,0.532489170276575,228,129,0.565789473684211,0.0489587192895623,TRUE,TRUE,0.511317129251413,0.555713576653984,0.00149855083940925,0.0183355427497049,TRUE
15__NQ_ES__logit__0.1000,15,NQ_ES,logit,,0.1,6769,3547,0.524006500221598,3497,0.516619884768799,0.00738661545279953,6769,1,52.6666666666667,52,3,3,0.522902310498581,0.529345372460497,0.058641975308642,0.194444444444444,0.0562103354487761,5996,3137,0.523182121414276,773,410,0.530401034928849,0.0944304316348713,TRUE,TRUE,0.511094170931525,0.536610925399705,0.000141529975322979,0.0154435259766573,TRUE
3__NQ_ONLY__ranger__0.0200,3,NQ_ONLY,ranger,,0.02,1395,757,0.542652329749104,644,0.461648745519713,0.0810035842293907,1395,1,52.6666666666667,52,3,2,0.488532110091743,0.593103448275862,0.0470588235294118,0.235294117647059,0.0666666666666667,740,381,0.514864864864865,655,376,0.574045801526718,0.0200192316930191,TRUE,TRUE,0.510631454078141,0.573989591585918,0.0439245248660295,0.11983682692103,TRUE
3__NQ_ONLY__xgb_d3__0.0100,3,NQ_ONLY,xgb_d3,3,0.01,608,334,0.549342105263158,295,0.485197368421053,0.0641447368421053,608,1,51,50,3,2,0.5,0.589595375722543,0.0769230769230769,0.307692307692308,0.104046242774566,280,152,0.542857142857143,328,182,0.554878048780488,0.00881179955622703,TRUE,TRUE,0.510487689393939,0.589424971733161,0.00317360800119421,0.119823268994308,TRUE
3__NQ_ES__xgb_d3__0.0200,3,NQ_ES,xgb_d3,3,0.02,1293,693,0.535962877030162,628,0.48569218870843,0.0502706883217324,1293,1,52.6666666666667,52,4,3,0.516971279373368,0.570048309178744,0.0617283950617284,0.222222222222222,0.0678851174934726,764,401,0.524869109947644,529,292,0.551984877126654,0.0186602466635868,TRUE,TRUE,0.509900442048182,0.56152220473987,0.0173501930940198,0.0850722910327975,TRUE
1__NQ_ONLY__ranger__0.0100,1,NQ_ONLY,ranger,,0.01,730,398,0.545205479452055,344,0.471232876712329,0.073972602739726,730,1,51,48,3,2,0.481081081081081,0.576763485477178,0.1,0.366666666666667,0.0864864864864865,241,135,0.560165975103734,489,263,0.537832310838446,0.00982419280498132,TRUE,TRUE,0.509401297335203,0.579480921796117,0.0101027716326903,0.13172170925235,TRUE
3__NQ_ONLY__ranger__0.0050,3,NQ_ONLY,ranger,,0.005,309,173,0.559870550161812,137,0.44336569579288,0.116504854368932,309,1,45,43,3,3,0.523364485981308,0.659090909090909,0.0526315789473684,0.263157894736842,0.126315789473684,99,51,0.515151515151515,210,122,0.580952380952381,0.00444206998475833,TRUE,TRUE,0.509364639336918,0.60923178807947,0.0270202476724216,0.203947698089571,TRUE
7__NQ_ONLY__xgb_d5__0.0100,7,NQ_ONLY,xgb_d5,5,0.01,662,361,0.545317220543807,323,0.487915407854985,0.0574018126888218,662,1,50.3333333333333,48,4,3,0.538720538720539,0.564766839378238,0.0975609756097561,0.317073170731707,0.113989637305699,387,207,0.534883720930233,275,154,0.56,0.00951837575501746,TRUE,TRUE,0.508900113457846,0.580599629279744,0.00425471236258781,0.104540638606676,TRUE
7__NQ_ONLY__xgb_d3__0.0100,7,NQ_ONLY,xgb_d3,3,0.01,759,414,0.545454545454545,358,0.47167325428195,0.0737812911725955,759,1,52,51,4,3,0.511363636363636,0.61046511627907,0.0714285714285714,0.30952380952381,0.0872093023255814,484,251,0.518595041322314,275,163,0.592727272727273,0.0107069243296968,TRUE,TRUE,0.508608702879089,0.580148612677416,0.027665939757394,0.116652486984257,TRUE
1__NQ_ONLY__xgb_d4__0.0200,1,NQ_ONLY,xgb_d4,4,0.02,1348,716,0.531157270029674,620,0.459940652818991,0.0712166172106825,1348,1,52.3333333333333,52,2,2,0.496103896103896,0.555555555555556,0.0740740740740741,0.296296296296296,0.0779220779220779,691,355,0.513748191027496,657,361,0.549467275494673,0.0192916774453025,TRUE,TRUE,0.507790197649292,0.557208377399187,0.0363767969224539,0.107397799138982,TRUE
7__NQ_ES__xgb_d5__0.0200,7,NQ_ES,xgb_d5,5,0.02,1374,732,0.532751091703057,670,0.487627365356623,0.0451237263464338,1374,1,52.6666666666667,52,3,3,0.512145748987854,0.564476885644769,0.0759493670886076,0.253164556962025,0.0802919708029197,837,435,0.519713261648746,537,297,0.553072625698324,0.0195089679330144,TRUE,TRUE,0.507036937657577,0.556725735537835,0.0165165121283775,0.0752216722131565,TRUE
3__NQ_ES__ranger__0.0100,3,NQ_ES,ranger,,0.01,643,350,0.544323483670295,311,0.483670295489891,0.0606531881804044,643,1,51,49,4,3,0.510869565217391,0.580645161290323,0.111111111111111,0.388888888888889,0.0978260869565217,365,194,0.531506849315069,278,156,0.561151079136691,0.00908687742195475,TRUE,TRUE,0.506863489784093,0.585444702302788,0.0101975130100095,0.117649430740038,TRUE
1__NQ_ES__xgb_d3__0.0200,1,NQ_ES,xgb_d3,3,0.02,1363,725,0.531914893617021,646,0.473954512105649,0.057960381511372,1363,1,52.3333333333333,52,4,3,0.501347708894879,0.559734513274336,0.0729166666666667,0.291666666666667,0.0700808625336927,565,302,0.534513274336283,798,423,0.530075187969925,0.0201478596364101,TRUE,TRUE,0.506817417007731,0.558252989426663,0.0230424635108165,0.0952968545438585,TRUE
1__NQ_ONLY__xgb_d3__0.0200,1,NQ_ONLY,xgb_d3,3,0.02,1388,741,0.533861671469741,658,0.474063400576369,0.0597982708933718,1388,1,52.3333333333333,52,3,3,0.504065040650406,0.560416666666667,0.0804597701149425,0.28735632183908,0.0770833333333333,705,372,0.527659574468085,683,369,0.540263543191801,0.0200322084024433,TRUE,TRUE,0.506014657298182,0.559805304851926,0.0220250869160051,0.0964757599492978,TRUE
3__NQ_ES__logit__0.0100,3,NQ_ES,logit,,0.01,645,354,0.548837209302326,312,0.483720930232558,0.0651162790697674,645,1,50.6666666666667,50,3,3,0.544715447154472,0.583333333333333,0.0769230769230769,0.358974358974359,0.166666666666667,441,232,0.526077097505669,204,122,0.598039215686275,0.00923095047381041,TRUE,TRUE,0.505751221382719,0.585213814631399,0.0190559343992287,0.105797479427201,TRUE
15__NQ_ES__xgb_d5__0.0200,15,NQ_ES,xgb_d5,5,0.02,1347,716,0.531551596139569,676,0.501855976243504,0.0296956198960653,1347,1,52.3333333333333,51,2,2,0.498360655737705,0.579646017699115,0.101123595505618,0.348314606741573,0.114754098360656,1019,533,0.52306182531894,328,183,0.557926829268293,0.0199103777566897,TRUE,TRUE,0.504562837660104,0.55695295937326,0.00392870101596517,0.0555187891680441,TRUE
3__NQ_ES__logit__0.0200,3,NQ_ES,logit,,0.02,1273,678,0.532600157109191,629,0.494108405341713,0.0384917517674784,1273,1,52.6666666666667,52,3,3,0.519031141868512,0.556792873051225,0.0853658536585366,0.304878048780488,0.114790286975717,878,459,0.522779043280182,395,219,0.554430379746835,0.0184539173065954,TRUE,TRUE,0.502383168772488,0.562224299065421,0.00992225488335664,0.0701648795828262,TRUE
15__NQ_ONLY__xgb_d5__0.0100,15,NQ_ONLY,xgb_d5,5,0.01,684,371,0.542397660818713,350,0.511695906432749,0.0307017543859649,684,1,49.6666666666667,46,3,3,0.504065040650406,0.564516129032258,0.107142857142857,0.392857142857143,0.203252032520325,561,299,0.532976827094474,123,72,0.585365853658537,0.00930893576477323,TRUE,TRUE,0.5022414900875,0.584488373929178,0.00131578947368421,0.0605226960110041,TRUE
7__NQ_ONLY__xgb_d4__0.0100,7,NQ_ONLY,xgb_d4,4,0.01,717,389,0.542538354253836,341,0.475592747559275,0.0669456066945607,717,1,52,51,4,3,0.508650519031142,0.620111731843575,0.0714285714285714,0.285714285714286,0.0917874396135266,463,240,0.518358531317495,254,149,0.586614173228346,0.0102093796444188,TRUE,TRUE,0.502237258272717,0.57789036319174,0.02203182099286,0.112597899728997,TRUE
1__NQ_ES__xgb_d4__0.0100,1,NQ_ES,xgb_d4,4,0.01,628,337,0.536624203821656,287,0.457006369426752,0.0796178343949045,628,1,50.6666666666667,50,3,2,0.478260869565217,0.603550295857988,0.0816326530612245,0.326530612244898,0.103260869565217,233,124,0.532188841201717,395,213,0.539240506329114,0.00949508644918815,TRUE,TRUE,0.500751155624037,0.573866883116883,0.0267161743756723,0.138678345629114,TRUE
10__NQ_ONLY__xgb_d4__0.0200,10,NQ_ONLY,xgb_d4,4,0.02,1309,689,0.526355996944232,642,0.490450725744843,0.0359052711993889,1309,1,52.6666666666667,52,3,3,0.527083333333333,0.533536585365854,0.102272727272727,0.306818181818182,0.106707317073171,961,494,0.514047866805411,348,195,0.560344827586207,0.0191725356882673,TRUE,TRUE,0.500737540454993,0.555314787537556,0.00782426801244626,0.0641466031229068,TRUE
5__NQ_ONLY__xgb_d5__0.0200,5,NQ_ONLY,xgb_d5,5,0.02,1423,748,0.525650035137034,703,0.49402670414617,0.0316233309908644,1423,1,52.6666666666667,52,3,2,0.5,0.546875,0.0632911392405063,0.291139240506329,0.0891891891891892,882,459,0.520408163265306,541,289,0.534195933456562,0.0200637451038074,TRUE,TRUE,0.500347965738758,0.553206310790132,0.00284829775810867,0.0619914797271579,TRUE
60__NQ_ES__ranger__0.2000,60,NQ_ES,ranger,,0.2,13030,7208,0.553184957789716,7200,0.552570990023024,0.000613967766692249,4932,0.378511128165771,52.6666666666667,52,4,3,0.546205357142857,0.563353870881329,0.045353982300885,0.201327433628319,0.0490222341280472,12890,7134,0.553452288595811,140,74,0.528571428571429,0.203906158275684,TRUE,TRUE,0.541866911564863,0.5658759159642,-0.000840201043423384,0.00237937810239211,FALSE
30__NQ_ONLY__xgb_d4__0.0200,30,NQ_ONLY,xgb_d4,4,0.02,1082,622,0.574861367837338,608,0.561922365988909,0.0129390018484288,921,0.851201478743068,50.3333333333333,45,4,3,0.506493506493507,0.609876543209877,0.25,0.625,0.233766233766234,980,564,0.575510204081633,102,58,0.568627450980392,0.015131144981062,TRUE,TRUE,0.541700370475754,0.609373705268669,-0.00636957177497013,0.0347830537136754,FALSE
60__NQ_ES__logit__0.1000,60,NQ_ES,logit,,0.1,6831,3811,0.557897818767384,3792,0.555116381203338,0.00278143756404626,2874,0.420729029424682,52.6666666666667,52,4,3,0.552193645990923,0.572200392927308,0.0683760683760684,0.290598290598291,0.101584721657863,6524,3648,0.559166155732679,307,163,0.530944625407166,0.101032019738212,TRUE,TRUE,0.540355989774442,0.576338307397501,-0.00490787043755031,0.0108422105171267,FALSE
60__NQ_ONLY__ranger__0.1000,60,NQ_ONLY,ranger,,0.1,6947,3861,0.555779473153879,3852,0.554483949906435,0.00129552324744494,2601,0.374406218511588,52.6666666666667,52,4,3,0.545083824195741,0.569761273209549,0.0618101545253863,0.271523178807947,0.0647214854111406,6850,3808,0.555912408759124,97,53,0.54639175257732,0.10741411958536,TRUE,TRUE,0.539377246363048,0.571018779510919,-0.000867623935416802,0.00356860170543163,FALSE
60__NQ_ONLY__xgb_d2__0.1000,60,NQ_ONLY,xgb_d2,2,0.1,6487,3612,0.556805919531371,3617,0.557576691845229,-0.000770772313858486,2332,0.359488207183598,52.6666666666667,52,4,3,0.542642509942554,0.57312661498708,0.0716417910447761,0.352238805970149,0.0777891504605937,6348,3545,0.558443604284814,139,67,0.482014388489209,0.0960505116482433,TRUE,TRUE,0.538218069219945,0.575497725325268,-0.00554711845861292,0.00351866293413812,FALSE
7__NQ_ES__logit__0.0200,7,NQ_ES,logit,,0.02,1268,716,0.564668769716088,698,0.550473186119874,0.0141955835962145,1268,1,52,50,4,3,0.550561797752809,0.584558823529412,0.0980392156862745,0.333333333333333,0.144,805,478,0.593788819875776,463,238,0.514038876889849,0.0169986818522439,TRUE,TRUE,0.537229817813114,0.591730934883846,-0.0128309165643822,0.0413715576821872,FALSE
60__NQ_ONLY__xgb_d2__0.2000,60,NQ_ONLY,xgb_d2,2,0.2,12727,7010,0.550797517089652,7008,0.55064037086509,0.000157146224561955,4550,0.357507660878447,52.6666666666667,52,4,3,0.545996186844614,0.563554852320675,0.0484522207267833,0.218034993270525,0.0512392755004766,12491,6891,0.551677207589464,236,119,0.504237288135593,0.192595868080333,TRUE,TRUE,0.537069333141523,0.562640602792,-0.00260850658258162,0.00300323400020555,FALSE
60__NQ_ES__xgb_d2__0.2000,60,NQ_ES,xgb_d2,2,0.2,13264,7278,0.548703256936068,7258,0.547195416164053,0.00150784077201448,5088,0.383594692400483,52.6666666666667,52,3,3,0.54637436762226,0.562772661173049,0.0501981505944518,0.228533685601057,0.0513814832767814,13064,7168,0.548683404776485,200,110,0.55,0.199956187992421,TRUE,TRUE,0.536660583528346,0.56261843651932,-0.00135845037858863,0.00528231237652346,FALSE
60__NQ_ONLY__logit__0.1000,60,NQ_ONLY,logit,,0.1,6462,3587,0.555091303002167,3551,0.549520272361498,0.00557103064066852,2661,0.411792014856082,52.6666666666667,52,4,3,0.54842875591907,0.574153846153846,0.0585106382978723,0.273936170212766,0.0912613000430478,6208,3442,0.55444587628866,254,145,0.570866141732283,0.0976520967177461,TRUE,TRUE,0.536490353127177,0.572170211502854,-0.00216727692708525,0.0157398647626983,FALSE
60__NQ_ONLY__xgb_d3__0.2000,60,NQ_ONLY,xgb_d3,3,0.2,12410,6814,0.549073327961322,6782,0.546494762288477,0.00257856567284448,4766,0.384045124899275,52.6666666666667,52,4,3,0.544929718875502,0.556811421772754,0.0426065162907268,0.19047619047619,0.0559190957763236,11916,6552,0.549848942598187,494,262,0.530364372469636,0.191210517844663,TRUE,TRUE,0.535831735619268,0.561879637612138,-0.00161505059651129,0.00668219570445092,FALSE
7__NQ_ONLY__logit__0.0100,7,NQ_ONLY,logit,,0.01,563,324,0.575488454706927,324,0.575488454706927,0,563,1,47,42,3,3,0.563829787234043,0.584745762711864,0.0957446808510638,0.454545454545455,0.202127659574468,365,226,0.619178082191781,198,98,0.494949494949495,0.00751947404684898,TRUE,TRUE,0.53574441962358,0.621930420908413,-0.0480943995911294,0.0515788483043435,FALSE
60__NQ_ES__xgb_d2__0.1000,60,NQ_ES,xgb_d2,2,0.1,6714,3723,0.554512957998213,3697,0.550640452785225,0.00387250521298779,2490,0.370866845397677,52.6666666666667,52,4,3,0.543085329970576,0.564296520423601,0.0817941952506596,0.33509234828496,0.0907715582450832,6594,3650,0.553533515316955,120,73,0.608333333333333,0.100927062160601,TRUE,TRUE,0.535690943544761,0.572462967739864,-0.000150659394956373,0.00921654850644398,FALSE
10__NQ_ES__xgb_d2__0.0500,10,NQ_ES,xgb_d2,2,0.05,3641,2008,0.551496841527053,1963,0.53913759956056,0.0123592419664927,3641,1,52.6666666666667,52,4,3,0.544256120527307,0.562919463087248,0.0495867768595041,0.190082644628099,0.0511744966442953,3114,1725,0.553949903660886,527,283,0.537001897533207,0.053253614120617,TRUE,TRUE,0.535650247010272,0.567379344543447,-0.000823373301615422,0.0247887300793821,FALSE
60__NQ_ES__logit__0.2000,60,NQ_ES,logit,,0.2,13346,7308,0.547579799190769,7284,0.545781507567811,0.00179829162295819,5443,0.407837554323393,52.6666666666667,52,4,3,0.543026706231454,0.561249389946315,0.0482456140350877,0.213450292397661,0.0657079646017699,12788,7017,0.54871754770097,558,291,0.521505376344086,0.19741427793365,TRUE,TRUE,0.534403316681156,0.560869173910633,-0.00396750815524226,0.00735599139312003,FALSE
60__NQ_ES__logit__0.0500,60,NQ_ES,logit,,0.05,3413,1902,0.55728098447114,1883,0.551714034573689,0.00556694989745092,1547,0.453266920597715,52,51,4,3,0.551157580283794,0.568008705114255,0.0869565217391304,0.403726708074534,0.149365197908887,3222,1797,0.557728119180633,191,105,0.549738219895288,0.0497559197075135,TRUE,TRUE,0.532539290173526,0.580944485394492,-0.00803587464526048,0.0218182985179134,FALSE
60__NQ_ES__xgb_d5__0.0500,60,NQ_ES,xgb_d5,5,0.05,3047,1686,0.553331145388907,1670,0.548080078765999,0.00525106662290778,1528,0.501476862487693,52.3333333333333,51,4,3,0.536936936936937,0.56025824964132,0.147651006711409,0.590604026845638,0.174774774774775,2802,1556,0.555317630264097,245,130,0.530612244897959,0.0445912216300661,TRUE,TRUE,0.531325837886137,0.576613875522019,-0.00554838780546582,0.017561213698853,FALSE
60__NQ_ONLY__logit__0.0500,60,NQ_ONLY,logit,,0.05,3112,1742,0.559768637532134,1709,0.549164524421594,0.0106041131105398,1397,0.448907455012853,51.6666666666667,50,3,3,0.562549800796813,0.56797583081571,0.0841584158415842,0.351485148514851,0.142629482071713,2943,1641,0.557594291539246,169,101,0.597633136094675,0.0479669017968753,TRUE,TRUE,0.531197171655728,0.585701331763223,-0.00473547779063813,0.0306338047582758,FALSE
60__NQ_ONLY__xgb_d4__0.2000,60,NQ_ONLY,xgb_d4,4,0.2,12588,6839,0.543295201779473,6806,0.540673657451541,0.00262154432793136,5150,0.409119796631713,52.6666666666667,52,3,3,0.541819852941177,0.549919669497361,0.0437956204379562,0.192214111922141,0.0582270199542035,11934,6497,0.544410926763868,654,342,0.522935779816514,0.194528588552612,TRUE,TRUE,0.531098999846912,0.557647059194161,-0.00213899113791809,0.00780551186187287,FALSE
30__NQ_ONLY__xgb_d4__0.0500,30,NQ_ONLY,xgb_d4,4,0.05,2971,1645,0.55368562773477,1632,0.54930999663413,0.00437563110063952,2401,0.808145405587344,52.3333333333333,51,4,3,0.519280205655527,0.5941893158388,0.11864406779661,0.401129943502825,0.125,2778,1542,0.555075593952484,193,103,0.533678756476684,0.0436830674017435,TRUE,TRUE,0.5309207683502,0.573372725941249,-0.00564894263282241,0.0143011321075928,FALSE
60__NQ_ONLY__logit__0.2000,60,NQ_ONLY,logit,,0.2,13000,7070,0.543846153846154,7047,0.542076923076923,0.00176923076923077,5217,0.401307692307692,52.6666666666667,52,4,3,0.53734827264239,0.563327576280944,0.0410396716826265,0.188782489740082,0.0602240896358543,12617,6867,0.544265673297931,383,203,0.530026109660574,0.195394259515177,TRUE,TRUE,0.530909424343378,0.555873174351682,-0.00291527932668931,0.00732623090664831,FALSE
60__NQ_ES__ranger__0.1000,60,NQ_ES,ranger,,0.1,6620,3623,0.547280966767372,3619,0.546676737160121,0.000604229607250755,2517,0.380211480362538,52.6666666666667,52,4,3,0.534062237174096,0.576713819368879,0.0677966101694915,0.283898305084746,0.0707290533188248,6556,3589,0.547437461866992,64,34,0.53125,0.104160422834786,TRUE,TRUE,0.530589248076563,0.56344717097956,-0.0019859568152307,0.00360829679925862,FALSE
60__NQ_ES__xgb_d5__0.1000,60,NQ_ES,xgb_d5,5,0.1,6043,3310,0.54774118815158,3304,0.546748303822605,0.000992884328975674,2917,0.482707264603674,52.6666666666667,52,4,3,0.537558685446009,0.560770156438027,0.110119047619048,0.380952380952381,0.110328638497653,5567,3070,0.551463984192563,476,240,0.504201680672269,0.090457868550641,TRUE,TRUE,0.530242776420981,0.564482332396613,-0.00628101570647934,0.00850137010905673,FALSE
60__NQ_ES__xgb_d5__0.2000,60,NQ_ES,xgb_d5,5,0.2,12283,6663,0.542457054465522,6649,0.541317267768461,0.00113978669706098,5513,0.448831718635513,52.6666666666667,52,4,3,0.542286874154263,0.547791694133158,0.0625,0.240691489361702,0.0629228687415426,11317,6176,0.54572766634267,966,487,0.504140786749482,0.187332607476353,TRUE,TRUE,0.530177969943819,0.555152917620406,-0.00389628518120044,0.00622330310300937,FALSE
60__NQ_ONLY__ranger__0.5000,60,NQ_ONLY,ranger,,0.5,32752,17615,0.53782975085491,17589,0.537035906204201,0.000793844650708354,11007,0.336071079628725,52.6666666666667,52,4,3,0.536891367121378,0.542854334578337,0.0293706293706294,0.134265734265734,0.0326275264677575,32352,17402,0.537895647873393,400,213,0.5325,0.50691170432911,TRUE,TRUE,0.52964926382848,0.54598160690643,-0.000609763790245164,0.00238224029281079,FALSE
60__NQ_ES__ranger__0.5000,60,NQ_ES,ranger,,0.5,33357,17924,0.537338489672333,17912,0.536978745090985,0.000359744581347244,11044,0.331084929699913,52.6666666666667,52,3,3,0.537972315750094,0.542644900953778,0.0290262172284644,0.13436329588015,0.0333506493506494,32991,17735,0.537570852656785,366,189,0.516393442622951,0.513859434541821,TRUE,TRUE,0.529170753885568,0.54623638209987,-0.000803223889611608,0.00146495332831859,FALSE
60__NQ_ONLY__xgb_d3__0.1000,60,NQ_ONLY,xgb_d3,3,0.1,6353,3473,0.546670864158665,3466,0.545569022509051,0.00110184164961436,2531,0.398394459310562,52.6666666666667,52,4,3,0.545256744995648,0.550168026884301,0.0683760683760684,0.313390313390313,0.0816130580892943,6071,3329,0.548344589029814,282,144,0.51063829787234,0.0951162053422376,TRUE,TRUE,0.528779861572291,0.564453013498321,-0.00538908147588868,0.00741143152212877,FALSE
30__NQ_ONLY__xgb_d3__0.1000,30,NQ_ONLY,xgb_d3,3,0.1,6423,3478,0.541491514868442,3460,0.53868908609684,0.00280242877160206,4878,0.759458197104157,52.6666666666667,52,4,3,0.533447684391081,0.55368516833485,0.0661375661375661,0.285714285714286,0.0765676567656766,6136,3326,0.542046936114733,287,152,0.529616724738676,0.0942847713845072,TRUE,TRUE,0.528770716638493,0.555774479897328,-0.00295235573222565,0.00907364082458058,FALSE
60__NQ_ONLY__xgb_d4__0.5000,60,NQ_ONLY,xgb_d4,4,0.5,32360,17378,0.537021013597033,17295,0.534456118665019,0.00256489493201483,11278,0.348516687268232,52.6666666666667,52,3,3,0.537327718223584,0.546075085324232,0.0290337934316992,0.138981437410757,0.0356710337994055,30640,16479,0.53782637075718,1720,899,0.522674418604651,0.499702150217011,TRUE,TRUE,0.528424517806052,0.54515798730898,-0.00040973747445474,0.00578153357987359,FALSE
60__NQ_ONLY__xgb_d2__0.5000,60,NQ_ONLY,xgb_d2,2,0.5,33337,17902,0.537000929897711,17889,0.536610972792993,0.000389957104718481,10989,0.329633740288568,52.6666666666667,52,4,3,0.538681383660195,0.540154222305812,0.0305870744943266,0.142081894425259,0.0346059808162498,32777,17616,0.537450041187418,560,286,0.510714285714286,0.508497237961272,TRUE,TRUE,0.528339929546739,0.545940837792117,-0.00144623218237617,0.002313723753928,FALSE
60__NQ_ES__xgb_d4__0.2000,60,NQ_ES,xgb_d4,4,0.2,12744,6894,0.540960451977401,6883,0.540097300690521,0.000863151286880101,5492,0.430947897049592,52.6666666666667,52,4,3,0.537554164660568,0.548971446116058,0.0677506775067751,0.241192411924119,0.0647835431378569,12126,6581,0.542718126340096,618,313,0.506472491909385,0.192413268627054,TRUE,TRUE,0.528322834219913,0.552415249157108,-0.00369251658031172,0.00543986573147534,FALSE
30__NQ_ES__xgb_d2__0.0100,30,NQ_ES,xgb_d2,2,0.01,616,351,0.569805194805195,353,0.573051948051948,-0.00324675324675325,551,0.89448051948052,48.6666666666667,45,4,3,0.539473684210526,0.578703703703704,0.535714285714286,1,0.204545454545455,604,346,0.572847682119205,12,5,0.416666666666667,0.00866259131959984,TRUE,TRUE,0.528027222922813,0.610549120440826,-0.0145654786376142,0.00715692436622669,FALSE
5__NQ_ONLY__logit__0.0100,5,NQ_ONLY,logit,,0.01,576,324,0.5625,307,0.532986111111111,0.0295138888888889,576,1,48.6666666666667,46,4,3,0.554054054054054,0.580952380952381,0.129032258064516,0.451612903225806,0.206422018348624,360,209,0.580555555555556,216,115,0.532407407407407,0.00807398350606395,TRUE,TRUE,0.527963880511274,0.599266253218459,-0.0127549407114625,0.0750058777429467,FALSE
10__NQ_ONLY__xgb_d2__0.1000,10,NQ_ONLY,xgb_d2,2,0.1,7004,3783,0.540119931467733,3725,0.531838949171902,0.00828098229583095,7004,1,52.6666666666667,52,4,3,0.537193973634652,0.543920380787538,0.0483516483516484,0.197802197802198,0.0454115421002838,6118,3318,0.54233409610984,886,465,0.524830699774266,0.101934791682997,TRUE,TRUE,0.527931888716307,0.551834332378894,-0.000579413046533697,0.0168092778493777,FALSE
60__NQ_ONLY__logit__0.5000,60,NQ_ONLY,logit,,0.5,33739,18088,0.536115474673227,18067,0.535493049586532,0.000622425086694923,11565,0.342778387029847,52.6666666666667,52,4,3,0.533594675904823,0.54089709762533,0.0299055613850997,0.139559286463799,0.0346777233320769,32593,17505,0.537078513791305,1146,583,0.508726003490401,0.507879846119418,TRUE,TRUE,0.527698532623173,0.54440620936122,-0.00199495761459852,0.00339102893724057,FALSE
30__NQ_ONLY__ranger__0.2000,30,NQ_ONLY,ranger,,0.2,13901,7460,0.536652039421624,7441,0.535285231278325,0.00136680814329904,9591,0.689950363283217,52.6666666666667,52,4,3,0.52877532228361,0.550416281221092,0.0399556048834628,0.172031076581576,0.0402405180388529,13647,7324,0.536674727046237,254,136,0.535433070866142,0.208122127569588,TRUE,TRUE,0.527451785806169,0.545911730186444,-0.00104554335110135,0.0037455211085753,FALSE
30__NQ_ES__xgb_d5__0.0200,30,NQ_ES,xgb_d5,5,0.02,1178,659,0.559422750424448,653,0.554329371816638,0.00509337860780985,1036,0.879456706281834,52.3333333333333,51,3,3,0.547169811320755,0.570247933884298,0.169491525423729,0.694915254237288,0.156028368794326,1034,584,0.564796905222437,144,75,0.520833333333333,0.0167963461950028,TRUE,TRUE,0.527378360976325,0.593389359146673,-0.0140762662769224,0.0245303464823828,FALSE
10__NQ_ES__xgb_d2__0.0200,10,NQ_ES,xgb_d2,2,0.02,1483,819,0.552258934592043,797,0.537424140256237,0.0148347943358058,1483,1,52.6666666666667,52,4,3,0.536231884057971,0.567134268537074,0.0618556701030928,0.237113402061856,0.06553911205074,1262,699,0.553882725832013,221,120,0.542986425339367,0.0216186214871153,TRUE,TRUE,0.527373527373527,0.578301887464641,-0.00460470802982556,0.0339331534723533,FALSE
60__NQ_ES__xgb_d3__0.5000,60,NQ_ES,xgb_d3,3,0.5,32884,17605,0.535366743705145,17573,0.534393626079552,0.000973117625592993,11228,0.341442646879942,52.6666666666667,52,3,3,0.535175879396985,0.539993932652442,0.0328343795267987,0.150651859005311,0.0352917382950753,31723,17011,0.53623553888346,1161,594,0.511627906976744,0.504832507001262,TRUE,TRUE,0.527044883887887,0.543858385234265,-0.00157364084656751,0.00367211813355906,FALSE
60__NQ_ONLY__xgb_d4__0.1000,60,NQ_ONLY,xgb_d4,4,0.1,6447,3512,0.544749495889561,3489,0.54118194509074,0.00356755079882116,2789,0.432604312083139,52.6666666666667,52,4,3,0.533243787777032,0.556566970091027,0.0693333333333333,0.296,0.0886501007387508,6100,3328,0.545573770491803,347,184,0.530259365994236,0.0974200233851231,TRUE,TRUE,0.527037004520235,0.563237881508624,-0.00310393407118409,0.0104464720336834,FALSE
60__NQ_ONLY__xgb_d3__0.5000,60,NQ_ONLY,xgb_d3,3,0.5,32331,17332,0.536079923293434,17318,0.535646902353778,0.000433020939655439,10980,0.339612136958337,52.6666666666667,52,4,3,0.536395228702921,0.542991252400256,0.0296260320543953,0.1369596891695,0.0375506720716876,31206,16764,0.537204383772352,1125,568,0.504888888888889,0.497386481209837,TRUE,TRUE,0.526997817404156,0.544652283616807,-0.00186212799821146,0.00244873312631366,FALSE
10__NQ_ES__logit__0.0500,10,NQ_ES,logit,,0.05,3222,1748,0.54252017380509,1708,0.530105524518932,0.0124146492861577,3222,1,52.6666666666667,52,3,3,0.535238095238095,0.556962025316456,0.0523560209424084,0.230366492146597,0.090295358649789,2492,1368,0.548956661316212,730,380,0.520547945205479,0.0460304211337041,TRUE,TRUE,0.526454656726462,0.559595609086595,-0.00255638467072514,0.0275939228765643,FALSE
60__NQ_ONLY__xgb_d2__0.0500,60,NQ_ONLY,xgb_d2,2,0.05,3444,1893,0.549651567944251,1893,0.549651567944251,0,1259,0.365563298490128,49.6666666666667,49,4,3,0.533794162826421,0.572657743785851,0.156028368794326,0.673758865248227,0.124607329842932,3384,1863,0.550531914893617,60,30,0.5,0.0492093218719289,TRUE,TRUE,0.526233258406554,0.573380320711506,-0.00540175642791577,0.00609807392429997,FALSE
60__NQ_ES__logit__0.5000,60,NQ_ES,logit,,0.5,33568,17937,0.534348188751192,17877,0.532560772163966,0.00178741658722593,11827,0.352329599618685,52.6666666666667,52,4,3,0.534220183486239,0.538177794171892,0.0292494481236203,0.134105960264901,0.0344891184064921,31863,17056,0.535291717666259,1705,881,0.516715542521994,0.501062097913231,TRUE,TRUE,0.526225283461854,0.542478296586474,-0.00151874640519502,0.00570868080623827,FALSE
60__NQ_ES__xgb_d2__0.5000,60,NQ_ES,xgb_d2,2,0.5,33737,18034,0.534546640187331,18028,0.534368793905801,0.000177846281530664,11157,0.330705160506269,52.6666666666667,52,3,3,0.534547152194211,0.538838214114258,0.0316243411595592,0.13847628174413,0.0339869281045752,33186,17756,0.535044898451154,551,278,0.50453720508167,0.516335280508032,TRUE,TRUE,0.526182187539516,0.542558761502097,-0.00162922008762104,0.0018312712987676,FALSE
30__NQ_ONLY__logit__0.1000,30,NQ_ONLY,logit,,0.1,6214,3348,0.538783392339878,3344,0.538139684583199,0.000643707756678468,4606,0.741229481815256,52.6666666666667,52,3,3,0.53202846975089,0.554151624548736,0.0508982035928144,0.236526946107784,0.0767148014440433,5986,3232,0.539926495155363,228,116,0.508771929824562,0.0897496389181369,TRUE,TRUE,0.525883289825486,0.551770263252629,-0.00379591062034092,0.0052383966671529,FALSE
30__NQ_ONLY__xgb_d2__0.2000,30,NQ_ONLY,xgb_d2,2,0.2,13415,7174,0.534774506149832,7142,0.532389116660455,0.00238538948937756,9341,0.696310100633619,52.6666666666667,52,4,3,0.527915353444394,0.548349332708968,0.0444177671068427,0.178871548619448,0.0488498319979323,13108,7005,0.534406469331706,307,169,0.550488599348534,0.199076961632721,TRUE,TRUE,0.525263672012895,0.544082065278712,-0.000296830930792652,0.0053334870273916,FALSE
10__NQ_ONLY__xgb_d2__0.0500,10,NQ_ONLY,xgb_d2,2,0.05,3517,1910,0.543076485641172,1904,0.541370486209838,0.00170599943133352,3517,1,52.6666666666667,52,3,3,0.53281096963761,0.557586837294333,0.0580912863070539,0.211618257261411,0.0594149908592322,3151,1726,0.547762615042844,366,184,0.502732240437159,0.0517543738340532,TRUE,TRUE,0.525257680444689,0.560100535834815,-0.00958574801138291,0.0129177958231077,FALSE
60__NQ_ONLY__xgb_d5__0.5000,60,NQ_ONLY,xgb_d5,5,0.5,31528,16805,0.533018269474753,16740,0.530956609997463,0.00206165947729003,11344,0.359807155544278,52.6666666666667,52,3,3,0.533177661023546,0.541651938258513,0.0332850940665702,0.148576941630487,0.0362907976905856,29126,15579,0.534882922474765,2402,1226,0.510407993338884,0.487992243253176,TRUE,TRUE,0.52494336831451,0.54100144703323,-0.00109188166121434,0.00537256270268315,FALSE
30__NQ_ES__xgb_d4__0.1000,30,NQ_ES,xgb_d4,4,0.1,6259,3377,0.539543057996485,3345,0.534430420194919,0.00511263780156575,4816,0.769451989135645,52.6666666666667,52,4,3,0.525527569775357,0.547808764940239,0.0769230769230769,0.321937321937322,0.0697211155378486,5642,3055,0.54147465437788,617,322,0.521880064829822,0.0910296283289051,TRUE,TRUE,0.524908851372629,0.554564294375269,-0.00313749063117553,0.0135889233707931,FALSE
60__NQ_ES__xgb_d4__0.5000,60,NQ_ES,xgb_d4,4,0.5,32142,17139,0.53322755273474,17170,0.534192022898388,-0.000964470163648808,11410,0.354987244104287,52.6666666666667,52,3,3,0.533005410723069,0.537112158754523,0.032624814631735,0.150766188828473,0.0377151628110953,30101,16137,0.536095146340653,2041,1002,0.49093581577658,0.493248404453861,TRUE,TRUE,0.524858471293188,0.541553224862919,-0.00452578980473331,0.0024371684777948,FALSE
5__NQ_ES__logit__0.0200,5,NQ_ES,logit,,0.02,1191,657,0.551637279596977,630,0.528967254408061,0.0226700251889169,1191,1,52.3333333333333,52,3,3,0.539748953974895,0.568710359408034,0.1,0.3,0.13953488372093,786,444,0.564885496183206,405,213,0.525925925925926,0.0169587183869436,TRUE,TRUE,0.524850482805257,0.576688355451599,-0.00572576787234981,0.0543347738848588,FALSE
5__NQ_ONLY__xgb_d2__0.0200,5,NQ_ONLY,xgb_d2,2,0.02,1524,839,0.550524934383202,802,0.526246719160105,0.0242782152230971,1524,1,52.6666666666667,52,4,3,0.51340206185567,0.577367205542725,0.0921052631578947,0.276315789473684,0.0641509433962264,1123,623,0.554764024933215,401,216,0.538653366583541,0.0211193931340806,TRUE,TRUE,0.524523286093205,0.576311271143205,-0.00194872523789575,0.0542965396865686,FALSE
30__NQ_ONLY__xgb_d5__0.1000,30,NQ_ONLY,xgb_d5,5,0.1,5972,3224,0.539852645679839,3194,0.534829202947086,0.00502344273275285,4691,0.785498995311453,52.6666666666667,52,4,3,0.525610717100079,0.556344696969697,0.0616621983914209,0.225201072386059,0.0740740740740741,5501,2975,0.540810761679695,471,249,0.528662420382166,0.0886440841944734,TRUE,TRUE,0.524164449161305,0.555160358265464,-0.00173953491921759,0.0122054238682514,FALSE
30__NQ_ES__xgb_d3__0.0500,30,NQ_ES,xgb_d3,3,0.05,3204,1742,0.543695380774032,1739,0.542759051186018,0.000936329588014981,2562,0.799625468164794,52.6666666666667,52,4,3,0.529639175257732,0.562146892655367,0.146341463414634,0.573170731707317,0.0998116760828625,3033,1655,0.545664358720739,171,87,0.508771929824562,0.045884824476252,TRUE,TRUE,0.524084778511441,0.562974291591588,-0.00674299162304808,0.00934993552546744,FALSE
30__NQ_ONLY__xgb_d3__0.2000,30,NQ_ONLY,xgb_d3,3,0.2,13172,7028,0.533556027938051,7005,0.531809899787428,0.00174612815062253,9251,0.70232310962648,52.6666666666667,52,4,3,0.527126590756866,0.545053413841152,0.0366161616161616,0.170454545454545,0.0492350486787205,12639,6751,0.534140359205633,533,277,0.519699812382739,0.194232324475218,TRUE,TRUE,0.524070382108109,0.54325274068626,-0.00181569500020501,0.00551263696718112,FALSE
5__NQ_ES__ranger__0.0100,5,NQ_ES,ranger,,0.01,779,439,0.563543003851091,416,0.534017971758665,0.0295250320924262,779,1,52,51,3,2,0.489711934156379,0.645739910313901,0.0731707317073171,0.317073170731707,0.0986547085201794,623,350,0.561797752808989,156,89,0.57051282051282,0.0108938261767816,TRUE,TRUE,0.523931433503621,0.6,-0.00125011762860728,0.0605384141680115,FALSE
30__NQ_ONLY__xgb_d4__0.1000,30,NQ_ONLY,xgb_d4,4,0.1,6160,3316,0.538311688311688,3276,0.531818181818182,0.00649350649350649,4718,0.765909090909091,52.6666666666667,52,4,3,0.528478731074261,0.553370786516854,0.0681198910081744,0.269754768392371,0.0720980533525595,5808,3121,0.537362258953168,352,195,0.553977272727273,0.0906202454539154,TRUE,TRUE,0.523746134910136,0.553206009449758,0,0.0133356362843192,FALSE
10__NQ_ES__ranger__0.0200,10,NQ_ES,ranger,,0.02,1656,906,0.547101449275362,898,0.542270531400966,0.00483091787439614,1656,1,52.6666666666667,52,3,3,0.54953560371517,0.555555555555556,0.0821917808219178,0.26027397260274,0.0603864734299517,1500,825,0.55,156,81,0.519230769230769,0.0225451383611432,TRUE,TRUE,0.523716523705152,0.572887774676669,-0.0101660663194026,0.0195849931798414,FALSE
30__NQ_ONLY__ranger__0.0500,30,NQ_ONLY,ranger,,0.05,3292,1791,0.54404617253949,1792,0.544349939246659,-0.000303766707168894,2557,0.776731470230863,52.6666666666667,52,4,3,0.527041357370095,0.56440511307768,0.102222222222222,0.453333333333333,0.105211406096362,3186,1739,0.545825486503453,106,52,0.490566037735849,0.0498012006345512,TRUE,TRUE,0.523488442603575,0.564591988316901,-0.00685692868311818,0.0056977422935243,FALSE
30__NQ_ONLY__xgb_d2__0.5000,30,NQ_ONLY,xgb_d2,2,0.5,33586,17797,0.529893407967606,17747,0.52840469243137,0.00148871553623534,19850,0.591020067885428,52.6666666666667,52,4,3,0.5236508994004,0.536606880329315,0.0260155180282976,0.126426289365587,0.0294089654516037,32400,17182,0.530308641975309,1186,615,0.518549747048904,0.503497221793761,TRUE,TRUE,0.52345062165749,0.536454264613063,-0.000560990844759286,0.00370506822768995,FALSE
30__NQ_ES__xgb_d5__0.1000,30,NQ_ES,xgb_d5,5,0.1,6318,3392,0.536878759100981,3377,0.534504590060146,0.00237416904083571,4963,0.785533396644508,52.6666666666667,52,4,3,0.532885906040268,0.543355119825708,0.0728291316526611,0.282913165266106,0.0691275167785235,5507,2981,0.541311058652624,811,411,0.506781750924784,0.0920568100246916,TRUE,TRUE,0.523140260664906,0.550437677951696,-0.00753931421226547,0.0120567962113827,FALSE
30__NQ_ONLY__logit__0.2000,30,NQ_ONLY,logit,,0.2,12822,6833,0.532912182186866,6805,0.530728435501482,0.0021837466853845,9062,0.706754016534082,52.6666666666667,52,3,3,0.523019397055387,0.543290687295448,0.0406386066763425,0.181422351233672,0.0496327620743379,12295,6556,0.533224888165921,527,277,0.52561669829222,0.185294573799999,TRUE,TRUE,0.523127989055269,0.542721110141557,-0.00154998612658109,0.00584897780225232,FALSE
60__NQ_ES__logit__0.0200,60,NQ_ES,logit,,0.02,1362,767,0.563142437591777,750,0.550660792951542,0.0124816446402349,688,0.505139500734214,46.3333333333333,44,3,3,0.551669316375199,0.589473684210526,0.181818181818182,0.545454545454545,0.255961844197138,1229,692,0.563059397884459,133,75,0.56390977443609,0.0199024021619821,TRUE,TRUE,0.523077705275547,0.595820712126224,-0.0131392514346656,0.0414987064506603,FALSE
30__NQ_ES__logit__0.1000,30,NQ_ES,logit,,0.1,6322,3392,0.536539069914584,3373,0.533533691869662,0.00300537804492249,4765,0.753717178108194,52.6666666666667,52,3,3,0.528814935064935,0.548335974643423,0.0716612377850163,0.244299674267101,0.0787337662337662,5935,3189,0.53732097725358,387,203,0.524547803617571,0.0897474009045717,TRUE,TRUE,0.523073358576918,0.551209022205215,-0.00349445721648094,0.0106168259336491,FALSE
30__NQ_ES__logit__0.2000,30,NQ_ES,logit,,0.2,13033,6952,0.533415176858743,6932,0.531880610757308,0.00153456610143482,9319,0.715031074963554,52.6666666666667,52,3,3,0.526269702276708,0.54877753570564,0.0450310559006211,0.177018633540373,0.0525394045534151,12137,6495,0.535140479525418,896,457,0.510044642857143,0.18568194815853,TRUE,TRUE,0.523070578782315,0.542683810941897,-0.00346086442725883,0.00674661025041102,FALSE
60__NQ_ES__xgb_d5__0.5000,60,NQ_ES,xgb_d5,5,0.5,31958,16963,0.530790412416296,17047,0.533418862256712,-0.00262844984041555,11673,0.365260654609175,52.6666666666667,52,3,3,0.527958387516255,0.538061518034963,0.0332050048123195,0.141000962463908,0.0362912148705466,28916,15491,0.53572416655139,3042,1472,0.483892176199869,0.493552224578438,TRUE,TRUE,0.522904651023891,0.539370495212368,-0.00640177639756815,0.000848759050763173,FALSE
10__NQ_ONLY__xgb_d2__0.0200,10,NQ_ONLY,xgb_d2,2,0.02,1379,761,0.551849166062364,751,0.54459753444525,0.00725163161711385,1379,1,52.6666666666667,52,4,3,0.543766578249337,0.564102564102564,0.0721649484536082,0.257731958762887,0.0846681922196796,1231,683,0.554833468724614,148,78,0.527027027027027,0.0204038205789788,TRUE,TRUE,0.52282517739992,0.582157863793278,-0.00992560761929606,0.0239779971791255,FALSE
10__NQ_ONLY__xgb_d4__0.1000,10,NQ_ONLY,xgb_d4,4,0.1,6823,3644,0.534075919683424,3574,0.523816503004543,0.0102594166788803,6823,1,52.6666666666667,52,3,3,0.533121356650768,0.541372141372141,0.0552884615384615,0.1875,0.0535241123476418,5379,2897,0.538575943483919,1444,747,0.517313019390582,0.0980275536590199,TRUE,TRUE,0.522618167610036,0.547273781902552,-0.000576192933055305,0.020903194591104,FALSE
30__NQ_ES__ranger__0.2000,30,NQ_ES,ranger,,0.2,13290,7071,0.532054176072235,7074,0.532279909706546,-0.000225733634311512,9056,0.681414597441686,52.6666666666667,52,4,3,0.520345879959308,0.550397537830213,0.0433763188745604,0.175849941383353,0.0451397794306232,13096,6976,0.53268173488088,194,95,0.489690721649485,0.198453266280744,TRUE,TRUE,0.522615723551849,0.540632355703239,-0.00205432343471557,0.00184302868547853,FALSE
60__NQ_ONLY__xgb_d5__0.2000,60,NQ_ONLY,xgb_d5,5,0.2,12443,6673,0.536285461705377,6650,0.534437032869887,0.00184842883548983,5336,0.428835489833641,52.6666666666667,52,4,3,0.534177215189873,0.543097643097643,0.0492610837438424,0.210591133004926,0.061952861952862,11600,6241,0.53801724137931,843,432,0.512455516014235,0.192258053171296,TRUE,TRUE,0.522371229985831,0.549011638006332,-0.00324149901555862,0.00668373435155855,FALSE
30__NQ_ONLY__xgb_d3__0.0200,30,NQ_ONLY,xgb_d3,3,0.02,1182,657,0.555837563451777,651,0.550761421319797,0.0050761421319797,982,0.830795262267344,50,44,4,3,0.535645472061657,0.58165548098434,0.191489361702128,0.680851063829787,0.254437869822485,1092,609,0.557692307692308,90,48,0.533333333333333,0.0162778382122049,TRUE,TRUE,0.522350728539753,0.592827832999249,-0.00999209027228491,0.0196900075700227,FALSE
5__NQ_ES__logit__0.0100,5,NQ_ES,logit,,0.01,574,321,0.559233449477352,312,0.543554006968641,0.0156794425087108,574,1,48.6666666666667,44,3,3,0.54337899543379,0.611111111111111,0.137931034482759,0.448275862068966,0.220338983050847,352,207,0.588068181818182,222,114,0.513513513513514,0.00795582794317614,TRUE,TRUE,0.522235429654689,0.601445404111472,-0.0343582023700776,0.0659683987861654,FALSE
60__NQ_ES__ranger__0.0500,60,NQ_ES,ranger,,0.05,3387,1859,0.548863300856215,1859,0.548863300856215,0,1275,0.37643932683791,51.3333333333333,50,4,3,0.528491620111732,0.59070796460177,0.11219512195122,0.517073170731707,0.131637168141593,3363,1847,0.549212013083556,24,12,0.5,0.0514999542674548,TRUE,TRUE,0.522124601309384,0.575602781496356,-0.00198029624391011,0.00176682350588772,FALSE
30__NQ_ES__ranger__0.5000,30,NQ_ES,ranger,,0.5,33573,17737,0.528311440741072,17697,0.527120007148602,0.00119143359247014,19887,0.592350996336342,52.6666666666667,52,4,3,0.520290788626116,0.534486245954693,0.0277008310249307,0.126962142197599,0.0286205501618123,32403,17133,0.528747338209425,1170,604,0.516239316239316,0.502081662095449,TRUE,TRUE,0.521990312083334,0.534606286480082,-0.00118722574492041,0.00352214541007504,FALSE
60__NQ_ONLY__xgb_d4__0.0500,60,NQ_ONLY,xgb_d4,4,0.05,3227,1754,0.543538890610474,1742,0.539820266501395,0.00371862410907964,1460,0.452432599938023,52.3333333333333,51,4,3,0.536277602523659,0.54757785467128,0.113333333333333,0.493333333333333,0.15615141955836,3030,1650,0.544554455445545,197,104,0.527918781725888,0.0469255391889586,TRUE,TRUE,0.521874434696093,0.566543635928929,-0.00628426423899407,0.013972311409817,FALSE
30__NQ_ES__logit__0.5000,30,NQ_ES,logit,,0.5,33361,17618,0.528101675609244,17506,0.52474446209646,0.00335721351278439,21181,0.634903030484698,52.6666666666667,52,4,3,0.524053880692752,0.534095349745995,0.0268672756582483,0.130037614185922,0.030431842334074,29603,15694,0.530148971388035,3758,1924,0.511974454497073,0.485378440349806,TRUE,TRUE,0.521873442771879,0.533990732075744,-0.000411191713259792,0.00723312681294533,FALSE
60__NQ_ES__xgb_d5__0.0200,60,NQ_ES,xgb_d5,5,0.02,1243,689,0.554304102976669,688,0.553499597747385,0.00080450522928399,649,0.52212389380531,44.3333333333333,33,4,3,0.540322580645161,0.549777117384844,0.260869565217391,0.847826086956522,0.289473684210526,1132,633,0.559187279151943,111,56,0.504504504504505,0.0174504325928846,TRUE,TRUE,0.521843722125722,0.589123571601217,-0.0212962962962963,0.0300194610684729,FALSE
60__NQ_ONLY__xgb_d5__0.1000,60,NQ_ONLY,xgb_d5,5,0.1,6329,3403,0.53768367830621,3394,0.536261652709749,0.00142202559646074,2893,0.457102227840101,52.6666666666667,52,4,3,0.535366931918656,0.53839590443686,0.0617283950617284,0.274074074074074,0.0993930197268589,5910,3190,0.539763113367174,419,213,0.508353221957041,0.0973515521144642,TRUE,TRUE,0.521704394894291,0.555034424484349,-0.00458395934479447,0.00776838011323529,FALSE
30__NQ_ES__xgb_d3__0.2000,30,NQ_ES,xgb_d3,3,0.2,13028,6921,0.531240405280934,6877,0.527863064169481,0.00337734111145226,9106,0.698956094565551,52.6666666666667,52,4,3,0.522640480087289,0.54444712117562,0.052054794520548,0.215068493150685,0.0467357263310046,12129,6451,0.531865776238767,899,470,0.522803114571746,0.189627767987559,TRUE,TRUE,0.521644235823019,0.540052917133196,-0.00129864775545775,0.00870369306383374,FALSE
15__NQ_ONLY__xgb_d3__0.0500,15,NQ_ONLY,xgb_d3,3,0.05,3826,2057,0.537637219027705,2021,0.528227914270779,0.00940930475692629,3826,1,52.6666666666667,52,4,3,0.533175355450237,0.541185527328714,0.0894736842105263,0.294736842105263,0.0765639589169001,3517,1885,0.535968154677282,309,172,0.55663430420712,0.0537291908032786,TRUE,TRUE,0.52156698325636,0.553784064921703,-6.42508352608548e-06,0.0186505999291829,FALSE
30__NQ_ONLY__xgb_d3__0.5000,30,NQ_ONLY,xgb_d3,3,0.5,33181,17504,0.527530815828336,17480,0.526807510322172,0.000723305506163166,20123,0.606461529188391,52.6666666666667,52,4,3,0.523092841689399,0.531330813606525,0.0258126195028681,0.124760994263862,0.0307340362044957,30923,16370,0.529379426316981,2258,1134,0.5022143489814,0.493980266315393,TRUE,TRUE,0.521339028817484,0.534399676604063,-0.00222384620502501,0.00360381719748039,FALSE
30__NQ_ES__xgb_d3__0.1000,30,NQ_ES,xgb_d3,3,0.1,6377,3408,0.534420573937588,3392,0.531911557158539,0.00250901677904971,4798,0.752391406617532,52.6666666666667,52,4,3,0.518628030751035,0.545377796538624,0.0816901408450704,0.338028169014085,0.0693170234454638,6033,3228,0.535057185479861,344,180,0.523255813953488,0.0926602767628033,TRUE,TRUE,0.521298248225651,0.54828908168862,-0.00322810310705271,0.00885119638197927,FALSE
60__NQ_ONLY__ranger__0.0500,60,NQ_ONLY,ranger,,0.05,3520,1921,0.545738636363636,1924,0.546590909090909,-0.000852272727272727,1365,0.387784090909091,51.6666666666667,51,4,3,0.528222409435552,0.579439252336449,0.102325581395349,0.488372093023256,0.121495327102804,3495,1910,0.546494992846924,25,11,0.44,0.0537109530184988,TRUE,TRUE,0.521119266526493,0.569534937599379,-0.00377808824498538,0.0020814238980365,FALSE
30__NQ_ES__xgb_d2__0.2000,30,NQ_ES,xgb_d2,2,0.2,13204,7017,0.531429869736444,7009,0.530823992729476,0.000605877006967586,9056,0.685852771887307,52.6666666666667,52,4,3,0.52137616999747,0.547571357035553,0.0486555697823304,0.208706786171575,0.0453179769654482,12796,6810,0.532197561738043,408,207,0.507352941176471,0.194119727320106,TRUE,TRUE,0.520746019250324,0.540860731564079,-0.00235355669302409,0.0038839053323785,FALSE
30__NQ_ONLY__ranger__0.0200,30,NQ_ONLY,ranger,,0.02,1241,692,0.557614826752619,690,0.556003223207091,0.0016116035455278,971,0.782433521353747,51,49,4,3,0.522033898305085,0.588688946015424,0.2125,0.675,0.182519280205656,1170,656,0.560683760683761,71,36,0.507042253521127,0.0185322254609539,TRUE,TRUE,0.52069708533253,0.597171537530287,-0.011965342864094,0.0155501994680851,FALSE
10__NQ_ES__ranger__0.0500,10,NQ_ES,ranger,,0.05,3863,2073,0.536629562516179,2039,0.527828112865648,0.00880144965053068,3863,1,52.6666666666667,52,4,3,0.523203592814371,0.556773688332028,0.0571428571428571,0.223809523809524,0.0479041916167665,3467,1860,0.536486876261898,396,213,0.537878787878788,0.0543722256896249,TRUE,TRUE,0.520645217047404,0.554445999142101,-0.00181306058510415,0.0197115972487259,FALSE
30__NQ_ONLY__ranger__0.5000,30,NQ_ONLY,ranger,,0.5,33506,17654,0.526890706142184,17629,0.52614457112159,0.000746135020593327,19828,0.591774607532979,52.6666666666667,52,4,3,0.521780573825184,0.532229450029568,0.0269784172661871,0.127697841726619,0.0287798147053026,32639,17209,0.527252673182389,867,445,0.513264129181084,0.504064838275413,TRUE,TRUE,0.520542297692075,0.534117397987659,-0.000799759794238363,0.00245457335163876,FALSE
30__NQ_ONLY__ranger__0.1000,30,NQ_ONLY,ranger,,0.1,6778,3620,0.534080849808203,3614,0.533195632930068,0.000885216878135143,5088,0.750663912658601,52.6666666666667,52,4,3,0.526654411764706,0.547261269995153,0.062780269058296,0.280269058295964,0.0668928744546777,6627,3542,0.534480156933756,151,78,0.516556291390729,0.101771123909133,TRUE,TRUE,0.520480356601852,0.548406161393703,-0.0027823133262296,0.00469544317204797,FALSE
15__NQ_ONLY__ranger__0.0500,15,NQ_ONLY,ranger,,0.05,4044,2169,0.536350148367952,2154,0.532640949554896,0.00370919881305638,4044,1,52.6666666666667,52,4,3,0.513210568454764,0.546488294314381,0.0794392523364486,0.280373831775701,0.0543278084714549,3893,2086,0.535833547392756,151,83,0.549668874172185,0.0574189523992531,TRUE,TRUE,0.520433397370259,0.553975027629412,-0.0022463110913067,0.00965275387915268,FALSE
30__NQ_ES__xgb_d2__0.5000,30,NQ_ES,xgb_d2,2,0.5,33411,17608,0.527012061895783,17563,0.525665200083805,0.00134686181197809,20021,0.599233785280297,52.6666666666667,52,4,3,0.521311475409836,0.533429256594724,0.0294816928197813,0.131241084165478,0.0295443645083933,30607,16195,0.529127323814814,2804,1413,0.503922967189729,0.497259286687275,TRUE,TRUE,0.520363531588659,0.53477640185807,-0.00230180363059493,0.00507731052703035,FALSE
15__NQ_ONLY__xgb_d5__0.0200,15,NQ_ONLY,xgb_d5,5,0.02,1328,725,0.545933734939759,702,0.528614457831325,0.0173192771084337,1328,1,52.6666666666667,52,3,3,0.533333333333333,0.561320754716981,0.0952380952380952,0.333333333333333,0.133333333333333,1119,609,0.544235924932976,209,116,0.555023923444976,0.0184813437063346,TRUE,TRUE,0.520318287810513,0.571326155462185,-0.00312518353563038,0.0379916831435612,FALSE
30__NQ_ONLY__xgb_d2__0.1000,30,NQ_ONLY,xgb_d2,2,0.1,6419,3437,0.535441657579062,3416,0.53217011995638,0.00327153762268266,4958,0.772394453964792,52.6666666666667,52,4,3,0.514177693761815,0.56056338028169,0.0671834625322997,0.284237726098191,0.0806553245116572,6271,3353,0.53468346356243,148,84,0.567567567567568,0.0946601848357254,TRUE,TRUE,0.520301854264761,0.550061239479209,-0.000639332391491706,0.00791519800055021,FALSE
30__NQ_ES__logit__0.0500,30,NQ_ES,logit,,0.05,3075,1657,0.538861788617886,1638,0.532682926829268,0.00617886178861789,2405,0.782113821138211,52.6666666666667,52,3,3,0.538692712246431,0.545454545454545,0.109489051094891,0.335766423357664,0.110443275732532,2864,1542,0.53840782122905,211,115,0.545023696682464,0.0430416162133657,TRUE,TRUE,0.520170432655263,0.558594168787371,-0.00533679911630735,0.0190260795347272,FALSE
60__NQ_ONLY__logit__0.0200,60,NQ_ONLY,logit,,0.02,1189,661,0.555929352396972,639,0.537426408746846,0.0185029436501262,600,0.504625735912532,43.6666666666667,38,3,3,0.544041450777202,0.653846153846154,0.170454545454545,0.545454545454545,0.269230769230769,1083,597,0.551246537396122,106,64,0.60377358490566,0.0188004103968862,TRUE,TRUE,0.519852886660849,0.590910026187804,-0.0100647556858886,0.0573555565837439,FALSE
30__NQ_ONLY__xgb_d5__0.5000,30,NQ_ONLY,xgb_d5,5,0.5,32196,16951,0.526493974406759,16827,0.522642564293701,0.00385141011305752,20256,0.629146477823332,52.6666666666667,52,4,3,0.523800582104967,0.532058368339598,0.0253225035833732,0.118967988533206,0.0300685385805881,28056,14828,0.528514399771885,4140,2123,0.51280193236715,0.482124200147311,TRUE,TRUE,0.519770177043839,0.53281496300336,-0.0001841919007853,0.00770441492156001,FALSE
15__NQ_ONLY__xgb_d2__0.0500,15,NQ_ONLY,xgb_d2,2,0.05,3995,2143,0.536420525657071,2127,0.532415519399249,0.00400500625782228,3995,1,52.6666666666667,52,4,3,0.524907063197026,0.555555555555556,0.0918367346938776,0.306122448979592,0.062962962962963,3811,2043,0.536079769089478,184,100,0.543478260869565,0.055988178534241,TRUE,TRUE,0.51971681722207,0.552047128593804,-0.00227187960580023,0.0104898099952244,FALSE
30__NQ_ONLY__xgb_d2__0.0500,30,NQ_ONLY,xgb_d2,2,0.05,3064,1649,0.538185378590078,1639,0.534921671018277,0.00326370757180157,2465,0.804503916449086,52.6666666666667,52,4,3,0.516483516483517,0.561243144424132,0.113300492610837,0.423645320197044,0.139717425431711,2981,1603,0.537739013753774,83,46,0.55421686746988,0.0460201153178576,TRUE,TRUE,0.519592501725883,0.558378488288535,-0.00294620779257065,0.00908326781057941,FALSE
1__NQ_ONLY__logit__0.0100,1,NQ_ONLY,logit,,0.01,607,340,0.560131795716639,315,0.518945634266886,0.0411861614497529,607,1,46.3333333333333,38,4,3,0.556291390728477,0.563725490196078,0.166666666666667,0.541666666666667,0.231788079470199,322,189,0.586956521739131,285,151,0.529824561403509,0.0080918373649788,TRUE,TRUE,0.519500273517434,0.600972773368607,-0.0218654652034869,0.113108465160394,FALSE
60__NQ_ES__xgb_d4__0.0500,60,NQ_ES,xgb_d4,4,0.05,3061,1662,0.542959817053251,1660,0.542306435805292,0.000653381247958184,1427,0.466187520418164,52,50,4,3,0.534453781512605,0.539714867617108,0.158273381294964,0.647482014388489,0.184873949579832,2916,1589,0.544924554183814,145,73,0.503448275862069,0.044310807264164,TRUE,TRUE,0.519459650227845,0.568280990747325,-0.00731692342437315,0.00971040754202316,FALSE
15__NQ_ES__xgb_d5__0.2000,15,NQ_ES,xgb_d5,5,0.2,13940,7355,0.527618364418938,7255,0.520444763271162,0.00717360114777618,13940,1,52.6666666666667,52,4,3,0.524359512809744,0.531461258450338,0.0419026047565119,0.173272933182333,0.0422566868959317,11165,5933,0.531392745185849,2775,1422,0.512432432432432,0.204430852204572,TRUE,TRUE,0.519428478031672,0.536405907534106,-0.000144118624376754,0.0144887088971495,FALSE
7__NQ_ES__logit__0.0100,7,NQ_ES,logit,,0.01,558,314,0.562724014336918,300,0.537634408602151,0.025089605734767,558,1,46.6666666666667,40,4,3,0.55952380952381,0.576470588235294,0.0769230769230769,0.384615384615385,0.234126984126984,339,199,0.587020648967552,219,115,0.525114155251142,0.00763379761915132,TRUE,TRUE,0.519408132197314,0.605224825781763,-0.0179932882961923,0.0708027316718357,FALSE
30__NQ_ES__xgb_d3__0.5000,30,NQ_ES,xgb_d3,3,0.5,33195,17439,0.525350203343877,17416,0.52465732791083,0.000692875433047146,20284,0.611055881909926,52.6666666666667,52,4,3,0.51970051474029,0.530526315789474,0.0292425695110259,0.132790028763183,0.0302756892230576,28945,15316,0.529141475211608,4250,2123,0.499529411764706,0.493853751951273,TRUE,TRUE,0.519380133893303,0.531740163594574,-0.00353410239038796,0.00532766750562375,FALSE
30__NQ_ES__xgb_d5__0.2000,30,NQ_ES,xgb_d5,5,0.2,12829,6794,0.529581417101879,6764,0.527242965157066,0.00233845194481253,9411,0.733572375087692,52.6666666666667,52,4,3,0.521165644171779,0.535282027860242,0.0459770114942529,0.196679438058748,0.047239263803681,10960,5850,0.533759124087591,1869,944,0.505082932049224,0.189693321013805,TRUE,TRUE,0.519184365410741,0.53950538987684,-0.0054858071849205,0.0104470231595747,FALSE
15__NQ_ONLY__xgb_d3__0.0100,15,NQ_ONLY,xgb_d3,3,0.01,801,440,0.549313358302122,425,0.530586766541823,0.0187265917602996,801,1,52.3333333333333,52,3,3,0.533807829181495,0.586956521739131,0.1,0.366666666666667,0.134615384615385,706,385,0.545325779036827,95,55,0.578947368421053,0.01079666420106,TRUE,TRUE,0.518981610362389,0.581065604598683,-0.00253164556962025,0.040643492516708,FALSE
30__NQ_ES__ranger__0.1000,30,NQ_ES,ranger,,0.1,6768,3603,0.532358156028369,3602,0.532210401891253,0.000147754137115839,5032,0.743498817966903,52.6666666666667,52,4,3,0.516775162744116,0.553125,0.0646651270207852,0.28175519630485,0.0729166666666667,6663,3550,0.532793036169894,105,53,0.504761904761905,0.100978440412556,TRUE,TRUE,0.518935479700904,0.547183150597624,-0.00258145956607495,0.0031126678206753,FALSE
1__NQ_ES__logit__0.0200,1,NQ_ES,logit,,0.02,1225,666,0.543673469387755,615,0.502040816326531,0.0416326530612245,1225,1,52.3333333333333,51,4,3,0.530769230769231,0.586387434554974,0.148148148148148,0.407407407407407,0.198305084745763,634,351,0.553627760252366,591,315,0.532994923857868,0.0165876801437398,TRUE,TRUE,0.518796208619965,0.568675222629649,-0.000853506399127942,0.0852700302824475,FALSE
15__NQ_ES__xgb_d2__0.1000,15,NQ_ES,xgb_d2,2,0.1,7459,3951,0.529695669660813,3912,0.52446708674085,0.00522858291996246,7459,1,52.6666666666667,52,3,3,0.526811297584937,0.538830297219559,0.0833333333333333,0.24047619047619,0.0594439117929051,6903,3656,0.529624800811242,556,295,0.530575539568345,0.107005949657341,TRUE,TRUE,0.518766356718431,0.541880920946154,-0.000134486490856301,0.0117022765617432,FALSE
15__NQ_ONLY__xgb_d4__0.1000,15,NQ_ONLY,xgb_d4,4,0.1,7223,3821,0.529004568738751,3768,0.521666897411048,0.00733767132770317,7223,1,52.6666666666667,52,4,3,0.528864059590317,0.532390510948905,0.0623441396508728,0.216957605985037,0.0561131386861314,6398,3387,0.529384182557049,825,434,0.526060606060606,0.103339111885473,TRUE,TRUE,0.518596751306208,0.540597320306057,0,0.0144247104002293,FALSE
30__NQ_ONLY__xgb_d5__0.2000,30,NQ_ONLY,xgb_d5,5,0.2,12467,6593,0.528836127376273,6535,0.524183845351729,0.0046522820245448,9040,0.725114301756638,52.6666666666667,52,4,3,0.525235531628533,0.538727524204703,0.0360248447204969,0.162732919254658,0.0491251682368775,11422,6044,0.529154263701629,1045,549,0.525358851674641,0.186357598124618,TRUE,TRUE,0.518586727201119,0.539079800750808,-0.000791513685059527,0.00973517452413237,FALSE
30__NQ_ES__xgb_d2__0.1000,30,NQ_ES,xgb_d2,2,0.1,6653,3547,0.533142943033218,3545,0.532842326769878,0.000300616263339847,4945,0.743273711107771,52.6666666666667,52,4,3,0.52020725388601,0.545965270684372,0.0775623268698061,0.329639889196676,0.0740551583248213,6505,3472,0.533743274404304,148,75,0.506756756756757,0.0962606366519315,TRUE,TRUE,0.518255385476805,0.546233696037865,-0.00387651376981347,0.0042131704835075,FALSE
30__NQ_ONLY__xgb_d2__0.0200,30,NQ_ONLY,xgb_d2,2,0.02,1084,600,0.553505535055351,596,0.549815498154982,0.003690036900369,920,0.848708487084871,48,40,3,2,0.493243243243243,0.576832151300236,0.238095238095238,0.714285714285714,0.324324324324324,1034,573,0.554158607350097,50,27,0.54,0.0148783298640331,TRUE,TRUE,0.518153104339354,0.58507414705447,-0.00896185459959215,0.0166267339835083,FALSE
60__NQ_ES__xgb_d4__0.1000,60,NQ_ES,xgb_d4,4,0.1,6172,3307,0.535806869734284,3294,0.533700583279326,0.00210628645495787,2857,0.462896953985742,52.6666666666667,52,4,3,0.523785166240409,0.550782818145323,0.10410094637224,0.413249211356467,0.105039034776437,5877,3154,0.536668368215076,295,153,0.51864406779661,0.0911711910055967,TRUE,TRUE,0.518023998776175,0.553479543617362,-0.00378343399482312,0.00797871918779953,FALSE
60__NQ_ES__xgb_d2__0.0500,60,NQ_ES,xgb_d2,2,0.05,3595,1961,0.54547983310153,1952,0.54297635605007,0.00250347705146036,1298,0.36105702364395,51,51,4,3,0.528134254689042,0.556795131845842,0.148387096774194,0.625806451612903,0.147058823529412,3522,1920,0.545144804088586,73,41,0.561643835616438,0.0517080122077096,TRUE,TRUE,0.517694067307103,0.569911581534849,-0.00259524938374732,0.00908702887330498,FALSE
60__NQ_ES__xgb_d3__0.0500,60,NQ_ES,xgb_d3,3,0.05,3119,1693,0.542802180185957,1680,0.538634177621032,0.00416800256492466,1289,0.413273485091375,50.3333333333333,50,4,3,0.533673469387755,0.546230440967283,0.167832167832168,0.636363636363636,0.191525423728814,3036,1645,0.541831357048748,83,48,0.578313253012048,0.0452018691001568,TRUE,TRUE,0.517153830550042,0.567870648626695,-0.00169179518839179,0.0114071883241365,FALSE
15__NQ_ES__ranger__0.2000,15,NQ_ES,ranger,,0.2,14619,7687,0.525822559682605,7660,0.523975648129147,0.00184691155345783,14619,1,52.6666666666667,52,3,3,0.522338204592902,0.534358257628698,0.039237668161435,0.168161434977579,0.0395993477754484,13617,7177,0.527061761034002,1002,510,0.508982035928144,0.212938966699875,TRUE,TRUE,0.516897286988587,0.534307980717744,-0.00248186844301532,0.00599430666336607,FALSE
30__NQ_ES__xgb_d4__0.0500,30,NQ_ES,xgb_d4,4,0.05,3053,1630,0.533901080904029,1625,0.532263347527023,0.00163773337700622,2474,0.810350474942679,52.6666666666667,52,4,3,0.533646322378717,0.537688442211055,0.148387096774194,0.535483870967742,0.110552763819095,2760,1481,0.536594202898551,293,149,0.508532423208191,0.0436275169275118,TRUE,TRUE,0.516887747668752,0.55280539695078,-0.0101913590285683,0.0138126861148444,FALSE
30__NQ_ES__xgb_d4__0.5000,30,NQ_ES,xgb_d4,4,0.5,33267,17418,0.523581928036793,17443,0.524333423512791,-0.000751495475997235,20723,0.622929629963628,52.6666666666667,52,4,3,0.518916913946588,0.527088036117382,0.0304494925084582,0.130497825036249,0.0293453724604966,27474,14555,0.529773604134818,5793,2863,0.494217158639738,0.493899741571545,TRUE,TRUE,0.51681848732862,0.530195827476055,-0.00568602290346497,0.00409335390778821,FALSE
30__NQ_ES__xgb_d5__0.0500,30,NQ_ES,xgb_d5,5,0.05,3060,1636,0.534640522875817,1638,0.535294117647059,-0.00065359477124183,2548,0.832679738562092,52.6666666666667,52,4,3,0.513056835637481,0.548526863084922,0.108433734939759,0.463855421686747,0.0998463901689708,2697,1456,0.539859102706711,363,180,0.495867768595041,0.0442522320440885,TRUE,TRUE,0.516385682743563,0.552748540951385,-0.0129709897821255,0.0107773105308257,FALSE
30__NQ_ES__xgb_d3__0.0200,30,NQ_ES,xgb_d3,3,0.02,1174,645,0.549403747870528,649,0.552810902896082,-0.00340715502555366,1015,0.864565587734242,51.6666666666667,50,4,3,0.531390134529148,0.570754716981132,0.266666666666667,0.8,0.152466367713004,1102,611,0.554446460980036,72,34,0.472222222222222,0.0168059762474132,TRUE,TRUE,0.516326995175158,0.578252562907735,-0.0161338820529875,0.00898707504584568,FALSE
30__NQ_ES__xgb_d2__0.0500,30,NQ_ES,xgb_d2,2,0.05,3379,1808,0.535069547203315,1806,0.534477656111276,0.000591891092039065,2674,0.79135839005623,52.6666666666667,52,4,3,0.52431289640592,0.543760129659644,0.137142857142857,0.537142857142857,0.11328125,3307,1771,0.535530692470517,72,37,0.513888888888889,0.0484986867857711,TRUE,TRUE,0.515789307549176,0.553822519597781,-0.00399552117701379,0.00515413379945373,FALSE
30__NQ_ONLY__xgb_d3__0.0500,30,NQ_ONLY,xgb_d3,3,0.05,3106,1665,0.536059240180296,1658,0.533805537669028,0.00225370251126851,2484,0.799742433998712,52.6666666666667,52,3,3,0.527572016460905,0.556159420289855,0.10752688172043,0.446236559139785,0.13477537437604,2932,1575,0.537175989085948,174,90,0.517241379310345,0.0457141748536742,TRUE,TRUE,0.515741691970937,0.555048094805084,-0.00711058624031008,0.0122540844264756,FALSE
7__NQ_ONLY__ranger__0.0100,7,NQ_ONLY,ranger,,0.01,815,444,0.54478527607362,417,0.511656441717792,0.0331288343558282,815,1,52,51,4,3,0.508650519031142,0.6,0.0652173913043478,0.239130434782609,0.0869565217391304,613,332,0.541598694942904,202,112,0.554455445544555,0.0115440137697437,TRUE,TRUE,0.51561970175709,0.573695120010589,0,0.0678207894653641,FALSE
15__NQ_ES__xgb_d3__0.0500,15,NQ_ES,xgb_d3,3,0.05,3804,2018,0.53049421661409,2003,0.526550998948475,0.00394321766561514,3804,1,52.6666666666667,52,3,3,0.527843137254902,0.539823008849558,0.128342245989305,0.342245989304813,0.0674509803921569,3303,1761,0.533151680290645,501,257,0.512974051896208,0.0533262886332166,TRUE,TRUE,0.515613372163092,0.546259415803132,-0.00629471175674238,0.0149710730255199,FALSE
15__NQ_ES__xgb_d3__0.1000,15,NQ_ES,xgb_d3,3,0.1,7389,3898,0.527540939233997,3869,0.523616186222764,0.00392475301123291,7389,1,52.6666666666667,52,4,3,0.523766816143498,0.534453057708872,0.0879396984924623,0.251256281407035,0.0496104961049611,6489,3436,0.529511480967792,900,462,0.513333333333333,0.105182273824186,TRUE,TRUE,0.515457672122389,0.538905492147548,-0.00338682573274446,0.0105961727014198,FALSE
15__NQ_ES__xgb_d5__0.5000,15,NQ_ES,xgb_d5,5,0.5,34026,17709,0.520454946217598,17561,0.516105331217304,0.00434961500029389,34026,1,52.6666666666667,52,4,3,0.516249771772868,0.525706299291205,0.0264869888475836,0.12360594795539,0.0289507836677648,25989,13668,0.525914810111971,8037,4041,0.502799552071669,0.499019547287792,TRUE,TRUE,0.515073398911952,0.5255045594605,-0.000700580684738793,0.00974656069959943,FALSE
5__NQ_ES__xgb_d2__0.0200,5,NQ_ES,xgb_d2,2,0.02,1501,813,0.54163890739507,788,0.524983344437042,0.016655562958028,1501,1,52.6666666666667,52,4,3,0.510978043912176,0.569230769230769,0.0813953488372093,0.267441860465116,0.0678642714570858,1203,653,0.542809642560266,298,160,0.536912751677852,0.021301321370768,TRUE,TRUE,0.514934564130446,0.569769698246036,-0.00655780817193175,0.0417596405291883,FALSE
30__NQ_ES__xgb_d2__0.0200,30,NQ_ES,xgb_d2,2,0.02,1328,725,0.545933734939759,727,0.547439759036145,-0.00150602409638554,1135,0.854668674698795,52.3333333333333,51,4,3,0.529085872576177,0.557575757575758,0.3,0.8,0.17910447761194,1300,712,0.547692307692308,28,13,0.464285714285714,0.0191142410886815,TRUE,TRUE,0.514894383836797,0.575909458230755,-0.0103761389332269,0.00696088044086763,FALSE
30__NQ_ONLY__xgb_d5__0.0100,30,NQ_ONLY,xgb_d5,5,0.01,561,314,0.559714795008913,302,0.538324420677362,0.0213903743315508,506,0.901960784313725,42.3333333333333,30,3,3,0.536231884057971,0.574898785425101,0.291666666666667,0.625,0.260869565217391,488,272,0.557377049180328,73,42,0.575342465753425,0.00780365776088717,TRUE,TRUE,0.514675041750525,0.599006975930751,-0.00937691989603025,0.0508033370828646,FALSE
30__NQ_ES__xgb_d4__0.2000,30,NQ_ES,xgb_d4,4,0.2,12836,6731,0.524384543471486,6711,0.522826425677781,0.0015581177937052,9225,0.718681832346525,52.6666666666667,52,4,3,0.515824710894705,0.530876017233126,0.046070460704607,0.200542005420054,0.0447582575394926,11377,5997,0.527116111452931,1459,734,0.503084304318026,0.187631313295688,TRUE,TRUE,0.514522742484677,0.534305154825893,-0.00481672379406114,0.0080050065977755,FALSE
30__NQ_ES__ranger__0.0200,30,NQ_ES,ranger,,0.02,1373,747,0.544064093226511,746,0.543335761107065,0.000728332119446468,1143,0.832483612527313,51.6666666666667,51,4,3,0.519444444444445,0.585751978891821,0.222222222222222,0.847222222222222,0.205804749340369,1328,724,0.545180722891566,45,23,0.511111111111111,0.0197303379886675,TRUE,TRUE,0.514008979657871,0.574609314266708,-0.00797037474597982,0.00922324706649649,FALSE
15__NQ_ES__ranger__0.0500,15,NQ_ES,ranger,,0.05,3901,2066,0.529607792873622,2050,0.525506280440913,0.00410151243270956,3901,1,52.6666666666667,52,4,3,0.516551193225558,0.550380228136882,0.0772946859903382,0.260869565217391,0.0585065434949962,3679,1948,0.529491709703724,222,118,0.531531531531532,0.0553891547171019,TRUE,TRUE,0.513438629575662,0.546551290193588,-0.00347898860252028,0.0120749598654968,FALSE
3__NQ_ES__xgb_d2__0.0200,3,NQ_ES,xgb_d2,2,0.02,1398,754,0.53934191702432,718,0.513590844062947,0.0257510729613734,1398,1,52.6666666666667,52,3,3,0.507177033492823,0.585201793721973,0.0444444444444444,0.2,0.069377990430622,957,520,0.543364681295716,441,234,0.530612244897959,0.020284382172795,TRUE,TRUE,0.513272871654129,0.566839115534126,-0.0036243181600689,0.0566968966549093,FALSE
10__NQ_ES__ranger__0.0100,10,NQ_ES,ranger,,0.01,868,475,0.547235023041475,468,0.539170506912442,0.00806451612903226,868,1,52,52,3,3,0.535055350553506,0.559659090909091,0.117647058823529,0.382352941176471,0.0853080568720379,775,426,0.549677419354839,93,49,0.526881720430108,0.011625167180605,TRUE,TRUE,0.512873914981845,0.579369918699187,-0.0123564330881404,0.0291721673806948,FALSE
30__NQ_ONLY__xgb_d5__0.0200,30,NQ_ONLY,xgb_d5,5,0.02,1118,609,0.544722719141324,594,0.531305903398927,0.0134168157423971,975,0.872093023255814,50.3333333333333,46,3,2,0.480263157894737,0.561643835616438,0.160714285714286,0.482142857142857,0.184210526315789,1000,543,0.543,118,66,0.559322033898305,0.0159361250890881,TRUE,TRUE,0.512795792135427,0.577723072094785,-0.00566707264709139,0.0335351401695073,FALSE
30__NQ_ES__xgb_d5__0.5000,30,NQ_ES,xgb_d5,5,0.5,33091,17182,0.519234837266931,17240,0.520987579704451,-0.00175274243752078,20959,0.633374633586172,52.6666666666667,52,4,3,0.516815504465134,0.522349272349272,0.0282837967401726,0.12751677852349,0.0293139293139293,26287,13831,0.526153612051584,6804,3351,0.492504409171076,0.492634690553779,TRUE,TRUE,0.512627487616088,0.52567945968183,-0.00735197140438156,0.00394948628573219,FALSE
10__NQ_ES__ranger__0.0050,10,NQ_ES,ranger,,0.005,447,250,0.559284116331096,247,0.552572706935123,0.00671140939597315,447,1,48,46,3,3,0.532846715328467,0.58974358974359,0.166666666666667,0.583333333333333,0.109489051094891,392,222,0.566326530612245,55,28,0.509090909090909,0.00573760953353378,TRUE,TRUE,0.512356934346772,0.609781656199796,-0.0228323563524654,0.0371155451284712,FALSE
10__NQ_ES__xgb_d5__0.0100,10,NQ_ES,xgb_d5,5,0.01,602,330,0.548172757475083,310,0.514950166112957,0.0332225913621263,602,1,49.3333333333333,46,4,3,0.518181818181818,0.593301435406699,0.142857142857143,0.4,0.154545454545455,385,214,0.555844155844156,217,116,0.534562211981567,0.00856217859256847,TRUE,TRUE,0.512301737671196,0.587950182345493,-0.00339645938838686,0.0698429584599797,FALSE
10__NQ_ONLY__ranger__0.0200,10,NQ_ONLY,ranger,,0.02,1558,838,0.537869062901155,833,0.534659820282413,0.00320924261874198,1558,1,52.6666666666667,52,4,3,0.5125,0.564159292035398,0.0769230769230769,0.256410256410256,0.0641592920353982,1402,758,0.540656205420827,156,80,0.512820512820513,0.0216423219805379,TRUE,TRUE,0.511708221767943,0.563411475156249,-0.0123703968423842,0.0172416653318994,FALSE
15__NQ_ONLY__xgb_d4__0.0500,15,NQ_ONLY,xgb_d4,4,0.05,3661,1928,0.526632067741054,1900,0.518983884184649,0.00764818355640535,3661,1,52.6666666666667,52,4,3,0.517805582290664,0.53215859030837,0.0792079207920792,0.267326732673267,0.0721847930702599,3243,1707,0.5263644773358,418,221,0.528708133971292,0.0523125620411283,TRUE,TRUE,0.510658528068762,0.54207220314019,-0.00304884391597037,0.0182520216367669,FALSE
7__NQ_ES__ranger__0.0100,7,NQ_ES,ranger,,0.01,752,410,0.545212765957447,395,0.525265957446809,0.0199468085106383,752,1,51.3333333333333,50,3,2,0.493392070484582,0.622727272727273,0.117647058823529,0.313725490196078,0.105726872246696,534,296,0.554307116104869,218,114,0.522935779816514,0.0110396315546498,TRUE,TRUE,0.510146806404447,0.578681127998698,-0.0119766467065868,0.0560016894800275,FALSE
60__NQ_ONLY__xgb_d3__0.0500,60,NQ_ONLY,xgb_d3,3,0.05,3319,1783,0.537210003012956,1783,0.537210003012956,0,1353,0.40765290750226,51.3333333333333,51,4,3,0.52058432934927,0.560714285714286,0.151515151515152,0.666666666666667,0.151394422310757,3154,1701,0.539315155358275,165,82,0.496969696969697,0.0472137186314064,TRUE,TRUE,0.510119025237877,0.563254728990478,-0.00822213270778952,0.00946992175000727,FALSE
30__NQ_ONLY__logit__0.0500,30,NQ_ONLY,logit,,0.05,3016,1599,0.530172413793103,1595,0.528846153846154,0.0013262599469496,2309,0.765583554376658,51.6666666666667,50,3,3,0.526699029126214,0.544373284537969,0.0754716981132076,0.308176100628931,0.112534309240622,2890,1534,0.530795847750865,126,65,0.515873015873016,0.0433715354735573,TRUE,TRUE,0.510110153237077,0.549480954486851,-0.00494704018326095,0.00869907577969717,FALSE
3__NQ_ONLY__xgb_d2__0.0200,3,NQ_ONLY,xgb_d2,2,0.02,1356,730,0.53834808259587,683,0.503687315634218,0.0346607669616519,1356,1,52.6666666666667,52,4,3,0.509186351706037,0.553140096618358,0.0625,0.225,0.0708661417322835,839,453,0.539928486293206,517,277,0.5357833655706,0.0193512595029892,TRUE,TRUE,0.510088795789058,0.563393964259159,-0.000730070478719002,0.0693406990554801,FALSE
15__NQ_ES__xgb_d2__0.0500,15,NQ_ES,xgb_d2,2,0.05,3850,2033,0.528051948051948,2015,0.523376623376623,0.00467532467532468,3850,1,52.6666666666667,52,4,3,0.525709900230238,0.53189401373896,0.113744075829384,0.308056872037915,0.0775269872423945,3571,1885,0.527863343601232,279,148,0.530465949820789,0.0549632218540037,TRUE,TRUE,0.509448372421401,0.544127770725515,-0.00275633689901787,0.0125860938045868,FALSE
60__NQ_ES__xgb_d2__0.0200,60,NQ_ES,xgb_d2,2,0.02,1600,879,0.549375,873,0.545625,0.00375,597,0.373125,40.6666666666667,39,4,3,0.512605042016807,0.565727699530516,0.410714285714286,0.982142857142857,0.274509803921569,1564,858,0.548593350383632,36,21,0.583333333333333,0.0223522882444917,TRUE,TRUE,0.508870331080081,0.586945773789742,-0.000695036374327549,0.010262506595827,FALSE
15__NQ_ONLY__xgb_d3__0.0200,15,NQ_ONLY,xgb_d3,3,0.02,1568,836,0.533163265306123,815,0.519770408163265,0.0133928571428571,1568,1,52.6666666666667,52,3,3,0.522727272727273,0.56140350877193,0.130434782608696,0.391304347826087,0.107456140350877,1419,751,0.529245947850599,149,85,0.570469798657718,0.0216143498774352,TRUE,TRUE,0.508825757575758,0.558529181355268,-0.000694044892914056,0.0267027156226115,FALSE
30__NQ_ES__ranger__0.0500,30,NQ_ES,ranger,,0.05,3408,1808,0.530516431924883,1811,0.531396713615024,-0.000880281690140845,2702,0.792840375586855,52.6666666666667,52,4,3,0.503191489361702,0.542488619119879,0.107142857142857,0.489795918367347,0.109014675052411,3341,1776,0.531577372044298,67,32,0.477611940298507,0.0497969937379301,TRUE,TRUE,0.508561774651747,0.551832760864535,-0.00529567519858782,0.00346800958769028,FALSE
5__NQ_ONLY__xgb_d2__0.0050,5,NQ_ONLY,xgb_d2,2,0.005,362,200,0.552486187845304,184,0.50828729281768,0.0441988950276243,362,1,46.3333333333333,43,4,3,0.515463917525773,0.584,0.133333333333333,0.666666666666667,0.12,238,131,0.550420168067227,124,69,0.556451612903226,0.0048817507424717,TRUE,TRUE,0.507794241324363,0.599482438954819,-0.0154710203750304,0.101075695581015,FALSE
7__NQ_ES__ranger__0.0050,7,NQ_ES,ranger,,0.005,361,199,0.551246537396122,190,0.526315789473684,0.0249307479224377,361,1,44.3333333333333,42,3,2,0.475728155339806,0.603174603174603,0.0952380952380952,0.380952380952381,0.135135135135135,236,134,0.567796610169492,125,65,0.52,0.00514254737848805,TRUE,TRUE,0.507692307692308,0.601139601139601,-0.0295759026138649,0.0824285714285714,FALSE
15__NQ_ONLY__logit__0.0500,15,NQ_ONLY,logit,,0.05,3243,1705,0.525747764415665,1686,0.519888991674376,0.00585877274128893,3243,1,52.6666666666667,52,3,3,0.522028262676642,0.538785834738617,0.0574712643678161,0.218390804597701,0.0723192019950125,2970,1560,0.525252525252525,273,145,0.531135531135531,0.0460900902346926,TRUE,TRUE,0.507385315031841,0.544386893914498,-0.00332080771827352,0.0151969038713225,FALSE
15__NQ_ES__logit__0.0500,15,NQ_ES,logit,,0.05,3273,1715,0.523984112435075,1679,0.512985029025359,0.0109990834097159,3273,1,52.6666666666667,52,3,3,0.524112829845314,0.534300791556728,0.0584415584415584,0.24025974025974,0.0764331210191083,2910,1517,0.521305841924399,363,198,0.545454545454545,0.0455182288498417,TRUE,TRUE,0.506939517489038,0.541941034492808,-0.000316807068690641,0.0227686231618806,FALSE
30__NQ_ES__xgb_d3__0.0100,30,NQ_ES,xgb_d3,3,0.01,542,299,0.551660516605166,304,0.560885608856089,-0.00922509225092251,490,0.904059040590406,47.6666666666667,42,4,3,0.532710280373832,0.564102564102564,0.333333333333333,0.925925925925926,0.186915887850467,501,281,0.560878243512974,41,18,0.439024390243902,0.00773510407243552,TRUE,TRUE,0.505699212885665,0.596998969997349,-0.0325686125267501,0.0115418287937743,FALSE
1__NQ_ES__logit__0.0100,1,NQ_ES,logit,,0.01,616,334,0.542207792207792,306,0.496753246753247,0.0454545454545455,616,1,46.3333333333333,36,3,3,0.532663316582915,0.585714285714286,0.166666666666667,0.555555555555556,0.288753799392097,311,170,0.546623794212219,305,164,0.537704918032787,0.00791918460152155,TRUE,TRUE,0.505202875499002,0.579382888524906,-0.0113116391309063,0.112750130718705,FALSE
15__NQ_ONLY__ranger__0.0200,15,NQ_ONLY,ranger,,0.02,1660,879,0.529518072289157,874,0.526506024096386,0.00301204819277108,1660,1,52.6666666666667,52,3,2,0.49317738791423,0.561200923787529,0.111111111111111,0.345679012345679,0.0679304897314376,1585,839,0.529337539432177,75,40,0.533333333333333,0.0232567946281429,TRUE,TRUE,0.504324473900401,0.552108427088605,-0.00666146572597479,0.0129722818980011,FALSE
10__NQ_ES__logit__0.0200,10,NQ_ES,logit,,0.02,1251,665,0.531574740207834,657,0.525179856115108,0.00639488409272582,1251,1,52,50,3,3,0.50462962962963,0.555555555555556,0.08,0.32,0.16374269005848,948,511,0.539029535864979,303,154,0.508250825082508,0.0178961493056753,TRUE,TRUE,0.50380514403055,0.557687620357097,-0.0200929850047423,0.0326731799493334,FALSE
15__NQ_ONLY__xgb_d2__0.0200,15,NQ_ONLY,xgb_d2,2,0.02,1671,888,0.531418312387792,885,0.529622980251347,0.00179533213644524,1671,1,52.6666666666667,52,3,3,0.526234567901235,0.544600938967136,0.0987654320987654,0.37037037037037,0.0910852713178295,1578,840,0.532319391634981,93,48,0.516129032258065,0.0233868000285998,TRUE,TRUE,0.503716823231544,0.55889213629377,-0.0089529939056348,0.0123756932342014,FALSE
5__NQ_ES__xgb_d5__0.0100,5,NQ_ES,xgb_d5,5,0.01,642,348,0.542056074766355,322,0.501557632398754,0.0404984423676012,642,1,50,47,3,2,0.486111111111111,0.579710144927536,0.0833333333333333,0.333333333333333,0.152777777777778,396,213,0.537878787878788,246,135,0.548780487804878,0.0090636460628701,TRUE,TRUE,0.50367107195301,0.582019537850006,-0.00631065522714943,0.0901715485049922,FALSE
5__NQ_ES__xgb_d2__0.0100,5,NQ_ES,xgb_d2,2,0.01,765,414,0.541176470588235,394,0.515032679738562,0.0261437908496732,765,1,52.6666666666667,52,4,3,0.508064516129032,0.559259259259259,0.117647058823529,0.382352941176471,0.0806451612903226,601,323,0.537437603993344,164,91,0.554878048780488,0.0104125182536396,TRUE,TRUE,0.503494356939105,0.575301275301275,-0.00542191548289109,0.0576941591784339,FALSE
30__NQ_ES__logit__0.0100,30,NQ_ES,logit,,0.01,583,313,0.536878216123499,307,0.526586620926244,0.0102915951972556,505,0.866209262435678,40.6666666666667,31,3,3,0.52,0.571428571428571,0.285714285714286,0.535714285714286,0.232142857142857,511,274,0.536203522504892,72,39,0.541666666666667,0.00823212894983906,TRUE,TRUE,0.502960583493806,0.574010651878492,-0.0148294769972215,0.0404913833255706,FALSE
15__NQ_ES__ranger__0.0200,15,NQ_ES,ranger,,0.02,1672,878,0.52511961722488,868,0.519138755980861,0.00598086124401914,1672,1,52.3333333333333,52,3,3,0.508245877061469,0.557251908396947,0.0735294117647059,0.308823529411765,0.0763358778625954,1553,814,0.524146812620734,119,64,0.53781512605042,0.0227974477878119,TRUE,TRUE,0.502094298952891,0.550659343974539,-0.00851352237123268,0.0203605130782415,FALSE
15__NQ_ONLY__xgb_d2__0.0100,15,NQ_ONLY,xgb_d2,2,0.01,847,456,0.538370720188902,449,0.530106257378985,0.00826446280991736,847,1,51.6666666666667,51,3,3,0.52536231884058,0.555555555555556,0.151515151515152,0.454545454545455,0.125,792,425,0.536616161616162,55,31,0.563636363636364,0.0114817625464777,TRUE,TRUE,0.501757989999171,0.573494132295563,-0.00611303193484033,0.0226505558392359,FALSE
7__NQ_ES__xgb_d2__0.0050,7,NQ_ES,xgb_d2,2,0.005,314,175,0.557324840764331,159,0.506369426751592,0.0509554140127389,314,1,40.6666666666667,38,2,2,0.483870967741936,0.64367816091954,0.142857142857143,0.476190476190476,0.172043010752688,190,106,0.557894736842105,124,69,0.556451612903226,0.00459584774278451,TRUE,TRUE,0.501598360655738,0.605822568389058,-0.0209335897267328,0.124233774346161,FALSE
15__NQ_ES__xgb_d3__0.0100,15,NQ_ES,xgb_d3,3,0.01,730,393,0.538356164383562,378,0.517808219178082,0.0205479452054795,730,1,51.3333333333333,50,3,3,0.534412955465587,0.547169811320755,0.189189189189189,0.405405405405405,0.117924528301887,580,311,0.536206896551724,150,82,0.546666666666667,0.0102875003135192,TRUE,TRUE,0.501345869431462,0.576408258726297,-0.0128053316392865,0.0509100339855858,FALSE
1__NQ_ONLY__xgb_d5__0.0100,1,NQ_ONLY,xgb_d5,5,0.01,630,338,0.536507936507937,314,0.498412698412698,0.0380952380952381,630,1,49.6666666666667,48,2,2,0.493670886075949,0.605095541401274,0.0857142857142857,0.342857142857143,0.129353233830846,342,190,0.555555555555556,288,148,0.513888888888889,0.00887337449554051,TRUE,TRUE,0.50074200913242,0.574469737015991,-0.0125240330874134,0.092810071371927,FALSE
3__NQ_ES__xgb_d2__0.0100,3,NQ_ES,xgb_d2,2,0.01,679,366,0.539027982326951,355,0.522827687776141,0.01620029455081,679,1,50.3333333333333,48,3,3,0.513089005235602,0.583333333333333,0.111111111111111,0.361111111111111,0.0890052356020942,467,256,0.548179871520343,212,110,0.518867924528302,0.00950573247710474,TRUE,TRUE,0.500699426111908,0.577979372476319,-0.0290519877675841,0.0623256439465857,FALSE
5__NQ_ONLY__xgb_d2__0.0100,5,NQ_ONLY,xgb_d2,2,0.01,780,419,0.537179487179487,401,0.514102564102564,0.0230769230769231,780,1,52.3333333333333,52,3,2,0.496350364963504,0.55982905982906,0.0882352941176471,0.382352941176471,0.0840336134453782,550,296,0.538181818181818,230,123,0.534782608695652,0.0105805803203455,TRUE,TRUE,0.500627313313537,0.569874133570626,-0.0150850904004559,0.063594996882793,FALSE
3__NQ_ES__xgb_d4__0.0100,3,NQ_ES,xgb_d4,4,0.01,612,330,0.53921568627451,293,0.478758169934641,0.0604575163398693,612,1,50,48,3,2,0.497536945812808,0.558375634517767,0.0909090909090909,0.363636363636364,0.101190476190476,306,161,0.526143790849673,306,169,0.552287581699346,0.00908333652425718,TRUE,TRUE,0.499979806138934,0.576492451193404,0.0032519005384859,0.118184839541623,FALSE
15__NQ_ES__xgb_d3__0.0200,15,NQ_ES,xgb_d3,3,0.02,1478,775,0.524357239512855,767,0.51894451962111,0.0054127198917456,1478,1,52.6666666666667,52,3,3,0.507157464212679,0.556872037914692,0.173913043478261,0.420289855072464,0.0843373493975904,1240,653,0.526612903225806,238,122,0.512605042016807,0.0205518801071333,TRUE,TRUE,0.499650657245544,0.548632245537287,-0.0123598680951061,0.0237312484410818,FALSE
60__NQ_ONLY__xgb_d4__0.0200,60,NQ_ONLY,xgb_d4,4,0.02,1353,723,0.534368070953437,726,0.536585365853659,-0.00221729490022173,657,0.485587583148559,45,36,3,2,0.459016393442623,0.569744597249509,0.3,0.85,0.311475409836066,1260,678,0.538095238095238,93,45,0.483870967741936,0.0185583996715899,TRUE,TRUE,0.499280347350875,0.565892259068824,-0.0192809912192774,0.0148317573924331,FALSE
5__NQ_ES__xgb_d3__0.0100,5,NQ_ES,xgb_d3,3,0.01,695,372,0.535251798561151,357,0.513669064748201,0.0215827338129496,695,1,51.3333333333333,51,3,2,0.493975903614458,0.581920903954802,0.119047619047619,0.404761904761905,0.105726872246696,462,250,0.541125541125541,233,122,0.523605150214592,0.00995774897953786,TRUE,TRUE,0.499247949159697,0.574558034304956,-0.0211015351467816,0.0656967531538163,FALSE
3__NQ_ONLY__xgb_d4__0.0100,3,NQ_ONLY,xgb_d4,4,0.01,610,333,0.545901639344262,282,0.462295081967213,0.0836065573770492,610,1,50.6666666666667,49,3,2,0.5,0.596026490066225,0.0714285714285714,0.30952380952381,0.112582781456954,261,135,0.517241379310345,349,198,0.567335243553009,0.00896697578464154,TRUE,TRUE,0.499177843611,0.587711985715685,0.014351721549864,0.146946961848749,FALSE
15__NQ_ES__xgb_d2__0.0200,15,NQ_ES,xgb_d2,2,0.02,1604,839,0.523067331670823,822,0.512468827930175,0.0105985037406484,1604,1,52.3333333333333,52,3,3,0.501650165016502,0.573934837092732,0.182795698924731,0.397849462365591,0.112781954887218,1474,766,0.519674355495251,130,73,0.561538461538462,0.0231443323076186,TRUE,TRUE,0.499106259775664,0.545638328381037,-0.00304011897312116,0.0246768697608593,FALSE
30__NQ_ES__xgb_d4__0.0200,30,NQ_ES,xgb_d4,4,0.02,1168,618,0.529109589041096,627,0.536815068493151,-0.00770547945205479,1011,0.865582191780822,51.6666666666667,49,4,3,0.513292433537832,0.540983606557377,0.258620689655172,0.793103448275862,0.201030927835052,1053,565,0.53656220322887,115,53,0.460869565217391,0.0166276394391982,TRUE,TRUE,0.499023263248677,0.559177356297549,-0.0274115806441417,0.012243186484177,FALSE
15__NQ_ONLY__xgb_d4__0.0200,15,NQ_ONLY,xgb_d4,4,0.02,1501,785,0.522984676882079,781,0.520319786808794,0.00266489007328448,1501,1,52.6666666666667,52,4,3,0.515657620041754,0.531914893617021,0.0945945945945946,0.310810810810811,0.115839243498818,1303,685,0.525709900230238,198,100,0.505050505050505,0.0210444310121184,TRUE,TRUE,0.498998437656932,0.547047558562901,-0.0139005395705164,0.0206912205375911,FALSE
10__NQ_ES__logit__0.0100,10,NQ_ES,logit,,0.01,567,302,0.532627865961199,300,0.529100529100529,0.00352733686067019,567,1,47,38,2,2,0.491803278688525,0.564912280701754,0.12,0.44,0.245614035087719,409,222,0.54278728606357,158,80,0.506329113924051,0.00769165529295221,TRUE,TRUE,0.498942606306737,0.573030303030303,-0.0369866646208856,0.0455675905123438,FALSE
5__NQ_ONLY__xgb_d3__0.0050,5,NQ_ONLY,xgb_d3,3,0.005,341,188,0.551319648093842,171,0.501466275659824,0.0498533724340176,341,1,46,45,3,2,0.482758620689655,0.597938144329897,0.111111111111111,0.333333333333333,0.123711340206186,198,109,0.550505050505051,143,79,0.552447552447552,0.00517616855916748,TRUE,TRUE,0.498475715345922,0.602411509391604,-0.0182004588471465,0.112071078431373,FALSE
30__NQ_ES__xgb_d4__0.0100,30,NQ_ES,xgb_d4,4,0.01,541,295,0.545286506469501,289,0.534195933456562,0.011090573012939,496,0.916820702402957,44,33,2,2,0.434210526315789,0.589622641509434,0.3,0.8,0.302631578947368,481,262,0.544698544698545,60,33,0.55,0.00738156271503901,TRUE,TRUE,0.498030013425262,0.592269617247347,-0.0181527868706106,0.0370386729485669,FALSE
5__NQ_ES__ranger__0.0050,5,NQ_ES,ranger,,0.005,411,225,0.547445255474453,213,0.518248175182482,0.0291970802919708,411,1,47.6666666666667,46,4,3,0.519685039370079,0.60655737704918,0.133333333333333,0.533333333333333,0.131147540983607,313,170,0.543130990415335,98,55,0.561224489795918,0.00544745796843602,TRUE,TRUE,0.497316553447834,0.595858049729781,-0.0171149144254279,0.0786836413192968,FALSE
15__NQ_ES__xgb_d4__0.0100,15,NQ_ES,xgb_d4,4,0.01,745,396,0.531543624161074,380,0.51006711409396,0.0214765100671141,745,1,52.3333333333333,51,2,2,0.5,0.586345381526104,0.219512195121951,0.487804878048781,0.14367816091954,535,284,0.530841121495327,210,112,0.533333333333333,0.0106346910345957,TRUE,TRUE,0.497289603686228,0.563673243592108,-0.0114180822987331,0.0576923076923077,FALSE
1__NQ_ES__xgb_d5__0.0200,1,NQ_ES,xgb_d5,5,0.02,1376,720,0.523255813953488,650,0.472383720930233,0.0508720930232558,1376,1,52.6666666666667,52,4,3,0.512820512820513,0.529531568228106,0.0618556701030928,0.268041237113402,0.0753768844221106,621,322,0.518518518518519,755,398,0.527152317880795,0.020338500595311,TRUE,TRUE,0.497093475442892,0.551400035647826,0.0120648669910301,0.092411519685875,FALSE
3__NQ_ONLY__logit__0.0100,3,NQ_ONLY,logit,,0.01,641,343,0.535101404056162,312,0.486739469578783,0.0483619344773791,641,1,51.3333333333333,49,2,2,0.488372093023256,0.587044534412955,0.138888888888889,0.416666666666667,0.135371179039301,420,219,0.521428571428571,221,124,0.561085972850679,0.00905162025146536,TRUE,TRUE,0.496969001946066,0.575155810780311,0.00938784883212318,0.0859732109404271,FALSE
60__NQ_ES__ranger__0.0200,60,NQ_ES,ranger,,0.02,1360,729,0.536029411764706,727,0.534558823529412,0.00147058823529412,538,0.395588235294118,41.3333333333333,39,4,3,0.50965250965251,0.567282321899736,0.246753246753247,0.857142857142857,0.293436293436293,1354,725,0.535450516986706,6,4,0.666666666666667,0.0203922155610052,TRUE,TRUE,0.496879044877615,0.570995749848209,-0.0012136660524886,0.00432987012987013,FALSE
10__NQ_ONLY__xgb_d4__0.0100,10,NQ_ONLY,xgb_d4,4,0.01,591,319,0.539763113367174,296,0.500846023688663,0.038917089678511,591,1,50.6666666666667,49,4,3,0.533333333333333,0.56,0.0697674418604651,0.302325581395349,0.152,390,208,0.533333333333333,201,111,0.552238805970149,0.00879793025779679,TRUE,TRUE,0.496598639455782,0.582541021737292,-0.00701219512195122,0.0868895528539048,FALSE
15__NQ_ES__xgb_d4__0.0200,15,NQ_ES,xgb_d4,4,0.02,1493,779,0.521768251841929,753,0.504353650368386,0.0174146014735432,1493,1,52.6666666666667,52,3,3,0.509536784741144,0.546413502109705,0.160919540229885,0.367816091954023,0.106267029972752,1163,602,0.517626827171109,330,177,0.536363636363636,0.0215338414002479,TRUE,TRUE,0.496525422124183,0.54692821104037,-0.00340843261653999,0.0413644244472974,FALSE
30__NQ_ES__logit__0.0200,30,NQ_ES,logit,,0.02,1195,630,0.527196652719665,624,0.522175732217573,0.00502092050209205,985,0.824267782426778,50.6666666666667,49,2,2,0.481283422459893,0.549418604651163,0.1875,0.46875,0.163333333333333,1089,574,0.527089072543618,106,56,0.528301886792453,0.0171996740992894,TRUE,TRUE,0.496107215779944,0.556110208350093,-0.0134478891158057,0.0236094217926887,FALSE
7__NQ_ES__xgb_d3__0.0100,7,NQ_ES,xgb_d3,3,0.01,708,377,0.532485875706215,331,0.467514124293785,0.0649717514124294,708,1,51.6666666666667,51,3,3,0.508474576271186,0.552631578947369,0.0789473684210526,0.368421052631579,0.110526315789474,464,234,0.504310344827586,244,143,0.586065573770492,0.00993545749731752,TRUE,TRUE,0.495879631788821,0.572032596145306,0.0228404480135249,0.109317211948791,FALSE
3__NQ_ONLY__xgb_d3__0.0050,3,NQ_ONLY,xgb_d3,3,0.005,309,172,0.55663430420712,152,0.491909385113269,0.0647249190938511,309,1,45,44,3,2,0.475247524752475,0.630952380952381,0.105263157894737,0.315789473684211,0.119047619047619,115,66,0.573913043478261,194,106,0.54639175257732,0.00444074125010419,TRUE,TRUE,0.494805037764632,0.61162153736528,-0.0327480170835876,0.158385093167702,FALSE
15__NQ_ES__xgb_d3__0.0050,15,NQ_ES,xgb_d3,3,0.005,375,204,0.544,181,0.482666666666667,0.0613333333333333,375,1,44.6666666666667,43,3,3,0.530612244897959,0.569105691056911,0.2,0.466666666666667,0.154471544715447,282,146,0.517730496453901,93,58,0.623655913978495,0.00510890374634332,TRUE,TRUE,0.494756399069226,0.5924038876416,0.0136584255186814,0.105124840402894,FALSE
5__NQ_ONLY__xgb_d4__0.0100,5,NQ_ONLY,xgb_d4,4,0.01,704,373,0.529829545454545,357,0.507102272727273,0.0227272727272727,704,1,50.6666666666667,50,3,2,0.484251968503937,0.587378640776699,0.1,0.325,0.0970873786407767,429,229,0.533799533799534,275,144,0.523636363636364,0.00996985534134102,TRUE,TRUE,0.494673380349032,0.567418026418026,-0.0223880906327715,0.0666689847009736,FALSE
1__NQ_ES__xgb_d3__0.0100,1,NQ_ES,xgb_d3,3,0.01,699,374,0.535050071530758,316,0.452074391988555,0.0829756795422032,699,1,51.3333333333333,50,2,2,0.497584541062802,0.6,0.0769230769230769,0.346153846153846,0.101449275362319,241,125,0.518672199170125,458,249,0.543668122270742,0.0104537628777453,TRUE,TRUE,0.493890778110456,0.574335351089589,0.022218137254902,0.139353391863889,FALSE
15__NQ_ES__xgb_d5__0.0100,15,NQ_ES,xgb_d5,5,0.01,657,349,0.531202435312024,334,0.508371385083714,0.0228310502283105,657,1,51,48,3,3,0.504424778761062,0.569037656903766,0.075,0.325,0.118421052631579,483,255,0.527950310559006,174,94,0.540229885057471,0.00955952114565055,TRUE,TRUE,0.493353433249408,0.569332798349192,-0.0140233379354291,0.0637316795405031,FALSE
5__NQ_ONLY__xgb_d5__0.0100,5,NQ_ONLY,xgb_d5,5,0.01,648,342,0.527777777777778,324,0.5,0.0277777777777778,648,1,51,50,3,2,0.482625482625483,0.556650246305419,0.0857142857142857,0.314285714285714,0.0993377483443709,374,198,0.529411764705882,274,144,0.525547445255475,0.00908773748761893,TRUE,TRUE,0.492729515122007,0.565018936217471,-0.0117740783718647,0.0741342083789477,FALSE
5__NQ_ONLY__ranger__0.0100,5,NQ_ONLY,ranger,,0.01,758,398,0.525065963060686,385,0.507915567282322,0.0171503957783641,758,1,51.6666666666667,51,4,3,0.503968253968254,0.546296296296296,0.0810810810810811,0.297297297297297,0.106719367588933,551,289,0.524500907441016,207,109,0.526570048309179,0.0104653774800176,TRUE,TRUE,0.49205754508888,0.560275268436958,-0.0219390448261416,0.0554969620543391,FALSE
10__NQ_ES__xgb_d3__0.0100,10,NQ_ES,xgb_d3,3,0.01,595,317,0.532773109243698,294,0.494117647058824,0.038655462184874,595,1,49.3333333333333,48,4,3,0.520547945205479,0.531914893617021,0.0731707317073171,0.365853658536585,0.136986301369863,450,233,0.517777777777778,145,84,0.579310344827586,0.00875959499270588,TRUE,TRUE,0.492031593870446,0.577188297570659,-0.00177207341269841,0.0760553083280356,FALSE
1__NQ_ONLY__xgb_d2__0.0100,1,NQ_ONLY,xgb_d2,2,0.01,708,374,0.528248587570622,319,0.450564971751413,0.0776836158192091,708,1,51.3333333333333,50,3,3,0.508333333333333,0.560975609756098,0.08,0.32,0.0988372093023256,278,141,0.507194244604317,430,233,0.541860465116279,0.0104760738427824,TRUE,TRUE,0.49184732137089,0.564548213797918,0.0294088274457586,0.129453109482432,FALSE
3__NQ_ES__xgb_d3__0.0100,3,NQ_ES,xgb_d3,3,0.01,628,334,0.531847133757962,306,0.487261146496815,0.0445859872611465,628,1,51,49,3,2,0.497109826589595,0.585,0.0769230769230769,0.307692307692308,0.092485549132948,351,185,0.527065527065527,277,149,0.537906137184116,0.0090508125849961,TRUE,TRUE,0.491676078464181,0.572432483983236,-0.00935100303589499,0.0969311183144246,FALSE
3__NQ_ES__ranger__0.0050,3,NQ_ES,ranger,,0.005,309,170,0.550161812297735,144,0.466019417475728,0.0841423948220065,309,1,43.3333333333333,41,3,2,0.488095238095238,0.583333333333333,0.133333333333333,0.466666666666667,0.119047619047619,152,80,0.526315789473684,157,90,0.573248407643312,0.00426354814837759,TRUE,TRUE,0.491590976771888,0.60738255033557,0.00946372239747634,0.159528441033753,FALSE
15__NQ_ONLY__ranger__0.0100,15,NQ_ONLY,ranger,,0.01,825,432,0.523636363636364,432,0.523636363636364,0,825,1,51.6666666666667,51,4,3,0.50197628458498,0.5311004784689,0.0769230769230769,0.333333333333333,0.095679012345679,773,406,0.52522639068564,52,26,0.5,0.0115016122782501,TRUE,TRUE,0.491087527537705,0.556207793171772,-0.0157673630717109,0.0165518819176548,FALSE
15__NQ_ES__logit__0.0100,15,NQ_ES,logit,,0.01,553,293,0.529837251356239,307,0.555153707052441,-0.0253164556962025,553,1,45.6666666666667,40,3,3,0.514705882352941,0.568421052631579,0.142857142857143,0.5,0.204166666666667,473,260,0.549682875264271,80,33,0.4125,0.00713283194208201,TRUE,TRUE,0.490418415131059,0.573317669172932,-0.0521248161185248,0.00747875554299242,FALSE
15__NQ_ES__ranger__0.0100,15,NQ_ES,ranger,,0.01,868,451,0.519585253456221,457,0.526497695852535,-0.00691244239631337,868,1,51.6666666666667,51,3,3,0.502923976608187,0.56,0.0882352941176471,0.352941176470588,0.095,786,413,0.525445292620865,82,38,0.463414634146342,0.0117730591928857,TRUE,TRUE,0.489953664225522,0.54764085591133,-0.0269946940805837,0.0136998069952455,FALSE
5__NQ_ES__xgb_d5__0.0050,5,NQ_ES,xgb_d5,5,0.005,300,163,0.543333333333333,155,0.516666666666667,0.0266666666666667,300,1,41,35,3,2,0.492957746478873,0.593220338983051,0.2,0.7,0.183098591549296,181,100,0.552486187845304,119,63,0.529411764705882,0.00392991735150635,TRUE,TRUE,0.489711137581894,0.598685757300776,-0.0378141365567669,0.100346020761246,FALSE
1__NQ_ES__ranger__0.0050,1,NQ_ES,ranger,,0.005,349,188,0.538681948424069,159,0.455587392550143,0.0830945558739255,349,1,47,45,3,2,0.383838383838384,0.616,0.107142857142857,0.428571428571429,0.111111111111111,67,38,0.567164179104478,282,150,0.531914893617021,0.00531232590819856,TRUE,TRUE,0.489424374879476,0.589127913249892,-0.00564221147782216,0.172635957792208,FALSE
7__NQ_ES__xgb_d4__0.0100,7,NQ_ES,xgb_d4,4,0.01,685,361,0.527007299270073,325,0.474452554744526,0.0525547445255474,685,1,50,48,2,2,0.5,0.572072072072072,0.116279069767442,0.348837209302326,0.105882352941176,416,211,0.507211538461538,269,150,0.557620817843866,0.00988817468078328,TRUE,TRUE,0.489256067204568,0.56626118967508,0.00990675467828762,0.0957072864915,FALSE
10__NQ_ONLY__ranger__0.0100,10,NQ_ONLY,ranger,,0.01,755,400,0.529801324503311,397,0.525827814569536,0.00397350993377483,755,1,51,50,3,2,0.484536082474227,0.548936170212766,0.0681818181818182,0.272727272727273,0.0893617021276596,668,355,0.531437125748503,87,45,0.517241379310345,0.0107645427313719,TRUE,TRUE,0.489000479386385,0.570340401785714,-0.018397451414344,0.026516829689298,FALSE
1__NQ_ONLY__xgb_d3__0.0050,1,NQ_ONLY,xgb_d3,3,0.005,336,182,0.541666666666667,157,0.467261904761905,0.0744047619047619,336,1,46.3333333333333,45,4,3,0.51,0.589473684210526,0.103448275862069,0.413793103448276,0.142857142857143,165,87,0.527272727272727,171,95,0.555555555555556,0.00520621847399881,TRUE,TRUE,0.488991596638655,0.598162168871237,-0.0030699114700629,0.146224841244215,FALSE
1__NQ_ONLY__xgb_d4__0.0100,1,NQ_ONLY,xgb_d4,4,0.01,625,329,0.5264,310,0.496,0.0304,625,1,50.3333333333333,49,3,3,0.505050505050505,0.573770491803279,0.0666666666666667,0.311111111111111,0.109289617486339,313,170,0.543130990415335,312,159,0.509615384615385,0.00927687173461937,TRUE,TRUE,0.488815186024941,0.562710727580716,-0.0218511103500961,0.0842363647072682,FALSE
15__NQ_ONLY__xgb_d2__0.0050,15,NQ_ONLY,xgb_d2,2,0.005,406,216,0.532019704433498,210,0.517241379310345,0.0147783251231527,406,1,45.6666666666667,44,3,3,0.511627906976744,0.601769911504425,0.266666666666667,0.733333333333333,0.147651006711409,374,197,0.526737967914439,32,19,0.59375,0.00546676165232838,TRUE,TRUE,0.488783955857385,0.574406344984802,-0.0076146975626768,0.0362773284468596,FALSE
5__NQ_ES__xgb_d2__0.0050,5,NQ_ES,xgb_d2,2,0.005,363,195,0.537190082644628,175,0.482093663911846,0.0550964187327824,363,1,45.3333333333333,42,3,2,0.496,0.601851851851852,0.133333333333333,0.533333333333333,0.121739130434783,271,140,0.516605166051661,92,55,0.597826086956522,0.0048898629399535,TRUE,TRUE,0.488752736028017,0.583124479469216,0.00500514857310974,0.105924659322299,FALSE
5__NQ_ONLY__xgb_d3__0.0100,5,NQ_ONLY,xgb_d3,3,0.01,711,374,0.526019690576653,350,0.492264416315049,0.0337552742616034,711,1,51.3333333333333,51,2,2,0.481481481481482,0.571428571428571,0.0681818181818182,0.295454545454545,0.102803738317757,452,234,0.517699115044248,259,140,0.540540540540541,0.0102352568493979,TRUE,TRUE,0.488698959938367,0.563295649833121,-0.00693219283610209,0.0741259249471459,FALSE
3__NQ_ONLY__xgb_d5__0.0100,3,NQ_ONLY,xgb_d5,5,0.01,609,323,0.530377668308703,287,0.471264367816092,0.0591133004926108,609,1,50,46,4,3,0.506329113924051,0.55188679245283,0.0909090909090909,0.295454545454545,0.146551724137931,254,131,0.515748031496063,355,192,0.540845070422535,0.00903963753768564,TRUE,TRUE,0.488512467634808,0.569925838487002,-0.0152215713053479,0.128527169106295,FALSE
10__NQ_ONLY__logit__0.0200,10,NQ_ONLY,logit,,0.02,1260,648,0.514285714285714,660,0.523809523809524,-0.00952380952380953,1260,1,52.3333333333333,51,2,2,0.493392070484582,0.543157894736842,0.0759493670886076,0.341772151898734,0.170526315789474,984,518,0.526422764227642,276,130,0.471014492753623,0.0181911009259676,TRUE,TRUE,0.48844061086353,0.538345811600946,-0.0337569134288293,0.0144677694358356,FALSE
10__NQ_ONLY__xgb_d3__0.0100,10,NQ_ONLY,xgb_d3,3,0.01,669,355,0.530642750373692,324,0.484304932735426,0.0463378176382661,669,1,51.6666666666667,51,4,3,0.502439024390244,0.565789473684211,0.114285714285714,0.457142857142857,0.114427860696517,501,256,0.510978043912176,168,99,0.589285714285714,0.00935164537582704,TRUE,TRUE,0.48840348765829,0.571886104586822,0.0116032405926873,0.0796891775306748,FALSE
1__NQ_ONLY__xgb_d3__0.0100,1,NQ_ONLY,xgb_d3,3,0.01,676,356,0.526627218934911,322,0.476331360946746,0.0502958579881657,676,1,51.3333333333333,50,3,2,0.497674418604651,0.577669902912621,0.0892857142857143,0.321428571428571,0.101941747572816,316,167,0.528481012658228,360,189,0.525,0.0103691629034914,TRUE,TRUE,0.487611231185622,0.563911067214115,-0.0112399564646756,0.108987156880227,FALSE
7__NQ_ONLY__ranger__0.0050,7,NQ_ONLY,ranger,,0.005,409,219,0.535452322738386,214,0.523227383863081,0.0122249388753056,409,1,48,45,3,2,0.479338842975207,0.612068965517241,0.136363636363636,0.5,0.129310344827586,310,168,0.541935483870968,99,51,0.515151515151515,0.0057452028338657,TRUE,TRUE,0.487433997398158,0.582053140096619,-0.0306379397407844,0.0535117070083847,FALSE
7__NQ_ONLY__xgb_d3__0.0050,7,NQ_ONLY,xgb_d3,3,0.005,338,182,0.538461538461538,155,0.458579881656805,0.0798816568047337,338,1,42.6666666666667,41,4,3,0.518987341772152,0.561904761904762,0.0909090909090909,0.409090909090909,0.142857142857143,192,98,0.510416666666667,146,84,0.575342465753425,0.00491368861841575,TRUE,TRUE,0.487407860718411,0.590545022237954,0.0092451690821256,0.155770544346364,FALSE
30__NQ_ONLY__logit__0.0200,30,NQ_ONLY,logit,,0.02,1136,589,0.518485915492958,581,0.511443661971831,0.00704225352112676,918,0.808098591549296,46.6666666666667,39,3,3,0.520388349514563,0.534521158129176,0.181818181818182,0.527272727272727,0.213675213675214,1074,554,0.515828677839851,62,35,0.564516129032258,0.0160936899193354,TRUE,TRUE,0.486655659837025,0.549185698704389,-0.00573238178798609,0.0198903837907376,FALSE
1__NQ_ES__ranger__0.0100,1,NQ_ES,ranger,,0.01,733,383,0.522510231923602,338,0.461118690313779,0.0613915416098226,733,1,52.3333333333333,52,3,2,0.412698412698413,0.569672131147541,0.128205128205128,0.358974358974359,0.0901639344262295,212,110,0.518867924528302,521,273,0.523992322456814,0.0102649500394478,TRUE,TRUE,0.486650210733157,0.55724164253751,0,0.121392772791686,FALSE
30__NQ_ES__xgb_d5__0.0100,30,NQ_ES,xgb_d5,5,0.01,552,296,0.536231884057971,301,0.545289855072464,-0.00905797101449275,510,0.923913043478261,46.6666666666667,40,3,3,0.53125,0.544186046511628,0.25,0.75,0.198019801980198,485,265,0.54639175257732,67,31,0.462686567164179,0.00714685903623938,TRUE,TRUE,0.486197950553025,0.584230397487012,-0.0386233448254821,0.0186959971786281,FALSE
3__NQ_ONLY__xgb_d2__0.0050,3,NQ_ONLY,xgb_d2,2,0.005,343,186,0.542274052478134,170,0.495626822157434,0.0466472303206997,343,1,46.3333333333333,43,4,3,0.518867924528302,0.563636363636364,0.133333333333333,0.4,0.113207547169811,170,93,0.547058823529412,173,93,0.53757225433526,0.00465537875954888,TRUE,TRUE,0.486029574219613,0.596336791075897,-0.0396685552407932,0.127877259352669,FALSE
15__NQ_ES__xgb_d5__0.0050,15,NQ_ES,xgb_d5,5,0.005,321,173,0.538940809968847,162,0.504672897196262,0.0342679127725857,321,1,45,40,3,2,0.492307692307692,0.568965517241379,0.2,0.466666666666667,0.184615384615385,216,115,0.532407407407407,105,58,0.552380952380952,0.00445884809159221,TRUE,TRUE,0.486025538707103,0.592966498559078,-0.0315482370323044,0.0941853977047883,FALSE
60__NQ_ONLY__ranger__0.0200,60,NQ_ONLY,ranger,,0.02,1359,720,0.529801324503311,723,0.532008830022075,-0.0022075055187638,549,0.403973509933775,42.3333333333333,40,4,3,0.501557632398754,0.592964824120603,0.193877551020408,0.704081632653061,0.246105919003115,1354,719,0.531019202363368,5,1,0.2,0.0214137499099902,TRUE,TRUE,0.485916996793058,0.569149282023407,-0.00499340381526187,0,FALSE
10__NQ_ONLY__xgb_d2__0.0100,10,NQ_ONLY,xgb_d2,2,0.01,668,351,0.525449101796407,344,0.51497005988024,0.0104790419161677,668,1,51.3333333333333,49,3,2,0.47787610619469,0.58256880733945,0.128205128205128,0.384615384615385,0.12972972972973,563,296,0.525754884547069,105,55,0.523809523809524,0.00952264161006529,TRUE,TRUE,0.485369227347291,0.56339019377569,-0.0198496112958367,0.0402602948455409,FALSE
15__NQ_ES__logit__0.0200,15,NQ_ES,logit,,0.02,1187,613,0.516427969671441,610,0.513900589721988,0.0025273799494524,1187,1,52,50,2,2,0.5,0.542471042471043,0.0925925925925926,0.351851851851852,0.127413127413127,1052,544,0.517110266159696,135,69,0.511111111111111,0.0164064692164335,TRUE,TRUE,0.485208724823924,0.545538051495814,-0.0155607771458262,0.0255373938453109,FALSE
10__NQ_ONLY__xgb_d5__0.0100,10,NQ_ONLY,xgb_d5,5,0.01,624,324,0.519230769230769,310,0.496794871794872,0.0224358974358974,624,1,51,50,4,3,0.502487562189055,0.553030303030303,0.0975609756097561,0.341463414634146,0.151515151515152,412,212,0.514563106796117,212,112,0.528301886792453,0.00909115403928144,TRUE,TRUE,0.485034179940179,0.556951216824183,-0.0133784866360789,0.0600060240963855,FALSE
30__NQ_ES__ranger__0.0100,30,NQ_ES,ranger,,0.01,663,354,0.53393665158371,355,0.535444947209653,-0.00150829562594269,578,0.871794871794872,47.6666666666667,47,3,2,0.478260869565217,0.568527918781726,0.290322580645161,1,0.253807106598985,628,337,0.536624203821656,35,17,0.485714285714286,0.00935189062621668,TRUE,TRUE,0.484950760846104,0.583577263762953,-0.0151883559125075,0.0104174440298507,FALSE
1__NQ_ONLY__xgb_d5__0.0050,1,NQ_ONLY,xgb_d5,5,0.005,300,160,0.533333333333333,154,0.513333333333333,0.02,300,1,42,38,2,2,0.480314960629921,0.630769230769231,0.111111111111111,0.5,0.188888888888889,162,92,0.567901234567901,138,68,0.492753623188406,0.00428277185467349,TRUE,TRUE,0.483105235337378,0.584675582897152,-0.0536480977646814,0.0894245132699298,FALSE
15__NQ_ONLY__xgb_d4__0.0100,15,NQ_ONLY,xgb_d4,4,0.01,723,374,0.517289073305671,360,0.49792531120332,0.0193637621023513,723,1,51.3333333333333,50,4,3,0.505434782608696,0.526315789473684,0.1,0.4,0.179347826086957,625,318,0.5088,98,56,0.571428571428571,0.00987001177312016,TRUE,TRUE,0.482659330960302,0.549598822115657,-0.00607997476157154,0.0487056971797159,FALSE
10__NQ_ES__xgb_d2__0.0100,10,NQ_ES,xgb_d2,2,0.01,686,357,0.520408163265306,351,0.511661807580175,0.0087463556851312,686,1,52.3333333333333,52,2,2,0.475490196078431,0.54950495049505,0.0980392156862745,0.333333333333333,0.0980392156862745,568,296,0.52112676056338,118,61,0.516949152542373,0.0102747217658012,TRUE,TRUE,0.482547215776556,0.557359189378057,-0.0236802413273002,0.0396549083752574,FALSE
15__NQ_ES__xgb_d4__0.0050,15,NQ_ES,xgb_d4,4,0.005,368,196,0.532608695652174,178,0.483695652173913,0.0489130434782609,368,1,46.3333333333333,44,2,2,0.477272727272727,0.564516129032258,0.173913043478261,0.478260869565217,0.170454545454545,238,122,0.512605042016807,130,74,0.569230769230769,0.00538036240475537,TRUE,TRUE,0.48236486330869,0.582656860919754,-0.00838165866708632,0.115294944032959,FALSE
7__NQ_ES__xgb_d5__0.0100,7,NQ_ES,xgb_d5,5,0.01,663,344,0.518853695324284,321,0.484162895927602,0.0346907993966818,663,1,50,48,3,3,0.516666666666667,0.53,0.0833333333333333,0.333333333333333,0.122222222222222,405,206,0.508641975308642,258,138,0.534883720930233,0.00931555473307849,TRUE,TRUE,0.481526086229481,0.555736230798052,-0.0125841509433962,0.0797258564914489,FALSE
7__NQ_ES__xgb_d5__0.0050,7,NQ_ES,xgb_d5,5,0.005,304,161,0.529605263157895,147,0.483552631578947,0.0460526315789474,304,1,41,40,3,3,0.527272727272727,0.537037037037037,0.0769230769230769,0.384615384615385,0.178082191780822,192,99,0.515625,112,62,0.553571428571429,0.00411314253587357,TRUE,TRUE,0.479161610032362,0.582093234485468,-0.0156739811912226,0.108918494238502,FALSE
15__NQ_ONLY__xgb_d3__0.0050,15,NQ_ONLY,xgb_d3,3,0.005,388,204,0.525773195876289,191,0.492268041237113,0.0335051546391753,388,1,45,42,3,3,0.521739130434783,0.568965517241379,0.166666666666667,0.583333333333333,0.182608695652174,331,169,0.510574018126888,57,35,0.614035087719298,0.00511144440911451,TRUE,TRUE,0.477982423335827,0.571803163500771,0.00260251427664975,0.0665004262574595,FALSE
15__NQ_ONLY__xgb_d5__0.0050,15,NQ_ONLY,xgb_d5,5,0.005,357,188,0.526610644257703,178,0.49859943977591,0.0280112044817927,357,1,44,34,3,3,0.504347826086957,0.545454545454545,0.0833333333333333,0.416666666666667,0.212121212121212,281,145,0.516014234875445,76,43,0.565789473684211,0.00473844994421716,TRUE,TRUE,0.477196101891447,0.581922720584228,-0.0150232713531946,0.0752141656681346,FALSE
10__NQ_ONLY__ranger__0.0050,10,NQ_ONLY,ranger,,0.005,372,197,0.529569892473118,198,0.532258064516129,-0.00268817204301075,372,1,46,43,3,2,0.477064220183486,0.556451612903226,0.105263157894737,0.473684210526316,0.112903225806452,315,169,0.536507936507937,57,28,0.491228070175439,0.00517999695702663,TRUE,TRUE,0.476878612716763,0.583826552123959,-0.0372415292909703,0.0346668941087657,FALSE
15__NQ_ES__xgb_d2__0.0100,15,NQ_ES,xgb_d2,2,0.01,820,418,0.509756097560976,408,0.497560975609756,0.0121951219512195,820,1,52,52,2,2,0.497093023255814,0.538860103626943,0.244444444444444,0.511111111111111,0.139896373056995,743,375,0.50471063257066,77,43,0.558441558441558,0.0117214146872332,TRUE,TRUE,0.476476411832846,0.543454949454835,-0.00755667506297229,0.033295682108393,FALSE
3__NQ_ES__xgb_d2__0.0050,3,NQ_ES,xgb_d2,2,0.005,331,176,0.531722054380665,164,0.495468277945619,0.0362537764350453,331,1,41.6666666666667,40,4,3,0.518518518518519,0.5390625,0.181818181818182,0.636363636363636,0.142857142857143,215,113,0.525581395348837,116,63,0.543103448275862,0.00433942508301328,TRUE,TRUE,0.476451720071873,0.588243308222472,-0.0303953934937978,0.106708173472184,FALSE
30__NQ_ONLY__ranger__0.0100,30,NQ_ONLY,ranger,,0.01,582,307,0.527491408934708,308,0.529209621993127,-0.00171821305841924,483,0.829896907216495,47,45,4,3,0.513157894736842,0.545945945945946,0.3,0.733333333333333,0.232432432432432,524,279,0.532442748091603,58,28,0.482758620689655,0.00834184938201183,TRUE,TRUE,0.476030627126884,0.575902315375303,-0.029523028563619,0.02389094182895,FALSE
5__NQ_ONLY__xgb_d5__0.0050,5,NQ_ONLY,xgb_d5,5,0.005,307,162,0.527687296416938,152,0.495114006514658,0.0325732899022801,307,1,44.6666666666667,40,2,2,0.455357142857143,0.579710144927536,0.117647058823529,0.529411764705882,0.159420289855072,167,88,0.526946107784431,140,74,0.528571428571429,0.00432638935762338,TRUE,TRUE,0.474809446457578,0.576015005730112,-0.0385759061894721,0.104592363261094,FALSE
7__NQ_ES__xgb_d3__0.0050,7,NQ_ES,xgb_d3,3,0.005,331,173,0.522658610271903,152,0.459214501510574,0.0634441087613293,331,1,42,37,3,3,0.511904761904762,0.536842105263158,0.15,0.45,0.157894736842105,221,109,0.493212669683258,110,64,0.581818181818182,0.00474062192724622,TRUE,TRUE,0.473980833586857,0.571428571428571,0.00609709763511009,0.127349087732919,FALSE
1__NQ_ES__xgb_d3__0.0050,1,NQ_ES,xgb_d3,3,0.005,337,180,0.534124629080119,153,0.454005934718101,0.0801186943620178,337,1,43,40,2,2,0.456896551724138,0.653333333333333,0.0857142857142857,0.342857142857143,0.162162162162162,113,58,0.513274336283186,224,122,0.544642857142857,0.00548591811482403,TRUE,TRUE,0.473684210526316,0.587721656291266,-0.018462962962963,0.167213684509173,FALSE
5__NQ_ES__xgb_d3__0.0050,5,NQ_ES,xgb_d3,3,0.005,350,184,0.525714285714286,179,0.511428571428572,0.0142857142857143,350,1,44.6666666666667,44,3,2,0.472727272727273,0.583333333333333,0.0952380952380952,0.428571428571429,0.148148148148148,216,115,0.532407407407407,134,69,0.514925373134328,0.00501071299086403,TRUE,TRUE,0.473495410994198,0.578527198717158,-0.0490556286040175,0.0798846153846154,FALSE
5__NQ_ES__xgb_d4__0.0100,5,NQ_ES,xgb_d4,4,0.01,654,333,0.509174311926605,323,0.49388379204893,0.0152905198776758,654,1,51,50,2,2,0.474418604651163,0.551020408163265,0.133333333333333,0.5,0.0985915492957746,427,215,0.503512880562061,227,118,0.519823788546256,0.00894255736054244,TRUE,TRUE,0.473249096487752,0.546350159426892,-0.0258882483904819,0.0600037593984962,FALSE
15__NQ_ES__ranger__0.0050,15,NQ_ES,ranger,,0.005,460,237,0.515217391304348,253,0.55,-0.0347826086956522,460,1,47.6666666666667,46,3,3,0.506493506493507,0.553398058252427,0.153846153846154,0.461538461538462,0.145631067961165,404,217,0.537128712871287,56,20,0.357142857142857,0.00600983556287006,TRUE,TRUE,0.473094170403588,0.553648068669528,-0.064793886556883,-0.00443361516532248,FALSE
5__NQ_ONLY__logit__0.0050,5,NQ_ONLY,logit,,0.005,300,159,0.53,166,0.553333333333333,-0.0233333333333333,300,1,40.6666666666667,33,4,3,0.517857142857143,0.571428571428571,0.133333333333333,0.466666666666667,0.290076335877863,171,99,0.578947368421053,129,60,0.465116279069768,0.00414925485037589,TRUE,TRUE,0.472419693987115,0.589131840773981,-0.0845483729205968,0.0431690081006061,FALSE
3__NQ_ES__xgb_d3__0.0050,3,NQ_ES,xgb_d3,3,0.005,302,159,0.526490066225166,153,0.506622516556291,0.0198675496688742,302,1,44,42,2,2,0.5,0.575471698113208,0.117647058823529,0.352941176470588,0.123595505617978,137,75,0.547445255474453,165,84,0.509090909090909,0.00427099900293445,TRUE,TRUE,0.472296266183001,0.583068675352877,-0.059425808801616,0.101036355355781,FALSE
1__NQ_ONLY__ranger__0.0050,1,NQ_ONLY,ranger,,0.005,338,176,0.520710059171598,156,0.461538461538462,0.0591715976331361,338,1,45.3333333333333,43,3,2,0.442105263157895,0.585858585858586,0.117647058823529,0.411764705882353,0.157894736842105,100,51,0.51,238,125,0.525210084033613,0.00468790926031707,TRUE,TRUE,0.471425334484247,0.572581771490359,-0.0224301348446355,0.139959968259912,FALSE
1__NQ_ONLY__xgb_d2__0.0050,1,NQ_ONLY,xgb_d2,2,0.005,359,189,0.526462395543176,165,0.459610027855153,0.0668523676880223,359,1,46,43,2,2,0.467391304347826,0.566371681415929,0.12,0.4,0.115044247787611,137,70,0.510948905109489,222,119,0.536036036036036,0.00529529447454942,TRUE,TRUE,0.470690723515651,0.581016305087732,-0.0086969197616935,0.145082062118274,FALSE
3__NQ_ONLY__logit__0.0050,3,NQ_ONLY,logit,,0.005,311,160,0.514469453376206,145,0.466237942122187,0.0482315112540193,311,1,40.3333333333333,34,2,2,0.462962962962963,0.546218487394958,0.1,0.4,0.218487394957983,187,91,0.486631016042781,124,69,0.556451612903226,0.00450456616816201,TRUE,TRUE,0.461531365313653,0.566866805837365,-0.0216764584147716,0.11003384697604,FALSE
5__NQ_ES__xgb_d4__0.0050,5,NQ_ES,xgb_d4,4,0.005,321,164,0.510903426791277,165,0.514018691588785,-0.00311526479750779,321,1,44.3333333333333,34,3,2,0.436363636363636,0.574803149606299,0.111111111111111,0.555555555555556,0.2,197,103,0.522842639593909,124,61,0.491935483870968,0.00412754950872523,TRUE,TRUE,0.459701492537313,0.56161280828262,-0.0653214252343726,0.0564904958156356,FALSE
15__NQ_ES__xgb_d2__0.0050,15,NQ_ES,xgb_d2,2,0.005,405,202,0.498765432098765,189,0.466666666666667,0.0320987654320988,405,1,45,40,2,2,0.5,0.53,0.304347826086957,0.608695652173913,0.18,354,170,0.480225988700565,51,32,0.627450980392157,0.00582492129758837,TRUE,TRUE,0.454317064606742,0.543700028555111,-0.00235421380090498,0.0666706443914081,FALSE
10__NQ_ONLY__xgb_d3__0.0050,10,NQ_ONLY,xgb_d3,3,0.005,355,182,0.512676056338028,164,0.461971830985916,0.0507042253521127,355,1,44.6666666666667,43,2,2,0.448598130841121,0.550724637681159,0.176470588235294,0.529411764705882,0.139784946236559,244,118,0.483606557377049,111,64,0.576576576576577,0.00488706335691737,TRUE,TRUE,0.453548518480806,0.56813083479908,-0.00625822368421053,0.102274964209019,FALSE
15__NQ_ONLY__ranger__0.0050,15,NQ_ONLY,ranger,,0.005,392,197,0.502551020408163,203,0.517857142857143,-0.0153061224489796,392,1,46.3333333333333,44,3,2,0.487012987012987,0.507936507936508,0.222222222222222,0.666666666666667,0.142857142857143,360,184,0.511111111111111,32,13,0.40625,0.00502718396565939,TRUE,TRUE,0.452817335869621,0.553480500847789,-0.0382834441115896,0.010443864229765,FALSE
5__NQ_ONLY__xgb_d4__0.0050,5,NQ_ONLY,xgb_d4,4,0.005,327,171,0.522935779816514,162,0.495412844036697,0.0275229357798165,327,1,43.3333333333333,42,2,1,0.438095238095238,0.62280701754386,0.1,0.4,0.140350877192982,175,91,0.52,152,80,0.526315789473684,0.00469748503142734,TRUE,FALSE,,,,,FALSE
1__NQ_ES__xgb_d2__0.0050,1,NQ_ES,xgb_d2,2,0.005,355,184,0.51830985915493,173,0.487323943661972,0.0309859154929577,355,1,46,42,1,1,0.466019417475728,0.617021276595745,0.115384615384615,0.423076923076923,0.138297872340426,114,62,0.543859649122807,241,122,0.506224066390042,0.0052905709066019,TRUE,FALSE,,,,,FALSE
3__NQ_ES__logit__0.0050,3,NQ_ES,logit,,0.005,317,164,0.517350157728707,150,0.473186119873817,0.0441640378548896,317,1,41.3333333333333,30,2,1,0.483333333333333,0.556390977443609,0.157894736842105,0.526315789473684,0.210526315789474,212,105,0.495283018867925,105,59,0.561904761904762,0.00452598846212828,TRUE,FALSE,,,,,FALSE
1__NQ_ES__xgb_d5__0.0100,1,NQ_ES,xgb_d5,5,0.01,605,307,0.507438016528926,287,0.474380165289256,0.0330578512396694,605,1,50.6666666666667,48,2,1,0.472361809045226,0.552631578947369,0.0666666666666667,0.311111111111111,0.105527638190955,243,124,0.510288065843621,362,183,0.505524861878453,0.0090428405875942,TRUE,FALSE,,,,,FALSE
15__NQ_ONLY__logit__0.0100,15,NQ_ONLY,logit,,0.01,587,295,0.502555366269165,292,0.497444633730835,0.00511073253833049,587,1,47.3333333333333,40,1,1,0.495726495726496,0.518828451882845,0.115384615384615,0.423076923076923,0.167364016736402,532,266,0.5,55,29,0.527272727272727,0.00808472210725352,TRUE,FALSE,,,,,FALSE
10__NQ_ONLY__xgb_d5__0.0200,10,NQ_ONLY,xgb_d5,5,0.02,1236,621,0.502427184466019,595,0.481391585760518,0.0210355987055016,1236,1,52.6666666666667,52,1,1,0.483673469387755,0.533333333333333,0.0657894736842105,0.276315789473684,0.128571428571429,863,423,0.490150637311703,373,198,0.530831099195711,0.0177731779302417,TRUE,FALSE,,,,,FALSE
10__NQ_ONLY__logit__0.0100,10,NQ_ONLY,logit,,0.01,632,317,0.501582278481013,329,0.520569620253165,-0.0189873417721519,632,1,47.6666666666667,39,2,1,0.448717948717949,0.543165467625899,0.0967741935483871,0.387096774193548,0.237410071942446,477,246,0.515723270440252,155,71,0.458064516129032,0.00872389909397158,TRUE,FALSE,,,,,FALSE
15__NQ_ONLY__xgb_d4__0.0050,15,NQ_ONLY,xgb_d4,4,0.005,390,195,0.5,184,0.471794871794872,0.0282051282051282,390,1,43.6666666666667,39,1,1,0.457831325301205,0.538922155688623,0.272727272727273,0.636363636363636,0.228915662650602,321,155,0.482866043613707,69,40,0.579710144927536,0.00508307235552681,TRUE,FALSE,,,,,FALSE
5__NQ_ONLY__ranger__0.0050,5,NQ_ONLY,ranger,,0.005,373,186,0.498659517426273,192,0.514745308310992,-0.0160857908847185,373,1,45.3333333333333,42,2,1,0.475409836065574,0.512820512820513,0.105263157894737,0.473684210526316,0.11304347826087,260,133,0.511538461538462,113,53,0.469026548672566,0.00518572836918423,TRUE,FALSE,,,,,FALSE
10__NQ_ES__xgb_d2__0.0050,10,NQ_ES,xgb_d2,2,0.005,350,173,0.494285714285714,167,0.477142857142857,0.0171428571428571,350,1,45.6666666666667,43,1,1,0.47787610619469,0.527472527472528,0.0526315789473684,0.263157894736842,0.120879120879121,277,134,0.483754512635379,73,39,0.534246575342466,0.00492154435963213,TRUE,FALSE,,,,,FALSE
15__NQ_ONLY__logit__0.0200,15,NQ_ONLY,logit,,0.02,1241,610,0.491539081385979,610,0.491539081385979,0,1241,1,51.3333333333333,49,1,1,0.465116279069768,0.515030060120241,0.109375,0.3125,0.11623246492986,1138,559,0.491212653778559,103,51,0.495145631067961,0.0175083661681391,TRUE,FALSE,,,,,FALSE
10__NQ_ONLY__xgb_d2__0.0050,10,NQ_ONLY,xgb_d2,2,0.005,307,149,0.485342019543974,147,0.478827361563518,0.00651465798045603,307,1,40.3333333333333,35,1,1,0.4375,0.543859649122807,0.176470588235294,0.470588235294118,0.21875,228,109,0.478070175438597,79,40,0.506329113924051,0.00433087179671489,TRUE,FALSE,,,,,FALSE
60__NQ_ES__logit__0.0100,60,NQ_ES,logit,,0.01,633,388,0.612954186413902,365,0.576619273301738,0.0363349131121643,347,0.548183254344392,34.3333333333333,28,3,3,0.592375366568915,0.670103092783505,0.178571428571429,0.642857142857143,0.391752577319588,534,327,0.612359550561798,99,61,0.616161616161616,0.00910453616783242,FALSE,TRUE,,,,,FALSE
60__NQ_ES__logit__0.0050,60,NQ_ES,logit,,0.005,299,183,0.612040133779264,158,0.528428093645485,0.0836120401337793,171,0.57190635451505,23.3333333333333,13,4,3,0.595959595959596,0.666666666666667,0.428571428571429,1,0.6,218,130,0.596330275229358,81,53,0.654320987654321,0.00399162886967799,FALSE,TRUE,,,,,FALSE
30__NQ_ES__xgb_d3__0.0050,30,NQ_ES,xgb_d3,3,0.005,283,164,0.579505300353357,164,0.579505300353357,0,265,0.936395759717314,38,23,3,3,0.526315789473684,0.593406593406593,0.285714285714286,1,0.315789473684211,259,152,0.586872586872587,24,12,0.5,0.00370956012046328,FALSE,TRUE,,,,,FALSE
3__NQ_ES__xgb_d5__0.0050,3,NQ_ES,xgb_d5,5,0.005,261,151,0.578544061302682,111,0.425287356321839,0.153256704980843,261,1,38,29,4,3,0.559139784946237,0.602040816326531,0.142857142857143,0.571428571428571,0.204081632653061,87,46,0.528735632183908,174,105,0.603448275862069,0.00397284756415372,FALSE,TRUE,,,,,FALSE
3__NQ_ONLY__xgb_d4__0.0050,3,NQ_ONLY,xgb_d4,4,0.005,293,169,0.57679180887372,128,0.436860068259386,0.139931740614334,293,1,43.6666666666667,41,4,3,0.521739130434783,0.625,0.111111111111111,0.388888888888889,0.1375,103,55,0.533980582524272,190,114,0.6,0.00421080876882609,FALSE,TRUE,,,,,FALSE
30__NQ_ONLY__xgb_d3__0.0100,30,NQ_ONLY,xgb_d3,3,0.01,527,303,0.574952561669829,302,0.573055028462998,0.00189753320683112,459,0.870967741935484,40.3333333333333,28,4,3,0.508771929824562,0.589108910891089,0.25,0.7,0.350877192982456,468,273,0.583333333333333,59,30,0.508474576271186,0.00720815754868228,FALSE,TRUE,,,,,FALSE
60__NQ_ES__xgb_d5__0.0100,60,NQ_ES,xgb_d5,5,0.01,684,392,0.573099415204678,378,0.552631578947369,0.0204678362573099,352,0.514619883040936,33.3333333333333,21,4,3,0.545454545454545,0.616666666666667,0.333333333333333,1,0.5,614,350,0.570032573289902,70,42,0.6,0.00924187086458906,FALSE,TRUE,,,,,FALSE
60__NQ_ONLY__xgb_d4__0.0050,60,NQ_ONLY,xgb_d4,4,0.005,344,196,0.569767441860465,191,0.555232558139535,0.0145348837209302,182,0.529069767441861,21.3333333333333,8,3,3,0.502857142857143,0.657342657342657,0.423076923076923,0.846153846153846,0.846153846153846,311,177,0.569131832797428,33,19,0.575757575757576,0.00422983458253357,FALSE,TRUE,,,,,FALSE
30__NQ_ONLY__xgb_d4__0.0100,30,NQ_ONLY,xgb_d4,4,0.01,502,286,0.569721115537849,280,0.557768924302789,0.0119521912350598,443,0.882470119521912,40.6666666666667,27,4,3,0.526315789473684,0.602150537634409,0.238095238095238,0.761904761904762,0.298245614035088,442,253,0.572398190045249,60,33,0.55,0.00695604623342338,FALSE,TRUE,,,,,FALSE
30__NQ_ONLY__xgb_d2__0.0050,30,NQ_ONLY,xgb_d2,2,0.005,262,149,0.568702290076336,149,0.568702290076336,0,233,0.889312977099237,26.6666666666667,7,3,3,0.512605042016807,0.635593220338983,0.375,1,0.764705882352941,242,139,0.574380165289256,20,10,0.5,0.00349472585916913,FALSE,TRUE,,,,,FALSE
30__NQ_ES__logit__0.0050,30,NQ_ES,logit,,0.005,294,167,0.568027210884354,162,0.551020408163265,0.0170068027210884,262,0.891156462585034,32.6666666666667,17,4,3,0.54320987654321,0.789473684210526,0.285714285714286,0.642857142857143,0.368421052631579,253,144,0.569169960474308,41,23,0.560975609756098,0.00414091000219908,FALSE,TRUE,,,,,FALSE
60__NQ_ES__xgb_d4__0.0050,60,NQ_ES,xgb_d4,4,0.005,479,272,0.567849686847599,275,0.574112734864301,-0.00626304801670146,230,0.480167014613779,24,13,4,3,0.544776119402985,0.56794425087108,0.461538461538462,1,0.6875,460,264,0.573913043478261,19,8,0.421052631578947,0.00710604129187987,FALSE,TRUE,,,,,FALSE
60__NQ_ES__xgb_d5__0.0050,60,NQ_ES,xgb_d5,5,0.005,430,244,0.567441860465116,231,0.537209302325581,0.0302325581395349,219,0.509302325581395,23,11,4,3,0.551724137931035,0.568965517241379,0.5,1,0.758620689655172,385,215,0.558441558441558,45,29,0.644444444444445,0.00564516830677207,FALSE,TRUE,,,,,FALSE
10__NQ_ONLY__xgb_d4__0.0050,10,NQ_ONLY,xgb_d4,4,0.005,293,165,0.563139931740614,141,0.48122866894198,0.0819112627986348,293,1,41.6666666666667,35,4,3,0.554347826086957,0.565573770491803,0.15,0.45,0.220338983050847,164,89,0.542682926829268,129,76,0.589147286821706,0.00430159446694159,FALSE,TRUE,,,,,FALSE
60__NQ_ONLY__logit__0.0100,60,NQ_ONLY,logit,,0.01,574,322,0.560975609756098,303,0.52787456445993,0.0331010452961672,318,0.554006968641115,31.3333333333333,20,4,3,0.548387096774194,0.578199052132701,0.324324324324324,0.72972972972973,0.419354838709677,495,273,0.551515151515152,79,49,0.620253164556962,0.00880985699859362,FALSE,TRUE,,,,,FALSE
1__NQ_ES__logit__0.0050,1,NQ_ES,logit,,0.005,331,183,0.552870090634441,181,0.546827794561934,0.00604229607250755,331,1,34.6666666666667,13,4,3,0.549222797927461,0.555555555555556,0.25,0.875,0.444444444444444,166,100,0.602409638554217,165,83,0.503030303030303,0.00417562347035264,FALSE,TRUE,,,,,FALSE
10__NQ_ES__xgb_d5__0.0050,10,NQ_ES,xgb_d5,5,0.005,284,157,0.552816901408451,149,0.524647887323944,0.028169014084507,284,1,38.3333333333333,27,4,3,0.504065040650406,0.595959595959596,0.130434782608696,0.391304347826087,0.230769230769231,172,97,0.563953488372093,112,60,0.535714285714286,0.00433150627912214,FALSE,TRUE,,,,,FALSE
60__NQ_ES__ranger__0.0100,60,NQ_ES,ranger,,0.01,731,401,0.548563611491108,400,0.547195622435021,0.00136798905608755,287,0.392612859097127,28,17,4,3,0.505154639175258,0.580487804878049,0.388888888888889,1,0.54639175257732,728,399,0.548076923076923,3,2,0.666666666666667,0.0106876853502642,FALSE,TRUE,,,,,FALSE
7__NQ_ES__logit__0.0050,7,NQ_ES,logit,,0.005,268,147,0.548507462686567,144,0.537313432835821,0.0111940298507463,268,1,34,19,4,3,0.54014598540146,0.576923076923077,0.142857142857143,0.5,0.346153846153846,150,87,0.58,118,60,0.508474576271186,0.00373112158941564,FALSE,TRUE,,,,,FALSE
30__NQ_ONLY__logit__0.0100,30,NQ_ONLY,logit,,0.01,534,292,0.546816479400749,286,0.535580524344569,0.0112359550561798,439,0.822097378277154,37.6666666666667,23,3,3,0.516260162601626,0.666666666666667,0.136363636363636,0.590909090909091,0.333333333333333,494,269,0.544534412955466,40,23,0.575,0.00738505772848925,FALSE,TRUE,,,,,FALSE
60__NQ_ONLY__ranger__0.0100,60,NQ_ONLY,ranger,,0.01,642,351,0.546728971962617,353,0.549844236760125,-0.00311526479750779,282,0.439252336448598,30.6666666666667,23,4,3,0.504347826086957,0.599009900990099,0.326086956521739,0.847826086956522,0.426086956521739,640,351,0.5484375,2,0,0,0.0100927487903573,FALSE,TRUE,,,,,FALSE
1__NQ_ONLY__logit__0.0050,1,NQ_ONLY,logit,,0.005,331,180,0.54380664652568,174,0.525679758308157,0.0181268882175227,331,1,33.3333333333333,19,4,3,0.525252525252525,0.666666666666667,0.285714285714286,0.857142857142857,0.366666666666667,179,102,0.569832402234637,152,78,0.513157894736842,0.00412986302633881,FALSE,TRUE,,,,,FALSE
7__NQ_ONLY__logit__0.0050,7,NQ_ONLY,logit,,0.005,262,142,0.541984732824428,142,0.541984732824428,0,262,1,35.3333333333333,19,3,3,0.523364485981308,0.642857142857143,0.166666666666667,0.5,0.357142857142857,152,88,0.578947368421053,110,54,0.490909090909091,0.00357510025708434,FALSE,TRUE,,,,,FALSE
30__NQ_ONLY__logit__0.0050,30,NQ_ONLY,logit,,0.005,276,149,0.539855072463768,149,0.539855072463768,0,241,0.873188405797101,26.3333333333333,7,3,3,0.51219512195122,0.714285714285714,0.2,0.714285714285714,0.714285714285714,252,137,0.543650793650794,24,12,0.5,0.00398587641105102,FALSE,TRUE,,,,,FALSE
60__NQ_ES__xgb_d3__0.0200,60,NQ_ES,xgb_d3,3,0.02,1357,728,0.536477523949889,723,0.532792925571113,0.00368459837877671,566,0.417096536477524,41.3333333333333,32,4,3,0.533816425120773,0.53551912568306,0.388888888888889,0.962962962962963,0.426229508196721,1318,706,0.535660091047041,39,22,0.564102564102564,0.0192408912405271,FALSE,TRUE,,,,,FALSE
3__NQ_ONLY__xgb_d5__0.0050,3,NQ_ONLY,xgb_d5,5,0.005,277,147,0.530685920577617,121,0.436823104693141,0.0938628158844765,277,1,39.3333333333333,29,4,3,0.504672897196262,0.553191489361702,0.105263157894737,0.421052631578947,0.212765957446809,97,45,0.463917525773196,180,102,0.566666666666667,0.0040656251158344,FALSE,TRUE,,,,,FALSE
60__NQ_ONLY__ranger__0.0050,60,NQ_ONLY,ranger,,0.005,305,160,0.524590163934426,162,0.531147540983607,-0.00655737704918033,148,0.485245901639344,19,11,3,3,0.512820512820513,0.555555555555556,0.727272727272727,1,0.692307692307692,303,160,0.528052805280528,2,0,0,0.00427489670486042,FALSE,TRUE,,,,,FALSE
30__NQ_ONLY__xgb_d3__0.0050,30,NQ_ONLY,xgb_d3,3,0.005,283,166,0.586572438162544,165,0.583038869257951,0.00353356890459364,252,0.890459363957597,31,14,3,2,0.5,0.6,0.272727272727273,0.909090909090909,0.454545454545455,236,142,0.601694915254237,47,24,0.51063829787234,0.00388068182090615,FALSE,TRUE,,,,,FALSE
60__NQ_ES__xgb_d3__0.0050,60,NQ_ES,xgb_d3,3,0.005,412,235,0.570388349514563,230,0.558252427184466,0.0121359223300971,172,0.41747572815534,15,8,3,2,0.48,0.578512396694215,1,1,0.88,393,223,0.567430025445293,19,12,0.631578947368421,0.00523634725485149,FALSE,TRUE,,,,,FALSE
60__NQ_ES__ranger__0.0050,60,NQ_ES,ranger,,0.005,406,231,0.568965517241379,232,0.571428571428571,-0.00246305418719212,182,0.448275862068966,20.6666666666667,12,3,2,0.5,0.595959595959596,0.529411764705882,1,0.675,405,231,0.57037037037037,1,0,0,0.00578222645108824,FALSE,TRUE,,,,,FALSE
30__NQ_ONLY__xgb_d2__0.0100,30,NQ_ONLY,xgb_d2,2,0.01,515,291,0.56504854368932,289,0.561165048543689,0.00388349514563107,454,0.881553398058252,39,19,3,2,0.5,0.591928251121076,0.3,0.85,0.541666666666667,479,272,0.567849686847599,36,19,0.527777777777778,0.007070279870159,FALSE,TRUE,,,,,FALSE
60__NQ_ES__xgb_d4__0.0100,60,NQ_ES,xgb_d4,4,0.01,779,440,0.564826700898588,445,0.571245186136072,-0.00641848523748395,352,0.45186136071887,33.6666666666667,20,3,2,0.479452054794521,0.569007263922518,0.35,1,0.506849315068493,748,427,0.570855614973262,31,13,0.419354838709677,0.0114683741675402,FALSE,TRUE,,,,,FALSE
60__NQ_ES__xgb_d2__0.0100,60,NQ_ES,xgb_d2,2,0.01,913,515,0.56407447973713,518,0.567360350492881,-0.00328587075575027,353,0.386637458926616,28.3333333333333,23,3,2,0.471910112359551,0.604255319148936,0.583333333333333,1,0.466292134831461,890,505,0.567415730337079,23,10,0.434782608695652,0.0123620331051542,FALSE,TRUE,,,,,FALSE
60__NQ_ONLY__xgb_d3__0.0050,60,NQ_ONLY,xgb_d3,3,0.005,382,215,0.56282722513089,217,0.568062827225131,-0.00523560209424084,182,0.476439790575916,21,11,2,2,0.375,0.653333333333333,0.325,0.8,0.8,360,205,0.569444444444445,22,10,0.454545454545455,0.00469820057384443,FALSE,TRUE,,,,,FALSE
60__NQ_ES__xgb_d3__0.0100,60,NQ_ES,xgb_d3,3,0.01,734,412,0.561307901907357,406,0.553133514986376,0.00817438692098093,310,0.422343324250681,27,18,3,2,0.492537313432836,0.570796460176991,0.565217391304348,1,0.716417910447761,710,397,0.559154929577465,24,15,0.625,0.0100992875084787,FALSE,TRUE,,,,,FALSE
30__NQ_ES__xgb_d4__0.0050,30,NQ_ES,xgb_d4,4,0.005,243,136,0.559670781893004,131,0.539094650205761,0.0205761316872428,228,0.938271604938272,36,23,2,2,0.470588235294118,0.589473684210526,0.25,1,0.382352941176471,206,115,0.558252427184466,37,21,0.567567567567568,0.00308329901276977,FALSE,TRUE,,,,,FALSE
60__NQ_ONLY__logit__0.0050,60,NQ_ONLY,logit,,0.005,314,175,0.557324840764331,162,0.515923566878981,0.0414012738853503,173,0.550955414012739,20.6666666666667,7,3,2,0.444444444444444,0.613445378151261,0.5,1,0.666666666666667,259,141,0.544401544401544,55,34,0.618181818181818,0.00442406545814605,FALSE,TRUE,,,,,FALSE
30__NQ_ONLY__xgb_d4__0.0050,30,NQ_ONLY,xgb_d4,4,0.005,253,141,0.557312252964427,141,0.557312252964427,0,230,0.909090909090909,30.6666666666667,14,2,2,0.5,0.588888888888889,0.454545454545455,1,0.454545454545455,221,125,0.565610859728507,32,16,0.5,0.00352202105855918,FALSE,TRUE,,,,,FALSE
60__NQ_ONLY__xgb_d3__0.0100,60,NQ_ONLY,xgb_d3,3,0.01,756,421,0.556878306878307,420,0.555555555555556,0.00132275132275132,347,0.458994708994709,31.6666666666667,20,2,2,0.428571428571429,0.64963503649635,0.186813186813187,0.833333333333333,0.582417582417583,717,401,0.559274755927476,39,20,0.512820512820513,0.00958079842109967,FALSE,TRUE,,,,,FALSE
60__NQ_ONLY__xgb_d4__0.0100,60,NQ_ONLY,xgb_d4,4,0.01,686,380,0.553935860058309,387,0.564139941690962,-0.0102040816326531,346,0.504373177842566,33.3333333333333,22,2,2,0.481012658227848,0.623076923076923,0.285714285714286,1,0.531645569620253,617,349,0.565640194489465,69,31,0.449275362318841,0.00877070717447171,FALSE,TRUE,,,,,FALSE
60__NQ_ES__xgb_d4__0.0200,60,NQ_ES,xgb_d4,4,0.02,1389,763,0.549316054715623,770,0.554355651547876,-0.00503959683225342,614,0.442044636429086,43.6666666666667,33,3,2,0.5,0.550847457627119,0.288135593220339,0.932203389830508,0.395604395604396,1330,737,0.554135338345865,59,26,0.440677966101695,0.0198763979046614,FALSE,TRUE,,,,,FALSE
30__NQ_ES__ranger__0.0050,30,NQ_ES,ranger,,0.005,335,184,0.549253731343284,184,0.549253731343284,0,304,0.907462686567164,38.6666666666667,37,2,2,0.467532467532468,0.625,0.333333333333333,1,0.28125,309,171,0.553398058252427,26,13,0.5,0.00455231191276946,FALSE,TRUE,,,,,FALSE
30__NQ_ES__xgb_d2__0.0050,30,NQ_ES,xgb_d2,2,0.005,275,151,0.549090909090909,154,0.56,-0.0109090909090909,255,0.927272727272727,36,29,3,2,0.462686567164179,0.623529411764706,0.6,1,0.343283582089552,270,150,0.555555555555556,5,1,0.2,0.00375461499599616,FALSE,TRUE,,,,,FALSE
60__NQ_ONLY__xgb_d3__0.0200,60,NQ_ONLY,xgb_d3,3,0.02,1431,783,0.547169811320755,785,0.548567435359888,-0.00139762403913347,616,0.43046820405311,44.6666666666667,36,3,2,0.469565217391304,0.597137014314928,0.25,0.85,0.369565217391304,1363,750,0.550256786500367,68,33,0.485294117647059,0.0195143830458184,FALSE,TRUE,,,,,FALSE
30__NQ_ONLY__xgb_d5__0.0050,30,NQ_ONLY,xgb_d5,5,0.005,267,146,0.546816479400749,145,0.543071161048689,0.00374531835205993,252,0.943820224719101,35.6666666666667,21,2,2,0.5,0.598425196850394,0.166666666666667,0.583333333333333,0.366666666666667,226,125,0.553097345132743,41,21,0.51219512195122,0.00373807256214193,FALSE,TRUE,,,,,FALSE
60__NQ_ES__xgb_d2__0.0050,60,NQ_ES,xgb_d2,2,0.005,505,274,0.542574257425743,277,0.548514851485149,-0.00594059405940594,200,0.396039603960396,18.3333333333333,14,3,2,0.411764705882353,0.578512396694215,0.714285714285714,1,0.75,496,271,0.546370967741936,9,3,0.333333333333333,0.0068572776741669,FALSE,TRUE,,,,,FALSE
60__NQ_ONLY__xgb_d5__0.0200,60,NQ_ONLY,xgb_d5,5,0.02,1300,705,0.542307692307692,692,0.532307692307692,0.01,686,0.527692307692308,46,37,3,2,0.493421052631579,0.547528517110266,0.297872340425532,0.723404255319149,0.375,1197,647,0.540517961570593,103,58,0.563106796116505,0.0182446708802157,FALSE,TRUE,,,,,FALSE
60__NQ_ONLY__xgb_d5__0.0100,60,NQ_ONLY,xgb_d5,5,0.01,702,380,0.541310541310541,373,0.531339031339031,0.00997150997150997,362,0.515669515669516,35.6666666666667,24,3,2,0.422535211267606,0.568904593639576,0.411764705882353,0.764705882352941,0.577464788732394,637,344,0.540031397174254,65,36,0.553846153846154,0.00944730992496806,FALSE,TRUE,,,,,FALSE
30__NQ_ES__xgb_d5__0.0050,30,NQ_ES,xgb_d5,5,0.005,270,145,0.537037037037037,148,0.548148148148148,-0.0111111111111111,251,0.92962962962963,36.6666666666667,26,2,2,0.5,0.58252427184466,0.333333333333333,1,0.307692307692308,229,126,0.550218340611354,41,19,0.463414634146342,0.00336225856466759,FALSE,TRUE,,,,,FALSE
10__NQ_ONLY__logit__0.0050,10,NQ_ONLY,logit,,0.005,293,157,0.535836177474403,163,0.556313993174061,-0.0204778156996587,293,1,35.6666666666667,16,3,2,0.494845360824742,0.590909090909091,0.333333333333333,1,0.409090909090909,209,118,0.564593301435407,84,39,0.464285714285714,0.00365628167494017,FALSE,TRUE,,,,,FALSE
10__NQ_ONLY__xgb_d5__0.0050,10,NQ_ONLY,xgb_d5,5,0.005,285,152,0.533333333333333,143,0.501754385964912,0.0315789473684211,285,1,39,28,3,2,0.5,0.619047619047619,0.130434782608696,0.478260869565217,0.285714285714286,163,87,0.533742331288344,122,65,0.532786885245902,0.00434142541766694,FALSE,TRUE,,,,,FALSE
60__NQ_ONLY__xgb_d2__0.0200,60,NQ_ONLY,xgb_d2,2,0.02,1408,750,0.532670454545455,755,0.536221590909091,-0.00355113636363636,536,0.380681818181818,39.6666666666667,38,3,2,0.495049504950495,0.58252427184466,0.241379310344828,0.931034482758621,0.306930693069307,1381,739,0.535119478638668,27,11,0.407407407407407,0.0187481670672082,FALSE,TRUE,,,,,FALSE
5__NQ_ES__logit__0.0050,5,NQ_ES,logit,,0.005,303,161,0.531353135313531,166,0.547854785478548,-0.0165016501650165,303,1,36.3333333333333,21,2,2,0.491803278688525,0.645161290322581,0.214285714285714,0.571428571428571,0.308823529411765,176,101,0.573863636363636,127,60,0.47244094488189,0.00413737466436081,FALSE,TRUE,,,,,FALSE
10__NQ_ES__xgb_d3__0.0050,10,NQ_ES,xgb_d3,3,0.005,277,145,0.523465703971119,143,0.516245487364621,0.0072202166064982,277,1,39,37,3,2,0.494623655913979,0.556701030927835,0.105263157894737,0.526315789473684,0.191176470588235,195,103,0.528205128205128,82,42,0.51219512195122,0.00407599263443,FALSE,TRUE,,,,,FALSE
1__NQ_ONLY__xgb_d4__0.0050,1,NQ_ONLY,xgb_d4,4,0.005,277,142,0.512635379061372,136,0.490974729241877,0.0216606498194946,277,1,41,37,2,2,0.453488372093023,0.60655737704918,0.111111111111111,0.333333333333333,0.180327868852459,142,75,0.528169014084507,135,67,0.496296296296296,0.00442757752016879,FALSE,TRUE,,,,,FALSE
7__NQ_ES__xgb_d4__0.0050,7,NQ_ES,xgb_d4,4,0.005,297,151,0.508417508417509,135,0.454545454545455,0.0538720538720539,297,1,41.3333333333333,35,3,2,0.426229508196721,0.543478260869565,0.111111111111111,0.333333333333333,0.163934426229508,177,84,0.474576271186441,120,67,0.558333333333333,0.00425402108048356,FALSE,TRUE,,,,,FALSE
3__NQ_ES__xgb_d4__0.0050,3,NQ_ES,xgb_d4,4,0.005,294,149,0.506802721088435,141,0.479591836734694,0.0272108843537415,294,1,44,42,3,2,0.442105263157895,0.54320987654321,0.117647058823529,0.352941176470588,0.135802469135802,118,58,0.491525423728814,176,91,0.517045454545455,0.00417659876894786,FALSE,TRUE,,,,,FALSE
60__NQ_ONLY__xgb_d5__0.0050,60,NQ_ONLY,xgb_d5,5,0.005,362,193,0.533149171270718,194,0.535911602209945,-0.00276243093922652,201,0.55524861878453,25.6666666666667,12,2,1,0.354838709677419,0.617021276595745,1,1,0.774193548387097,333,179,0.537537537537538,29,14,0.482758620689655,0.00468788139294958,FALSE,FALSE,,,,,FALSE
60__NQ_ONLY__xgb_d2__0.0100,60,NQ_ONLY,xgb_d2,2,0.01,694,361,0.520172910662824,364,0.524495677233429,-0.00432276657060519,276,0.397694524495677,25.6666666666667,17,1,1,0.428571428571429,0.603571428571429,0.375,1,0.528571428571429,677,354,0.522895125553914,17,7,0.411764705882353,0.00894626100606544,FALSE,FALSE,,,,,FALSE
10__NQ_ES__logit__0.0050,10,NQ_ES,logit,,0.005,291,151,0.518900343642612,154,0.529209621993127,-0.0103092783505155,291,1,35.3333333333333,17,1,1,0.463157894736842,0.560240963855422,0.25,0.875,0.363636363636364,196,105,0.535714285714286,95,46,0.48421052631579,0.00372397588933786,FALSE,FALSE,,,,,FALSE
1__NQ_ES__xgb_d4__0.0050,1,NQ_ES,xgb_d4,4,0.005,299,154,0.51505016722408,143,0.478260869565217,0.0367892976588629,299,1,43.3333333333333,40,1,1,0.483516483516484,0.616438356164384,0.12,0.44,0.136986301369863,114,59,0.517543859649123,185,95,0.513513513513514,0.00459550060522073,FALSE,FALSE,,,,,FALSE
60__NQ_ONLY__xgb_d2__0.0050,60,NQ_ONLY,xgb_d2,2,0.005,358,182,0.508379888268156,185,0.516759776536313,-0.00837988826815642,150,0.418994413407821,16.6666666666667,13,2,1,0.40625,0.561728395061729,0.5,1,0.75,347,178,0.512968299711816,11,4,0.363636363636364,0.00451656546546284,FALSE,FALSE,,,,,FALSE
15__NQ_ONLY__logit__0.0050,15,NQ_ONLY,logit,,0.005,269,135,0.50185873605948,136,0.505576208178439,-0.00371747211895911,269,1,35,22,1,1,0.472222222222222,0.550847457627119,0.181818181818182,0.727272727272727,0.25,248,125,0.504032258064516,21,10,0.476190476190476,0.00366090625822005,FALSE,FALSE,,,,,FALSE
1__NQ_ES__xgb_d5__0.0050,1,NQ_ES,xgb_d5,5,0.005,284,142,0.5,136,0.47887323943662,0.0211267605633803,284,1,38.6666666666667,31,1,1,0.444444444444444,0.529411764705882,0.1,0.5,0.185185185185185,103,52,0.504854368932039,181,90,0.497237569060774,0.00419162319590726,FALSE,FALSE,,,,,FALSE
15__NQ_ES__logit__0.0050,15,NQ_ES,logit,,0.005,271,133,0.490774907749078,146,0.538745387453875,-0.0479704797047971,271,1,33.3333333333333,17,1,1,0.463768115942029,0.615384615384615,0.2,1,0.423076923076923,228,118,0.517543859649123,43,15,0.348837209302326,0.00340479505750204,FALSE,FALSE,,,,,FALSE
30__NQ_ONLY__ranger__0.0050,30,NQ_ONLY,ranger,,0.005,305,149,0.488524590163934,155,0.508196721311475,-0.019672131147541,265,0.868852459016394,38.6666666666667,35,1,1,0.424242424242424,0.553191489361702,0.333333333333333,1,0.25531914893617,257,128,0.498054474708171,48,21,0.4375,0.00405551958797479,FALSE,FALSE,,,,,FALSE
