fold,signal_et,signal_date,week_id,season,asia_session,london_session,us_rth_session,us_last60,opening30_known,nq_rth_gap,nq_open30_ret,nq_prevclose_to_1000,p_up,confidence,cutoff,selected,prediction,outcome,win,baseline_win
2023,2023-01-03T02:45:00Z,2023-01-02,2023-01,winter,1,0,0,0,0,0,0,0,0.41913628578186,0.0808637142181397,0.077525627017021,TRUE,-1,-1,1,0
2023,2023-01-03T08:00:00Z,2023-01-03,2023-01,winter,0,1,0,0,0,0,0,0,0.410718411207199,0.0892815887928009,0.077525627017021,TRUE,-1,1,0,1
2023,2023-01-03T14:15:00Z,2023-01-03,2023-01,winter,0,1,0,0,0,0,0,0,0.41491374373436,0.0850862562656403,0.077525627017021,TRUE,-1,-1,1,0
2023,2023-01-04T18:00:00Z,2023-01-04,2023-01,winter,0,0,1,0,1,0.00825896282041479,-0.00481512695578763,0.00344383586462701,0.581804692745209,0.0818046927452087,0.077525627017021,TRUE,1,-1,0,0
2023,2023-01-05T00:45:00Z,2023-01-04,2023-01,winter,1,0,0,0,1,0.00825896282041479,-0.00481512695578763,0.00344383586462701,0.584756255149841,0.0847562551498413,0.077525627017021,TRUE,1,1,1,1
2023,2023-01-05T04:45:00Z,2023-01-04,2023-01,winter,1,0,0,0,1,0.00825896282041479,-0.00481512695578763,0.00344383586462701,0.409621208906174,0.0903787910938263,0.077525627017021,TRUE,-1,-1,1,0
2023,2023-01-05T10:00:00Z,2023-01-05,2023-01,winter,0,1,0,0,0,0,0,0,0.420174151659012,0.0798258483409882,0.077525627017021,TRUE,-1,-1,1,0
2023,2023-01-06T07:45:00Z,2023-01-06,2023-01,winter,0,0,0,0,0,0,0,0,0.582030534744263,0.0820305347442627,0.077525627017021,TRUE,1,1,1,1
2023,2023-01-09T09:45:00Z,2023-01-09,2023-02,winter,0,1,0,0,0,0,0,0,0.401342540979385,0.0986574590206146,0.077525627017021,TRUE,-1,-1,1,0
2023,2023-01-09T13:30:00Z,2023-01-09,2023-02,winter,0,1,0,0,0,0,0,0,0.419870585203171,0.0801294147968292,0.077525627017021,TRUE,-1,1,0,1
2023,2023-01-12T07:00:00Z,2023-01-12,2023-02,winter,0,0,0,0,0,0,0,0,0.579123437404633,0.0791234374046326,0.077525627017021,TRUE,1,-1,0,0
2023,2023-01-12T12:15:00Z,2023-01-12,2023-02,winter,0,1,0,0,0,0,0,0,0.419781416654587,0.0802185833454132,0.077525627017021,TRUE,-1,1,0,1
2023,2023-01-12T13:00:00Z,2023-01-12,2023-02,winter,0,1,0,0,0,0,0,0,0.399721801280975,0.100278198719025,0.077525627017021,TRUE,-1,1,0,1
2023,2023-01-16T06:30:00Z,2023-01-16,2023-03,winter,0,0,0,0,0,0,0,0,0.583287954330444,0.0832879543304443,0.077525627017021,TRUE,1,-1,0,0
2023,2023-01-16T16:45:00Z,2023-01-16,2023-03,winter,0,0,1,0,1,-0.001400937779641,0.000711490602764005,-0.000689447176876992,0.588553071022034,0.0885530710220337,0.077525627017021,TRUE,1,-1,0,0
2023,2023-01-18T00:15:00Z,2023-01-17,2023-03,winter,1,0,0,0,1,0.00300050953115246,0.00137850841395853,0.00437901794511103,0.581973195075989,0.0819731950759888,0.077525627017021,TRUE,1,1,1,1
2023,2023-01-18T03:45:00Z,2023-01-17,2023-03,winter,1,0,0,0,1,0.00300050953115246,0.00137850841395853,0.00437901794511103,0.579959332942963,0.0799593329429627,0.077525627017021,TRUE,1,1,1,1
2023,2023-01-19T09:00:00Z,2023-01-19,2023-03,winter,0,1,0,0,0,0,0,0,0.582828521728516,0.0828285217285156,0.077525627017021,TRUE,1,1,1,1
2023,2023-01-20T18:00:00Z,2023-01-20,2023-03,winter,0,0,1,0,1,0.00594593381413207,0.00181402971862226,0.00775996353275425,0.585637331008911,0.0856373310089111,0.077525627017021,TRUE,1,1,1,1
2023,2023-01-26T06:15:00Z,2023-01-26,2023-04,winter,1,0,0,0,0,0,0,0,0.413485318422318,0.0865146815776825,0.077525627017021,TRUE,-1,-1,1,0
2023,2023-01-26T13:00:00Z,2023-01-26,2023-04,winter,0,1,0,0,0,0,0,0,0.420715272426605,0.0792847275733948,0.077525627017021,TRUE,-1,-1,1,0
2023,2023-01-27T06:15:00Z,2023-01-27,2023-04,winter,1,0,0,0,0,0,0,0,0.58067774772644,0.0806777477264404,0.077525627017021,TRUE,1,1,1,1
2023,2023-02-01T12:15:00Z,2023-02-01,2023-05,winter,0,1,0,0,0,0,0,0,0.420761942863464,0.0792380571365356,0.077525627017021,TRUE,-1,1,0,1
2023,2023-02-01T12:30:00Z,2023-02-01,2023-05,winter,0,1,0,0,0,0,0,0,0.418517619371414,0.0814823806285858,0.077525627017021,TRUE,-1,-1,1,0
2023,2023-02-02T00:15:00Z,2023-02-01,2023-05,winter,1,0,0,0,1,-0.00080256000356695,0.00047338253279227,-0.000329177470774723,0.581516742706299,0.0815167427062988,0.077525627017021,TRUE,1,1,1,1
2023,2023-02-03T02:15:00Z,2023-02-02,2023-05,winter,1,0,0,0,1,0.0207560634364149,-0.000650778492060712,0.0201052849443542,0.583989799022675,0.0839897990226746,0.077525627017021,TRUE,1,1,1,1
2023,2023-02-03T02:45:00Z,2023-02-02,2023-05,winter,1,0,0,0,1,0.0207560634364149,-0.000650778492060712,0.0201052849443542,0.579105138778687,0.0791051387786865,0.077525627017021,TRUE,1,1,1,1
2023,2023-02-07T04:45:00Z,2023-02-06,2023-06,winter,1,0,0,0,1,-0.0091909851841656,0.00331212018902162,-0.00587886499514393,0.578969478607178,0.0789694786071777,0.077525627017021,TRUE,1,1,1,1
2023,2023-02-07T09:15:00Z,2023-02-07,2023-06,winter,0,1,0,0,0,0,0,0,0.42042264342308,0.0795773565769196,0.077525627017021,TRUE,-1,1,0,1
2023,2023-02-08T05:30:00Z,2023-02-08,2023-06,winter,1,0,0,0,0,0,0,0,0.582988858222961,0.0829888582229614,0.077525627017021,TRUE,1,1,1,1
2023,2023-02-08T05:45:00Z,2023-02-08,2023-06,winter,1,0,0,0,0,0,0,0,0.419394582509995,0.0806054174900055,0.077525627017021,TRUE,-1,1,0,1
2023,2023-02-09T10:00:00Z,2023-02-09,2023-06,winter,0,1,0,0,0,0,0,0,0.413876682519913,0.0861233174800873,0.077525627017021,TRUE,-1,-1,1,0
2023,2023-02-10T00:30:00Z,2023-02-09,2023-06,winter,1,0,0,0,1,0.0141894072010807,-0.00385888020197852,0.0103305269991023,0.582274317741394,0.082274317741394,0.077525627017021,TRUE,1,1,1,1
2023,2023-02-13T19:30:00Z,2023-02-13,2023-07,winter,0,0,1,0,1,0.00454578379183753,0.00472585919718897,0.00927164298902647,0.592635989189148,0.0926359891891479,0.077525627017021,TRUE,1,-1,0,0
2023,2023-02-20T11:30:00Z,2023-02-20,2023-08,winter,0,1,0,0,0,0,0,0,0.421690404415131,0.0783095955848694,0.077525627017021,TRUE,-1,-1,1,0
2023,2023-02-20T14:15:00Z,2023-02-20,2023-08,winter,0,1,0,0,0,0,0,0,0.581880807876587,0.0818808078765869,0.077525627017021,TRUE,1,1,1,1
2023,2023-02-20T17:30:00Z,2023-02-20,2023-08,winter,0,0,1,0,1,0.00010086644282879,-0.000504433985333287,-0.00040356754250462,0.420845359563828,0.0791546404361725,0.077525627017021,TRUE,-1,-1,1,0
2023,2023-02-22T06:30:00Z,2023-02-22,2023-08,winter,0,0,0,0,0,0,0,0,0.578484535217285,0.0784845352172852,0.077525627017021,TRUE,1,1,1,1
2023,2023-02-23T21:00:00Z,2023-02-23,2023-08,winter,0,0,0,0,1,0.0122766420450988,-0.00167452917480429,0.0106021128702945,0.578631401062012,0.0786314010620117,0.077525627017021,TRUE,1,-1,0,0
2023,2023-02-28T20:00:00Z,2023-02-28,2023-09,winter,0,0,1,1,1,-0.00234053897794412,0.0030437011685198,0.000703162190575708,0.577938079833984,0.0779380798339844,0.077525627017021,TRUE,1,-1,0,0
2023,2023-03-01T12:15:00Z,2023-03-01,2023-09,spring,0,1,0,0,0,0,0,0,0.578525245189667,0.0785252451896668,0.077525627017021,TRUE,1,1,1,1
2023,2023-03-03T05:15:00Z,2023-03-03,2023-09,spring,1,0,0,0,0,0,0,0,0.419928342103958,0.0800716578960419,0.077525627017021,TRUE,-1,-1,1,0
2023,2023-03-03T06:45:00Z,2023-03-03,2023-09,spring,0,0,0,0,0,0,0,0,0.422462701797485,0.0775372982025147,0.077525627017021,TRUE,-1,-1,1,0
2023,2023-03-03T12:45:00Z,2023-03-03,2023-09,spring,0,1,0,0,0,0,0,0,0.580299019813538,0.0802990198135376,0.077525627017021,TRUE,1,-1,0,0
2023,2023-03-06T07:00:00Z,2023-03-06,2023-10,spring,0,0,0,0,0,0,0,0,0.390747934579849,0.109252065420151,0.077525627017021,TRUE,-1,-1,1,0
2023,2023-03-06T13:00:00Z,2023-03-06,2023-10,spring,0,1,0,0,0,0,0,0,0.421699404716492,0.0783005952835083,0.077525627017021,TRUE,-1,1,0,1
2023,2023-03-06T17:45:00Z,2023-03-06,2023-10,spring,0,0,1,0,1,0.00391112330205477,0.00179843443269957,0.00570955773475436,0.583298206329346,0.0832982063293457,0.077525627017021,TRUE,1,-1,0,0
2023,2023-03-09T05:15:00Z,2023-03-09,2023-10,spring,1,0,0,0,0,0,0,0,0.416529148817062,0.0834708511829376,0.077525627017021,TRUE,-1,-1,1,0
2023,2023-03-14T02:15:00Z,2023-03-13,2023-11,spring,1,0,0,0,1,-0.00616272770773364,0.010081987644714,0.00391925993698028,0.409695535898209,0.0903044641017914,0.077525627017021,TRUE,-1,-1,1,0
2023,2023-03-17T07:00:00Z,2023-03-17,2023-11,spring,0,0,0,0,0,0,0,0,0.419508665800095,0.0804913341999054,0.077525627017021,TRUE,-1,-1,1,0
2023,2023-03-20T06:30:00Z,2023-03-20,2023-12,spring,0,0,0,0,0,0,0,0,0.578027904033661,0.0780279040336609,0.077525627017021,TRUE,1,1,1,1
2023,2023-03-21T10:00:00Z,2023-03-21,2023-12,spring,0,1,0,0,0,0,0,0,0.418482154607773,0.0815178453922272,0.077525627017021,TRUE,-1,-1,1,0
2023,2023-03-21T18:00:00Z,2023-03-21,2023-12,spring,0,0,1,0,1,0.00645904496387278,0.00310665444612174,0.00956569940999441,0.584327638149262,0.0843276381492615,0.077525627017021,TRUE,1,1,1,1
2023,2023-03-22T07:30:00Z,2023-03-22,2023-12,spring,0,0,0,0,0,0,0,0,0.581238567829132,0.0812385678291321,0.077525627017021,TRUE,1,0,0,0
2023,2023-03-23T18:30:00Z,2023-03-23,2023-12,spring,0,0,1,0,1,0.0122095905109566,0.00269958116540831,0.0149091716763648,0.588805556297302,0.0888055562973023,0.077525627017021,TRUE,1,1,1,1
2023,2023-03-23T18:45:00Z,2023-03-23,2023-12,spring,0,0,1,0,1,0.0122095905109566,0.00269958116540831,0.0149091716763648,0.57871812582016,0.0787181258201599,0.077525627017021,TRUE,1,1,1,1
2023,2023-03-24T01:15:00Z,2023-03-23,2023-12,spring,1,0,0,0,1,0.0122095905109566,0.00269958116540831,0.0149091716763648,0.589613974094391,0.0896139740943909,0.077525627017021,TRUE,1,1,1,1
2023,2023-03-31T17:30:00Z,2023-03-31,2023-13,spring,0,0,1,0,1,0.000515714992950367,0.00369770744396133,0.00421342243691169,0.578440606594086,0.0784406065940857,0.077525627017021,TRUE,1,-1,0,0
2023,2023-04-03T06:30:00Z,2023-04-03,2023-14,spring,0,0,0,0,0,0,0,0,0.580281376838684,0.0802813768386841,0.077525627017021,TRUE,1,1,1,1
2023,2023-04-03T07:00:00Z,2023-04-03,2023-14,spring,0,1,0,0,0,0,0,0,0.414433151483536,0.0855668485164642,0.077525627017021,TRUE,-1,-1,1,0
2023,2023-04-04T04:45:00Z,2023-04-04,2023-14,spring,1,0,0,0,0,0,0,0,0.403094291687012,0.0969057083129883,0.077525627017021,TRUE,-1,-1,1,0
2023,2023-04-04T09:45:00Z,2023-04-04,2023-14,spring,0,1,0,0,0,0,0,0,0.41111946105957,0.0888805389404297,0.077525627017021,TRUE,-1,1,0,1
2023,2023-04-05T02:00:00Z,2023-04-04,2023-14,spring,1,0,0,0,1,0.00122395578911305,-0.000301142461480381,0.000922813327632727,0.590922057628632,0.0909220576286316,0.077525627017021,TRUE,1,1,1,1
2023,2023-04-07T02:45:00Z,2023-04-06,2023-14,spring,1,0,0,0,1,-0.00513568505762759,-0.00207708359928621,-0.00721276865691377,0.41233766078949,0.0876623392105103,0.077525627017021,TRUE,-1,-1,1,0
2023,2023-04-10T09:00:00Z,2023-04-10,2023-15,spring,0,1,0,0,0,0,0,0,0.39849203824997,0.101507961750031,0.077525627017021,TRUE,-1,-1,1,0
2023,2023-04-10T09:45:00Z,2023-04-10,2023-15,spring,0,1,0,0,0,0,0,0,0.40340855717659,0.09659144282341,0.077525627017021,TRUE,-1,-1,1,0
2023,2023-04-11T00:15:00Z,2023-04-10,2023-15,spring,1,0,0,0,1,-0.00972733208822652,-0.00436023471542068,-0.0140875668036471,0.402087032794952,0.0979129672050476,0.077525627017021,TRUE,-1,-1,1,0
2023,2023-04-11T09:00:00Z,2023-04-11,2023-15,spring,0,1,0,0,0,0,0,0,0.414181023836136,0.0858189761638641,0.077525627017021,TRUE,-1,1,0,1
2023,2023-04-13T20:45:00Z,2023-04-13,2023-15,spring,0,0,0,0,1,0.00532975430682267,0.00302740219725309,0.00835715650407577,0.595369040966034,0.0953690409660339,0.077525627017021,TRUE,1,0,0,0
2023,2023-04-14T00:45:00Z,2023-04-13,2023-15,spring,1,0,0,0,1,0.00532975430682267,0.00302740219725309,0.00835715650407577,0.403278648853302,0.096721351146698,0.077525627017021,TRUE,-1,-1,1,0
2023,2023-04-17T09:45:00Z,2023-04-17,2023-16,spring,0,1,0,0,0,0,0,0,0.584057331085205,0.0840573310852051,0.077525627017021,TRUE,1,1,1,1
2023,2023-04-20T04:00:00Z,2023-04-20,2023-16,spring,1,0,0,0,0,0,0,0,0.414979100227356,0.085020899772644,0.077525627017021,TRUE,-1,-1,1,0
2023,2023-04-20T23:45:00Z,2023-04-20,2023-16,spring,0,0,0,0,1,-0.0100060870869285,0.00491072841945824,-0.00509535866747029,0.585178852081299,0.0851788520812988,0.077525627017021,TRUE,1,1,1,1
2023,2023-04-21T06:45:00Z,2023-04-21,2023-16,spring,0,0,0,0,0,0,0,0,0.579283952713013,0.0792839527130127,0.077525627017021,TRUE,1,-1,0,0
2023,2023-04-24T08:45:00Z,2023-04-24,2023-17,spring,0,1,0,0,0,0,0,0,0.583140194416046,0.0831401944160461,0.077525627017021,TRUE,1,1,1,1
2023,2023-04-24T11:00:00Z,2023-04-24,2023-17,spring,0,1,0,0,0,0,0,0,0.413791656494141,0.0862083435058594,0.077525627017021,TRUE,-1,-1,1,0
2023,2023-04-25T07:30:00Z,2023-04-25,2023-17,spring,0,1,0,0,0,0,0,0,0.588685810565949,0.0886858105659485,0.077525627017021,TRUE,1,1,1,1
2023,2023-04-26T02:15:00Z,2023-04-25,2023-17,spring,1,0,0,0,1,-0.0054515923480113,-0.000693174187763028,-0.00614476653577434,0.580296874046326,0.0802968740463257,0.077525627017021,TRUE,1,1,1,1
2023,2023-04-26T17:45:00Z,2023-04-26,2023-17,spring,0,0,1,0,1,0.0110060799448789,0.000810466641561469,0.0118165465864402,0.57855898141861,0.0785589814186096,0.077525627017021,TRUE,1,-1,0,0
2023,2023-04-28T07:00:00Z,2023-04-28,2023-17,spring,0,1,0,0,0,0,0,0,0.577644228935242,0.0776442289352417,0.077525627017021,TRUE,1,1,1,1
2023,2023-04-28T07:15:00Z,2023-04-28,2023-17,spring,0,1,0,0,0,0,0,0,0.584222674369812,0.084222674369812,0.077525627017021,TRUE,1,1,1,1
2023,2023-04-28T12:00:00Z,2023-04-28,2023-17,spring,0,1,0,0,0,0,0,0,0.577605187892914,0.0776051878929138,0.077525627017021,TRUE,1,-1,0,0
2023,2023-05-01T20:45:00Z,2023-05-01,2023-18,spring,0,0,0,0,1,-0.00172773240596915,0.000732772826250386,-0.000994959579718839,0.580353736877441,0.0803537368774414,0.077525627017021,TRUE,1,-1,0,0
2023,2023-05-10T01:45:00Z,2023-05-09,2023-19,spring,1,0,0,0,1,-0.00551896428158483,0.00214362354325137,-0.00337534073833339,0.578507363796234,0.0785073637962341,0.077525627017021,TRUE,1,1,1,1
2023,2023-05-17T19:00:00Z,2023-05-17,2023-20,spring,0,0,1,1,1,0.0031658192303797,-0.00340690597641262,-0.000241086746033069,0.585192143917084,0.0851921439170837,0.077525627017021,TRUE,1,1,1,1
2023,2023-05-23T02:45:00Z,2023-05-22,2023-21,spring,1,0,0,0,1,-0.000739905289790019,0.00585012783661723,0.00511022254682738,0.586411356925964,0.0864113569259644,0.077525627017021,TRUE,1,-1,0,0
2023,2023-05-24T07:45:00Z,2023-05-24,2023-21,spring,0,1,0,0,0,0,0,0,0.583471894264221,0.0834718942642212,0.077525627017021,TRUE,1,1,1,1
2023,2023-05-25T07:45:00Z,2023-05-25,2023-21,spring,0,1,0,0,0,0,0,0,0.582511067390442,0.0825110673904419,0.077525627017021,TRUE,1,1,1,1
2023,2023-05-29T00:15:00Z,2023-05-28,2023-21,spring,1,0,0,0,0,0,0,0,0.402034282684326,0.0979657173156738,0.077525627017021,TRUE,-1,-1,1,0
2023,2023-05-29T06:00:00Z,2023-05-29,2023-22,spring,1,0,0,0,0,0,0,0,0.418702453374863,0.0812975466251373,0.077525627017021,TRUE,-1,-1,1,0
2023,2023-05-31T02:15:00Z,2023-05-30,2023-22,spring,1,0,0,0,1,0.00728005359524576,-0.0046281987770668,0.00265185481817908,0.582823038101196,0.0828230381011963,0.077525627017021,TRUE,1,-1,0,0
2023,2023-05-31T06:15:00Z,2023-05-31,2023-22,spring,1,0,0,0,0,0,0,0,0.581307828426361,0.0813078284263611,0.077525627017021,TRUE,1,1,1,1
2023,2023-06-01T01:00:00Z,2023-05-31,2023-22,spring,1,0,0,0,1,-0.00466460970413765,0.00318751739536587,-0.00147709230877183,0.581431329250336,0.0814313292503357,0.077525627017021,TRUE,1,1,1,1
2023,2023-06-01T12:15:00Z,2023-06-01,2023-22,summer,0,1,0,0,0,0,0,0,0.578116357326508,0.0781163573265076,0.077525627017021,TRUE,1,-1,0,0
2023,2023-06-02T07:15:00Z,2023-06-02,2023-22,summer,0,1,0,0,0,0,0,0,0.57998263835907,0.0799826383590698,0.077525627017021,TRUE,1,1,1,1
2023,2023-06-02T09:00:00Z,2023-06-02,2023-22,summer,0,1,0,0,0,0,0,0,0.405967772006989,0.0940322279930115,0.077525627017021,TRUE,-1,-1,1,0
2023,2023-06-02T09:15:00Z,2023-06-02,2023-22,summer,0,1,0,0,0,0,0,0,0.421405702829361,0.078594297170639,0.077525627017021,TRUE,-1,1,0,1
2023,2023-06-05T04:30:00Z,2023-06-05,2023-23,summer,1,0,0,0,0,0,0,0,0.580240190029144,0.0802401900291443,0.077525627017021,TRUE,1,1,1,1
2023,2023-06-05T23:45:00Z,2023-06-05,2023-23,summer,0,0,0,0,1,-0.000771929260998413,0.00197152496977664,0.00119959570877833,0.592999994754791,0.0929999947547913,0.077525627017021,TRUE,1,-1,0,0
2023,2023-06-08T17:45:00Z,2023-06-08,2023-23,summer,0,0,1,0,1,0.000435999623227201,0.00282067987758181,0.00325667950080895,0.577707707881928,0.0777077078819275,0.077525627017021,TRUE,1,1,1,1
2023,2023-06-09T16:00:00Z,2023-06-09,2023-23,summer,0,0,1,0,1,0.00426681995513139,0.00629804755018551,0.0105648675053169,0.583057999610901,0.0830579996109009,0.077525627017021,TRUE,1,1,1,1
2023,2023-06-13T03:45:00Z,2023-06-12,2023-24,summer,1,0,0,0,1,0.00454090587239803,-0.000564348577172055,0.00397655729522586,0.396192222833633,0.103807777166367,0.077525627017021,TRUE,-1,1,0,1
2023,2023-06-14T07:15:00Z,2023-06-14,2023-24,summer,0,1,0,0,0,0,0,0,0.405279278755188,0.094720721244812,0.077525627017021,TRUE,-1,1,0,1
2023,2023-06-15T01:45:00Z,2023-06-14,2023-24,summer,1,0,0,0,1,0,0.00163821884515565,0,0.580727994441986,0.0807279944419861,0.077525627017021,TRUE,1,-1,0,0
2023,2023-06-15T16:15:00Z,2023-06-15,2023-24,summer,0,0,1,0,1,-0.00410292476013132,0.00398781116755558,-0.000115113592575622,0.583677470684052,0.0836774706840515,0.077525627017021,TRUE,1,1,1,1
2023,2023-06-15T17:15:00Z,2023-06-15,2023-24,summer,0,0,1,0,1,-0.00410292476013132,0.00398781116755558,-0.000115113592575622,0.584355592727661,0.0843555927276611,0.077525627017021,TRUE,1,1,1,1
2023,2023-06-27T01:00:00Z,2023-06-26,2023-26,summer,1,0,0,0,1,-0.00156164369782848,0.00662846691663718,0.00506682321880852,0.593980193138123,0.0939801931381226,0.077525627017021,TRUE,1,-1,0,0
2023,2023-06-27T23:15:00Z,2023-06-27,2023-26,summer,0,0,0,0,1,0.00406381751544257,0.00274463379162863,0.00680845130707113,0.578619599342346,0.0786195993423462,0.077525627017021,TRUE,1,1,1,1
2023,2023-06-28T02:45:00Z,2023-06-27,2023-26,summer,1,0,0,0,1,0.00406381751544257,0.00274463379162863,0.00680845130707113,0.411354929208756,0.0886450707912445,0.077525627017021,TRUE,-1,-1,1,0
2023,2023-06-28T05:45:00Z,2023-06-28,2023-26,summer,1,0,0,0,0,0,0,0,0.402482271194458,0.097517728805542,0.077525627017021,TRUE,-1,-1,1,0
2023,2023-06-30T09:30:00Z,2023-06-30,2023-26,summer,0,1,0,0,0,0,0,0,0.419202595949173,0.080797404050827,0.077525627017021,TRUE,-1,-1,1,0
2023,2023-06-30T15:45:00Z,2023-06-30,2023-26,summer,0,0,1,0,1,0.00980068954539747,0.00405680069561447,0.013857490241012,0.577610015869141,0.0776100158691406,0.077525627017021,TRUE,1,-1,0,0
2023,2023-06-30T20:00:00Z,2023-06-30,2023-26,summer,0,0,0,0,1,0.00980068954539747,0.00405680069561447,0.013857490241012,0.582634091377258,0.0826340913772583,0.077525627017021,TRUE,1,-1,0,0
2023,2023-07-02T23:15:00Z,2023-07-02,2023-26,summer,0,0,0,0,0,0,0,0,0.416185408830643,0.0838145911693573,0.077525627017021,TRUE,-1,-1,1,0
2023,2023-07-06T05:45:00Z,2023-07-06,2023-27,summer,1,0,0,0,0,0,0,0,0.577972173690796,0.0779721736907959,0.077525627017021,TRUE,1,1,1,1
2023,2023-07-06T06:45:00Z,2023-07-06,2023-27,summer,0,0,0,0,0,0,0,0,0.579699575901032,0.0796995759010315,0.077525627017021,TRUE,1,1,1,1
2023,2023-07-11T06:15:00Z,2023-07-11,2023-28,summer,1,0,0,0,0,0,0,0,0.418860971927643,0.0811390280723572,0.077525627017021,TRUE,-1,-1,1,0
2023,2023-07-11T16:00:00Z,2023-07-11,2023-28,summer,0,0,1,0,1,0.000789681536167162,-0.002354433759903,-0.0015647522237358,0.421271979808807,0.0787280201911926,0.077525627017021,TRUE,-1,1,0,1
2023,2023-07-12T04:30:00Z,2023-07-12,2023-28,summer,1,0,0,0,0,0,0,0,0.402119636535645,0.0978803634643555,0.077525627017021,TRUE,-1,-1,1,0
2023,2023-07-12T13:15:00Z,2023-07-12,2023-28,summer,0,1,0,0,0,0,0,0,0.41114616394043,0.0888538360595703,0.077525627017021,TRUE,-1,-1,1,0
2023,2023-07-12T15:30:00Z,2023-07-12,2023-28,summer,0,0,1,0,1,0.0111931436216055,0.00210403728933521,0.0132971809109408,0.580038607120514,0.0800386071205139,0.077525627017021,TRUE,1,-1,0,0
2023,2023-07-14T06:00:00Z,2023-07-14,2023-28,summer,1,0,0,0,0,0,0,0,0.409076273441315,0.0909237265586853,0.077525627017021,TRUE,-1,-1,1,0
2023,2023-07-18T05:45:00Z,2023-07-18,2023-29,summer,1,0,0,0,0,0,0,0,0.422303766012192,0.0776962339878082,0.077525627017021,TRUE,-1,-1,1,0
2023,2023-07-25T19:00:00Z,2023-07-25,2023-30,summer,0,0,1,1,1,0.00162104504605858,0.00473570576598111,0.00635675081203988,0.582340598106384,0.0823405981063843,0.077525627017021,TRUE,1,1,1,1
2023,2023-07-25T20:00:00Z,2023-07-25,2023-30,summer,0,0,0,0,1,0.00162104504605858,0.00473570576598111,0.00635675081203988,0.580503523349762,0.080503523349762,0.077525627017021,TRUE,1,1,1,1
2023,2023-07-25T23:15:00Z,2023-07-25,2023-30,summer,0,0,0,0,1,0.00162104504605858,0.00473570576598111,0.00635675081203988,0.581549346446991,0.081549346446991,0.077525627017021,TRUE,1,1,1,1
2023,2023-07-27T14:15:00Z,2023-07-27,2023-30,summer,0,1,1,0,1,0.0141190039204244,0.00228665247125644,0.016405656391681,0.579049646854401,0.0790496468544006,0.077525627017021,TRUE,1,-1,0,0
2023,2023-07-27T14:30:00Z,2023-07-27,2023-30,summer,0,1,1,0,1,0.0141190039204244,0.00228665247125644,0.016405656391681,0.583227097988129,0.0832270979881287,0.077525627017021,TRUE,1,1,1,1
2023,2023-07-27T15:00:00Z,2023-07-27,2023-30,summer,0,1,1,0,1,0.0141190039204244,0.00228665247125644,0.016405656391681,0.579850733280182,0.0798507332801819,0.077525627017021,TRUE,1,1,1,1
2023,2023-07-28T03:30:00Z,2023-07-27,2023-30,summer,1,0,0,0,1,0.0141190039204244,0.00228665247125644,0.016405656391681,0.411721646785736,0.0882783532142639,0.077525627017021,TRUE,-1,1,0,1
2023,2023-07-28T17:00:00Z,2023-07-28,2023-30,summer,0,0,1,0,1,0.0109732363306047,0.00321954205382585,0.0141927783844305,0.58286839723587,0.0828683972358704,0.077525627017021,TRUE,1,-1,0,0
2023,2023-07-28T17:30:00Z,2023-07-28,2023-30,summer,0,0,1,0,1,0.0109732363306047,0.00321954205382585,0.0141927783844305,0.585868656635284,0.0858686566352844,0.077525627017021,TRUE,1,-1,0,0
2023,2023-07-28T19:30:00Z,2023-07-28,2023-30,summer,0,0,1,1,1,0.0109732363306047,0.00321954205382585,0.0141927783844305,0.578836739063263,0.0788367390632629,0.077525627017021,TRUE,1,1,1,1
2023,2023-07-31T23:30:00Z,2023-07-31,2023-31,summer,0,0,0,0,1,0.000646488878467715,-0.0020196926835241,-0.00137320380505628,0.586599230766296,0.0865992307662964,0.077525627017021,TRUE,1,1,1,1
2023,2023-08-01T03:30:00Z,2023-07-31,2023-31,summer,1,0,0,0,1,0.000646488878467715,-0.0020196926835241,-0.00137320380505628,0.587433755397797,0.0874337553977966,0.077525627017021,TRUE,1,-1,0,0
2023,2023-08-01T09:45:00Z,2023-08-01,2023-31,summer,0,1,0,0,0,0,0,0,0.577914595603943,0.0779145956039429,0.077525627017021,TRUE,1,1,1,1
2023,2023-08-02T01:15:00Z,2023-08-01,2023-31,summer,1,0,0,0,1,-0.00420095691969368,-0.00107676726897159,-0.0052777241886652,0.417601734399796,0.0823982656002045,0.077525627017021,TRUE,-1,1,0,1
2023,2023-08-02T08:00:00Z,2023-08-02,2023-31,summer,0,1,0,0,0,0,0,0,0.579933404922485,0.0799334049224854,0.077525627017021,TRUE,1,-1,0,0
2023,2023-08-03T18:00:00Z,2023-08-03,2023-31,summer,0,0,1,0,1,-0.00715302510588179,0.00513071429135237,-0.00202231081452929,0.578537166118622,0.0785371661186218,0.077525627017021,TRUE,1,1,1,1
2023,2023-08-07T10:30:00Z,2023-08-07,2023-32,summer,0,1,0,0,0,0,0,0,0.579190373420715,0.0791903734207153,0.077525627017021,TRUE,1,1,1,1
2023,2023-08-10T01:45:00Z,2023-08-09,2023-32,summer,1,0,0,0,1,0.000700069221477182,-0.00533613100291525,-0.00463606178143802,0.579152584075928,0.0791525840759277,0.077525627017021,TRUE,1,1,1,1
2023,2023-08-11T08:00:00Z,2023-08-11,2023-32,summer,0,1,0,0,0,0,0,0,0.578443765640259,0.0784437656402588,0.077525627017021,TRUE,1,-1,0,0
2023,2023-08-21T09:15:00Z,2023-08-21,2023-34,summer,0,1,0,0,0,0,0,0,0.417929440736771,0.0820705592632294,0.077525627017021,TRUE,-1,-1,1,0
2023,2023-08-22T06:15:00Z,2023-08-22,2023-34,summer,1,0,0,0,0,0,0,0,0.407834708690643,0.0921652913093567,0.077525627017021,TRUE,-1,1,0,1
2023,2023-08-22T19:15:00Z,2023-08-22,2023-34,summer,0,0,1,1,1,0.00694851275521907,-0.0057481925257476,0.00120032022947148,0.418814450502396,0.0811855494976044,0.077525627017021,TRUE,-1,-1,1,0
2023,2023-08-23T10:30:00Z,2023-08-23,2023-34,summer,0,1,0,0,0,0,0,0,0.579528152942658,0.0795281529426575,0.077525627017021,TRUE,1,1,1,1
2023,2023-08-23T15:45:00Z,2023-08-23,2023-34,summer,0,0,1,0,1,0.00326999407147332,0.00563063615455679,0.0089006302260301,0.580058157444,0.0800581574440002,0.077525627017021,TRUE,1,1,1,1
2023,2023-08-23T18:15:00Z,2023-08-23,2023-34,summer,0,0,1,0,1,0.00326999407147332,0.00563063615455679,0.0089006302260301,0.582375168800354,0.082375168800354,0.077525627017021,TRUE,1,-1,0,0
2023,2023-08-24T03:00:00Z,2023-08-23,2023-34,summer,1,0,0,0,1,0.00326999407147332,0.00563063615455679,0.0089006302260301,0.402765154838562,0.097234845161438,0.077525627017021,TRUE,-1,-1,1,0
2023,2023-08-28T06:00:00Z,2023-08-28,2023-35,summer,1,0,0,0,0,0,0,0,0.419551640748978,0.0804483592510223,0.077525627017021,TRUE,-1,1,0,1
2023,2023-08-31T06:00:00Z,2023-08-31,2023-35,summer,1,0,0,0,0,0,0,0,0.415671229362488,0.0843287706375122,0.077525627017021,TRUE,-1,-1,1,0
2023,2023-08-31T11:45:00Z,2023-08-31,2023-35,summer,0,1,0,0,0,0,0,0,0.41594797372818,0.0840520262718201,0.077525627017021,TRUE,-1,0,0,0
2023,2023-09-04T15:00:00Z,2023-09-04,2023-36,autumn,0,1,1,0,1,0.00225261559452775,0.00134913772029832,0.00360175331482586,0.57927417755127,0.0792741775512695,0.077525627017021,TRUE,1,-1,0,0
2023,2023-09-05T00:45:00Z,2023-09-04,2023-36,autumn,1,0,0,0,1,0.00225261559452775,0.00134913772029832,0.00360175331482586,0.593505620956421,0.0935056209564209,0.077525627017021,TRUE,1,1,1,1
2023,2023-09-05T12:30:00Z,2023-09-05,2023-36,autumn,0,1,0,0,0,0,0,0,0.57785040140152,0.0778504014015198,0.077525627017021,TRUE,1,-1,0,0
2023,2023-09-07T18:30:00Z,2023-09-07,2023-36,autumn,0,0,1,0,1,-0.012909308807805,-0.000509981668164444,-0.0134192904759694,0.587756156921387,0.0877561569213867,0.077525627017021,TRUE,1,-1,0,0
2023,2023-09-08T05:45:00Z,2023-09-08,2023-36,autumn,1,0,0,0,0,0,0,0,0.412387996912003,0.0876120030879974,0.077525627017021,TRUE,-1,1,0,1
2023,2023-09-08T15:00:00Z,2023-09-08,2023-36,autumn,0,1,1,0,1,-0.000245501191913783,0.00390450003074432,0.00365899883883055,0.58067786693573,0.08067786693573,0.077525627017021,TRUE,1,1,1,1
2023,2023-09-18T17:00:00Z,2023-09-18,2023-38,autumn,0,0,1,0,1,-0.0022766828821435,0.00349420561758817,0.0012175227354447,0.578510642051697,0.0785106420516968,0.077525627017021,TRUE,1,-1,0,0
2023,2023-09-19T09:30:00Z,2023-09-19,2023-38,autumn,0,1,0,0,0,0,0,0,0.410897791385651,0.0891022086143494,0.077525627017021,TRUE,-1,-1,1,0
2023,2023-09-22T16:00:00Z,2023-09-22,2023-38,autumn,0,0,1,0,1,0.00508403152169899,0.000819747597118333,0.00590377911881727,0.586069226264954,0.0860692262649536,0.077525627017021,TRUE,1,1,1,1
2023,2023-09-22T17:15:00Z,2023-09-22,2023-38,autumn,0,0,1,0,1,0.00508403152169899,0.000819747597118333,0.00590377911881727,0.580700099468231,0.0807000994682312,0.077525627017021,TRUE,1,-1,0,0
2023,2023-09-22T17:45:00Z,2023-09-22,2023-38,autumn,0,0,1,0,1,0.00508403152169899,0.000819747597118333,0.00590377911881727,0.579691350460053,0.0796913504600525,0.077525627017021,TRUE,1,1,1,1
2023,2023-09-22T18:15:00Z,2023-09-22,2023-38,autumn,0,0,1,0,1,0.00508403152169899,0.000819747597118333,0.00590377911881727,0.594304740428925,0.0943047404289246,0.077525627017021,TRUE,1,1,1,1
2023,2023-09-26T03:45:00Z,2023-09-25,2023-39,autumn,1,0,0,0,1,-0.00284595822115332,0.0034679585606125,0.000622000339458991,0.401149123907089,0.0988508760929108,0.077525627017021,TRUE,-1,1,0,1
2023,2023-09-26T07:45:00Z,2023-09-26,2023-39,autumn,0,1,0,0,0,0,0,0,0.399019479751587,0.100980520248413,0.077525627017021,TRUE,-1,-1,1,0
2023,2023-09-27T05:00:00Z,2023-09-27,2023-39,autumn,1,0,0,0,0,0,0,0,0.42244216799736,0.0775578320026398,0.077525627017021,TRUE,-1,-1,1,0
2023,2023-09-29T19:00:00Z,2023-09-29,2023-39,autumn,0,0,1,1,1,0.00957810403444379,0.00206432782904329,0.0116424318634869,0.418058484792709,0.0819415152072907,0.077525627017021,TRUE,-1,-1,1,0
2023,2023-10-02T15:45:00Z,2023-10-02,2023-40,autumn,0,0,1,0,1,0.000369847358126051,0.00318845713988482,0.00355830449801111,0.583635568618774,0.0836355686187744,0.077525627017021,TRUE,1,-1,0,0
2023,2023-10-03T00:15:00Z,2023-10-02,2023-40,autumn,1,0,0,0,1,0.000369847358126051,0.00318845713988482,0.00355830449801111,0.578378617763519,0.0783786177635193,0.077525627017021,TRUE,1,1,1,1
2023,2023-10-09T05:30:00Z,2023-10-09,2023-41,autumn,1,0,0,0,0,0,0,0,0.395342350006104,0.104657649993896,0.077525627017021,TRUE,-1,1,0,1
2023,2023-10-09T16:45:00Z,2023-10-09,2023-41,autumn,0,0,1,0,1,-0.00670530802295577,0.00281041534645854,-0.00389489267649713,0.581048011779785,0.0810480117797852,0.077525627017021,TRUE,1,1,1,1
2023,2023-10-09T18:00:00Z,2023-10-09,2023-41,autumn,0,0,1,0,1,-0.00670530802295577,0.00281041534645854,-0.00389489267649713,0.420470058917999,0.0795299410820007,0.077525627017021,TRUE,-1,-1,1,0
2023,2023-10-11T14:15:00Z,2023-10-11,2023-41,autumn,0,1,1,0,1,0.00359530383521211,0.000326205740851462,0.00392150957606364,0.577686429023743,0.0776864290237427,0.077525627017021,TRUE,1,1,1,1
2023,2023-10-12T09:00:00Z,2023-10-12,2023-41,autumn,0,1,0,0,0,0,0,0,0.419125288724899,0.0808747112751007,0.077525627017021,TRUE,-1,-1,1,0
2023,2023-10-20T01:15:00Z,2023-10-19,2023-42,autumn,1,0,0,0,1,0.00425094459673403,-0.00195717499571929,0.00229376960101475,0.578726828098297,0.0787268280982971,0.077525627017021,TRUE,1,1,1,1
2023,2023-10-27T09:45:00Z,2023-10-27,2023-43,autumn,0,1,0,0,0,0,0,0,0.582349479198456,0.0823494791984558,0.077525627017021,TRUE,1,1,1,1
2023,2023-10-27T17:00:00Z,2023-10-27,2023-43,autumn,0,0,1,0,1,0.00789436234993689,0.00141439034553692,0.00930875269547371,0.582047700881958,0.082047700881958,0.077525627017021,TRUE,1,-1,0,0
2023,2023-10-27T17:15:00Z,2023-10-27,2023-43,autumn,0,0,1,0,1,0.00789436234993689,0.00141439034553692,0.00930875269547371,0.580867350101471,0.080867350101471,0.077525627017021,TRUE,1,-1,0,0
2023,2023-10-31T03:30:00Z,2023-10-30,2023-44,autumn,1,0,0,0,1,0.00696781744570544,0.00589941502415625,0.0128672324698616,0.406965285539627,0.0930347144603729,0.077525627017021,TRUE,-1,-1,1,0
2023,2023-10-31T18:30:00Z,2023-10-31,2023-44,autumn,0,0,1,0,1,3.46764685519734e-05,-0.00551128423700434,-0.00547660776845244,0.584340214729309,0.0843402147293091,0.077525627017021,TRUE,1,1,1,1
2023,2023-11-02T00:45:00Z,2023-11-01,2023-44,autumn,1,0,0,0,1,0.00211997769830189,0.0018405599120426,0.00396053761034461,0.420661687850952,0.0793383121490479,0.077525627017021,TRUE,-1,1,0,1
2023,2023-11-06T06:45:00Z,2023-11-06,2023-45,autumn,0,0,0,0,0,0,0,0,0.416516125202179,0.083483874797821,0.077525627017021,TRUE,-1,1,0,1
2023,2023-11-08T03:45:00Z,2023-11-07,2023-45,autumn,1,0,0,0,1,0.00275324253306041,0.00143915507201588,0.00419239760507639,0.596031129360199,0.096031129360199,0.077525627017021,TRUE,1,-1,0,0
2023,2023-11-09T03:00:00Z,2023-11-08,2023-45,autumn,1,0,0,0,1,0.000861403490751945,9.74706370478564e-05,0.000958874127799748,0.582380950450897,0.0823809504508972,0.077525627017021,TRUE,1,-1,0,0
2023,2023-11-09T05:45:00Z,2023-11-09,2023-45,autumn,1,0,0,0,0,0,0,0,0.422353774309158,0.0776462256908417,0.077525627017021,TRUE,-1,-1,1,0
2023,2023-11-14T19:00:00Z,2023-11-14,2023-46,autumn,0,0,1,0,1,0.0168532118122219,0.00318868760606705,0.020041899418289,0.588990867137909,0.0889908671379089,0.077525627017021,TRUE,1,-1,0,0
2023,2023-11-15T00:45:00Z,2023-11-14,2023-46,autumn,1,0,0,0,1,0.0168532118122219,0.00318868760606705,0.020041899418289,0.59443336725235,0.0944333672523499,0.077525627017021,TRUE,1,1,1,1
2023,2023-11-15T06:45:00Z,2023-11-15,2023-46,autumn,0,0,0,0,0,0,0,0,0.420481979846954,0.0795180201530457,0.077525627017021,TRUE,-1,0,0,0
2023,2023-11-20T10:45:00Z,2023-11-20,2023-47,autumn,0,1,0,0,0,0,0,0,0.583585739135742,0.0835857391357422,0.077525627017021,TRUE,1,1,1,1
2023,2023-11-21T01:30:00Z,2023-11-20,2023-47,autumn,1,0,0,0,1,-0.000157269796659799,0.00634972540690264,0.00619245561024285,0.419381082057953,0.0806189179420471,0.077525627017021,TRUE,-1,-1,1,0
2023,2023-11-21T07:00:00Z,2023-11-21,2023-47,autumn,0,0,0,0,0,0,0,0,0.41733255982399,0.0826674401760101,0.077525627017021,TRUE,-1,-1,1,0
2023,2023-11-27T10:15:00Z,2023-11-27,2023-48,autumn,0,1,0,0,0,0,0,0,0.421455711126328,0.0785442888736725,0.077525627017021,TRUE,-1,1,0,1
2023,2023-12-07T20:00:00Z,2023-12-07,2023-49,winter,0,0,1,1,1,0.00751202379757519,-0.00171161663896386,0.00580040715861128,0.586563766002655,0.086563766002655,0.077525627017021,TRUE,1,1,1,1
2023,2023-12-08T11:15:00Z,2023-12-08,2023-49,winter,0,1,0,0,0,0,0,0,0.58062881231308,0.0806288123130798,0.077525627017021,TRUE,1,-1,0,0
2023,2023-12-11T02:30:00Z,2023-12-10,2023-49,winter,1,0,0,0,0,0,0,0,0.579785943031311,0.079785943031311,0.077525627017021,TRUE,1,1,1,1
2023,2023-12-12T13:30:00Z,2023-12-12,2023-50,winter,0,1,0,0,0,0,0,0,0.418145269155502,0.0818547308444977,0.077525627017021,TRUE,-1,-1,1,0
2023,2023-12-13T02:30:00Z,2023-12-12,2023-50,winter,1,0,0,0,1,-7.70018557827333e-05,0.00140050656582134,0.00132350471003847,0.584944069385529,0.0849440693855286,0.077525627017021,TRUE,1,-1,0,0
2023,2023-12-14T00:15:00Z,2023-12-13,2023-50,winter,1,0,0,0,1,0.0148299128709918,6.0204695984422e-05,0.0148901175669762,0.410254150629044,0.0897458493709564,0.077525627017021,TRUE,-1,1,0,1
2023,2023-12-14T02:45:00Z,2023-12-13,2023-50,winter,1,0,0,0,1,0.0148299128709918,6.0204695984422e-05,0.0148901175669762,0.578605771064758,0.0786057710647583,0.077525627017021,TRUE,1,1,1,1
2023,2023-12-14T05:00:00Z,2023-12-14,2023-50,winter,1,0,0,0,0,0,0,0,0.416511744260788,0.083488255739212,0.077525627017021,TRUE,-1,-1,1,0
2023,2023-12-14T07:30:00Z,2023-12-14,2023-50,winter,0,0,0,0,0,0,0,0,0.598962008953095,0.0989620089530945,0.077525627017021,TRUE,1,-1,0,0
2023,2023-12-14T16:15:00Z,2023-12-14,2023-50,winter,0,1,1,0,1,0.00244047740175154,0.00170776480296728,0.00414824220471867,0.581388413906097,0.0813884139060974,0.077525627017021,TRUE,1,1,1,1
2023,2023-12-15T18:00:00Z,2023-12-15,2023-50,winter,0,0,1,0,1,0.00190799926708383,0.00203813008955186,0.00394612935663555,0.581364452838898,0.0813644528388977,0.077525627017021,TRUE,1,1,1,1
2023,2023-12-15T18:45:00Z,2023-12-15,2023-50,winter,0,0,1,0,1,0.00190799926708383,0.00203813008955186,0.00394612935663555,0.588728189468384,0.0887281894683838,0.077525627017021,TRUE,1,1,1,1
2023,2023-12-18T21:00:00Z,2023-12-18,2023-51,winter,0,0,0,0,1,0.00158912891274689,0.00189770257099489,0.00348683148374161,0.592509746551514,0.0925097465515137,0.077525627017021,TRUE,1,-1,0,0
2023,2023-12-22T00:45:00Z,2023-12-21,2023-51,winter,1,0,0,0,1,0.0093806812003524,-0.0017003914996502,0.00768028970070207,0.583231210708618,0.0832312107086182,0.077525627017021,TRUE,1,-1,0,0
2023,2023-12-22T01:00:00Z,2023-12-21,2023-51,winter,1,0,0,0,1,0.0093806812003524,-0.0017003914996502,0.00768028970070207,0.586236476898193,0.0862364768981934,0.077525627017021,TRUE,1,-1,0,0
2023,2023-12-22T13:45:00Z,2023-12-22,2023-51,winter,0,1,0,0,0,0,0,0,0.401182234287262,0.098817765712738,0.077525627017021,TRUE,-1,-1,1,0
2023,2023-12-27T19:00:00Z,2023-12-27,2023-52,winter,0,0,1,0,1,0.000424271247357581,0.00138859474621427,0.00181286599357205,0.58434009552002,0.0843400955200195,0.077525627017021,TRUE,1,-1,0,0
2023,2023-12-28T04:45:00Z,2023-12-27,2023-52,winter,1,0,0,0,1,0.000424271247357581,0.00138859474621427,0.00181286599357205,0.579464793205261,0.0794647932052612,0.077525627017021,TRUE,1,1,1,1
2024,2024-01-02T00:30:00Z,2024-01-01,2024-01,winter,1,0,0,0,0,0,0,0,0.589402794837952,0.0894027948379517,0.0806277585029602,TRUE,1,1,1,1
2024,2024-01-02T05:15:00Z,2024-01-02,2024-01,winter,1,0,0,0,0,0,0,0,0.417356461286545,0.0826435387134552,0.0806277585029602,TRUE,-1,-1,1,0
2024,2024-01-02T06:15:00Z,2024-01-02,2024-01,winter,1,0,0,0,0,0,0,0,0.58358246088028,0.0835824608802795,0.0806277585029602,TRUE,1,1,1,1
2024,2024-01-04T03:30:00Z,2024-01-03,2024-01,winter,1,0,0,0,1,-0.00666049085532849,0.000225742128201969,-0.00643474872712656,0.588586390018463,0.0885863900184631,0.0806277585029602,TRUE,1,-1,0,0
2024,2024-01-04T05:00:00Z,2024-01-04,2024-01,winter,1,0,0,0,0,0,0,0,0.58257919549942,0.0825791954994202,0.0806277585029602,TRUE,1,1,1,1
2024,2024-01-04T07:30:00Z,2024-01-04,2024-01,winter,0,0,0,0,0,0,0,0,0.396530985832214,0.103469014167786,0.0806277585029602,TRUE,-1,-1,1,0
2024,2024-01-05T02:45:00Z,2024-01-04,2024-01,winter,1,0,0,0,1,-0.00530400710023966,0.000455733130571118,-0.00484827396966853,0.582941234111786,0.0829412341117859,0.0806277585029602,TRUE,1,1,1,1
2024,2024-01-05T08:00:00Z,2024-01-05,2024-01,winter,0,1,0,0,0,0,0,0,0.590540111064911,0.0905401110649109,0.0806277585029602,TRUE,1,1,1,1
2024,2024-01-10T03:15:00Z,2024-01-09,2024-02,winter,1,0,0,0,1,-0.00788758365444349,0.00214237105994224,-0.00574521259450113,0.591492176055908,0.0914921760559082,0.0806277585029602,TRUE,1,1,1,1
2024,2024-01-15T13:15:00Z,2024-01-15,2024-03,winter,0,1,0,0,0,0,0,0,0.58959436416626,0.0895943641662598,0.0806277585029602,TRUE,1,1,1,1
2024,2024-01-17T03:00:00Z,2024-01-16,2024-03,winter,1,0,0,0,1,-0.00312804575298021,-0.000192132897437889,-0.00332017865041806,0.590575873851776,0.0905758738517761,0.0806277585029602,TRUE,1,1,1,1
2024,2024-01-18T04:45:00Z,2024-01-17,2024-03,winter,1,0,0,0,1,-0.00844848300097092,-0.00705294098576913,-0.0155014239867401,0.593839168548584,0.093839168548584,0.0806277585029602,TRUE,1,1,1,1
2024,2024-01-18T11:45:00Z,2024-01-18,2024-03,winter,0,1,0,0,0,0,0,0,0.418005555868149,0.0819944441318512,0.0806277585029602,TRUE,-1,-1,1,0
2024,2024-01-19T09:15:00Z,2024-01-19,2024-03,winter,0,1,0,0,0,0,0,0,0.398801803588867,0.101198196411133,0.0806277585029602,TRUE,-1,-1,1,0
2024,2024-01-23T03:15:00Z,2024-01-22,2024-04,winter,1,0,0,0,1,0.00490410825385262,0.000684374893044648,0.00558848314689735,0.585474729537964,0.0854747295379639,0.0806277585029602,TRUE,1,1,1,1
2024,2024-01-23T04:00:00Z,2024-01-22,2024-04,winter,1,0,0,0,1,0.00490410825385262,0.000684374893044648,0.00558848314689735,0.591259121894836,0.0912591218948364,0.0806277585029602,TRUE,1,1,1,1
2024,2024-01-25T02:45:00Z,2024-01-24,2024-04,winter,1,0,0,0,1,0.00925564497423578,-0.00128668301019608,0.00796896196403965,0.597934186458588,0.0979341864585876,0.0806277585029602,TRUE,1,1,1,1
2024,2024-01-25T03:15:00Z,2024-01-24,2024-04,winter,1,0,0,0,1,0.00925564497423578,-0.00128668301019608,0.00796896196403965,0.588196694850922,0.0881966948509216,0.0806277585029602,TRUE,1,1,1,1
2024,2024-01-26T04:15:00Z,2024-01-25,2024-04,winter,1,0,0,0,1,0.00550264142454089,-0.00302341254029881,0.00247922888424212,0.593338429927826,0.0933384299278259,0.0806277585029602,TRUE,1,1,1,1
2024,2024-01-26T04:45:00Z,2024-01-25,2024-04,winter,1,0,0,0,1,0.00550264142454089,-0.00302341254029881,0.00247922888424212,0.589849710464478,0.0898497104644775,0.0806277585029602,TRUE,1,-1,0,0
2024,2024-01-26T06:00:00Z,2024-01-26,2024-04,winter,1,0,0,0,0,0,0,0,0.583956301212311,0.0839563012123108,0.0806277585029602,TRUE,1,-1,0,0
2024,2024-01-29T01:15:00Z,2024-01-28,2024-04,winter,1,0,0,0,0,0,0,0,0.418016403913498,0.0819835960865021,0.0806277585029602,TRUE,-1,-1,1,0
2024,2024-01-31T06:45:00Z,2024-01-31,2024-05,winter,0,0,0,0,0,0,0,0,0.580797851085663,0.0807978510856628,0.0806277585029602,TRUE,1,-1,0,0
2024,2024-02-01T12:45:00Z,2024-02-01,2024-05,winter,0,1,0,0,0,0,0,0,0.418180555105209,0.0818194448947907,0.0806277585029602,TRUE,-1,-1,1,0
2024,2024-02-01T21:30:00Z,2024-02-01,2024-05,winter,0,0,0,0,1,0.00395128713645175,-0.000202250762741353,0.00374903637371023,0.418258517980576,0.0817414820194244,0.0806277585029602,TRUE,-1,-1,1,0
2024,2024-02-02T21:00:00Z,2024-02-02,2024-05,winter,0,0,0,0,1,0.00386288679956714,0.00491429479043995,0.00877718159000695,0.583239555358887,0.0832395553588867,0.0806277585029602,TRUE,1,-1,0,0
2024,2024-02-05T07:45:00Z,2024-02-05,2024-06,winter,0,0,0,0,0,0,0,0,0.412819623947144,0.0871803760528565,0.0806277585029602,TRUE,-1,-1,1,0
2024,2024-02-05T12:15:00Z,2024-02-05,2024-06,winter,0,1,0,0,0,0,0,0,0.416493654251099,0.0835063457489014,0.0806277585029602,TRUE,-1,1,0,1
2024,2024-02-06T06:15:00Z,2024-02-06,2024-06,winter,1,0,0,0,0,0,0,0,0.584358751773834,0.0843587517738342,0.0806277585029602,TRUE,1,1,1,1
2024,2024-02-07T04:00:00Z,2024-02-06,2024-06,winter,1,0,0,0,1,0.00246908480110515,-0.00491595848047042,-0.0024468736793653,0.607564806938171,0.107564806938171,0.0806277585029602,TRUE,1,-1,0,0
2024,2024-02-07T06:30:00Z,2024-02-07,2024-06,winter,0,0,0,0,0,0,0,0,0.591919541358948,0.0919195413589478,0.0806277585029602,TRUE,1,1,1,1
2024,2024-02-08T05:45:00Z,2024-02-08,2024-06,winter,1,0,0,0,0,0,0,0,0.585350096225739,0.0853500962257385,0.0806277585029602,TRUE,1,-1,0,0
2024,2024-02-09T05:00:00Z,2024-02-09,2024-06,winter,1,0,0,0,0,0,0,0,0.601497650146484,0.101497650146484,0.0806277585029602,TRUE,1,1,1,1
2024,2024-02-14T07:15:00Z,2024-02-14,2024-07,winter,0,0,0,0,0,0,0,0,0.411399215459824,0.0886007845401764,0.0806277585029602,TRUE,-1,1,0,1
2024,2024-02-16T07:00:00Z,2024-02-16,2024-07,winter,0,0,0,0,0,0,0,0,0.419189453125,0.080810546875,0.0806277585029602,TRUE,-1,-1,1,0
2024,2024-02-20T06:15:00Z,2024-02-20,2024-08,winter,1,0,0,0,0,0,0,0,0.419292151927948,0.080707848072052,0.0806277585029602,TRUE,-1,1,0,1
2024,2024-02-28T04:45:00Z,2024-02-27,2024-09,winter,1,0,0,0,1,0.0022641571523541,-0.00155518867175404,0.000708968480599987,0.608672261238098,0.108672261238098,0.0806277585029602,TRUE,1,1,1,1
2024,2024-02-28T05:30:00Z,2024-02-28,2024-09,winter,1,0,0,0,0,0,0,0,0.600948810577393,0.100948810577393,0.0806277585029602,TRUE,1,-1,0,0
2024,2024-02-29T00:45:00Z,2024-02-28,2024-09,winter,1,0,0,0,1,-0.00523073407200239,-0.00152148604528422,-0.00675222011728667,0.413268566131592,0.0867314338684082,0.0806277585029602,TRUE,-1,1,0,1
2024,2024-02-29T05:30:00Z,2024-02-29,2024-09,winter,1,0,0,0,0,0,0,0,0.584098756313324,0.084098756313324,0.0806277585029602,TRUE,1,1,1,1
2024,2024-03-05T08:45:00Z,2024-03-05,2024-10,spring,0,1,0,0,0,0,0,0,0.582961142063141,0.0829611420631409,0.0806277585029602,TRUE,1,1,1,1
2024,2024-03-06T11:45:00Z,2024-03-06,2024-10,spring,0,1,0,0,0,0,0,0,0.583492815494537,0.0834928154945374,0.0806277585029602,TRUE,1,1,1,1
2024,2024-03-07T06:45:00Z,2024-03-07,2024-10,spring,0,0,0,0,0,0,0,0,0.589746356010437,0.089746356010437,0.0806277585029602,TRUE,1,-1,0,0
2024,2024-03-07T09:30:00Z,2024-03-07,2024-10,spring,0,1,0,0,0,0,0,0,0.41705709695816,0.0829429030418396,0.0806277585029602,TRUE,-1,-1,1,0
2024,2024-03-11T00:00:00Z,2024-03-10,2024-10,spring,1,0,0,0,0,0,0,0,0.411086648702621,0.0889133512973785,0.0806277585029602,TRUE,-1,-1,1,0
2024,2024-03-13T06:30:00Z,2024-03-13,2024-11,spring,0,0,0,0,0,0,0,0,0.599412083625794,0.0994120836257935,0.0806277585029602,TRUE,1,1,1,1
2024,2024-03-14T03:00:00Z,2024-03-13,2024-11,spring,1,0,0,0,1,0.0109945180609991,-0.00488213825088786,0.00611237981011135,0.60352224111557,0.10352224111557,0.0806277585029602,TRUE,1,1,1,1
2024,2024-03-14T23:30:00Z,2024-03-14,2024-11,spring,0,0,0,0,1,0.00243831128208759,-0.00749732093705028,-0.00505900965496268,0.588835299015045,0.0888352990150452,0.0806277585029602,TRUE,1,1,1,1
2024,2024-03-15T05:45:00Z,2024-03-15,2024-11,spring,1,0,0,0,0,0,0,0,0.58855140209198,0.08855140209198,0.0806277585029602,TRUE,1,1,1,1
2024,2024-03-18T20:00:00Z,2024-03-18,2024-12,spring,0,0,0,0,1,0.0124098724084442,0.000287095078291372,0.0126969674867356,0.58980792760849,0.08980792760849,0.0806277585029602,TRUE,1,-1,0,0
2024,2024-03-21T02:15:00Z,2024-03-20,2024-12,spring,1,0,0,0,1,0.0026238125908804,-0.00325345795709776,-0.00062964536621729,0.417694389820099,0.0823056101799011,0.0806277585029602,TRUE,-1,1,0,1
2024,2024-03-21T07:45:00Z,2024-03-21,2024-12,spring,0,0,0,0,0,0,0,0,0.41336789727211,0.08663210272789,0.0806277585029602,TRUE,-1,-1,1,0
2024,2024-03-22T03:00:00Z,2024-03-21,2024-12,spring,1,0,0,0,1,0.0109223080867547,-0.00211594941744915,0.00880635866930559,0.586898863315582,0.0868988633155823,0.0806277585029602,TRUE,1,1,1,1
2024,2024-03-22T04:15:00Z,2024-03-22,2024-12,spring,1,0,0,0,0,0,0,0,0.414065510034561,0.0859344899654388,0.0806277585029602,TRUE,-1,-1,1,0
2024,2024-03-25T20:00:00Z,2024-03-25,2024-13,spring,0,0,0,0,1,-0.00608947029402323,0.00106935233163643,-0.00502011796238686,0.584489464759827,0.0844894647598267,0.0806277585029602,TRUE,1,1,1,1
2024,2024-03-26T03:45:00Z,2024-03-25,2024-13,spring,1,0,0,0,1,-0.00608947029402323,0.00106935233163643,-0.00502011796238686,0.582530081272125,0.0825300812721252,0.0806277585029602,TRUE,1,1,1,1
2024,2024-03-27T19:45:00Z,2024-03-27,2024-13,spring,0,0,1,1,1,0.00626741117382271,-0.00626741117382272,0,0.417198210954666,0.0828017890453339,0.0806277585029602,TRUE,-1,1,0,1
2024,2024-03-31T23:30:00Z,2024-03-31,2024-13,spring,0,0,0,0,0,0,0,0,0.407633155584335,0.0923668444156647,0.0806277585029602,TRUE,-1,1,0,1
2024,2024-04-01T07:15:00Z,2024-04-01,2024-14,spring,0,1,0,0,0,0,0,0,0.411863088607788,0.0881369113922119,0.0806277585029602,TRUE,-1,1,0,1
2024,2024-04-03T09:30:00Z,2024-04-03,2024-14,spring,0,1,0,0,0,0,0,0,0.587550044059753,0.0875500440597534,0.0806277585029602,TRUE,1,1,1,1
2024,2024-04-03T23:30:00Z,2024-04-03,2024-14,spring,0,0,0,0,1,-0.00492194261525909,0.00160229011074288,-0.00331965250451619,0.393299728631973,0.106700271368027,0.0806277585029602,TRUE,-1,1,0,1
2024,2024-04-08T03:15:00Z,2024-04-07,2024-14,spring,1,0,0,0,0,0,0,0,0.597445130348206,0.0974451303482056,0.0806277585029602,TRUE,1,-1,0,0
2024,2024-04-08T03:30:00Z,2024-04-07,2024-14,spring,1,0,0,0,0,0,0,0,0.585022866725922,0.0850228667259216,0.0806277585029602,TRUE,1,-1,0,0
2024,2024-04-08T07:15:00Z,2024-04-08,2024-15,spring,0,1,0,0,0,0,0,0,0.417323738336563,0.0826762616634369,0.0806277585029602,TRUE,-1,1,0,1
2024,2024-04-09T19:30:00Z,2024-04-09,2024-15,spring,0,0,1,1,1,0.00513789604759075,-0.00265423642400744,0.00248365962358323,0.418716490268707,0.0812835097312927,0.0806277585029602,TRUE,-1,1,0,1
2024,2024-04-10T01:30:00Z,2024-04-09,2024-15,spring,1,0,0,0,1,0.00513789604759075,-0.00265423642400744,0.00248365962358323,0.588751196861267,0.0887511968612671,0.0806277585029602,TRUE,1,-1,0,0
2024,2024-04-11T20:00:00Z,2024-04-11,2024-15,spring,0,0,0,0,1,0.0040458955119577,-0.00024639982602902,0.00379949568592871,0.59354829788208,0.0935482978820801,0.0806277585029602,TRUE,1,1,1,1
2024,2024-04-16T02:30:00Z,2024-04-15,2024-16,spring,1,0,0,0,1,0.00847561332179049,-0.00170577480105942,0.00676983852073106,0.581782579421997,0.0817825794219971,0.0806277585029602,TRUE,1,1,1,1
2024,2024-04-18T20:45:00Z,2024-04-18,2024-16,spring,0,0,0,0,1,0.00108979495751607,-0.00357102748833642,-0.00248123253082042,0.588063478469849,0.0880634784698486,0.0806277585029602,TRUE,1,1,1,1
2024,2024-04-22T02:45:00Z,2024-04-21,2024-16,spring,1,0,0,0,0,0,0,0,0.582278192043304,0.0822781920433044,0.0806277585029602,TRUE,1,0,0,0
2024,2024-04-25T20:45:00Z,2024-04-25,2024-17,spring,0,0,0,0,1,-0.0173944749010694,0.000158454635489639,-0.0172360202655796,0.417281568050385,0.0827184319496155,0.0806277585029602,TRUE,-1,1,0,1
2024,2024-04-26T02:45:00Z,2024-04-25,2024-17,spring,1,0,0,0,1,-0.0173944749010694,0.000158454635489639,-0.0172360202655796,0.608192563056946,0.108192563056946,0.0806277585029602,TRUE,1,1,1,1
2024,2024-04-26T06:45:00Z,2024-04-26,2024-17,spring,0,0,0,0,0,0,0,0,0.410590946674347,0.0894090533256531,0.0806277585029602,TRUE,-1,-1,1,0
2024,2024-04-30T04:15:00Z,2024-04-30,2024-18,spring,1,0,0,0,0,0,0,0,0.587903618812561,0.087903618812561,0.0806277585029602,TRUE,1,-1,0,0
2024,2024-04-30T09:00:00Z,2024-04-30,2024-18,spring,0,1,0,0,0,0,0,0,0.582645297050476,0.0826452970504761,0.0806277585029602,TRUE,1,1,1,1
2024,2024-05-01T05:30:00Z,2024-05-01,2024-18,spring,1,0,0,0,0,0,0,0,0.583741903305054,0.0837419033050537,0.0806277585029602,TRUE,1,1,1,1
2024,2024-05-01T10:30:00Z,2024-05-01,2024-18,spring,0,1,0,0,0,0,0,0,0.589192986488342,0.0891929864883423,0.0806277585029602,TRUE,1,1,1,1
2024,2024-05-01T23:45:00Z,2024-05-01,2024-18,spring,0,0,0,0,1,-0.00352200904495029,-0.00152958780992768,-0.00505159685487803,0.417348831892014,0.0826511681079865,0.0806277585029602,TRUE,-1,1,0,1
2024,2024-05-02T09:00:00Z,2024-05-02,2024-18,spring,0,1,0,0,0,0,0,0,0.589595496654511,0.0895954966545105,0.0806277585029602,TRUE,1,1,1,1
2024,2024-05-09T02:30:00Z,2024-05-08,2024-19,spring,1,0,0,0,1,-0.00620169846458802,0.00463423537089853,-0.00156746309368941,0.582659661769867,0.0826596617698669,0.0806277585029602,TRUE,1,1,1,1
2024,2024-05-09T04:30:00Z,2024-05-09,2024-19,spring,1,0,0,0,0,0,0,0,0.580705165863037,0.0807051658630371,0.0806277585029602,TRUE,1,1,1,1
2024,2024-05-10T07:00:00Z,2024-05-10,2024-19,spring,0,1,0,0,0,0,0,0,0.413114577531815,0.0868854224681854,0.0806277585029602,TRUE,-1,1,0,1
2024,2024-05-10T09:00:00Z,2024-05-10,2024-19,spring,0,1,0,0,0,0,0,0,0.390741974115372,0.109258025884628,0.0806277585029602,TRUE,-1,1,0,1
2024,2024-05-13T02:30:00Z,2024-05-12,2024-19,spring,1,0,0,0,0,0,0,0,0.585196018218994,0.0851960182189941,0.0806277585029602,TRUE,1,-1,0,0
2024,2024-05-14T00:45:00Z,2024-05-13,2024-20,spring,1,0,0,0,1,0.0042365995691873,-0.00249878945620925,0.00173781011297816,0.593296945095062,0.0932969450950623,0.0806277585029602,TRUE,1,-1,0,0
2024,2024-05-15T04:30:00Z,2024-05-15,2024-20,spring,1,0,0,0,0,0,0,0,0.601361930370331,0.101361930370331,0.0806277585029602,TRUE,1,-1,0,0
2024,2024-05-17T03:15:00Z,2024-05-16,2024-20,spring,1,0,0,0,1,-0.000749234077032496,0.00160481478775406,0.000855580710721381,0.584314465522766,0.0843144655227661,0.0806277585029602,TRUE,1,1,1,1
2024,2024-05-17T05:30:00Z,2024-05-17,2024-20,spring,1,0,0,0,0,0,0,0,0.593505024909973,0.0935050249099731,0.0806277585029602,TRUE,1,1,1,1
2024,2024-05-17T07:00:00Z,2024-05-17,2024-20,spring,0,1,0,0,0,0,0,0,0.582408845424652,0.0824088454246521,0.0806277585029602,TRUE,1,-1,0,0
2024,2024-05-17T13:30:00Z,2024-05-17,2024-20,spring,0,1,1,0,0,0,0,0,0.584571599960327,0.0845715999603272,0.0806277585029602,TRUE,1,-1,0,0
2024,2024-05-21T08:30:00Z,2024-05-21,2024-21,spring,0,1,0,0,0,0,0,0,0.592999517917633,0.0929995179176331,0.0806277585029602,TRUE,1,-1,0,0
2024,2024-05-23T00:45:00Z,2024-05-22,2024-21,spring,1,0,0,0,1,0.000385548580572858,0.000876901670487749,0.00126245025106063,0.58488541841507,0.0848854184150696,0.0806277585029602,TRUE,1,1,1,1
2024,2024-05-23T03:00:00Z,2024-05-22,2024-21,spring,1,0,0,0,1,0.000385548580572858,0.000876901670487749,0.00126245025106063,0.405460268259048,0.0945397317409515,0.0806277585029602,TRUE,-1,0,0,0
2024,2024-05-23T08:45:00Z,2024-05-23,2024-21,spring,0,1,0,0,0,0,0,0,0.582535445690155,0.082535445690155,0.0806277585029602,TRUE,1,-1,0,0
2024,2024-05-24T03:45:00Z,2024-05-23,2024-21,spring,1,0,0,0,1,0.00994045286281213,-0.00684581155602995,0.00309464130678225,0.581499755382538,0.0814997553825378,0.0806277585029602,TRUE,1,-1,0,0
2024,2024-05-24T04:00:00Z,2024-05-24,2024-21,spring,1,0,0,0,0,0,0,0,0.592964053153992,0.0929640531539917,0.0806277585029602,TRUE,1,1,1,1
2024,2024-05-27T08:15:00Z,2024-05-27,2024-22,spring,0,1,0,0,0,0,0,0,0.593020081520081,0.0930200815200806,0.0806277585029602,TRUE,1,1,1,1
2024,2024-05-28T05:00:00Z,2024-05-28,2024-22,spring,1,0,0,0,0,0,0,0,0.581847727298737,0.0818477272987366,0.0806277585029602,TRUE,1,1,1,1
2024,2024-05-28T08:15:00Z,2024-05-28,2024-22,spring,0,1,0,0,0,0,0,0,0.397585779428482,0.102414220571518,0.0806277585029602,TRUE,-1,1,0,1
2024,2024-05-29T03:00:00Z,2024-05-28,2024-22,spring,1,0,0,0,1,-0.00161073151457538,-0.00296418060331821,-0.00457491211789355,0.591634929180145,0.0916349291801453,0.0806277585029602,TRUE,1,-1,0,0
2024,2024-05-29T05:30:00Z,2024-05-29,2024-22,spring,1,0,0,0,0,0,0,0,0.587620139122009,0.0876201391220093,0.0806277585029602,TRUE,1,-1,0,0
2024,2024-05-29T06:00:00Z,2024-05-29,2024-22,spring,1,0,0,0,0,0,0,0,0.583872258663178,0.0838722586631775,0.0806277585029602,TRUE,1,1,1,1
2024,2024-05-29T20:30:00Z,2024-05-29,2024-22,spring,0,0,0,0,1,-0.00942771497271046,0.00352424443976592,-0.0059034705329445,0.58643764257431,0.0864376425743103,0.0806277585029602,TRUE,1,1,1,1
2024,2024-05-30T10:15:00Z,2024-05-30,2024-22,spring,0,1,0,0,0,0,0,0,0.581222832202911,0.0812228322029114,0.0806277585029602,TRUE,1,1,1,1
2024,2024-05-31T03:00:00Z,2024-05-30,2024-22,spring,1,0,0,0,1,-0.00244840510330576,-0.00137319622951462,-0.00382160133282035,0.602625668048859,0.102625668048859,0.0806277585029602,TRUE,1,1,1,1
2024,2024-06-04T05:00:00Z,2024-06-04,2024-23,summer,1,0,0,0,0,0,0,0,0.58635014295578,0.08635014295578,0.0806277585029602,TRUE,1,1,1,1
2024,2024-06-13T09:30:00Z,2024-06-13,2024-24,summer,0,1,0,0,0,0,0,0,0.582315862178803,0.0823158621788025,0.0806277585029602,TRUE,1,-1,0,0
2024,2024-06-13T14:15:00Z,2024-06-13,2024-24,summer,0,1,1,0,1,0.00738585994446499,-0.00028012631333232,0.00710573363113266,0.582048952579498,0.0820489525794983,0.0806277585029602,TRUE,1,-1,0,0
2024,2024-06-17T10:30:00Z,2024-06-17,2024-25,summer,0,1,0,0,0,0,0,0,0.584982335567474,0.0849823355674744,0.0806277585029602,TRUE,1,1,1,1
2024,2024-06-18T09:15:00Z,2024-06-18,2024-25,summer,0,1,0,0,0,0,0,0,0.400625795125961,0.0993742048740387,0.0806277585029602,TRUE,-1,-1,1,0
2024,2024-06-24T13:15:00Z,2024-06-24,2024-26,summer,0,1,0,0,0,0,0,0,0.580715894699097,0.0807158946990967,0.0806277585029602,TRUE,1,1,1,1
2024,2024-06-26T10:15:00Z,2024-06-26,2024-26,summer,0,1,0,0,0,0,0,0,0.581885993480682,0.0818859934806824,0.0806277585029602,TRUE,1,-1,0,0
2024,2024-06-27T04:00:00Z,2024-06-27,2024-26,summer,1,0,0,0,0,0,0,0,0.589855134487152,0.0898551344871521,0.0806277585029602,TRUE,1,1,1,1
2024,2024-06-27T05:00:00Z,2024-06-27,2024-26,summer,1,0,0,0,0,0,0,0,0.419201850891113,0.0807981491088867,0.0806277585029602,TRUE,-1,-1,1,0
2024,2024-06-28T00:45:00Z,2024-06-27,2024-26,summer,1,0,0,0,1,-0.000712584649576442,0.00348308436254094,0.00277049971296462,0.583109140396118,0.0831091403961182,0.0806277585029602,TRUE,1,-1,0,0
2024,2024-06-28T03:45:00Z,2024-06-27,2024-26,summer,1,0,0,0,1,-0.000712584649576442,0.00348308436254094,0.00277049971296462,0.596150875091553,0.0961508750915527,0.0806277585029602,TRUE,1,1,1,1
2024,2024-07-02T02:30:00Z,2024-07-01,2024-27,summer,1,0,0,0,1,0.00196720964097016,-0.00421481074034399,-0.00224760109937378,0.603685975074768,0.103685975074768,0.0806277585029602,TRUE,1,-1,0,0
2024,2024-07-02T05:45:00Z,2024-07-02,2024-27,summer,1,0,0,0,0,0,0,0,0.416411340236664,0.0835886597633362,0.0806277585029602,TRUE,-1,1,0,1
2024,2024-07-03T01:00:00Z,2024-07-02,2024-27,summer,1,0,0,0,1,-0.00332242817675483,0.00400802139753887,0.000685593220783923,0.595917761325836,0.0959177613258362,0.0806277585029602,TRUE,1,-1,0,0
2024,2024-07-04T01:45:00Z,2024-07-03,2024-27,summer,1,0,0,0,1,-0.00198899324950235,0.00286487149674736,0.000875878247245032,0.417845249176025,0.0821547508239746,0.0806277585029602,TRUE,-1,-1,1,0
2024,2024-07-04T14:15:00Z,2024-07-04,2024-27,summer,0,1,1,0,1,-0.000698105956740922,-0.00100514840529394,-0.0017032543620349,0.580693066120148,0.0806930661201477,0.0806277585029602,TRUE,1,1,1,1
2024,2024-07-05T20:45:00Z,2024-07-05,2024-27,summer,0,0,0,0,1,0.00295178760601708,0.00352824485019138,0.00648003245620824,0.583193361759186,0.0831933617591858,0.0806277585029602,TRUE,1,1,1,1
2024,2024-07-10T05:30:00Z,2024-07-10,2024-28,summer,1,0,0,0,0,0,0,0,0.583579123020172,0.0835791230201721,0.0806277585029602,TRUE,1,-1,0,0
2024,2024-07-10T09:45:00Z,2024-07-10,2024-28,summer,0,1,0,0,0,0,0,0,0.595003604888916,0.095003604888916,0.0806277585029602,TRUE,1,1,1,1
2024,2024-07-11T12:30:00Z,2024-07-11,2024-28,summer,0,1,0,0,0,0,0,0,0.413561671972275,0.0864383280277252,0.0806277585029602,TRUE,-1,1,0,1
2024,2024-07-12T05:15:00Z,2024-07-12,2024-28,summer,1,0,0,0,0,0,0,0,0.582961082458496,0.0829610824584961,0.0806277585029602,TRUE,1,1,1,1
2024,2024-07-16T00:45:00Z,2024-07-15,2024-29,summer,1,0,0,0,1,0.00337784795237356,0.000860861763611507,0.00423870971598518,0.582595109939575,0.0825951099395752,0.0806277585029602,TRUE,1,1,1,1
2024,2024-07-16T05:00:00Z,2024-07-16,2024-29,summer,1,0,0,0,0,0,0,0,0.585833966732025,0.0858339667320252,0.0806277585029602,TRUE,1,1,1,1
2024,2024-07-17T03:00:00Z,2024-07-16,2024-29,summer,1,0,0,0,1,0.00271564693776757,-0.00331067904455479,-0.000595032106787118,0.584462523460388,0.0844625234603882,0.0806277585029602,TRUE,1,-1,0,0
2024,2024-07-17T03:15:00Z,2024-07-16,2024-29,summer,1,0,0,0,1,0.00271564693776757,-0.00331067904455479,-0.000595032106787118,0.598074913024902,0.0980749130249023,0.0806277585029602,TRUE,1,-1,0,0
2024,2024-07-17T03:45:00Z,2024-07-16,2024-29,summer,1,0,0,0,1,0.00271564693776757,-0.00331067904455479,-0.000595032106787118,0.625928461551666,0.125928461551666,0.0806277585029602,TRUE,1,1,1,1
2024,2024-07-19T13:30:00Z,2024-07-19,2024-29,summer,0,1,1,0,0,0,0,0,0.58258867263794,0.0825886726379395,0.0806277585029602,TRUE,1,1,1,1
2024,2024-07-22T23:15:00Z,2024-07-22,2024-30,summer,0,0,0,0,1,0.012252305592981,0.000788974436829014,0.0130412800298102,0.582938075065613,0.0829380750656128,0.0806277585029602,TRUE,1,1,1,1
2024,2024-07-23T03:15:00Z,2024-07-22,2024-30,summer,1,0,0,0,1,0.012252305592981,0.000788974436829014,0.0130412800298102,0.585287690162659,0.0852876901626587,0.0806277585029602,TRUE,1,-1,0,0
2024,2024-07-24T02:45:00Z,2024-07-23,2024-30,summer,1,0,0,0,1,-0.00202723064721766,0.00242718565761114,0.000399955010393545,0.596642017364502,0.096642017364502,0.0806277585029602,TRUE,1,1,1,1
2024,2024-07-24T04:30:00Z,2024-07-24,2024-30,summer,1,0,0,0,0,0,0,0,0.591867566108704,0.0918675661087036,0.0806277585029602,TRUE,1,1,1,1
2024,2024-07-25T10:15:00Z,2024-07-25,2024-30,summer,0,1,0,0,0,0,0,0,0.583498239517212,0.0834982395172119,0.0806277585029602,TRUE,1,1,1,1
2024,2024-07-26T04:30:00Z,2024-07-26,2024-30,summer,1,0,0,0,0,0,0,0,0.417951643466949,0.0820483565330505,0.0806277585029602,TRUE,-1,-1,1,0
2024,2024-07-29T04:30:00Z,2024-07-29,2024-31,summer,1,0,0,0,0,0,0,0,0.581969082355499,0.0819690823554993,0.0806277585029602,TRUE,1,-1,0,0
2024,2024-07-30T02:30:00Z,2024-07-29,2024-31,summer,1,0,0,0,1,0.00572017004128054,0.00379104448865208,0.00951121452993256,0.581895589828491,0.0818955898284912,0.0806277585029602,TRUE,1,-1,0,0
2024,2024-08-01T04:45:00Z,2024-08-01,2024-31,summer,1,0,0,0,0,0,0,0,0.580971479415894,0.0809714794158936,0.0806277585029602,TRUE,1,1,1,1
2024,2024-08-05T02:45:00Z,2024-08-04,2024-31,summer,1,0,0,0,0,0,0,0,0.581467926502228,0.0814679265022278,0.0806277585029602,TRUE,1,1,1,1
2024,2024-08-07T05:15:00Z,2024-08-07,2024-32,summer,1,0,0,0,0,0,0,0,0.581997990608215,0.0819979906082153,0.0806277585029602,TRUE,1,1,1,1
2024,2024-08-12T23:30:00Z,2024-08-12,2024-33,summer,0,0,0,0,1,0.00169123016875679,-0.00543282268991452,-0.00374159252115764,0.415065735578537,0.084934264421463,0.0806277585029602,TRUE,-1,-1,1,0
2024,2024-08-13T07:15:00Z,2024-08-13,2024-33,summer,0,1,0,0,0,0,0,0,0.412992477416992,0.0870075225830078,0.0806277585029602,TRUE,-1,1,0,1
2024,2024-08-20T02:30:00Z,2024-08-19,2024-34,summer,1,0,0,0,1,5.10099979705774e-05,-0.000854760878480793,-0.000803750880510097,0.417799383401871,0.0822006165981293,0.0806277585029602,TRUE,-1,1,0,1
2024,2024-08-21T05:00:00Z,2024-08-21,2024-34,summer,1,0,0,0,0,0,0,0,0.414286702871323,0.0857132971286774,0.0806277585029602,TRUE,-1,-1,1,0
2024,2024-08-21T06:30:00Z,2024-08-21,2024-34,summer,0,0,0,0,0,0,0,0,0.580854058265686,0.080854058265686,0.0806277585029602,TRUE,1,-1,0,0
2024,2024-08-23T08:00:00Z,2024-08-23,2024-34,summer,0,1,0,0,0,0,0,0,0.583401918411255,0.0834019184112549,0.0806277585029602,TRUE,1,1,1,1
2024,2024-08-23T10:45:00Z,2024-08-23,2024-34,summer,0,1,0,0,0,0,0,0,0.403206586837769,0.0967934131622314,0.0806277585029602,TRUE,-1,-1,1,0
2024,2024-08-28T19:00:00Z,2024-08-28,2024-35,summer,0,0,1,1,1,-0.00129847002483901,-0.00347085218345835,-0.00476932220829741,0.39391902089119,0.10608097910881,0.0806277585029602,TRUE,-1,1,0,1
2024,2024-08-30T07:45:00Z,2024-08-30,2024-35,summer,0,1,0,0,0,0,0,0,0.405082851648331,0.0949171483516693,0.0806277585029602,TRUE,-1,-1,1,0
2024,2024-09-04T23:15:00Z,2024-09-04,2024-36,autumn,0,0,0,0,1,-0.00707304251169849,0.00498009655258865,-0.00209294595910983,0.580928385257721,0.080928385257721,0.0806277585029602,TRUE,1,-1,0,0
2024,2024-09-10T04:30:00Z,2024-09-10,2024-37,autumn,1,0,0,0,0,0,0,0,0.585221409797669,0.0852214097976685,0.0806277585029602,TRUE,1,-1,0,0
2024,2024-09-10T23:45:00Z,2024-09-10,2024-37,autumn,0,0,0,0,1,0.00372529421991461,0.000226541314775327,0.00395183553468987,0.585943222045898,0.0859432220458984,0.0806277585029602,TRUE,1,-1,0,0
2024,2024-09-12T00:30:00Z,2024-09-11,2024-37,autumn,1,0,0,0,1,0.00246308804920129,-0.00586309663706398,-0.00340000858786267,0.418825775384903,0.0811742246150971,0.0806277585029602,TRUE,-1,1,0,1
2024,2024-09-18T03:15:00Z,2024-09-17,2024-38,autumn,1,0,0,0,1,0.00632073645114656,-0.00180368076427241,0.00451705568687397,0.59924978017807,0.0992497801780701,0.0806277585029602,TRUE,1,-1,0,0
2024,2024-09-18T12:15:00Z,2024-09-18,2024-38,autumn,0,1,0,0,0,0,0,0,0.582978188991547,0.0829781889915466,0.0806277585029602,TRUE,1,1,1,1
2024,2024-09-19T20:15:00Z,2024-09-19,2024-38,autumn,0,0,0,0,1,0.0236412261822583,-0.00213420613061595,0.0215070200516424,0.582710087299347,0.0827100872993469,0.0806277585029602,TRUE,1,1,1,1
2024,2024-09-20T08:30:00Z,2024-09-20,2024-38,autumn,0,1,0,0,0,0,0,0,0.585547029972076,0.0855470299720764,0.0806277585029602,TRUE,1,1,1,1
2024,2024-09-23T05:15:00Z,2024-09-23,2024-39,autumn,1,0,0,0,0,0,0,0,0.586080014705658,0.086080014705658,0.0806277585029602,TRUE,1,1,1,1
2024,2024-09-24T04:30:00Z,2024-09-24,2024-39,autumn,1,0,0,0,0,0,0,0,0.398512542247772,0.101487457752228,0.0806277585029602,TRUE,-1,1,0,1
2024,2024-09-26T10:45:00Z,2024-09-26,2024-39,autumn,0,1,0,0,0,0,0,0,0.418859004974365,0.0811409950256348,0.0806277585029602,TRUE,-1,-1,1,0
2024,2024-09-27T01:45:00Z,2024-09-26,2024-39,autumn,1,0,0,0,1,0.0151361678855336,-0.00370142310318623,0.0114347447823473,0.585231006145477,0.0852310061454773,0.0806277585029602,TRUE,1,1,1,1
2024,2024-09-30T05:15:00Z,2024-09-30,2024-40,autumn,1,0,0,0,0,0,0,0,0.584783494472504,0.0847834944725037,0.0806277585029602,TRUE,1,1,1,1
2024,2024-10-01T02:00:00Z,2024-09-30,2024-40,autumn,1,0,0,0,1,-0.00215333292784132,0.00122574070505004,-0.000927592222791195,0.400525450706482,0.0994745492935181,0.0806277585029602,TRUE,-1,-1,1,0
2024,2024-10-01T04:15:00Z,2024-10-01,2024-40,autumn,1,0,0,0,0,0,0,0,0.586850762367249,0.0868507623672485,0.0806277585029602,TRUE,1,1,1,1
2024,2024-10-01T18:00:00Z,2024-10-01,2024-40,autumn,0,0,1,0,1,-0.000900739777968906,-0.0103236970101846,-0.0112244367881535,0.410406619310379,0.089593380689621,0.0806277585029602,TRUE,-1,1,0,1
2024,2024-10-01T18:15:00Z,2024-10-01,2024-40,autumn,0,0,1,0,1,-0.000900739777968906,-0.0103236970101846,-0.0112244367881535,0.415480256080627,0.0845197439193726,0.0806277585029602,TRUE,-1,1,0,1
2024,2024-10-01T20:45:00Z,2024-10-01,2024-40,autumn,0,0,0,0,1,-0.000900739777968906,-0.0103236970101846,-0.0112244367881535,0.582057356834412,0.0820573568344116,0.0806277585029602,TRUE,1,-1,0,0
2024,2024-10-02T04:30:00Z,2024-10-02,2024-40,autumn,1,0,0,0,0,0,0,0,0.605336606502533,0.105336606502533,0.0806277585029602,TRUE,1,-1,0,0
2024,2024-10-04T03:45:00Z,2024-10-03,2024-40,autumn,1,0,0,0,1,-0.0049095835303512,0.00555904774522152,0.000649464214870407,0.584370851516724,0.0843708515167236,0.0806277585029602,TRUE,1,1,1,1
2024,2024-10-04T07:00:00Z,2024-10-04,2024-40,autumn,0,1,0,0,0,0,0,0,0.583716869354248,0.0837168693542481,0.0806277585029602,TRUE,1,-1,0,0
2024,2024-10-07T05:30:00Z,2024-10-07,2024-41,autumn,1,0,0,0,0,0,0,0,0.581537783145905,0.0815377831459045,0.0806277585029602,TRUE,1,-1,0,0
2024,2024-10-14T13:15:00Z,2024-10-14,2024-42,autumn,0,1,0,0,0,0,0,0,0.39746105670929,0.10253894329071,0.0806277585029602,TRUE,-1,-1,1,0
2024,2024-10-21T02:45:00Z,2024-10-20,2024-42,autumn,1,0,0,0,0,0,0,0,0.583448588848114,0.083448588848114,0.0806277585029602,TRUE,1,-1,0,0
2024,2024-10-21T04:45:00Z,2024-10-21,2024-43,autumn,1,0,0,0,0,0,0,0,0.596140027046204,0.0961400270462036,0.0806277585029602,TRUE,1,-1,0,0
2024,2024-10-22T01:00:00Z,2024-10-21,2024-43,autumn,1,0,0,0,1,-0.00268879789471257,0.00320129302502396,0.000512495130311378,0.58867210149765,0.0886721014976502,0.0806277585029602,TRUE,1,1,1,1
2024,2024-10-22T06:45:00Z,2024-10-22,2024-43,autumn,0,0,0,0,0,0,0,0,0.582937955856323,0.0829379558563232,0.0806277585029602,TRUE,1,1,1,1
2024,2024-10-24T20:45:00Z,2024-10-24,2024-43,autumn,0,0,0,0,1,0.00760029033770886,-0.00174406509529957,0.00585622524240942,0.592171370983124,0.0921713709831238,0.0806277585029602,TRUE,1,1,1,1
2024,2024-10-25T03:00:00Z,2024-10-24,2024-43,autumn,1,0,0,0,1,0.00760029033770886,-0.00174406509529957,0.00585622524240942,0.587229311466217,0.087229311466217,0.0806277585029602,TRUE,1,-1,0,0
2024,2024-10-28T01:00:00Z,2024-10-27,2024-43,autumn,1,0,0,0,0,0,0,0,0.592276215553284,0.0922762155532837,0.0806277585029602,TRUE,1,1,1,1
2024,2024-10-30T03:00:00Z,2024-10-29,2024-44,autumn,1,0,0,0,1,0.000512051508938741,0.000158439010453177,0.000670490519392173,0.581590533256531,0.0815905332565308,0.0806277585029602,TRUE,1,1,1,1
2024,2024-10-30T03:30:00Z,2024-10-29,2024-44,autumn,1,0,0,0,1,0.000512051508938741,0.000158439010453177,0.000670490519392173,0.596746146678925,0.0967461466789246,0.0806277585029602,TRUE,1,-1,0,0
2024,2024-10-31T04:45:00Z,2024-10-31,2024-44,autumn,1,0,0,0,0,0,0,0,0.589676737785339,0.0896767377853394,0.0806277585029602,TRUE,1,1,1,1
2024,2024-10-31T05:15:00Z,2024-10-31,2024-44,autumn,1,0,0,0,0,0,0,0,0.589934408664703,0.0899344086647034,0.0806277585029602,TRUE,1,1,1,1
2024,2024-11-01T03:15:00Z,2024-10-31,2024-44,autumn,1,0,0,0,1,-0.00823955468961711,-0.00986882577845002,-0.0181083804680672,0.41875833272934,0.0812416672706604,0.0806277585029602,TRUE,-1,1,0,1
2024,2024-11-04T02:30:00Z,2024-11-03,2024-44,autumn,1,0,0,0,0,0,0,0,0.415027469396591,0.0849725306034088,0.0806277585029602,TRUE,-1,-1,1,0
2024,2024-11-05T04:45:00Z,2024-11-04,2024-45,autumn,1,0,0,0,1,-0.00132862333211297,0.000546563495712629,-0.000782059836400475,0.597436964511871,0.0974369645118713,0.0806277585029602,TRUE,1,1,1,1
2024,2024-11-05T18:15:00Z,2024-11-05,2024-45,autumn,0,0,1,0,1,0.00333022985630631,0.0068491724863433,0.0101794023426496,0.584821462631226,0.0848214626312256,0.0806277585029602,TRUE,1,1,1,1
2024,2024-11-06T02:30:00Z,2024-11-05,2024-45,autumn,1,0,0,0,1,0.00333022985630631,0.0068491724863433,0.0101794023426496,0.413103431463242,0.0868965685367584,0.0806277585029602,TRUE,-1,1,0,1
2024,2024-11-11T12:45:00Z,2024-11-11,2024-46,autumn,0,1,0,0,0,0,0,0,0.389232069253922,0.110767930746078,0.0806277585029602,TRUE,-1,1,0,1
2024,2024-11-12T05:30:00Z,2024-11-12,2024-46,autumn,1,0,0,0,0,0,0,0,0.583251655101776,0.0832516551017761,0.0806277585029602,TRUE,1,1,1,1
2024,2024-11-13T04:15:00Z,2024-11-12,2024-46,autumn,1,0,0,0,1,-0.000282788770457293,0.00098941102783949,0.000706622257382228,0.582738935947418,0.0827389359474182,0.0806277585029602,TRUE,1,1,1,1
2024,2024-11-13T05:45:00Z,2024-11-13,2024-46,autumn,1,0,0,0,0,0,0,0,0.582663476467133,0.0826634764671326,0.0806277585029602,TRUE,1,1,1,1
2024,2024-11-13T06:15:00Z,2024-11-13,2024-46,autumn,1,0,0,0,0,0,0,0,0.587158441543579,0.0871584415435791,0.0806277585029602,TRUE,1,1,1,1
2024,2024-11-13T11:45:00Z,2024-11-13,2024-46,autumn,0,1,0,0,0,0,0,0,0.584050595760346,0.0840505957603455,0.0806277585029602,TRUE,1,1,1,1
2024,2024-11-14T05:15:00Z,2024-11-14,2024-46,autumn,1,0,0,0,0,0,0,0,0.598142385482788,0.0981423854827881,0.0806277585029602,TRUE,1,1,1,1
2024,2024-11-20T03:15:00Z,2024-11-19,2024-47,autumn,1,0,0,0,1,-0.0053580343598386,0.00159461516538196,-0.00376341919445667,0.588766396045685,0.0887663960456848,0.0806277585029602,TRUE,1,1,1,1
2024,2024-11-20T06:30:00Z,2024-11-20,2024-47,autumn,0,0,0,0,0,0,0,0,0.376733362674713,0.123266637325287,0.0806277585029602,TRUE,-1,-1,1,0
2024,2024-11-20T07:45:00Z,2024-11-20,2024-47,autumn,0,0,0,0,0,0,0,0,0.411751210689545,0.0882487893104553,0.0806277585029602,TRUE,-1,-1,1,0
2024,2024-11-20T16:45:00Z,2024-11-20,2024-47,autumn,0,0,1,0,1,-0.000590101960245203,-0.00672035792492229,-0.00731045988516745,0.41859096288681,0.0814090371131897,0.0806277585029602,TRUE,-1,1,0,1
2024,2024-11-20T20:30:00Z,2024-11-20,2024-47,autumn,0,0,1,1,1,-0.000590101960245203,-0.00672035792492229,-0.00731045988516745,0.408567100763321,0.0914328992366791,0.0806277585029602,TRUE,-1,1,0,1
2024,2024-11-22T06:00:00Z,2024-11-22,2024-47,autumn,1,0,0,0,0,0,0,0,0.584268510341644,0.0842685103416443,0.0806277585029602,TRUE,1,1,1,1
2024,2024-11-25T03:30:00Z,2024-11-24,2024-47,autumn,1,0,0,0,0,0,0,0,0.590134561061859,0.0901345610618591,0.0806277585029602,TRUE,1,-1,0,0
2024,2024-11-25T07:30:00Z,2024-11-25,2024-48,autumn,0,0,0,0,0,0,0,0,0.585241615772247,0.0852416157722473,0.0806277585029602,TRUE,1,1,1,1
2024,2024-11-25T13:45:00Z,2024-11-25,2024-48,autumn,0,1,0,0,0,0,0,0,0.407833337783814,0.0921666622161865,0.0806277585029602,TRUE,-1,1,0,1
2024,2024-11-27T03:30:00Z,2024-11-26,2024-48,autumn,1,0,0,0,1,0.00290553630965267,0.00167014652601099,0.0045756828356637,0.589614152908325,0.0896141529083252,0.0806277585029602,TRUE,1,-1,0,0
2024,2024-11-27T18:15:00Z,2024-11-27,2024-48,autumn,0,0,1,0,1,-0.00255211701752926,-0.00362468770590469,-0.00617680472343385,0.417075097560883,0.0829249024391174,0.0806277585029602,TRUE,-1,-1,1,0
2024,2024-12-02T06:00:00Z,2024-12-02,2024-49,winter,1,0,0,0,0,0,0,0,0.580749988555908,0.0807499885559082,0.0806277585029602,TRUE,1,-1,0,0
2024,2024-12-03T06:45:00Z,2024-12-03,2024-49,winter,0,0,0,0,0,0,0,0,0.581014931201935,0.0810149312019348,0.0806277585029602,TRUE,1,1,1,1
2024,2024-12-05T00:30:00Z,2024-12-04,2024-49,winter,1,0,0,0,1,0.00648767396800263,0,0.00648767396800263,0.58978533744812,0.0897853374481201,0.0806277585029602,TRUE,1,1,1,1
2024,2024-12-05T04:15:00Z,2024-12-04,2024-49,winter,1,0,0,0,1,0.00648767396800263,0,0.00648767396800263,0.623367309570313,0.123367309570313,0.0806277585029602,TRUE,1,1,1,1
2024,2024-12-05T04:30:00Z,2024-12-04,2024-49,winter,1,0,0,0,1,0.00648767396800263,0,0.00648767396800263,0.583223462104797,0.0832234621047974,0.0806277585029602,TRUE,1,-1,0,0
2024,2024-12-10T10:15:00Z,2024-12-10,2024-50,winter,0,1,0,0,0,0,0,0,0.418939828872681,0.0810601711273193,0.0806277585029602,TRUE,-1,-1,1,0
2024,2024-12-10T10:30:00Z,2024-12-10,2024-50,winter,0,1,0,0,0,0,0,0,0.395227372646332,0.104772627353668,0.0806277585029602,TRUE,-1,1,0,1
2024,2024-12-10T17:15:00Z,2024-12-10,2024-50,winter,0,0,1,0,1,0.00219674296379382,0.00064996114127868,0.00284670410507242,0.587473630905151,0.0874736309051514,0.0806277585029602,TRUE,1,1,1,1
2024,2024-12-11T04:30:00Z,2024-12-10,2024-50,winter,1,0,0,0,1,0.00219674296379382,0.00064996114127868,0.00284670410507242,0.60733425617218,0.10733425617218,0.0806277585029602,TRUE,1,1,1,1
2024,2024-12-11T04:45:00Z,2024-12-10,2024-50,winter,1,0,0,0,1,0.00219674296379382,0.00064996114127868,0.00284670410507242,0.593342125415802,0.093342125415802,0.0806277585029602,TRUE,1,1,1,1
2024,2024-12-11T21:00:00Z,2024-12-11,2024-50,winter,0,0,0,0,1,0.00844240144288016,0.00489778038101628,0.0133401818238964,0.593233585357666,0.093233585357666,0.0806277585029602,TRUE,1,-1,0,0
2024,2024-12-12T00:45:00Z,2024-12-11,2024-50,winter,1,0,0,0,1,0.00844240144288016,0.00489778038101628,0.0133401818238964,0.585304796695709,0.0853047966957092,0.0806277585029602,TRUE,1,-1,0,0
2024,2024-12-13T03:30:00Z,2024-12-12,2024-50,winter,1,0,0,0,1,-0.00449573318341783,-0.000530241041552012,-0.00502597422496986,0.610690414905548,0.110690414905548,0.0806277585029602,TRUE,1,1,1,1
2024,2024-12-16T02:00:00Z,2024-12-15,2024-50,winter,1,0,0,0,0,0,0,0,0.418314963579178,0.0816850364208221,0.0806277585029602,TRUE,-1,-1,1,0
2024,2024-12-16T03:45:00Z,2024-12-15,2024-50,winter,1,0,0,0,0,0,0,0,0.587173283100128,0.0871732831001282,0.0806277585029602,TRUE,1,-1,0,0
2024,2024-12-16T12:15:00Z,2024-12-16,2024-51,winter,0,1,0,0,0,0,0,0,0.413268864154816,0.0867311358451843,0.0806277585029602,TRUE,-1,1,0,1
2024,2024-12-16T20:00:00Z,2024-12-16,2024-51,winter,0,0,1,1,1,0.00466852119176143,0.00327097503337649,0.00793949622513799,0.584899961948395,0.0848999619483948,0.0806277585029602,TRUE,1,1,1,1
2024,2024-12-17T06:30:00Z,2024-12-17,2024-51,winter,0,0,0,0,0,0,0,0,0.58328115940094,0.0832811594009399,0.0806277585029602,TRUE,1,1,1,1
2024,2024-12-18T03:30:00Z,2024-12-17,2024-51,winter,1,0,0,0,1,-0.00355650569125379,-0.00131707446884007,-0.00487358016009381,0.583150506019592,0.0831505060195923,0.0806277585029602,TRUE,1,1,1,1
2024,2024-12-20T03:45:00Z,2024-12-19,2024-51,winter,1,0,0,0,1,0,-0.0045659276762521,0,0.585417449474335,0.0854174494743347,0.0806277585029602,TRUE,1,1,1,1
2024,2024-12-23T01:30:00Z,2024-12-22,2024-51,winter,1,0,0,0,0,0,0,0,0.417541146278381,0.0824588537216187,0.0806277585029602,TRUE,-1,1,0,1
2024,2024-12-23T04:45:00Z,2024-12-22,2024-51,winter,1,0,0,0,0,0,0,0,0.41887366771698,0.08112633228302,0.0806277585029602,TRUE,-1,1,0,1
2024,2024-12-24T06:45:00Z,2024-12-24,2024-52,winter,0,0,0,0,0,0,0,0,0.408187448978424,0.0918125510215759,0.0806277585029602,TRUE,-1,-1,1,0
2024,2024-12-26T03:30:00Z,2024-12-25,2024-52,winter,1,0,0,0,0,0,0,0,0.415274411439896,0.0847255885601044,0.0806277585029602,TRUE,-1,-1,1,0
2024,2024-12-30T06:45:00Z,2024-12-30,2025-01,winter,0,0,0,0,0,0,0,0,0.586941182613373,0.0869411826133728,0.0806277585029602,TRUE,1,-1,0,0
2024,2024-12-31T07:15:00Z,2024-12-31,2025-01,winter,0,0,0,0,0,0,0,0,0.415177166461945,0.0848228335380554,0.0806277585029602,TRUE,-1,-1,1,0
2024,2024-12-31T09:15:00Z,2024-12-31,2025-01,winter,0,1,0,0,0,0,0,0,0.409080505371094,0.0909194946289062,0.0806277585029602,TRUE,-1,1,0,1
2025,2025-01-02T07:45:00Z,2025-01-02,2025-01,winter,0,0,0,0,0,0,0,0,0.578192055225372,0.0781920552253723,0.0771219730377197,TRUE,1,-1,0,0
2025,2025-01-10T11:15:00Z,2025-01-10,2025-02,winter,0,1,0,0,0,0,0,0,0.418492943048477,0.0815070569515228,0.0771219730377197,TRUE,-1,-1,1,0
2025,2025-01-13T03:15:00Z,2025-01-12,2025-02,winter,1,0,0,0,0,0,0,0,0.580961048603058,0.0809610486030579,0.0771219730377197,TRUE,1,1,1,1
2025,2025-01-13T05:30:00Z,2025-01-13,2025-03,winter,1,0,0,0,0,0,0,0,0.580106794834137,0.080106794834137,0.0771219730377197,TRUE,1,-1,0,0
2025,2025-01-15T07:45:00Z,2025-01-15,2025-03,winter,0,0,0,0,0,0,0,0,0.578030586242676,0.0780305862426758,0.0771219730377197,TRUE,1,-1,0,0
2025,2025-01-16T07:15:00Z,2025-01-16,2025-03,winter,0,0,0,0,0,0,0,0,0.41413825750351,0.0858617424964905,0.0771219730377197,TRUE,-1,1,0,1
2025,2025-01-16T07:30:00Z,2025-01-16,2025-03,winter,0,0,0,0,0,0,0,0,0.417971193790436,0.0820288062095642,0.0771219730377197,TRUE,-1,1,0,1
2025,2025-01-17T03:15:00Z,2025-01-16,2025-03,winter,1,0,0,0,1,0.00460478428041363,-0.00539965042239382,-0.000794866141980207,0.583991348743439,0.0839913487434387,0.0771219730377197,TRUE,1,1,1,1
2025,2025-01-17T13:15:00Z,2025-01-17,2025-03,winter,0,1,0,0,0,0,0,0,0.41191354393959,0.0880864560604096,0.0771219730377197,TRUE,-1,1,0,1
2025,2025-01-17T13:30:00Z,2025-01-17,2025-03,winter,0,1,0,0,0,0,0,0,0.407533198595047,0.092466801404953,0.0771219730377197,TRUE,-1,1,0,1
2025,2025-01-20T12:15:00Z,2025-01-20,2025-04,winter,0,1,0,0,0,0,0,0,0.580413997173309,0.0804139971733093,0.0771219730377197,TRUE,1,-1,0,0
2025,2025-01-23T05:30:00Z,2025-01-23,2025-04,winter,1,0,0,0,0,0,0,0,0.578895568847656,0.0788955688476563,0.0771219730377197,TRUE,1,1,1,1
2025,2025-01-24T03:30:00Z,2025-01-23,2025-04,winter,1,0,0,0,1,-0.00496736919685774,0.000399668851133554,-0.00456770034572414,0.581931293010712,0.0819312930107117,0.0771219730377197,TRUE,1,-1,0,0
2025,2025-01-31T06:30:00Z,2025-01-31,2025-05,winter,0,0,0,0,0,0,0,0,0.421118408441544,0.0788815915584564,0.0771219730377197,TRUE,-1,1,0,1
2025,2025-02-07T03:15:00Z,2025-02-06,2025-06,winter,1,0,0,0,1,0.000723501780022677,0.000596781985715195,0.00132028376573773,0.583711922168732,0.0837119221687317,0.0771219730377197,TRUE,1,0,0,0
2025,2025-02-07T03:45:00Z,2025-02-06,2025-06,winter,1,0,0,0,1,0.000723501780022677,0.000596781985715195,0.00132028376573773,0.590517938137054,0.0905179381370544,0.0771219730377197,TRUE,1,1,1,1
2025,2025-02-07T04:30:00Z,2025-02-06,2025-06,winter,1,0,0,0,1,0.000723501780022677,0.000596781985715195,0.00132028376573773,0.593617916107178,0.0936179161071777,0.0771219730377197,TRUE,1,-1,0,0
2025,2025-02-07T08:00:00Z,2025-02-07,2025-06,winter,0,1,0,0,0,0,0,0,0.578016042709351,0.0780160427093506,0.0771219730377197,TRUE,1,1,1,1
2025,2025-02-10T06:30:00Z,2025-02-10,2025-07,winter,0,0,0,0,0,0,0,0,0.581802070140839,0.0818020701408386,0.0771219730377197,TRUE,1,-1,0,0
2025,2025-02-17T08:30:00Z,2025-02-17,2025-08,winter,0,1,0,0,0,0,0,0,0.577265620231628,0.0772656202316284,0.0771219730377197,TRUE,1,1,1,1
2025,2025-02-18T05:45:00Z,2025-02-18,2025-08,winter,1,0,0,0,0,0,0,0,0.588570475578308,0.0885704755783081,0.0771219730377197,TRUE,1,-1,0,0
2025,2025-02-18T06:45:00Z,2025-02-18,2025-08,winter,0,0,0,0,0,0,0,0,0.417198568582535,0.0828014314174652,0.0771219730377197,TRUE,-1,-1,1,0
2025,2025-02-18T11:45:00Z,2025-02-18,2025-08,winter,0,1,0,0,0,0,0,0,0.587346315383911,0.0873463153839111,0.0771219730377197,TRUE,1,1,1,1
2025,2025-02-19T04:30:00Z,2025-02-18,2025-08,winter,1,0,0,0,1,0.00101139513712164,-0.00248536742101862,-0.00147397228389694,0.579872846603394,0.0798728466033936,0.0771219730377197,TRUE,1,-1,0,0
2025,2025-02-19T11:45:00Z,2025-02-19,2025-08,winter,0,1,0,0,0,0,0,0,0.577292859554291,0.0772928595542908,0.0771219730377197,TRUE,1,1,1,1
2025,2025-02-25T05:00:00Z,2025-02-25,2025-09,winter,1,0,0,0,0,0,0,0,0.583127915859222,0.0831279158592224,0.0771219730377197,TRUE,1,1,1,1
2025,2025-02-25T09:45:00Z,2025-02-25,2025-09,winter,0,1,0,0,0,0,0,0,0.579046964645386,0.0790469646453857,0.0771219730377197,TRUE,1,-1,0,0
2025,2025-02-25T11:45:00Z,2025-02-25,2025-09,winter,0,1,0,0,0,0,0,0,0.411728650331497,0.0882713496685028,0.0771219730377197,TRUE,-1,-1,1,0
2025,2025-02-26T03:15:00Z,2025-02-25,2025-09,winter,1,0,0,0,1,-0.0014014764510109,-0.00614289990586628,-0.00754437635687726,0.41507214307785,0.0849278569221497,0.0771219730377197,TRUE,-1,-1,1,0
2025,2025-02-27T04:00:00Z,2025-02-26,2025-09,winter,1,0,0,0,1,0.00419925832637431,0.00296188554704412,0.00716114387341847,0.588096439838409,0.0880964398384094,0.0771219730377197,TRUE,1,-1,0,0
2025,2025-02-27T05:15:00Z,2025-02-27,2025-09,winter,1,0,0,0,0,0,0,0,0.413910299539566,0.086089700460434,0.0771219730377197,TRUE,-1,1,0,1
2025,2025-02-27T05:45:00Z,2025-02-27,2025-09,winter,1,0,0,0,0,0,0,0,0.392404198646545,0.107595801353455,0.0771219730377197,TRUE,-1,-1,1,0
2025,2025-03-04T10:30:00Z,2025-03-04,2025-10,spring,0,1,0,0,0,0,0,0,0.580926895141602,0.0809268951416016,0.0771219730377197,TRUE,1,-1,0,0
2025,2025-03-07T03:15:00Z,2025-03-06,2025-10,spring,1,0,0,0,1,-0.0169523510520951,-0.00144116204756128,-0.0183935130996564,0.587441563606262,0.0874415636062622,0.0771219730377197,TRUE,1,-1,0,0
2025,2025-03-13T03:00:00Z,2025-03-12,2025-11,spring,1,0,0,0,1,0.0155287787709286,-0.00264355406740894,0.0128852247035196,0.577271640300751,0.0772716403007507,0.0771219730377197,TRUE,1,-1,0,0
2025,2025-03-13T03:30:00Z,2025-03-12,2025-11,spring,1,0,0,0,1,0.0155287787709286,-0.00264355406740894,0.0128852247035196,0.599655747413635,0.0996557474136353,0.0771219730377197,TRUE,1,-1,0,0
2025,2025-03-14T04:30:00Z,2025-03-14,2025-11,spring,1,0,0,0,0,0,0,0,0.589509665966034,0.0895096659660339,0.0771219730377197,TRUE,1,-1,0,0
2025,2025-03-14T05:45:00Z,2025-03-14,2025-11,spring,1,0,0,0,0,0,0,0,0.579114675521851,0.0791146755218506,0.0771219730377197,TRUE,1,-1,0,0
2025,2025-03-18T06:30:00Z,2025-03-18,2025-12,spring,0,0,0,0,0,0,0,0,0.414660513401032,0.0853394865989685,0.0771219730377197,TRUE,-1,-1,1,0
2025,2025-03-21T05:45:00Z,2025-03-21,2025-12,spring,1,0,0,0,0,0,0,0,0.580726563930512,0.0807265639305115,0.0771219730377197,TRUE,1,1,1,1
2025,2025-03-24T00:00:00Z,2025-03-23,2025-12,spring,1,0,0,0,0,0,0,0,0.407760858535767,0.0922391414642334,0.0771219730377197,TRUE,-1,1,0,1
2025,2025-03-25T02:15:00Z,2025-03-24,2025-13,spring,1,0,0,0,1,0.0150838799373267,0.00294536503127808,0.0180292449686048,0.58217203617096,0.0821720361709595,0.0771219730377197,TRUE,1,1,1,1
2025,2025-03-25T08:00:00Z,2025-03-25,2025-13,spring,0,1,0,0,0,0,0,0,0.584322452545166,0.084322452545166,0.0771219730377197,TRUE,1,-1,0,0
2025,2025-03-26T02:15:00Z,2025-03-25,2025-13,spring,1,0,0,0,1,0.00174160516953338,0.000465549356639453,0.00220715452617257,0.585250318050385,0.0852503180503845,0.0771219730377197,TRUE,1,-1,0,0
2025,2025-03-26T02:30:00Z,2025-03-25,2025-13,spring,1,0,0,0,1,0.00174160516953338,0.000465549356639453,0.00220715452617257,0.577856063842773,0.0778560638427734,0.0771219730377197,TRUE,1,1,1,1
2025,2025-03-26T03:15:00Z,2025-03-25,2025-13,spring,1,0,0,0,1,0.00174160516953338,0.000465549356639453,0.00220715452617257,0.58448076248169,0.0844807624816895,0.0771219730377197,TRUE,1,1,1,1
2025,2025-03-26T03:45:00Z,2025-03-25,2025-13,spring,1,0,0,0,1,0.00174160516953338,0.000465549356639453,0.00220715452617257,0.582093179225922,0.0820931792259216,0.0771219730377197,TRUE,1,1,1,1
2025,2025-03-31T03:15:00Z,2025-03-30,2025-13,spring,1,0,0,0,0,0,0,0,0.582210838794708,0.0822108387947083,0.0771219730377197,TRUE,1,1,1,1
2025,2025-04-04T03:00:00Z,2025-04-03,2025-14,spring,1,0,0,0,1,-0.0425320920334621,0.00342886115416509,-0.0391032308792971,0.586491405963898,0.0864914059638977,0.0771219730377197,TRUE,1,-1,0,0
2025,2025-04-10T17:45:00Z,2025-04-10,2025-15,spring,0,0,1,0,1,-0.0251588075445416,-0.00688875296121525,-0.0320475605057569,0.416406691074371,0.0835933089256287,0.0771219730377197,TRUE,-1,-1,1,0
2025,2025-04-14T04:30:00Z,2025-04-14,2025-16,spring,1,0,0,0,0,0,0,0,0.422696113586426,0.0773038864135742,0.0771219730377197,TRUE,-1,-1,1,0
2025,2025-04-15T02:45:00Z,2025-04-14,2025-16,spring,1,0,0,0,1,0.0222134969986841,-0.00974470515697829,0.0124687918417059,0.579239726066589,0.0792397260665894,0.0771219730377197,TRUE,1,1,1,1
2025,2025-04-15T05:30:00Z,2025-04-15,2025-16,spring,1,0,0,0,0,0,0,0,0.580532789230347,0.0805327892303467,0.0771219730377197,TRUE,1,-1,0,0
2025,2025-04-15T10:45:00Z,2025-04-15,2025-16,spring,0,1,0,0,0,0,0,0,0.582750618457794,0.0827506184577942,0.0771219730377197,TRUE,1,1,1,1
2025,2025-04-23T08:15:00Z,2025-04-23,2025-17,spring,0,1,0,0,0,0,0,0,0.417317569255829,0.0826824307441711,0.0771219730377197,TRUE,-1,1,0,1
2025,2025-04-24T02:00:00Z,2025-04-23,2025-17,spring,1,0,0,0,1,0.0304880427599365,0.0066143112372616,0.0371023539971981,0.578884899616242,0.0788848996162415,0.0771219730377197,TRUE,1,1,1,1
2025,2025-04-24T03:00:00Z,2025-04-23,2025-17,spring,1,0,0,0,1,0.0304880427599365,0.0066143112372616,0.0371023539971981,0.583420753479004,0.0834207534790039,0.0771219730377197,TRUE,1,1,1,1
2025,2025-04-24T04:15:00Z,2025-04-24,2025-17,spring,1,0,0,0,0,0,0,0,0.579839944839478,0.0798399448394775,0.0771219730377197,TRUE,1,-1,0,0
2025,2025-04-30T03:00:00Z,2025-04-29,2025-18,spring,1,0,0,0,1,-0.00501910491729925,0.00408394475101966,-0.000935160166279488,0.581379234790802,0.081379234790802,0.0771219730377197,TRUE,1,-1,0,0
2025,2025-04-30T06:00:00Z,2025-04-30,2025-18,spring,1,0,0,0,0,0,0,0,0.420537501573563,0.0794624984264374,0.0771219730377197,TRUE,-1,1,0,1
2025,2025-05-05T01:30:00Z,2025-05-04,2025-18,spring,1,0,0,0,0,0,0,0,0.578488290309906,0.078488290309906,0.0771219730377197,TRUE,1,-1,0,0
2025,2025-05-14T11:30:00Z,2025-05-14,2025-20,spring,0,1,0,0,0,0,0,0,0.41797810792923,0.0820218920707703,0.0771219730377197,TRUE,-1,-1,1,0
2025,2025-05-15T02:15:00Z,2025-05-14,2025-20,spring,1,0,0,0,1,0.00206643179754526,0.000750372290194607,0.00281680408773968,0.584708511829376,0.0847085118293762,0.0771219730377197,TRUE,1,1,1,1
2025,2025-05-15T02:45:00Z,2025-05-14,2025-20,spring,1,0,0,0,1,0.00206643179754526,0.000750372290194607,0.00281680408773968,0.422621518373489,0.0773784816265106,0.0771219730377197,TRUE,-1,-1,1,0
2025,2025-05-16T05:15:00Z,2025-05-16,2025-20,spring,1,0,0,0,0,0,0,0,0.579713523387909,0.0797135233879089,0.0771219730377197,TRUE,1,1,1,1
2025,2025-05-18T23:45:00Z,2025-05-18,2025-20,spring,0,0,0,0,0,0,0,0,0.398575633764267,0.101424366235733,0.0771219730377197,TRUE,-1,-1,1,0
2025,2025-05-19T03:15:00Z,2025-05-18,2025-20,spring,1,0,0,0,0,0,0,0,0.582065761089325,0.082065761089325,0.0771219730377197,TRUE,1,-1,0,0
2025,2025-05-21T05:45:00Z,2025-05-21,2025-21,spring,1,0,0,0,0,0,0,0,0.58205783367157,0.0820578336715698,0.0771219730377197,TRUE,1,-1,0,0
2025,2025-05-23T07:30:00Z,2025-05-23,2025-21,spring,0,1,0,0,0,0,0,0,0.418878227472305,0.0811217725276947,0.0771219730377197,TRUE,-1,1,0,1
2025,2025-05-27T03:45:00Z,2025-05-26,2025-22,spring,1,0,0,0,1,0.0133292691651481,0.000905046577642519,0.0142343157427905,0.584069788455963,0.0840697884559631,0.0771219730377197,TRUE,1,1,1,1
2025,2025-05-28T03:15:00Z,2025-05-27,2025-22,spring,1,0,0,0,1,-0.001128270340408,0.00160974813420687,0.000481477793798882,0.418788075447083,0.0812119245529175,0.0771219730377197,TRUE,-1,-1,1,0
2025,2025-05-29T08:00:00Z,2025-05-29,2025-22,spring,0,1,0,0,0,0,0,0,0.394894421100616,0.105105578899384,0.0771219730377197,TRUE,-1,-1,1,0
2025,2025-06-03T02:15:00Z,2025-06-02,2025-23,summer,1,0,0,0,1,-0.00383288187036437,0.00138481421027445,-0.00244806766008996,0.57792991399765,0.0779299139976502,0.0771219730377197,TRUE,1,-1,0,0
2025,2025-06-03T11:00:00Z,2025-06-03,2025-23,summer,0,1,0,0,0,0,0,0,0.41778489947319,0.0822151005268097,0.0771219730377197,TRUE,-1,1,0,1
2025,2025-06-05T02:30:00Z,2025-06-04,2025-23,summer,1,0,0,0,1,0.000978580675717195,0.00129945567650284,0.00227803635222006,0.580006301403046,0.0800063014030457,0.0771219730377197,TRUE,1,1,1,1
2025,2025-06-05T07:30:00Z,2025-06-05,2025-23,summer,0,1,0,0,0,0,0,0,0.418219864368439,0.0817801356315613,0.0771219730377197,TRUE,-1,-1,1,0
2025,2025-06-05T09:15:00Z,2025-06-05,2025-23,summer,0,1,0,0,0,0,0,0,0.577995657920837,0.0779956579208374,0.0771219730377197,TRUE,1,1,1,1
2025,2025-06-05T11:15:00Z,2025-06-05,2025-23,summer,0,1,0,0,0,0,0,0,0.580229997634888,0.0802299976348877,0.0771219730377197,TRUE,1,1,1,1
2025,2025-06-06T05:00:00Z,2025-06-06,2025-23,summer,1,0,0,0,0,0,0,0,0.399044126272202,0.100955873727798,0.0771219730377197,TRUE,-1,1,0,1
2025,2025-06-10T00:45:00Z,2025-06-09,2025-24,summer,1,0,0,0,1,0.000367081932219774,-0.000470348008831704,-0.000103266076611986,0.391405999660492,0.108594000339508,0.0771219730377197,TRUE,-1,1,0,1
2025,2025-06-10T01:30:00Z,2025-06-09,2025-24,summer,1,0,0,0,1,0.000367081932219774,-0.000470348008831704,-0.000103266076611986,0.406577974557877,0.0934220254421234,0.0771219730377197,TRUE,-1,1,0,1
2025,2025-06-10T03:30:00Z,2025-06-09,2025-24,summer,1,0,0,0,1,0.000367081932219774,-0.000470348008831704,-0.000103266076611986,0.580102324485779,0.0801023244857788,0.0771219730377197,TRUE,1,1,1,1
2025,2025-06-11T11:15:00Z,2025-06-11,2025-24,summer,0,1,0,0,0,0,0,0,0.582195401191711,0.0821954011917114,0.0771219730377197,TRUE,1,-1,0,0
2025,2025-06-12T05:45:00Z,2025-06-12,2025-24,summer,1,0,0,0,0,0,0,0,0.578740298748016,0.0787402987480164,0.0771219730377197,TRUE,1,1,1,1
2025,2025-06-16T05:30:00Z,2025-06-16,2025-25,summer,1,0,0,0,0,0,0,0,0.412076145410538,0.0879238545894623,0.0771219730377197,TRUE,-1,1,0,1
2025,2025-06-16T09:15:00Z,2025-06-16,2025-25,summer,0,1,0,0,0,0,0,0,0.578503727912903,0.0785037279129028,0.0771219730377197,TRUE,1,1,1,1
2025,2025-06-17T03:00:00Z,2025-06-16,2025-25,summer,1,0,0,0,1,0.00651385629627044,0.00610692412805292,0.0126207804243234,0.418042153120041,0.0819578468799591,0.0771219730377197,TRUE,-1,-1,1,0
2025,2025-06-19T10:15:00Z,2025-06-19,2025-25,summer,0,1,0,0,0,0,0,0,0.579804956912994,0.0798049569129944,0.0771219730377197,TRUE,1,1,1,1
2025,2025-06-20T06:00:00Z,2025-06-20,2025-25,summer,1,0,0,0,0,0,0,0,0.409364849328995,0.0906351506710052,0.0771219730377197,TRUE,-1,1,0,1
2025,2025-06-20T11:45:00Z,2025-06-20,2025-25,summer,0,1,0,0,0,0,0,0,0.421082228422165,0.0789177715778351,0.0771219730377197,TRUE,-1,1,0,1
2025,2025-06-23T05:15:00Z,2025-06-23,2025-26,summer,1,0,0,0,0,0,0,0,0.419075191020966,0.0809248089790344,0.0771219730377197,TRUE,-1,-1,1,0
2025,2025-06-23T10:00:00Z,2025-06-23,2025-26,summer,0,1,0,0,0,0,0,0,0.579274535179138,0.0792745351791382,0.0771219730377197,TRUE,1,1,1,1
2025,2025-06-24T04:15:00Z,2025-06-24,2025-26,summer,1,0,0,0,0,0,0,0,0.58205258846283,0.0820525884628296,0.0771219730377197,TRUE,1,1,1,1
2025,2025-06-24T06:30:00Z,2025-06-24,2025-26,summer,0,0,0,0,0,0,0,0,0.410040438175201,0.0899595618247986,0.0771219730377197,TRUE,-1,-1,1,0
2025,2025-06-25T00:00:00Z,2025-06-24,2025-26,summer,1,0,0,0,1,0.0096260803263642,0.000213113191952203,0.00983919351831642,0.420744806528091,0.0792551934719086,0.0771219730377197,TRUE,-1,-1,1,0
2025,2025-06-25T01:30:00Z,2025-06-24,2025-26,summer,1,0,0,0,1,0.0096260803263642,0.000213113191952203,0.00983919351831642,0.578337609767914,0.0783376097679138,0.0771219730377197,TRUE,1,1,1,1
2025,2025-06-27T05:00:00Z,2025-06-27,2025-26,summer,1,0,0,0,0,0,0,0,0.586703836917877,0.0867038369178772,0.0771219730377197,TRUE,1,1,1,1
2025,2025-06-30T09:30:00Z,2025-06-30,2025-27,summer,0,1,0,0,0,0,0,0,0.414114505052567,0.0858854949474335,0.0771219730377197,TRUE,-1,1,0,1
2025,2025-07-01T04:45:00Z,2025-07-01,2025-27,summer,1,0,0,0,0,0,0,0,0.579250454902649,0.0792504549026489,0.0771219730377197,TRUE,1,1,1,1
2025,2025-07-02T05:30:00Z,2025-07-02,2025-27,summer,1,0,0,0,0,0,0,0,0.581420063972473,0.0814200639724731,0.0771219730377197,TRUE,1,1,1,1
2025,2025-07-02T07:45:00Z,2025-07-02,2025-27,summer,0,1,0,0,0,0,0,0,0.583306133747101,0.0833061337471008,0.0771219730377197,TRUE,1,-1,0,0
2025,2025-07-07T00:45:00Z,2025-07-06,2025-27,summer,1,0,0,0,0,0,0,0,0.577183067798615,0.0771830677986145,0.0771219730377197,TRUE,1,1,1,1
2025,2025-07-07T20:45:00Z,2025-07-07,2025-28,summer,0,0,0,0,1,0.0015921486460386,9.80632508753104e-05,0.00169021189691386,0.57756370306015,0.0775637030601502,0.0771219730377197,TRUE,1,1,1,1
2025,2025-07-08T01:45:00Z,2025-07-07,2025-28,summer,1,0,0,0,1,0.0015921486460386,9.80632508753104e-05,0.00169021189691386,0.578095555305481,0.078095555305481,0.0771219730377197,TRUE,1,1,1,1
2025,2025-07-09T07:00:00Z,2025-07-09,2025-28,summer,0,1,0,0,0,0,0,0,0.409962683916092,0.0900373160839081,0.0771219730377197,TRUE,-1,-1,1,0
2025,2025-07-09T09:30:00Z,2025-07-09,2025-28,summer,0,1,0,0,0,0,0,0,0.418953537940979,0.081046462059021,0.0771219730377197,TRUE,-1,-1,1,0
2025,2025-07-10T03:15:00Z,2025-07-09,2025-28,summer,1,0,0,0,1,0.00379329217343165,0.00465649737777608,0.00844978955120778,0.580480039119721,0.0804800391197205,0.0771219730377197,TRUE,1,1,1,1
2025,2025-07-14T05:45:00Z,2025-07-14,2025-29,summer,1,0,0,0,0,0,0,0,0.579936265945435,0.0799362659454346,0.0771219730377197,TRUE,1,-1,0,0
2025,2025-07-14T13:30:00Z,2025-07-14,2025-29,summer,0,1,1,0,0,0,0,0,0.401035517454147,0.0989644825458527,0.0771219730377197,TRUE,-1,1,0,1
2025,2025-07-15T01:45:00Z,2025-07-14,2025-29,summer,1,0,0,0,1,-0.000544686056431407,-0.00135210305303974,-0.00189678910947114,0.399215251207352,0.100784748792648,0.0771219730377197,TRUE,-1,1,0,1
2025,2025-07-15T05:30:00Z,2025-07-15,2025-29,summer,1,0,0,0,0,0,0,0,0.41536357998848,0.0846364200115204,0.0771219730377197,TRUE,-1,-1,1,0
2025,2025-07-16T02:45:00Z,2025-07-15,2025-29,summer,1,0,0,0,1,0.00718081576757519,-0.00266515762946499,0.00451565813811024,0.585835576057434,0.0858355760574341,0.0771219730377197,TRUE,1,1,1,1
2025,2025-07-22T02:45:00Z,2025-07-21,2025-30,summer,1,0,0,0,1,0.00128004492256383,0.00510385719192787,0.00638390211449165,0.590802311897278,0.0908023118972778,0.0771219730377197,TRUE,1,-1,0,0
2025,2025-07-22T03:15:00Z,2025-07-21,2025-30,summer,1,0,0,0,1,0.00128004492256383,0.00510385719192787,0.00638390211449165,0.580127358436585,0.0801273584365845,0.0771219730377197,TRUE,1,-1,0,0
2025,2025-07-22T03:30:00Z,2025-07-21,2025-30,summer,1,0,0,0,1,0.00128004492256383,0.00510385719192787,0.00638390211449165,0.579584121704102,0.0795841217041016,0.0771219730377197,TRUE,1,-1,0,0
2025,2025-07-22T17:30:00Z,2025-07-22,2025-30,summer,0,0,1,0,1,5.35437961608666e-05,-0.00876571196543426,-0.00871216816927342,0.418726533651352,0.0812734663486481,0.0771219730377197,TRUE,-1,-1,1,0
2025,2025-07-22T23:15:00Z,2025-07-22,2025-30,summer,0,0,0,0,1,5.35437961608666e-05,-0.00876571196543426,-0.00871216816927342,0.413514852523804,0.0864851474761963,0.0771219730377197,TRUE,-1,1,0,1
2025,2025-07-23T20:15:00Z,2025-07-23,2025-30,summer,0,0,0,0,1,0.00173182567984393,-0.00411394689316655,-0.00238212121332253,0.406847804784775,0.0931521952152252,0.0771219730377197,TRUE,-1,-1,1,0
2025,2025-07-25T03:00:00Z,2025-07-24,2025-30,summer,1,0,0,0,1,0.00211998323454101,-0.000481419876961096,0.00163856335757984,0.590508341789246,0.0905083417892456,0.0771219730377197,TRUE,1,1,1,1
2025,2025-07-28T10:45:00Z,2025-07-28,2025-31,summer,0,1,0,0,0,0,0,0,0.582971513271332,0.0829715132713318,0.0771219730377197,TRUE,1,-1,0,0
2025,2025-08-01T04:00:00Z,2025-08-01,2025-31,summer,1,0,0,0,0,0,0,0,0.577901899814606,0.0779018998146057,0.0771219730377197,TRUE,1,1,1,1
2025,2025-08-01T05:45:00Z,2025-08-01,2025-31,summer,1,0,0,0,0,0,0,0,0.578074395656586,0.0780743956565857,0.0771219730377197,TRUE,1,1,1,1
2025,2025-08-01T06:30:00Z,2025-08-01,2025-31,summer,0,0,0,0,0,0,0,0,0.578150868415833,0.0781508684158325,0.0771219730377197,TRUE,1,-1,0,0
2025,2025-08-05T06:45:00Z,2025-08-05,2025-32,summer,0,0,0,0,0,0,0,0,0.422761857509613,0.077238142490387,0.0771219730377197,TRUE,-1,-1,1,0
2025,2025-08-06T00:00:00Z,2025-08-05,2025-32,summer,1,0,0,0,1,0.0022081689752903,0.00111295425903064,0.00332112323432097,0.582757413387299,0.0827574133872986,0.0771219730377197,TRUE,1,1,1,1
2025,2025-08-07T02:45:00Z,2025-08-06,2025-32,summer,1,0,0,0,1,0.00154418504749042,0.00138018805403365,0.00292437310152424,0.579349935054779,0.0793499350547791,0.0771219730377197,TRUE,1,1,1,1
2025,2025-08-07T04:30:00Z,2025-08-07,2025-32,summer,1,0,0,0,0,0,0,0,0.581484496593475,0.0814844965934753,0.0771219730377197,TRUE,1,1,1,1
2025,2025-08-08T03:30:00Z,2025-08-07,2025-32,summer,1,0,0,0,1,0.00749592830627054,0.00226428766420279,0.00976021597047334,0.595069527626038,0.0950695276260376,0.0771219730377197,TRUE,1,-1,0,0
2025,2025-08-08T20:15:00Z,2025-08-08,2025-32,summer,0,0,0,0,1,0.00173246717899784,0.00431279510924124,0.00604526228823883,0.403565287590027,0.0964347124099731,0.0771219730377197,TRUE,-1,-1,1,0
2025,2025-08-11T04:30:00Z,2025-08-11,2025-33,summer,1,0,0,0,0,0,0,0,0.581590592861176,0.0815905928611755,0.0771219730377197,TRUE,1,1,1,1
2025,2025-08-12T05:30:00Z,2025-08-12,2025-33,summer,1,0,0,0,0,0,0,0,0.578112363815308,0.0781123638153076,0.0771219730377197,TRUE,1,-1,0,0
2025,2025-08-12T06:30:00Z,2025-08-12,2025-33,summer,0,0,0,0,0,0,0,0,0.414174526929855,0.0858254730701447,0.0771219730377197,TRUE,-1,-1,1,0
2025,2025-08-13T23:45:00Z,2025-08-13,2025-33,summer,0,0,0,0,1,0.00458534745338037,-0.00113395799861538,0.00345138945476513,0.404356718063355,0.0956432819366455,0.0771219730377197,TRUE,-1,-1,1,0
2025,2025-08-14T05:45:00Z,2025-08-14,2025-33,summer,1,0,0,0,0,0,0,0,0.586097300052643,0.0860973000526428,0.0771219730377197,TRUE,1,-1,0,0
2025,2025-08-18T03:30:00Z,2025-08-17,2025-33,summer,1,0,0,0,0,0,0,0,0.577555060386658,0.0775550603866577,0.0771219730377197,TRUE,1,-1,0,0
2025,2025-08-18T06:15:00Z,2025-08-18,2025-34,summer,1,0,0,0,0,0,0,0,0.580239415168762,0.0802394151687622,0.0771219730377197,TRUE,1,-1,0,0
2025,2025-08-18T08:15:00Z,2025-08-18,2025-34,summer,0,1,0,0,0,0,0,0,0.578102171421051,0.078102171421051,0.0771219730377197,TRUE,1,1,1,1
2025,2025-08-20T03:15:00Z,2025-08-19,2025-34,summer,1,0,0,0,1,-0.00145081449769155,-0.00353068635419605,-0.00498150085188753,0.582290709018707,0.0822907090187073,0.0771219730377197,TRUE,1,1,1,1
2025,2025-08-20T03:45:00Z,2025-08-19,2025-34,summer,1,0,0,0,1,-0.00145081449769155,-0.00353068635419605,-0.00498150085188753,0.57792741060257,0.0779274106025696,0.0771219730377197,TRUE,1,-1,0,0
2025,2025-08-21T02:00:00Z,2025-08-20,2025-34,summer,1,0,0,0,1,-0.00187647320848627,-0.0108585922986482,-0.0127350655071345,0.41000497341156,0.0899950265884399,0.0771219730377197,TRUE,-1,-1,1,0
2025,2025-08-22T03:00:00Z,2025-08-21,2025-34,summer,1,0,0,0,1,-0.00275838557217979,-0.0031325210094852,-0.00589090658166497,0.578690707683563,0.0786907076835632,0.0771219730377197,TRUE,1,-1,0,0
2025,2025-08-22T08:15:00Z,2025-08-22,2025-34,summer,0,1,0,0,0,0,0,0,0.412461936473846,0.0875380635261536,0.0771219730377197,TRUE,-1,1,0,1
2025,2025-08-28T05:45:00Z,2025-08-28,2025-35,summer,1,0,0,0,0,0,0,0,0.58099627494812,0.0809962749481201,0.0771219730377197,TRUE,1,-1,0,0
2025,2025-08-28T06:30:00Z,2025-08-28,2025-35,summer,0,0,0,0,0,0,0,0,0.408135414123535,0.0918645858764648,0.0771219730377197,TRUE,-1,1,0,1
2025,2025-09-01T02:15:00Z,2025-08-31,2025-35,summer,1,0,0,0,0,0,0,0,0.583674311637878,0.0836743116378784,0.0771219730377197,TRUE,1,-1,0,0
2025,2025-09-01T06:45:00Z,2025-09-01,2025-36,autumn,0,0,0,0,0,0,0,0,0.401662200689316,0.0983377993106842,0.0771219730377197,TRUE,-1,-1,1,0
2025,2025-09-04T02:30:00Z,2025-09-03,2025-36,autumn,1,0,0,0,1,0.00628478361608266,-0.00193368897956685,0.00435109463651579,0.579785346984863,0.0797853469848633,0.0771219730377197,TRUE,1,0,0,0
2025,2025-09-04T03:00:00Z,2025-09-03,2025-36,autumn,1,0,0,0,1,0.00628478361608266,-0.00193368897956685,0.00435109463651579,0.586553156375885,0.086553156375885,0.0771219730377197,TRUE,1,-1,0,0
2025,2025-09-08T23:45:00Z,2025-09-08,2025-37,autumn,0,0,0,0,1,0.00392836772507928,0.00260337535895715,0.00653174308403666,0.57942008972168,0.0794200897216797,0.0771219730377197,TRUE,1,1,1,1
2025,2025-09-11T05:15:00Z,2025-09-11,2025-37,autumn,1,0,0,0,0,0,0,0,0.578136026859283,0.0781360268592835,0.0771219730377197,TRUE,1,1,1,1
2025,2025-09-12T02:15:00Z,2025-09-11,2025-37,autumn,1,0,0,0,1,0.00430499186334726,0.000104260066403802,0.00440925192975101,0.577482283115387,0.077482283115387,0.0771219730377197,TRUE,1,-1,0,0
2025,2025-09-12T04:15:00Z,2025-09-12,2025-37,autumn,1,0,0,0,0,0,0,0,0.418276369571686,0.0817236304283142,0.0771219730377197,TRUE,-1,1,0,1
2025,2025-09-18T05:30:00Z,2025-09-18,2025-38,autumn,1,0,0,0,0,0,0,0,0.579291343688965,0.0792913436889648,0.0771219730377197,TRUE,1,1,1,1
2025,2025-09-18T13:00:00Z,2025-09-18,2025-38,autumn,0,1,0,0,0,0,0,0,0.578380227088928,0.0783802270889282,0.0771219730377197,TRUE,1,-1,0,0
2025,2025-09-19T02:30:00Z,2025-09-18,2025-38,autumn,1,0,0,0,1,0,0.000708839254817243,0,0.581163227558136,0.081163227558136,0.0771219730377197,TRUE,1,1,1,1
2025,2025-09-19T03:15:00Z,2025-09-18,2025-38,autumn,1,0,0,0,1,0,0.000708839254817243,0,0.417281061410904,0.0827189385890961,0.0771219730377197,TRUE,-1,-1,1,0
2025,2025-09-19T04:15:00Z,2025-09-19,2025-38,autumn,1,0,0,0,0,0,0,0,0.579284608364105,0.0792846083641052,0.0771219730377197,TRUE,1,-1,0,0
2025,2025-09-25T05:15:00Z,2025-09-25,2025-39,autumn,1,0,0,0,0,0,0,0,0.57745623588562,0.0774562358856201,0.0771219730377197,TRUE,1,1,1,1
2025,2025-09-25T09:45:00Z,2025-09-25,2025-39,autumn,0,1,0,0,0,0,0,0,0.578123092651367,0.0781230926513672,0.0771219730377197,TRUE,1,-1,0,0
2025,2025-09-25T11:45:00Z,2025-09-25,2025-39,autumn,0,1,0,0,0,0,0,0,0.582496166229248,0.0824961662292481,0.0771219730377197,TRUE,1,1,1,1
2025,2025-09-26T05:00:00Z,2025-09-26,2025-39,autumn,1,0,0,0,0,0,0,0,0.577865958213806,0.0778659582138062,0.0771219730377197,TRUE,1,1,1,1
2025,2025-09-26T06:15:00Z,2025-09-26,2025-39,autumn,1,0,0,0,0,0,0,0,0.395712047815323,0.104287952184677,0.0771219730377197,TRUE,-1,1,0,1
2025,2025-09-26T08:45:00Z,2025-09-26,2025-39,autumn,0,1,0,0,0,0,0,0,0.580079317092896,0.0800793170928955,0.0771219730377197,TRUE,1,-1,0,0
2025,2025-09-29T00:45:00Z,2025-09-28,2025-39,autumn,1,0,0,0,0,0,0,0,0.41441798210144,0.0855820178985596,0.0771219730377197,TRUE,-1,-1,1,0
2025,2025-09-29T15:15:00Z,2025-09-29,2025-40,autumn,0,1,1,0,1,0.00505283342249607,0.00366519632483847,0.00871802974733436,0.590214788913727,0.0902147889137268,0.0771219730377197,TRUE,1,-1,0,0
2025,2025-09-30T05:00:00Z,2025-09-30,2025-40,autumn,1,0,0,0,0,0,0,0,0.587484538555145,0.0874845385551453,0.0771219730377197,TRUE,1,-1,0,0
2025,2025-10-01T06:45:00Z,2025-10-01,2025-40,autumn,0,0,0,0,0,0,0,0,0.578313231468201,0.0783132314682007,0.0771219730377197,TRUE,1,-1,0,0
2025,2025-10-01T13:30:00Z,2025-10-01,2025-40,autumn,0,1,1,0,0,0,0,0,0.581931293010712,0.0819312930107117,0.0771219730377197,TRUE,1,1,1,1
2025,2025-10-03T11:00:00Z,2025-10-03,2025-40,autumn,0,1,0,0,0,0,0,0,0.577849388122559,0.0778493881225586,0.0771219730377197,TRUE,1,1,1,1
2025,2025-10-06T05:15:00Z,2025-10-06,2025-41,autumn,1,0,0,0,0,0,0,0,0.581381320953369,0.0813813209533691,0.0771219730377197,TRUE,1,1,1,1
2025,2025-10-07T04:15:00Z,2025-10-07,2025-41,autumn,1,0,0,0,0,0,0,0,0.406662374734879,0.0933376252651215,0.0771219730377197,TRUE,-1,-1,1,0
2025,2025-10-07T09:15:00Z,2025-10-07,2025-41,autumn,0,1,0,0,0,0,0,0,0.394781887531281,0.105218112468719,0.0771219730377197,TRUE,-1,-1,1,0
2025,2025-10-07T12:00:00Z,2025-10-07,2025-41,autumn,0,1,0,0,0,0,0,0,0.391094356775284,0.108905643224716,0.0771219730377197,TRUE,-1,-1,1,0
2025,2025-10-08T12:15:00Z,2025-10-08,2025-41,autumn,0,1,0,0,0,0,0,0,0.578404664993286,0.0784046649932861,0.0771219730377197,TRUE,1,1,1,1
2025,2025-10-08T20:30:00Z,2025-10-08,2025-41,autumn,0,0,0,0,1,0.00137655882086287,0.00376089908810544,0.00513745790896841,0.41898313164711,0.08101686835289,0.0771219730377197,TRUE,-1,-1,1,0
2025,2025-10-10T03:30:00Z,2025-10-09,2025-41,autumn,1,0,0,0,1,-3.94796581112945e-05,-0.00198586250185131,-0.00202534215996256,0.578451097011566,0.0784510970115662,0.0771219730377197,TRUE,1,1,1,1
2025,2025-10-10T12:45:00Z,2025-10-10,2025-41,autumn,0,1,0,0,0,0,0,0,0.57826292514801,0.0782629251480103,0.0771219730377197,TRUE,1,1,1,1
2025,2025-10-13T02:45:00Z,2025-10-12,2025-41,autumn,1,0,0,0,0,0,0,0,0.579465270042419,0.0794652700424194,0.0771219730377197,TRUE,1,0,0,0
2025,2025-10-13T03:00:00Z,2025-10-12,2025-41,autumn,1,0,0,0,0,0,0,0,0.590803444385529,0.0908034443855286,0.0771219730377197,TRUE,1,1,1,1
2025,2025-10-14T02:30:00Z,2025-10-13,2025-42,autumn,1,0,0,0,1,0.017165798224532,0.00254462020826154,0.0197104184327936,0.583693861961365,0.0836938619613648,0.0771219730377197,TRUE,1,-1,0,0
2025,2025-10-14T03:00:00Z,2025-10-13,2025-42,autumn,1,0,0,0,1,0.017165798224532,0.00254462020826154,0.0197104184327936,0.580367028713226,0.0803670287132263,0.0771219730377197,TRUE,1,-1,0,0
2025,2025-10-17T03:45:00Z,2025-10-16,2025-42,autumn,1,0,0,0,1,0.0048329333259494,0.000678541162590807,0.0055114744885403,0.585168242454529,0.0851682424545288,0.0771219730377197,TRUE,1,1,1,1
2025,2025-10-17T05:15:00Z,2025-10-17,2025-42,autumn,1,0,0,0,0,0,0,0,0.580947697162628,0.0809476971626282,0.0771219730377197,TRUE,1,1,1,1
2025,2025-10-21T03:30:00Z,2025-10-20,2025-43,autumn,1,0,0,0,1,0.00518880385060788,0.00409209764327814,0.00928090149388604,0.578416645526886,0.078416645526886,0.0771219730377197,TRUE,1,0,0,0
2025,2025-10-21T05:45:00Z,2025-10-21,2025-43,autumn,1,0,0,0,0,0,0,0,0.57874870300293,0.0787487030029297,0.0771219730377197,TRUE,1,-1,0,0
2025,2025-10-22T04:00:00Z,2025-10-22,2025-43,autumn,1,0,0,0,0,0,0,0,0.403988420963287,0.0960115790367126,0.0771219730377197,TRUE,-1,1,0,1
2025,2025-10-22T05:45:00Z,2025-10-22,2025-43,autumn,1,0,0,0,0,0,0,0,0.581377744674683,0.0813777446746826,0.0771219730377197,TRUE,1,1,1,1
2025,2025-10-23T04:15:00Z,2025-10-23,2025-43,autumn,1,0,0,0,0,0,0,0,0.582425594329834,0.082425594329834,0.0771219730377197,TRUE,1,1,1,1
2025,2025-10-24T20:00:00Z,2025-10-24,2025-43,autumn,0,0,0,0,1,0.00841890243534759,0.00154985562437622,0.00996875805972357,0.577210545539856,0.077210545539856,0.0771219730377197,TRUE,1,1,1,1
2025,2025-10-27T03:15:00Z,2025-10-26,2025-43,autumn,1,0,0,0,0,0,0,0,0.421119600534439,0.0788803994655609,0.0771219730377197,TRUE,-1,1,0,1
2025,2025-11-03T03:15:00Z,2025-11-02,2025-44,autumn,1,0,0,0,0,0,0,0,0.5883868932724,0.0883868932723999,0.0771219730377197,TRUE,1,0,0,0
2025,2025-11-04T05:30:00Z,2025-11-04,2025-45,autumn,1,0,0,0,0,0,0,0,0.581066071987152,0.0810660719871521,0.0771219730377197,TRUE,1,1,1,1
2025,2025-11-14T05:15:00Z,2025-11-14,2025-46,autumn,1,0,0,0,0,0,0,0,0.577546775341034,0.0775467753410339,0.0771219730377197,TRUE,1,1,1,1
2025,2025-11-25T07:45:00Z,2025-11-25,2025-48,autumn,0,0,0,0,0,0,0,0,0.422378420829773,0.0776215791702271,0.0771219730377197,TRUE,-1,-1,1,0
2025,2025-12-01T03:15:00Z,2025-11-30,2025-48,autumn,1,0,0,0,0,0,0,0,0.583762586116791,0.0837625861167908,0.0771219730377197,TRUE,1,0,0,0
2025,2025-12-01T05:00:00Z,2025-12-01,2025-49,winter,1,0,0,0,0,0,0,0,0.579835116863251,0.0798351168632507,0.0771219730377197,TRUE,1,-1,0,0
2025,2025-12-04T02:15:00Z,2025-12-03,2025-49,winter,1,0,0,0,1,-0.00411972224145912,-2.94176770842716e-05,-0.00414913991854338,0.579120516777039,0.0791205167770386,0.0771219730377197,TRUE,1,1,1,1
2025,2025-12-04T14:15:00Z,2025-12-04,2025-49,winter,0,1,0,0,0,0,0,0,0.417978167533875,0.0820218324661255,0.0771219730377197,TRUE,-1,-1,1,0
2025,2025-12-08T21:30:00Z,2025-12-08,2025-50,winter,0,0,0,0,1,0.00253315804633775,-0.00180458179775092,0.000728576248586797,0.419127702713013,0.0808722972869873,0.0771219730377197,TRUE,-1,1,0,1
2025,2025-12-11T06:30:00Z,2025-12-11,2025-50,winter,0,0,0,0,0,0,0,0,0.577173292636871,0.0771732926368713,0.0771219730377197,TRUE,1,1,1,1
2025,2025-12-15T04:15:00Z,2025-12-14,2025-50,winter,1,0,0,0,0,0,0,0,0.585617363452911,0.0856173634529114,0.0771219730377197,TRUE,1,-1,0,0
2025,2025-12-16T07:45:00Z,2025-12-16,2025-51,winter,0,0,0,0,0,0,0,0,0.579297423362732,0.0792974233627319,0.0771219730377197,TRUE,1,1,1,1
2025,2025-12-17T06:15:00Z,2025-12-17,2025-51,winter,1,0,0,0,0,0,0,0,0.388501137495041,0.111498862504959,0.0771219730377197,TRUE,-1,-1,1,0
2025,2025-12-18T03:15:00Z,2025-12-17,2025-51,winter,1,0,0,0,1,0,-0.00353658364583322,0,0.585014164447784,0.0850141644477844,0.0771219730377197,TRUE,1,-1,0,0
2025,2025-12-22T05:15:00Z,2025-12-22,2025-52,winter,1,0,0,0,0,0,0,0,0.57918518781662,0.0791851878166199,0.0771219730377197,TRUE,1,-1,0,0
2025,2025-12-23T04:30:00Z,2025-12-22,2025-52,winter,1,0,0,0,1,0.0077879739055364,-0.00127113521712616,0.00651683868841019,0.584311366081238,0.0843113660812378,0.0771219730377197,TRUE,1,-1,0,0
2025,2025-12-23T06:00:00Z,2025-12-23,2025-52,winter,1,0,0,0,0,0,0,0,0.581085801124573,0.0810858011245728,0.0771219730377197,TRUE,1,1,1,1
2025,2025-12-23T06:15:00Z,2025-12-23,2025-52,winter,1,0,0,0,0,0,0,0,0.580803394317627,0.080803394317627,0.0771219730377197,TRUE,1,-1,0,0
2025,2025-12-29T12:45:00Z,2025-12-29,2026-01,winter,0,1,0,0,0,0,0,0,0.580058455467224,0.0800584554672241,0.0771219730377197,TRUE,1,1,1,1
2025,2025-12-30T06:30:00Z,2025-12-30,2026-01,winter,0,0,0,0,0,0,0,0,0.58614045381546,0.0861404538154602,0.0771219730377197,TRUE,1,1,1,1
2025,2025-12-30T21:00:00Z,2025-12-30,2026-01,winter,0,0,0,0,1,-0.00187620051634769,0.00248787774461773,0.000611677228270043,0.583801507949829,0.0838015079498291,0.0771219730377197,TRUE,1,-1,0,0
2025,2025-12-31T05:15:00Z,2025-12-31,2026-01,winter,1,0,0,0,0,0,0,0,0.588956832885742,0.0889568328857422,0.0771219730377197,TRUE,1,-1,0,0
2026_YTD,2026-01-05T06:30:00Z,2026-01-05,2026-02,winter,0,0,0,0,0,0,0,0,0.581266343593597,0.0812663435935974,0.0750900268554688,TRUE,1,1,1,1
2026_YTD,2026-01-06T00:15:00Z,2026-01-05,2026-02,winter,1,0,0,0,1,0.0100729863227857,-0.00166854538659625,0.00840444093618946,0.577821910381317,0.0778219103813171,0.0750900268554688,TRUE,1,1,1,1
2026_YTD,2026-01-07T02:30:00Z,2026-01-06,2026-02,winter,1,0,0,0,1,0.00192297427125678,0.00455351153597025,0.00647648580722711,0.586322605609894,0.0863226056098938,0.0750900268554688,TRUE,1,-1,0,0
2026_YTD,2026-01-07T04:00:00Z,2026-01-06,2026-02,winter,1,0,0,0,1,0.00192297427125678,0.00455351153597025,0.00647648580722711,0.590754926204681,0.0907549262046814,0.0750900268554688,TRUE,1,-1,0,0
2026_YTD,2026-01-07T04:30:00Z,2026-01-06,2026-02,winter,1,0,0,0,1,0.00192297427125678,0.00455351153597025,0.00647648580722711,0.592741787433624,0.0927417874336243,0.0750900268554688,TRUE,1,1,1,1
2026_YTD,2026-01-07T09:00:00Z,2026-01-07,2026-02,winter,0,1,0,0,0,0,0,0,0.577349364757538,0.0773493647575378,0.0750900268554688,TRUE,1,-1,0,0
2026_YTD,2026-01-08T02:45:00Z,2026-01-07,2026-02,winter,1,0,0,0,1,-0.000881710381367636,0.00248810533861425,0.00160639495724645,0.575486183166504,0.0754861831665039,0.0750900268554688,TRUE,1,-1,0,0
2026_YTD,2026-01-08T05:15:00Z,2026-01-08,2026-02,winter,1,0,0,0,0,0,0,0,0.58734530210495,0.08734530210495,0.0750900268554688,TRUE,1,1,1,1
2026_YTD,2026-01-08T06:00:00Z,2026-01-08,2026-02,winter,1,0,0,0,0,0,0,0,0.603082776069641,0.103082776069641,0.0750900268554688,TRUE,1,-1,0,0
2026_YTD,2026-01-12T21:00:00Z,2026-01-12,2026-03,winter,0,0,0,0,1,-0.00723694370691373,0.00599259256220335,-0.0012443511447103,0.575991034507752,0.0759910345077515,0.0750900268554688,TRUE,1,1,1,1
2026_YTD,2026-01-14T04:15:00Z,2026-01-13,2026-03,winter,1,0,0,0,1,-6.74338065194684e-05,-6.74383541443208e-05,-0.000134872160663753,0.584202647209168,0.0842026472091675,0.0750900268554688,TRUE,1,1,1,1
2026_YTD,2026-01-14T04:45:00Z,2026-01-13,2026-03,winter,1,0,0,0,1,-6.74338065194684e-05,-6.74383541443208e-05,-0.000134872160663753,0.585373818874359,0.0853738188743591,0.0750900268554688,TRUE,1,-1,0,0
2026_YTD,2026-01-15T03:30:00Z,2026-01-14,2026-03,winter,1,0,0,0,1,-0.00635125625845899,-0.00603024735404621,-0.0123815036125052,0.58241480588913,0.0824148058891296,0.0750900268554688,TRUE,1,1,1,1
2026_YTD,2026-01-19T07:45:00Z,2026-01-19,2026-04,winter,0,0,0,0,0,0,0,0,0.578445851802826,0.0784458518028259,0.0750900268554688,TRUE,1,1,1,1
2026_YTD,2026-01-21T10:00:00Z,2026-01-21,2026-04,winter,0,1,0,0,0,0,0,0,0.576185941696167,0.076185941696167,0.0750900268554688,TRUE,1,1,1,1
2026_YTD,2026-01-22T06:15:00Z,2026-01-22,2026-04,winter,1,0,0,0,0,0,0,0,0.578750669956207,0.0787506699562073,0.0750900268554688,TRUE,1,1,1,1
2026_YTD,2026-01-23T08:15:00Z,2026-01-23,2026-04,winter,0,1,0,0,0,0,0,0,0.579681813716888,0.0796818137168884,0.0750900268554688,TRUE,1,-1,0,0
2026_YTD,2026-01-28T03:45:00Z,2026-01-27,2026-05,winter,1,0,0,0,1,0.00531569764701506,0.00270966419924255,0.00802536184625752,0.581821918487549,0.0818219184875488,0.0750900268554688,TRUE,1,1,1,1
2026_YTD,2026-01-29T11:00:00Z,2026-01-29,2026-05,winter,0,1,0,0,0,0,0,0,0.583141624927521,0.0831416249275208,0.0750900268554688,TRUE,1,-1,0,0
2026_YTD,2026-01-30T06:00:00Z,2026-01-30,2026-05,winter,1,0,0,0,0,0,0,0,0.579806923866272,0.079806923866272,0.0750900268554688,TRUE,1,-1,0,0
2026_YTD,2026-02-02T03:15:00Z,2026-02-01,2026-05,winter,1,0,0,0,0,0,0,0,0.581196486949921,0.0811964869499207,0.0750900268554688,TRUE,1,0,0,0
2026_YTD,2026-02-05T09:00:00Z,2026-02-05,2026-06,winter,0,1,0,0,0,0,0,0,0.578010439872742,0.0780104398727417,0.0750900268554688,TRUE,1,-1,0,0
2026_YTD,2026-02-11T04:30:00Z,2026-02-10,2026-07,winter,1,0,0,0,1,0.00152817038765582,0.000620460440931621,0.0021486308285875,0.587591350078583,0.0875913500785828,0.0750900268554688,TRUE,1,-1,0,0
2026_YTD,2026-02-11T05:45:00Z,2026-02-11,2026-07,winter,1,0,0,0,0,0,0,0,0.580394446849823,0.080394446849823,0.0750900268554688,TRUE,1,0,0,0
2026_YTD,2026-02-11T07:15:00Z,2026-02-11,2026-07,winter,0,0,0,0,0,0,0,0,0.579058289527893,0.0790582895278931,0.0750900268554688,TRUE,1,1,1,1
2026_YTD,2026-02-11T08:15:00Z,2026-02-11,2026-07,winter,0,1,0,0,0,0,0,0,0.576185464859009,0.0761854648590088,0.0750900268554688,TRUE,1,-1,0,0
2026_YTD,2026-02-12T13:15:00Z,2026-02-12,2026-07,winter,0,1,0,0,0,0,0,0,0.57832545042038,0.0783254504203796,0.0750900268554688,TRUE,1,1,1,1
2026_YTD,2026-02-13T05:30:00Z,2026-02-13,2026-07,winter,1,0,0,0,0,0,0,0,0.579445660114288,0.0794456601142883,0.0750900268554688,TRUE,1,1,1,1
2026_YTD,2026-02-17T05:15:00Z,2026-02-17,2026-08,winter,1,0,0,0,0,0,0,0,0.577779412269592,0.0777794122695923,0.0750900268554688,TRUE,1,-1,0,0
2026_YTD,2026-02-20T06:15:00Z,2026-02-20,2026-08,winter,1,0,0,0,0,0,0,0,0.424472868442535,0.0755271315574646,0.0750900268554688,TRUE,-1,-1,1,0
2026_YTD,2026-02-23T06:15:00Z,2026-02-23,2026-09,winter,1,0,0,0,0,0,0,0,0.422870069742203,0.0771299302577972,0.0750900268554688,TRUE,-1,-1,1,0
2026_YTD,2026-02-26T01:30:00Z,2026-02-25,2026-09,winter,1,0,0,0,1,0.00519026274618639,0.00724705420124015,0.0124373169474267,0.589608252048492,0.0896082520484924,0.0750900268554688,TRUE,1,1,1,1
2026_YTD,2026-02-27T00:45:00Z,2026-02-26,2026-09,winter,1,0,0,0,1,-0.00167565315739659,-0.00589692022450957,-0.00757257338190622,0.582004547119141,0.0820045471191406,0.0750900268554688,TRUE,1,1,1,1
2026_YTD,2026-02-27T06:15:00Z,2026-02-27,2026-09,winter,1,0,0,0,0,0,0,0,0.59388655424118,0.0938865542411804,0.0750900268554688,TRUE,1,-1,0,0
2026_YTD,2026-03-05T01:30:00Z,2026-03-04,2026-10,spring,1,0,0,0,1,0.00388021228310463,0.00264200946283858,0.00652222174594324,0.580023586750031,0.0800235867500305,0.0750900268554688,TRUE,1,1,1,1
2026_YTD,2026-03-05T01:45:00Z,2026-03-04,2026-10,spring,1,0,0,0,1,0.00388021228310463,0.00264200946283858,0.00652222174594324,0.582436740398407,0.082436740398407,0.0750900268554688,TRUE,1,-1,0,0
2026_YTD,2026-03-05T06:00:00Z,2026-03-05,2026-10,spring,1,0,0,0,0,0,0,0,0.580846071243286,0.0808460712432861,0.0750900268554688,TRUE,1,-1,0,0
2026_YTD,2026-03-11T05:45:00Z,2026-03-11,2026-11,spring,1,0,0,0,0,0,0,0,0.580554127693176,0.0805541276931763,0.0750900268554688,TRUE,1,-1,0,0
2026_YTD,2026-03-11T23:45:00Z,2026-03-11,2026-11,spring,0,0,0,0,1,0.0019291806967834,0.00265278598205752,0.00458196667884103,0.584017813205719,0.084017813205719,0.0750900268554688,TRUE,1,1,1,1
2026_YTD,2026-03-12T02:30:00Z,2026-03-11,2026-11,spring,1,0,0,0,1,0.0019291806967834,0.00265278598205752,0.00458196667884103,0.578336834907532,0.0783368349075317,0.0750900268554688,TRUE,1,-1,0,0
2026_YTD,2026-03-12T03:30:00Z,2026-03-11,2026-11,spring,1,0,0,0,1,0.0019291806967834,0.00265278598205752,0.00458196667884103,0.577965676784515,0.0779656767845154,0.0750900268554688,TRUE,1,-1,0,0
2026_YTD,2026-03-13T03:15:00Z,2026-03-12,2026-11,spring,1,0,0,0,1,-0.00837026777085855,-0.00477409951233494,-0.0131443672831936,0.578238666057587,0.0782386660575867,0.0750900268554688,TRUE,1,1,1,1
