candidate_id,horizon,feature_set,model_id,xgb_depth,target_coverage,selected_n,coverage,win_rate,baseline_wr,edge,active_weeks,unique_days,top_day_share,top5_day_share,nonoverlap_n,long_n,long_wr,short_n,short_wr,viewed_in_v5
1__NQ_ONLY__logit__0.5000,1,NQ_ONLY,logit,,0.5,2305,0.525056947608201,0.508026030368764,0.499783080260304,0.00824295010845987,11,62,0.0251626898047722,0.118872017353579,2305,1656,0.509661835748792,649,0.503852080123267,TRUE
1__NQ_ONLY__logit__0.2000,1,NQ_ONLY,logit,,0.2,996,0.226879271070615,0.495983935742972,0.493975903614458,0.00200803212851406,11,62,0.035140562248996,0.152610441767068,996,782,0.49616368286445,214,0.495327102803738,TRUE
1__NQ_ONLY__logit__0.1000,1,NQ_ONLY,logit,,0.1,519,0.118223234624146,0.522157996146436,0.516377649325626,0.00578034682080925,11,60,0.046242774566474,0.177263969171484,519,401,0.526184538653367,118,0.508474576271186,TRUE
1__NQ_ONLY__logit__0.0500,1,NQ_ONLY,logit,,0.05,234,0.0533029612756264,0.525641025641026,0.508547008547009,0.0170940170940171,11,54,0.0683760683760684,0.239316239316239,234,178,0.52247191011236,56,0.535714285714286,TRUE
1__NQ_ONLY__logit__0.0200,1,NQ_ONLY,logit,,0.02,68,0.0154897494305239,0.558823529411765,0.514705882352941,0.0441176470588235,11,34,0.0882352941176471,0.352941176470588,68,45,0.555555555555556,23,0.565217391304348,TRUE
1__NQ_ONLY__logit__0.0100,1,NQ_ONLY,logit,,0.01,24,0.00546697038724374,0.583333333333333,0.625,-0.0416666666666667,9,16,0.166666666666667,0.541666666666667,24,19,0.631578947368421,5,0.4,TRUE
1__NQ_ONLY__logit__0.0050,1,NQ_ONLY,logit,,0.005,7,0.00159453302961276,0.571428571428571,0.714285714285714,-0.142857142857143,5,6,0.285714285714286,0.857142857142857,7,4,0.75,3,0.333333333333333,TRUE
1__NQ_ONLY__ranger__0.5000,1,NQ_ONLY,ranger,,0.5,2220,0.505694760820046,0.5,0.485135135135135,0.0148648648648649,11,62,0.0238738738738739,0.115315315315315,2220,1589,0.494650723725614,631,0.513470681458003,TRUE
1__NQ_ONLY__ranger__0.2000,1,NQ_ONLY,ranger,,0.2,920,0.209567198177677,0.523913043478261,0.490217391304348,0.033695652173913,11,62,0.0293478260869565,0.135869565217391,920,674,0.513353115727003,246,0.552845528455285,TRUE
1__NQ_ONLY__ranger__0.1000,1,NQ_ONLY,ranger,,0.1,453,0.103189066059226,0.518763796909492,0.472406181015453,0.0463576158940397,11,62,0.033112582781457,0.152317880794702,453,307,0.498371335504886,146,0.561643835616438,TRUE
1__NQ_ONLY__ranger__0.0500,1,NQ_ONLY,ranger,,0.05,188,0.0428246013667426,0.51063829787234,0.457446808510638,0.0531914893617021,11,54,0.0478723404255319,0.212765957446809,188,107,0.485981308411215,81,0.54320987654321,TRUE
1__NQ_ONLY__ranger__0.0200,1,NQ_ONLY,ranger,,0.02,79,0.017995444191344,0.556962025316456,0.417721518987342,0.139240506329114,11,40,0.0632911392405063,0.278481012658228,79,35,0.485714285714286,44,0.613636363636364,TRUE
1__NQ_ONLY__ranger__0.0100,1,NQ_ONLY,ranger,,0.01,30,0.00683371298405467,0.533333333333333,0.433333333333333,0.1,11,24,0.1,0.366666666666667,30,7,0.428571428571429,23,0.565217391304348,TRUE
1__NQ_ONLY__ranger__0.0050,1,NQ_ONLY,ranger,,0.005,17,0.00387243735763098,0.588235294117647,0.588235294117647,0,9,15,0.117647058823529,0.411764705882353,17,3,1,14,0.5,TRUE
1__NQ_ONLY__xgb_d2__0.5000,1,NQ_ONLY,xgb_d2,2,0.5,2225,0.506833712984055,0.514606741573034,0.493033707865169,0.0215730337078652,11,62,0.0238202247191011,0.113258426966292,2225,1532,0.510443864229765,693,0.523809523809524,TRUE
1__NQ_ONLY__xgb_d2__0.2000,1,NQ_ONLY,xgb_d2,2,0.2,950,0.216400911161731,0.526315789473684,0.481052631578947,0.0452631578947369,11,62,0.0263157894736842,0.126315789473684,950,675,0.511111111111111,275,0.563636363636364,TRUE
1__NQ_ONLY__xgb_d2__0.1000,1,NQ_ONLY,xgb_d2,2,0.1,464,0.105694760820046,0.545258620689655,0.504310344827586,0.040948275862069,11,59,0.0344827586206897,0.148706896551724,464,327,0.53822629969419,137,0.562043795620438,TRUE
1__NQ_ONLY__xgb_d2__0.0500,1,NQ_ONLY,xgb_d2,2,0.05,241,0.0548974943052392,0.514522821576763,0.460580912863071,0.053941908713693,11,56,0.037344398340249,0.178423236514523,241,152,0.486842105263158,89,0.561797752808989,TRUE
1__NQ_ONLY__xgb_d2__0.0200,1,NQ_ONLY,xgb_d2,2,0.02,97,0.0220956719817768,0.45360824742268,0.463917525773196,-0.0103092783505155,11,40,0.0515463917525773,0.237113402061856,97,56,0.428571428571429,41,0.487804878048781,TRUE
1__NQ_ONLY__xgb_d2__0.0100,1,NQ_ONLY,xgb_d2,2,0.01,50,0.0113895216400911,0.5,0.46,0.04,11,29,0.08,0.32,50,24,0.458333333333333,26,0.538461538461538,TRUE
1__NQ_ONLY__xgb_d2__0.0050,1,NQ_ONLY,xgb_d2,2,0.005,25,0.00569476082004556,0.44,0.52,-0.08,11,20,0.12,0.4,25,11,0.454545454545455,14,0.428571428571429,TRUE
1__NQ_ONLY__xgb_d3__0.5000,1,NQ_ONLY,xgb_d3,3,0.5,2235,0.509111617312073,0.513646532438479,0.496644295302014,0.0170022371364653,11,62,0.0263982102908277,0.114988814317673,2235,1540,0.512337662337662,695,0.516546762589928,TRUE
1__NQ_ONLY__xgb_d3__0.2000,1,NQ_ONLY,xgb_d3,3,0.2,923,0.210250569476082,0.52762730227519,0.486457204767064,0.0411700975081257,11,62,0.028169014084507,0.128927410617551,923,652,0.516871165644172,271,0.553505535055351,TRUE
1__NQ_ONLY__xgb_d3__0.1000,1,NQ_ONLY,xgb_d3,3,0.1,438,0.0997722095671982,0.511415525114155,0.465753424657534,0.045662100456621,11,60,0.0296803652968037,0.139269406392694,438,300,0.486666666666667,138,0.565217391304348,TRUE
1__NQ_ONLY__xgb_d3__0.0500,1,NQ_ONLY,xgb_d3,3,0.05,220,0.0501138952164009,0.509090909090909,0.45,0.0590909090909091,11,56,0.0454545454545455,0.181818181818182,220,143,0.475524475524476,77,0.571428571428571,TRUE
1__NQ_ONLY__xgb_d3__0.0200,1,NQ_ONLY,xgb_d3,3,0.02,87,0.0198177676537585,0.494252873563218,0.402298850574713,0.0919540229885057,11,38,0.0804597701149425,0.28735632183908,87,51,0.411764705882353,36,0.611111111111111,TRUE
1__NQ_ONLY__xgb_d3__0.0100,1,NQ_ONLY,xgb_d3,3,0.01,56,0.0127562642369021,0.517857142857143,0.410714285714286,0.107142857142857,11,30,0.0892857142857143,0.321428571428571,56,28,0.428571428571429,28,0.607142857142857,TRUE
1__NQ_ONLY__xgb_d3__0.0050,1,NQ_ONLY,xgb_d3,3,0.005,29,0.00660592255125285,0.517241379310345,0.379310344827586,0.137931034482759,10,20,0.103448275862069,0.413793103448276,29,9,0.333333333333333,20,0.6,TRUE
1__NQ_ONLY__xgb_d4__0.5000,1,NQ_ONLY,xgb_d4,4,0.5,2199,0.500911161731207,0.516143701682583,0.48931332423829,0.0268303774442929,11,62,0.0277398817644384,0.117326057298772,2199,1485,0.50976430976431,714,0.529411764705882,TRUE
1__NQ_ONLY__xgb_d4__0.2000,1,NQ_ONLY,xgb_d4,4,0.2,875,0.199316628701595,0.517714285714286,0.466285714285714,0.0514285714285714,11,62,0.0285714285714286,0.136,875,592,0.494932432432433,283,0.565371024734982,TRUE
1__NQ_ONLY__xgb_d4__0.1000,1,NQ_ONLY,xgb_d4,4,0.1,421,0.0958997722095672,0.520190023752969,0.470308788598575,0.0498812351543943,11,60,0.0356294536817102,0.152019002375297,421,287,0.498257839721254,134,0.567164179104478,TRUE
1__NQ_ONLY__xgb_d4__0.0500,1,NQ_ONLY,xgb_d4,4,0.05,196,0.0446469248291572,0.520408163265306,0.5,0.0204081632653061,11,53,0.0459183673469388,0.193877551020408,196,124,0.524193548387097,72,0.513888888888889,TRUE
1__NQ_ONLY__xgb_d4__0.0200,1,NQ_ONLY,xgb_d4,4,0.02,81,0.0184510250569476,0.45679012345679,0.432098765432099,0.0246913580246914,11,37,0.0740740740740741,0.296296296296296,81,53,0.415094339622642,28,0.535714285714286,TRUE
1__NQ_ONLY__xgb_d4__0.0100,1,NQ_ONLY,xgb_d4,4,0.01,45,0.010250569476082,0.444444444444444,0.422222222222222,0.0222222222222222,10,26,0.0666666666666667,0.311111111111111,45,24,0.375,21,0.523809523809524,TRUE
1__NQ_ONLY__xgb_d4__0.0050,1,NQ_ONLY,xgb_d4,4,0.005,27,0.0061503416856492,0.481481481481482,0.555555555555556,-0.0740740740740741,10,23,0.111111111111111,0.333333333333333,27,13,0.538461538461538,14,0.428571428571429,TRUE
1__NQ_ONLY__xgb_d5__0.5000,1,NQ_ONLY,xgb_d5,5,0.5,2136,0.486560364464692,0.506554307116105,0.487827715355805,0.0187265917602996,11,62,0.0280898876404494,0.11938202247191,2136,1424,0.502106741573034,712,0.515449438202247,TRUE
1__NQ_ONLY__xgb_d5__0.2000,1,NQ_ONLY,xgb_d5,5,0.2,860,0.195899772209567,0.523255813953488,0.48953488372093,0.0337209302325581,11,62,0.0267441860465116,0.130232558139535,860,585,0.514529914529915,275,0.541818181818182,TRUE
1__NQ_ONLY__xgb_d5__0.1000,1,NQ_ONLY,xgb_d5,5,0.1,428,0.09749430523918,0.495327102803738,0.453271028037383,0.0420560747663551,11,59,0.0327102803738318,0.149532710280374,428,286,0.468531468531469,142,0.549295774647887,TRUE
1__NQ_ONLY__xgb_d5__0.0500,1,NQ_ONLY,xgb_d5,5,0.05,214,0.04874715261959,0.481308411214953,0.420560747663551,0.0607476635514019,11,56,0.0467289719626168,0.205607476635514,214,141,0.439716312056738,73,0.561643835616438,TRUE
1__NQ_ONLY__xgb_d5__0.0200,1,NQ_ONLY,xgb_d5,5,0.02,65,0.0148063781321185,0.507692307692308,0.446153846153846,0.0615384615384615,10,31,0.107692307692308,0.292307692307692,65,31,0.451612903225806,34,0.558823529411765,TRUE
1__NQ_ONLY__xgb_d5__0.0100,1,NQ_ONLY,xgb_d5,5,0.01,35,0.00797266514806378,0.457142857142857,0.457142857142857,0,10,23,0.0857142857142857,0.342857142857143,35,15,0.4,20,0.5,TRUE
1__NQ_ONLY__xgb_d5__0.0050,1,NQ_ONLY,xgb_d5,5,0.005,18,0.0041002277904328,0.5,0.388888888888889,0.111111111111111,10,14,0.111111111111111,0.5,18,6,0.333333333333333,12,0.583333333333333,TRUE
1__NQ_ES__logit__0.5000,1,NQ_ES,logit,,0.5,2211,0.503644646924829,0.5119855269109,0.497964721845319,0.0140208050655812,11,62,0.0248756218905473,0.119402985074627,2211,1597,0.510958046336882,614,0.514657980456026,TRUE
1__NQ_ES__logit__0.2000,1,NQ_ES,logit,,0.2,893,0.203416856492027,0.501679731243001,0.48936170212766,0.0123180291153415,11,61,0.0391937290033595,0.156774916013438,893,687,0.496360989810771,206,0.519417475728155,TRUE
1__NQ_ES__logit__0.1000,1,NQ_ES,logit,,0.1,473,0.107744874715262,0.520084566596195,0.486257928118393,0.0338266384778013,11,60,0.0528541226215645,0.186046511627907,473,353,0.507082152974504,120,0.558333333333333,TRUE
1__NQ_ES__logit__0.0500,1,NQ_ES,logit,,0.05,205,0.0466970387243736,0.521951219512195,0.507317073170732,0.0146341463414634,11,52,0.0780487804878049,0.253658536585366,205,148,0.52027027027027,57,0.526315789473684,TRUE
1__NQ_ES__logit__0.0200,1,NQ_ES,logit,,0.02,54,0.0123006833712984,0.537037037037037,0.5,0.037037037037037,11,30,0.148148148148148,0.407407407407407,54,34,0.529411764705882,20,0.55,TRUE
1__NQ_ES__logit__0.0100,1,NQ_ES,logit,,0.01,18,0.0041002277904328,0.388888888888889,0.444444444444444,-0.0555555555555556,8,13,0.166666666666667,0.555555555555556,18,13,0.384615384615385,5,0.4,TRUE
1__NQ_ES__logit__0.0050,1,NQ_ES,logit,,0.005,8,0.00182232346241458,0.625,0.75,-0.125,5,6,0.25,0.875,8,5,0.8,3,0.333333333333333,TRUE
1__NQ_ES__ranger__0.5000,1,NQ_ES,ranger,,0.5,2240,0.510250569476082,0.504017857142857,0.485267857142857,0.01875,11,62,0.0241071428571429,0.116517857142857,2240,1586,0.496847414880202,654,0.521406727828746,TRUE
1__NQ_ES__ranger__0.2000,1,NQ_ES,ranger,,0.2,931,0.212072892938497,0.506981740064447,0.489795918367347,0.0171858216970999,11,62,0.0311493018259936,0.146079484425349,931,672,0.502976190476191,259,0.517374517374517,TRUE
1__NQ_ES__ranger__0.1000,1,NQ_ES,ranger,,0.1,454,0.103416856492027,0.504405286343612,0.480176211453745,0.0242290748898678,11,62,0.0330396475770925,0.162995594713656,454,302,0.493377483443709,152,0.526315789473684,TRUE
1__NQ_ES__ranger__0.0500,1,NQ_ES,ranger,,0.05,210,0.0478359908883827,0.523809523809524,0.466666666666667,0.0571428571428571,11,57,0.0428571428571429,0.2,210,119,0.504201680672269,91,0.54945054945055,TRUE
1__NQ_ES__ranger__0.0200,1,NQ_ES,ranger,,0.02,80,0.0182232346241458,0.5625,0.3875,0.175,11,41,0.0875,0.2875,80,31,0.451612903225806,49,0.63265306122449,TRUE
1__NQ_ES__ranger__0.0100,1,NQ_ES,ranger,,0.01,39,0.00888382687927107,0.58974358974359,0.41025641025641,0.17948717948718,11,27,0.128205128205128,0.358974358974359,39,8,0.5,31,0.612903225806452,TRUE
1__NQ_ES__ranger__0.0050,1,NQ_ES,ranger,,0.005,28,0.00637813211845103,0.642857142857143,0.464285714285714,0.178571428571429,11,21,0.107142857142857,0.428571428571429,28,3,1,25,0.6,TRUE
1__NQ_ES__xgb_d2__0.5000,1,NQ_ES,xgb_d2,2,0.5,2188,0.498405466970387,0.51599634369287,0.494972577696527,0.0210237659963437,11,62,0.0228519195612431,0.112888482632541,2188,1514,0.512549537648613,674,0.523738872403561,TRUE
1__NQ_ES__xgb_d2__0.2000,1,NQ_ES,xgb_d2,2,0.2,934,0.212756264236902,0.528907922912206,0.494646680942184,0.0342612419700214,11,61,0.0289079229122056,0.134903640256959,934,676,0.520710059171598,258,0.550387596899225,TRUE
1__NQ_ES__xgb_d2__0.1000,1,NQ_ES,xgb_d2,2,0.1,458,0.104328018223235,0.526200873362445,0.497816593886463,0.0283842794759825,11,59,0.037117903930131,0.15938864628821,458,317,0.523659305993691,141,0.531914893617021,TRUE
1__NQ_ES__xgb_d2__0.0500,1,NQ_ES,xgb_d2,2,0.05,254,0.0578587699316629,0.492125984251969,0.468503937007874,0.0236220472440945,11,55,0.0393700787401575,0.169291338582677,254,163,0.47239263803681,91,0.527472527472528,TRUE
1__NQ_ES__xgb_d2__0.0200,1,NQ_ES,xgb_d2,2,0.02,90,0.020501138952164,0.511111111111111,0.477777777777778,0.0333333333333333,11,42,0.0555555555555556,0.255555555555556,90,43,0.488372093023256,47,0.531914893617021,TRUE
1__NQ_ES__xgb_d2__0.0100,1,NQ_ES,xgb_d2,2,0.01,45,0.010250569476082,0.533333333333333,0.466666666666667,0.0666666666666667,11,27,0.0666666666666667,0.333333333333333,45,16,0.5,29,0.551724137931035,TRUE
1__NQ_ES__xgb_d2__0.0050,1,NQ_ES,xgb_d2,2,0.005,26,0.00592255125284738,0.461538461538462,0.5,-0.0384615384615385,10,20,0.115384615384615,0.423076923076923,26,3,0.333333333333333,23,0.478260869565217,TRUE
1__NQ_ES__xgb_d3__0.5000,1,NQ_ES,xgb_d3,3,0.5,2183,0.497266514806378,0.522217132386624,0.485112230874943,0.0371049015116812,11,62,0.0238204306000916,0.114979386165827,2183,1503,0.510312707917498,680,0.548529411764706,TRUE
1__NQ_ES__xgb_d3__0.2000,1,NQ_ES,xgb_d3,3,0.2,893,0.203416856492027,0.51511758118701,0.474804031354983,0.0403135498320269,11,60,0.0302351623740202,0.138857782754759,893,620,0.5,273,0.54945054945055,TRUE
1__NQ_ES__xgb_d3__0.1000,1,NQ_ES,xgb_d3,3,0.1,451,0.102733485193622,0.523281596452328,0.483370288248337,0.0399113082039911,11,59,0.0332594235033259,0.150776053215078,451,296,0.513513513513514,155,0.541935483870968,TRUE
1__NQ_ES__xgb_d3__0.0500,1,NQ_ES,xgb_d3,3,0.05,222,0.0505694760820046,0.490990990990991,0.441441441441441,0.0495495495495496,11,54,0.0405405405405405,0.171171171171171,222,127,0.448818897637795,95,0.547368421052632,TRUE
1__NQ_ES__xgb_d3__0.0200,1,NQ_ES,xgb_d3,3,0.02,96,0.0218678815489749,0.541666666666667,0.479166666666667,0.0625,11,42,0.0729166666666667,0.291666666666667,96,42,0.523809523809524,54,0.555555555555556,TRUE
1__NQ_ES__xgb_d3__0.0100,1,NQ_ES,xgb_d3,3,0.01,52,0.0118451025056948,0.5,0.442307692307692,0.0576923076923077,10,29,0.0769230769230769,0.346153846153846,52,19,0.421052631578947,33,0.545454545454545,TRUE
1__NQ_ES__xgb_d3__0.0050,1,NQ_ES,xgb_d3,3,0.005,35,0.00797266514806378,0.485714285714286,0.371428571428571,0.114285714285714,10,24,0.0857142857142857,0.342857142857143,35,11,0.272727272727273,24,0.583333333333333,TRUE
1__NQ_ES__xgb_d4__0.5000,1,NQ_ES,xgb_d4,4,0.5,2176,0.495671981776765,0.517922794117647,0.485294117647059,0.0326286764705882,11,62,0.0248161764705882,0.120404411764706,2176,1480,0.507432432432433,696,0.540229885057471,TRUE
1__NQ_ES__xgb_d4__0.2000,1,NQ_ES,xgb_d4,4,0.2,875,0.199316628701595,0.504,0.467428571428571,0.0365714285714286,11,62,0.0297142857142857,0.139428571428571,875,594,0.484848484848485,281,0.544483985765125,TRUE
1__NQ_ES__xgb_d4__0.1000,1,NQ_ES,xgb_d4,4,0.1,447,0.101822323462415,0.516778523489933,0.47427293064877,0.0425055928411633,11,60,0.0313199105145414,0.152125279642058,447,291,0.501718213058419,156,0.544871794871795,TRUE
1__NQ_ES__xgb_d4__0.0500,1,NQ_ES,xgb_d4,4,0.05,211,0.0480637813211845,0.502369668246446,0.478672985781991,0.023696682464455,11,55,0.042654028436019,0.18957345971564,211,115,0.504347826086957,96,0.5,TRUE
1__NQ_ES__xgb_d4__0.0200,1,NQ_ES,xgb_d4,4,0.02,90,0.020501138952164,0.555555555555556,0.488888888888889,0.0666666666666667,11,38,0.0888888888888889,0.322222222222222,90,42,0.547619047619048,48,0.5625,TRUE
1__NQ_ES__xgb_d4__0.0100,1,NQ_ES,xgb_d4,4,0.01,49,0.0111617312072893,0.571428571428571,0.469387755102041,0.102040816326531,10,29,0.0816326530612245,0.326530612244898,49,22,0.545454545454545,27,0.592592592592593,TRUE
1__NQ_ES__xgb_d4__0.0050,1,NQ_ES,xgb_d4,4,0.005,25,0.00569476082004556,0.44,0.52,-0.08,9,19,0.12,0.44,25,9,0.444444444444444,16,0.4375,TRUE
1__NQ_ES__xgb_d5__0.5000,1,NQ_ES,xgb_d5,5,0.5,2199,0.500911161731207,0.512050932241928,0.485220554797635,0.0268303774442929,11,62,0.0245566166439291,0.118235561618918,2199,1493,0.503014065639652,706,0.531161473087819,TRUE
1__NQ_ES__xgb_d5__0.2000,1,NQ_ES,xgb_d5,5,0.2,891,0.202961275626424,0.511784511784512,0.469135802469136,0.042648709315376,11,62,0.0336700336700337,0.142536475869809,891,609,0.490968801313629,282,0.556737588652482,TRUE
1__NQ_ES__xgb_d5__0.1000,1,NQ_ES,xgb_d5,5,0.1,446,0.101594533029613,0.522421524663677,0.466367713004484,0.0560538116591928,11,60,0.031390134529148,0.150224215246637,446,293,0.498293515358362,153,0.568627450980392,TRUE
1__NQ_ES__xgb_d5__0.0500,1,NQ_ES,xgb_d5,5,0.05,217,0.0494305239179955,0.534562211981567,0.488479262672811,0.0460829493087558,11,56,0.0414746543778802,0.184331797235023,217,129,0.527131782945737,88,0.545454545454545,TRUE
1__NQ_ES__xgb_d5__0.0200,1,NQ_ES,xgb_d5,5,0.02,97,0.0220956719817768,0.515463917525773,0.484536082474227,0.0309278350515464,11,44,0.0618556701030928,0.268041237113402,97,46,0.5,51,0.529411764705882,TRUE
1__NQ_ES__xgb_d5__0.0100,1,NQ_ES,xgb_d5,5,0.01,45,0.010250569476082,0.555555555555556,0.488888888888889,0.0666666666666667,11,28,0.0666666666666667,0.311111111111111,45,20,0.55,25,0.56,TRUE
1__NQ_ES__xgb_d5__0.0050,1,NQ_ES,xgb_d5,5,0.005,20,0.00455580865603645,0.5,0.5,0,7,15,0.1,0.5,20,6,0.5,14,0.5,TRUE
3__NQ_ONLY__logit__0.5000,3,NQ_ONLY,logit,,0.5,2226,0.507061503416857,0.536388140161725,0.517520215633423,0.0188679245283019,11,62,0.022911051212938,0.112309074573226,2226,1603,0.538989394884592,623,0.529695024077047,TRUE
3__NQ_ONLY__logit__0.2000,3,NQ_ONLY,logit,,0.2,908,0.206833712984055,0.523127753303965,0.507709251101322,0.0154185022026432,11,62,0.0286343612334802,0.133259911894273,908,712,0.52247191011236,196,0.525510204081633,TRUE
3__NQ_ONLY__logit__0.1000,3,NQ_ONLY,logit,,0.1,448,0.102050113895216,0.522321428571429,0.511160714285714,0.0111607142857143,11,58,0.0379464285714286,0.165178571428571,448,366,0.521857923497268,82,0.524390243902439,TRUE
3__NQ_ONLY__logit__0.0500,3,NQ_ONLY,logit,,0.05,211,0.0480637813211845,0.488151658767773,0.492890995260663,-0.004739336492891,11,52,0.04739336492891,0.208530805687204,211,179,0.491620111731844,32,0.46875,TRUE
3__NQ_ONLY__logit__0.0200,3,NQ_ONLY,logit,,0.02,81,0.0184510250569476,0.45679012345679,0.506172839506173,-0.0493827160493827,11,38,0.0740740740740741,0.296296296296296,81,69,0.478260869565217,12,0.333333333333333,TRUE
3__NQ_ONLY__logit__0.0100,3,NQ_ONLY,logit,,0.01,36,0.0082004555808656,0.5,0.5,0,9,22,0.138888888888889,0.416666666666667,36,34,0.5,2,0.5,TRUE
3__NQ_ONLY__logit__0.0050,3,NQ_ONLY,logit,,0.005,20,0.00455580865603645,0.4,0.4,0,9,17,0.1,0.4,20,18,0.388888888888889,2,0.5,TRUE
3__NQ_ONLY__ranger__0.5000,3,NQ_ONLY,ranger,,0.5,2249,0.512300683371298,0.525122276567363,0.504668741662961,0.020453534904402,11,62,0.0253445975989329,0.116496220542463,2249,1606,0.523038605230386,643,0.530326594090202,TRUE
3__NQ_ONLY__ranger__0.2000,3,NQ_ONLY,ranger,,0.2,880,0.200455580865604,0.531818181818182,0.476136363636364,0.0556818181818182,11,62,0.0306818181818182,0.139772727272727,880,635,0.508661417322835,245,0.591836734693878,TRUE
3__NQ_ONLY__ranger__0.1000,3,NQ_ONLY,ranger,,0.1,415,0.0945330296127563,0.551807228915663,0.474698795180723,0.0771084337349398,11,62,0.0433734939759036,0.175903614457831,415,287,0.526132404181185,128,0.609375,TRUE
3__NQ_ONLY__ranger__0.0500,3,NQ_ONLY,ranger,,0.05,202,0.0460136674259681,0.52970297029703,0.50990099009901,0.0198019801980198,11,58,0.0495049504950495,0.183168316831683,202,131,0.534351145038168,71,0.52112676056338,TRUE
3__NQ_ONLY__ranger__0.0200,3,NQ_ONLY,ranger,,0.02,85,0.0193621867881549,0.552941176470588,0.482352941176471,0.0705882352941176,11,42,0.0470588235294118,0.235294117647059,85,53,0.528301886792453,32,0.59375,TRUE
3__NQ_ONLY__ranger__0.0100,3,NQ_ONLY,ranger,,0.01,40,0.00911161731207289,0.6,0.4,0.2,11,30,0.05,0.25,40,20,0.5,20,0.7,TRUE
3__NQ_ONLY__ranger__0.0050,3,NQ_ONLY,ranger,,0.005,19,0.00432801822323462,0.473684210526316,0.421052631578947,0.0526315789473684,11,19,0.0526315789473684,0.263157894736842,19,10,0.4,9,0.555555555555556,TRUE
3__NQ_ONLY__xgb_d2__0.5000,3,NQ_ONLY,xgb_d2,2,0.5,2269,0.516856492027335,0.528867342441604,0.508594094314676,0.0202732481269282,11,62,0.0251211987659762,0.117672983693257,2269,1621,0.528069093152375,648,0.530864197530864,TRUE
3__NQ_ONLY__xgb_d2__0.2000,3,NQ_ONLY,xgb_d2,2,0.2,906,0.206378132118451,0.535320088300221,0.493377483443709,0.0419426048565121,11,62,0.0342163355408389,0.143487858719647,906,656,0.522865853658537,250,0.568,TRUE
3__NQ_ONLY__xgb_d2__0.1000,3,NQ_ONLY,xgb_d2,2,0.1,423,0.0963553530751708,0.534278959810875,0.472813238770686,0.0614657210401891,11,62,0.0425531914893617,0.16548463356974,423,294,0.510204081632653,129,0.589147286821706,TRUE
3__NQ_ONLY__xgb_d2__0.0500,3,NQ_ONLY,xgb_d2,2,0.05,206,0.0469248291571754,0.524271844660194,0.451456310679612,0.0728155339805825,11,56,0.0436893203883495,0.189320388349515,206,140,0.485714285714286,66,0.606060606060606,TRUE
3__NQ_ONLY__xgb_d2__0.0200,3,NQ_ONLY,xgb_d2,2,0.02,80,0.0182232346241458,0.55,0.4875,0.0625,11,44,0.0625,0.225,80,57,0.526315789473684,23,0.608695652173913,TRUE
3__NQ_ONLY__xgb_d2__0.0100,3,NQ_ONLY,xgb_d2,2,0.01,45,0.010250569476082,0.6,0.466666666666667,0.133333333333333,11,34,0.0666666666666667,0.266666666666667,45,31,0.548387096774194,14,0.714285714285714,TRUE
3__NQ_ONLY__xgb_d2__0.0050,3,NQ_ONLY,xgb_d2,2,0.005,15,0.00341685649202734,0.533333333333333,0.4,0.133333333333333,10,14,0.133333333333333,0.4,15,9,0.444444444444444,6,0.666666666666667,TRUE
3__NQ_ONLY__xgb_d3__0.5000,3,NQ_ONLY,xgb_d3,3,0.5,2247,0.511845102505695,0.532710280373832,0.504227859368046,0.0284824210057855,11,62,0.0253671562082777,0.119715175789942,2247,1594,0.52823086574655,653,0.54364471669219,TRUE
3__NQ_ONLY__xgb_d3__0.2000,3,NQ_ONLY,xgb_d3,3,0.2,890,0.202733485193622,0.542696629213483,0.482022471910112,0.0606741573033708,11,62,0.0337078651685393,0.156179775280899,890,616,0.521103896103896,274,0.591240875912409,TRUE
3__NQ_ONLY__xgb_d3__0.1000,3,NQ_ONLY,xgb_d3,3,0.1,426,0.0970387243735763,0.530516431924883,0.464788732394366,0.0657276995305164,11,62,0.0352112676056338,0.15962441314554,426,274,0.503649635036496,152,0.578947368421053,TRUE
3__NQ_ONLY__xgb_d3__0.0500,3,NQ_ONLY,xgb_d3,3,0.05,202,0.0460136674259681,0.544554455445545,0.455445544554456,0.0891089108910891,11,57,0.0396039603960396,0.178217821782178,202,118,0.508474576271186,84,0.595238095238095,TRUE
3__NQ_ONLY__xgb_d3__0.0200,3,NQ_ONLY,xgb_d3,3,0.02,82,0.0186788154897494,0.560975609756098,0.475609756097561,0.0853658536585366,11,47,0.0487804878048781,0.219512195121951,82,43,0.534883720930233,39,0.58974358974359,TRUE
3__NQ_ONLY__xgb_d3__0.0100,3,NQ_ONLY,xgb_d3,3,0.01,39,0.00888382687927107,0.58974358974359,0.487179487179487,0.102564102564103,11,29,0.0769230769230769,0.307692307692308,39,17,0.588235294117647,22,0.590909090909091,TRUE
3__NQ_ONLY__xgb_d3__0.0050,3,NQ_ONLY,xgb_d3,3,0.005,19,0.00432801822323462,0.631578947368421,0.263157894736842,0.368421052631579,10,18,0.105263157894737,0.315789473684211,19,6,0.333333333333333,13,0.769230769230769,TRUE
3__NQ_ONLY__xgb_d4__0.5000,3,NQ_ONLY,xgb_d4,4,0.5,2184,0.49749430523918,0.526556776556777,0.503205128205128,0.0233516483516484,11,62,0.0256410256410256,0.11996336996337,2184,1559,0.523412443874278,625,0.5344,TRUE
3__NQ_ONLY__xgb_d4__0.2000,3,NQ_ONLY,xgb_d4,4,0.2,845,0.19248291571754,0.533727810650888,0.489940828402367,0.0437869822485207,11,62,0.0343195266272189,0.155029585798817,845,568,0.52112676056338,277,0.55956678700361,TRUE
3__NQ_ONLY__xgb_d4__0.1000,3,NQ_ONLY,xgb_d4,4,0.1,395,0.0899772209567198,0.531645569620253,0.460759493670886,0.0708860759493671,11,61,0.0481012658227848,0.179746835443038,395,247,0.502024291497976,148,0.581081081081081,TRUE
3__NQ_ONLY__xgb_d4__0.0500,3,NQ_ONLY,xgb_d4,4,0.05,193,0.0439635535307517,0.580310880829016,0.497409326424871,0.0829015544041451,11,55,0.0621761658031088,0.196891191709845,193,116,0.568965517241379,77,0.597402597402597,TRUE
3__NQ_ONLY__xgb_d4__0.0200,3,NQ_ONLY,xgb_d4,4,0.02,88,0.0200455580865604,0.545454545454545,0.454545454545455,0.0909090909090909,11,47,0.0568181818181818,0.238636363636364,88,44,0.5,44,0.590909090909091,TRUE
3__NQ_ONLY__xgb_d4__0.0100,3,NQ_ONLY,xgb_d4,4,0.01,42,0.00956719817767654,0.571428571428571,0.380952380952381,0.19047619047619,11,30,0.0714285714285714,0.30952380952381,42,22,0.454545454545455,20,0.7,TRUE
3__NQ_ONLY__xgb_d4__0.0050,3,NQ_ONLY,xgb_d4,4,0.005,18,0.0041002277904328,0.611111111111111,0.333333333333333,0.277777777777778,10,16,0.111111111111111,0.388888888888889,18,9,0.444444444444444,9,0.777777777777778,TRUE
3__NQ_ONLY__xgb_d5__0.5000,3,NQ_ONLY,xgb_d5,5,0.5,2231,0.508200455580866,0.529359031824294,0.502465262214254,0.0268937696100403,11,62,0.0237561631555356,0.115643209323173,2231,1557,0.524727039177906,674,0.540059347181009,TRUE
3__NQ_ONLY__xgb_d5__0.2000,3,NQ_ONLY,xgb_d5,5,0.2,865,0.197038724373576,0.543352601156069,0.485549132947977,0.0578034682080925,11,62,0.0335260115606936,0.152601156069364,865,581,0.524956970740103,284,0.580985915492958,TRUE
3__NQ_ONLY__xgb_d5__0.1000,3,NQ_ONLY,xgb_d5,5,0.1,397,0.0904328018223235,0.536523929471033,0.478589420654912,0.0579345088161209,11,62,0.0403022670025189,0.17632241813602,397,253,0.517786561264822,144,0.569444444444445,TRUE
3__NQ_ONLY__xgb_d5__0.0500,3,NQ_ONLY,xgb_d5,5,0.05,200,0.0455580865603645,0.55,0.45,0.1,11,58,0.045,0.205,200,115,0.504347826086957,85,0.611764705882353,TRUE
3__NQ_ONLY__xgb_d5__0.0200,3,NQ_ONLY,xgb_d5,5,0.02,84,0.0191343963553531,0.571428571428571,0.464285714285714,0.107142857142857,11,41,0.0595238095238095,0.273809523809524,84,41,0.536585365853659,43,0.604651162790698,TRUE
3__NQ_ONLY__xgb_d5__0.0100,3,NQ_ONLY,xgb_d5,5,0.01,44,0.0100227790432802,0.522727272727273,0.431818181818182,0.0909090909090909,11,30,0.0909090909090909,0.295454545454545,44,20,0.45,24,0.583333333333333,TRUE
3__NQ_ONLY__xgb_d5__0.0050,3,NQ_ONLY,xgb_d5,5,0.005,19,0.00432801822323462,0.631578947368421,0.526315789473684,0.105263157894737,10,16,0.105263157894737,0.421052631578947,19,9,0.666666666666667,10,0.6,TRUE
3__NQ_ES__logit__0.5000,3,NQ_ES,logit,,0.5,2206,0.50250569476082,0.536264732547597,0.503173164097915,0.0330915684496827,11,62,0.0231187669990934,0.112420670897552,2206,1607,0.528313627878034,599,0.557595993322204,TRUE
3__NQ_ES__logit__0.2000,3,NQ_ES,logit,,0.2,872,0.198633257403189,0.533256880733945,0.514908256880734,0.018348623853211,11,59,0.0298165137614679,0.142201834862385,872,705,0.530496453900709,167,0.544910179640719,TRUE
3__NQ_ES__logit__0.1000,3,NQ_ES,logit,,0.1,418,0.0952164009111617,0.514354066985646,0.497607655502392,0.0167464114832536,11,56,0.0382775119617225,0.172248803827751,418,350,0.508571428571429,68,0.544117647058824,TRUE
3__NQ_ES__logit__0.0500,3,NQ_ES,logit,,0.05,207,0.0471526195899772,0.468599033816425,0.473429951690821,-0.00483091787439614,11,52,0.0483091787439614,0.207729468599034,207,176,0.465909090909091,31,0.483870967741936,TRUE
3__NQ_ES__logit__0.0200,3,NQ_ES,logit,,0.02,82,0.0186788154897494,0.414634146341463,0.475609756097561,-0.0609756097560976,11,40,0.0853658536585366,0.304878048780488,82,67,0.432835820895522,15,0.333333333333333,TRUE
3__NQ_ES__logit__0.0100,3,NQ_ES,logit,,0.01,39,0.00888382687927107,0.435897435897436,0.487179487179487,-0.0512820512820513,9,25,0.0769230769230769,0.358974358974359,39,33,0.454545454545455,6,0.333333333333333,TRUE
3__NQ_ES__logit__0.0050,3,NQ_ES,logit,,0.005,19,0.00432801822323462,0.526315789473684,0.526315789473684,0,8,14,0.157894736842105,0.526315789473684,19,17,0.529411764705882,2,0.5,TRUE
3__NQ_ES__ranger__0.5000,3,NQ_ES,ranger,,0.5,2231,0.508200455580866,0.523532048408785,0.505602868668758,0.0179291797400269,11,62,0.024652622142537,0.118332586284178,2231,1603,0.522145976294448,628,0.527070063694268,TRUE
3__NQ_ES__ranger__0.2000,3,NQ_ES,ranger,,0.2,896,0.204100227790433,0.529017857142857,0.478794642857143,0.0502232142857143,11,62,0.0279017857142857,0.133928571428571,896,665,0.508270676691729,231,0.588744588744589,TRUE
3__NQ_ES__ranger__0.1000,3,NQ_ES,ranger,,0.1,417,0.0949886104783599,0.529976019184652,0.470023980815348,0.0599520383693046,11,62,0.0359712230215827,0.167865707434053,417,299,0.501672240802676,118,0.601694915254237,TRUE
3__NQ_ES__ranger__0.0500,3,NQ_ES,ranger,,0.05,198,0.0451025056947608,0.540404040404041,0.48989898989899,0.0505050505050505,11,56,0.0505050505050505,0.191919191919192,198,137,0.525547445255475,61,0.573770491803279,TRUE
3__NQ_ES__ranger__0.0200,3,NQ_ES,ranger,,0.02,74,0.0168564920273349,0.554054054054054,0.486486486486487,0.0675675675675676,11,41,0.0540540540540541,0.243243243243243,74,49,0.530612244897959,25,0.6,TRUE
3__NQ_ES__ranger__0.0100,3,NQ_ES,ranger,,0.01,36,0.0082004555808656,0.583333333333333,0.416666666666667,0.166666666666667,11,25,0.111111111111111,0.388888888888889,36,22,0.5,14,0.714285714285714,TRUE
3__NQ_ES__ranger__0.0050,3,NQ_ES,ranger,,0.005,15,0.00341685649202734,0.6,0.266666666666667,0.333333333333333,10,13,0.133333333333333,0.466666666666667,15,6,0.333333333333333,9,0.777777777777778,TRUE
3__NQ_ES__xgb_d2__0.5000,3,NQ_ES,xgb_d2,2,0.5,2267,0.516400911161731,0.535509483899427,0.504190560211734,0.031318923687693,11,62,0.0238200264666961,0.112924569916189,2267,1626,0.529520295202952,641,0.550702028081123,TRUE
3__NQ_ES__xgb_d2__0.2000,3,NQ_ES,xgb_d2,2,0.2,911,0.20751708428246,0.533479692645445,0.489571899012075,0.0439077936333699,11,62,0.0329308452250274,0.138309549945115,911,651,0.519201228878648,260,0.569230769230769,TRUE
3__NQ_ES__xgb_d2__0.1000,3,NQ_ES,xgb_d2,2,0.1,463,0.105466970387244,0.533477321814255,0.490280777537797,0.0431965442764579,11,61,0.041036717062635,0.168466522678186,463,322,0.521739130434783,141,0.560283687943262,TRUE
3__NQ_ES__xgb_d2__0.0500,3,NQ_ES,xgb_d2,2,0.05,217,0.0494305239179955,0.493087557603687,0.447004608294931,0.0460829493087558,11,59,0.0460829493087558,0.193548387096774,217,152,0.460526315789474,65,0.569230769230769,TRUE
3__NQ_ES__xgb_d2__0.0200,3,NQ_ES,xgb_d2,2,0.02,90,0.020501138952164,0.5,0.455555555555556,0.0444444444444444,11,49,0.0444444444444444,0.2,90,68,0.470588235294118,22,0.590909090909091,TRUE
3__NQ_ES__xgb_d2__0.0100,3,NQ_ES,xgb_d2,2,0.01,36,0.0082004555808656,0.444444444444444,0.444444444444444,0,11,27,0.111111111111111,0.361111111111111,36,26,0.423076923076923,10,0.5,TRUE
3__NQ_ES__xgb_d2__0.0050,3,NQ_ES,xgb_d2,2,0.005,11,0.00250569476082005,0.545454545454545,0.363636363636364,0.181818181818182,8,9,0.181818181818182,0.636363636363636,11,9,0.444444444444444,2,1,TRUE
3__NQ_ES__xgb_d3__0.5000,3,NQ_ES,xgb_d3,3,0.5,2195,0.5,0.533940774487472,0.50751708428246,0.0264236902050114,11,62,0.0236902050113895,0.115261958997722,2195,1570,0.530573248407643,625,0.5424,TRUE
3__NQ_ES__xgb_d3__0.2000,3,NQ_ES,xgb_d3,3,0.2,859,0.195671981776765,0.529685681024447,0.488940628637951,0.0407450523864959,11,62,0.0337601862630966,0.152502910360885,859,612,0.516339869281046,247,0.562753036437247,TRUE
3__NQ_ES__xgb_d3__0.1000,3,NQ_ES,xgb_d3,3,0.1,400,0.0911161731207289,0.535,0.4975,0.0375,11,61,0.0375,0.1675,400,270,0.525925925925926,130,0.553846153846154,TRUE
3__NQ_ES__xgb_d3__0.0500,3,NQ_ES,xgb_d3,3,0.05,202,0.0460136674259681,0.49009900990099,0.455445544554456,0.0346534653465347,11,56,0.0396039603960396,0.178217821782178,202,133,0.458646616541353,69,0.550724637681159,TRUE
3__NQ_ES__xgb_d3__0.0200,3,NQ_ES,xgb_d3,3,0.02,81,0.0184510250569476,0.506172839506173,0.493827160493827,0.0123456790123457,11,44,0.0617283950617284,0.222222222222222,81,48,0.5,33,0.515151515151515,TRUE
3__NQ_ES__xgb_d3__0.0100,3,NQ_ES,xgb_d3,3,0.01,39,0.00888382687927107,0.538461538461538,0.538461538461538,0,11,29,0.0769230769230769,0.307692307692308,39,19,0.578947368421053,20,0.5,TRUE
3__NQ_ES__xgb_d3__0.0050,3,NQ_ES,xgb_d3,3,0.005,17,0.00387243735763098,0.470588235294118,0.411764705882353,0.0588235294117647,11,16,0.117647058823529,0.352941176470588,17,6,0.333333333333333,11,0.545454545454545,TRUE
3__NQ_ES__xgb_d4__0.5000,3,NQ_ES,xgb_d4,4,0.5,2179,0.496355353075171,0.532354290959156,0.513997246443323,0.018357044515833,11,62,0.0247820100963745,0.117944011014227,2179,1538,0.535110533159948,641,0.525741029641186,TRUE
3__NQ_ES__xgb_d4__0.2000,3,NQ_ES,xgb_d4,4,0.2,859,0.195671981776765,0.526193247962747,0.486612339930151,0.039580908032596,11,62,0.0337601862630966,0.153667054714785,859,593,0.512647554806071,266,0.556390977443609,TRUE
3__NQ_ES__xgb_d4__0.1000,3,NQ_ES,xgb_d4,4,0.1,399,0.0908883826879271,0.511278195488722,0.468671679197995,0.0426065162907268,11,60,0.0401002506265664,0.175438596491228,399,264,0.492424242424242,135,0.548148148148148,TRUE
3__NQ_ES__xgb_d4__0.0500,3,NQ_ES,xgb_d4,4,0.05,206,0.0469248291571754,0.533980582524272,0.504854368932039,0.029126213592233,11,57,0.0485436893203884,0.213592233009709,206,125,0.536,81,0.530864197530864,TRUE
3__NQ_ES__xgb_d4__0.0200,3,NQ_ES,xgb_d4,4,0.02,87,0.0198177676537585,0.563218390804598,0.436781609195402,0.126436781609195,11,45,0.0689655172413793,0.252873563218391,87,44,0.5,43,0.627906976744186,TRUE
3__NQ_ES__xgb_d4__0.0100,3,NQ_ES,xgb_d4,4,0.01,44,0.0100227790432802,0.590909090909091,0.386363636363636,0.204545454545455,11,27,0.0909090909090909,0.363636363636364,44,19,0.473684210526316,25,0.68,TRUE
3__NQ_ES__xgb_d4__0.0050,3,NQ_ES,xgb_d4,4,0.005,17,0.00387243735763098,0.588235294117647,0.294117647058824,0.294117647058824,9,16,0.117647058823529,0.352941176470588,17,2,0,15,0.666666666666667,TRUE
3__NQ_ES__xgb_d5__0.5000,3,NQ_ES,xgb_d5,5,0.5,2190,0.498861047835991,0.531050228310502,0.501826484018265,0.0292237442922374,11,62,0.0251141552511416,0.122374429223744,2190,1523,0.526592252133946,667,0.541229385307346,TRUE
3__NQ_ES__xgb_d5__0.2000,3,NQ_ES,xgb_d5,5,0.2,864,0.196810933940774,0.527777777777778,0.490740740740741,0.037037037037037,11,62,0.0324074074074074,0.153935185185185,864,600,0.516666666666667,264,0.553030303030303,TRUE
3__NQ_ES__xgb_d5__0.1000,3,NQ_ES,xgb_d5,5,0.1,428,0.09749430523918,0.546728971962617,0.495327102803738,0.0514018691588785,11,62,0.0467289719626168,0.177570093457944,428,280,0.539285714285714,148,0.560810810810811,TRUE
3__NQ_ES__xgb_d5__0.0500,3,NQ_ES,xgb_d5,5,0.05,217,0.0494305239179955,0.548387096774194,0.502304147465438,0.0460829493087558,11,56,0.0506912442396313,0.193548387096774,217,135,0.548148148148148,82,0.548780487804878,TRUE
3__NQ_ES__xgb_d5__0.0200,3,NQ_ES,xgb_d5,5,0.02,87,0.0198177676537585,0.517241379310345,0.390804597701149,0.126436781609195,11,44,0.0689655172413793,0.252873563218391,87,48,0.416666666666667,39,0.641025641025641,TRUE
3__NQ_ES__xgb_d5__0.0100,3,NQ_ES,xgb_d5,5,0.01,43,0.00979498861047836,0.558139534883721,0.395348837209302,0.162790697674419,11,26,0.0930232558139535,0.395348837209302,43,20,0.45,23,0.652173913043478,TRUE
3__NQ_ES__xgb_d5__0.0050,3,NQ_ES,xgb_d5,5,0.005,21,0.00478359908883827,0.571428571428571,0.238095238095238,0.333333333333333,9,14,0.142857142857143,0.571428571428571,21,6,0.166666666666667,15,0.733333333333333,TRUE
5__NQ_ONLY__logit__0.5000,5,NQ_ONLY,logit,,0.5,2243,0.511050353155616,0.522960320998663,0.518502006241641,0.00445831475702185,11,62,0.0245207311636202,0.119037004012483,2243,1678,0.528605482717521,565,0.506194690265487,TRUE
5__NQ_ONLY__logit__0.2000,5,NQ_ONLY,logit,,0.2,908,0.206880838459786,0.537444933920705,0.558370044052863,-0.0209251101321586,11,60,0.0297356828193833,0.145374449339207,908,720,0.561111111111111,188,0.446808510638298,TRUE
5__NQ_ONLY__logit__0.1000,5,NQ_ONLY,logit,,0.1,437,0.0995670995670996,0.546910755148741,0.574370709382151,-0.0274599542334096,11,54,0.0366132723112128,0.169336384439359,437,353,0.575070821529745,84,0.428571428571429,TRUE
5__NQ_ONLY__logit__0.0500,5,NQ_ONLY,logit,,0.05,197,0.0448849396217817,0.568527918781726,0.598984771573604,-0.0304568527918782,11,49,0.0406091370558376,0.187817258883249,197,175,0.594285714285714,22,0.363636363636364,TRUE
5__NQ_ONLY__logit__0.0200,5,NQ_ONLY,logit,,0.02,60,0.0136705399863295,0.55,0.583333333333333,-0.0333333333333333,11,33,0.0833333333333333,0.333333333333333,60,56,0.571428571428571,4,0.25,TRUE
5__NQ_ONLY__logit__0.0100,5,NQ_ONLY,logit,,0.01,31,0.00706311232627022,0.516129032258065,0.580645161290323,-0.0645161290322581,10,20,0.129032258064516,0.451612903225806,31,29,0.551724137931035,2,0,TRUE
5__NQ_ONLY__logit__0.0050,5,NQ_ONLY,logit,,0.005,15,0.00341763499658237,0.533333333333333,0.533333333333333,0,7,13,0.133333333333333,0.466666666666667,15,15,0.533333333333333,0,,TRUE
5__NQ_ONLY__ranger__0.5000,5,NQ_ONLY,ranger,,0.5,2280,0.51948051948052,0.520614035087719,0.520614035087719,0,11,62,0.0241228070175439,0.114035087719298,2280,1736,0.527649769585254,544,0.498161764705882,TRUE
5__NQ_ONLY__ranger__0.2000,5,NQ_ONLY,ranger,,0.2,893,0.203463203463203,0.533034714445689,0.516237402015678,0.0167973124300112,11,62,0.0347144456886898,0.151175811870101,893,714,0.530812324929972,179,0.541899441340782,TRUE
5__NQ_ONLY__ranger__0.1000,5,NQ_ONLY,ranger,,0.1,437,0.0995670995670996,0.537757437070938,0.551487414187643,-0.0137299771167048,11,62,0.0389016018306636,0.183066361556064,437,351,0.555555555555556,86,0.465116279069768,TRUE
5__NQ_ONLY__ranger__0.0500,5,NQ_ONLY,ranger,,0.05,190,0.0432900432900433,0.505263157894737,0.531578947368421,-0.0263157894736842,11,54,0.0473684210526316,0.194736842105263,190,155,0.52258064516129,35,0.428571428571429,TRUE
5__NQ_ONLY__ranger__0.0200,5,NQ_ONLY,ranger,,0.02,82,0.0186830713146503,0.536585365853659,0.51219512195122,0.024390243902439,11,42,0.0731707317073171,0.219512195121951,82,68,0.529411764705882,14,0.571428571428571,TRUE
5__NQ_ONLY__ranger__0.0100,5,NQ_ONLY,ranger,,0.01,37,0.00843016632490317,0.567567567567568,0.45945945945946,0.108108108108108,11,26,0.0810810810810811,0.297297297297297,37,29,0.517241379310345,8,0.75,TRUE
5__NQ_ONLY__ranger__0.0050,5,NQ_ONLY,ranger,,0.005,19,0.00432900432900433,0.578947368421053,0.473684210526316,0.105263157894737,10,15,0.105263157894737,0.473684210526316,19,13,0.538461538461538,6,0.666666666666667,TRUE
5__NQ_ONLY__xgb_d2__0.5000,5,NQ_ONLY,xgb_d2,2,0.5,2283,0.520164046479836,0.512921594393342,0.517301795882611,-0.00438020148926851,11,62,0.0249671484888305,0.116951379763469,2283,1698,0.521201413427562,585,0.488888888888889,TRUE
5__NQ_ONLY__xgb_d2__0.2000,5,NQ_ONLY,xgb_d2,2,0.2,909,0.207108680792891,0.546754675467547,0.541254125412541,0.0055005500550055,11,62,0.0341034103410341,0.152915291529153,909,734,0.55449591280654,175,0.514285714285714,TRUE
5__NQ_ONLY__xgb_d2__0.1000,5,NQ_ONLY,xgb_d2,2,0.1,411,0.0936431989063568,0.542579075425791,0.562043795620438,-0.0194647201946472,11,59,0.0364963503649635,0.167883211678832,411,327,0.565749235474006,84,0.452380952380952,TRUE
5__NQ_ONLY__xgb_d2__0.0500,5,NQ_ONLY,xgb_d2,2,0.05,180,0.0410116199589884,0.522222222222222,0.55,-0.0277777777777778,11,53,0.05,0.211111111111111,180,145,0.544827586206897,35,0.428571428571429,TRUE
5__NQ_ONLY__xgb_d2__0.0200,5,NQ_ONLY,xgb_d2,2,0.02,76,0.0173160173160173,0.513157894736842,0.552631578947369,-0.0394736842105263,11,38,0.0921052631578947,0.276315789473684,76,61,0.540983606557377,15,0.4,TRUE
5__NQ_ONLY__xgb_d2__0.0100,5,NQ_ONLY,xgb_d2,2,0.01,34,0.0077466393255867,0.588235294117647,0.529411764705882,0.0588235294117647,10,22,0.0882352941176471,0.382352941176471,34,28,0.571428571428571,6,0.666666666666667,TRUE
5__NQ_ONLY__xgb_d2__0.0050,5,NQ_ONLY,xgb_d2,2,0.005,15,0.00341763499658237,0.6,0.466666666666667,0.133333333333333,8,10,0.133333333333333,0.666666666666667,15,13,0.538461538461538,2,1,TRUE
5__NQ_ONLY__xgb_d3__0.5000,5,NQ_ONLY,xgb_d3,3,0.5,2208,0.503075871496924,0.527173913043478,0.515851449275362,0.0113224637681159,11,62,0.026268115942029,0.119565217391304,2208,1627,0.52980946527351,581,0.519793459552496,TRUE
5__NQ_ONLY__xgb_d3__0.2000,5,NQ_ONLY,xgb_d3,3,0.2,928,0.211437685121896,0.539870689655172,0.519396551724138,0.0204741379310345,11,62,0.0334051724137931,0.149784482758621,928,715,0.538461538461538,213,0.544600938967136,TRUE
5__NQ_ONLY__xgb_d3__0.1000,5,NQ_ONLY,xgb_d3,3,0.1,438,0.0997949419002051,0.545662100456621,0.541095890410959,0.0045662100456621,11,60,0.04337899543379,0.178082191780822,438,336,0.556547619047619,102,0.509803921568627,TRUE
5__NQ_ONLY__xgb_d3__0.0500,5,NQ_ONLY,xgb_d3,3,0.05,204,0.0464798359535202,0.534313725490196,0.549019607843137,-0.0147058823529412,11,54,0.0490196078431373,0.205882352941176,204,149,0.557046979865772,55,0.472727272727273,TRUE
5__NQ_ONLY__xgb_d3__0.0200,5,NQ_ONLY,xgb_d3,3,0.02,83,0.0189109136477558,0.530120481927711,0.506024096385542,0.0240963855421687,11,41,0.0602409638554217,0.265060240963855,83,59,0.525423728813559,24,0.541666666666667,TRUE
5__NQ_ONLY__xgb_d3__0.0100,5,NQ_ONLY,xgb_d3,3,0.01,44,0.0100250626566416,0.454545454545455,0.5,-0.0454545454545455,11,31,0.0681818181818182,0.295454545454545,44,30,0.466666666666667,14,0.428571428571429,TRUE
5__NQ_ONLY__xgb_d3__0.0050,5,NQ_ONLY,xgb_d3,3,0.005,27,0.00615174299384826,0.555555555555556,0.518518518518519,0.037037037037037,10,23,0.111111111111111,0.333333333333333,27,16,0.5625,11,0.545454545454545,TRUE
5__NQ_ONLY__xgb_d4__0.5000,5,NQ_ONLY,xgb_d4,4,0.5,2183,0.497379813169287,0.522217132386624,0.509390746678882,0.0128263857077416,11,62,0.0251946862116354,0.123224919835089,2183,1600,0.521875,583,0.523156089193825,TRUE
5__NQ_ONLY__xgb_d4__0.2000,5,NQ_ONLY,xgb_d4,4,0.2,912,0.207792207792208,0.535087719298246,0.515350877192982,0.0197368421052632,11,62,0.037280701754386,0.160087719298246,912,676,0.534023668639053,236,0.538135593220339,TRUE
5__NQ_ONLY__xgb_d4__0.1000,5,NQ_ONLY,xgb_d4,4,0.1,438,0.0997949419002051,0.545662100456621,0.529680365296804,0.0159817351598174,11,61,0.045662100456621,0.189497716894977,438,317,0.55205047318612,121,0.528925619834711,TRUE
5__NQ_ONLY__xgb_d4__0.0500,5,NQ_ONLY,xgb_d4,4,0.05,192,0.0437457279562543,0.557291666666667,0.510416666666667,0.046875,11,53,0.0416666666666667,0.203125,192,135,0.548148148148148,57,0.578947368421053,TRUE
5__NQ_ONLY__xgb_d4__0.0200,5,NQ_ONLY,xgb_d4,4,0.02,80,0.0182273866484393,0.55,0.525,0.025,11,39,0.0625,0.25,80,54,0.555555555555556,26,0.538461538461538,TRUE
5__NQ_ONLY__xgb_d4__0.0100,5,NQ_ONLY,xgb_d4,4,0.01,40,0.00911369332421964,0.65,0.5,0.15,11,28,0.1,0.325,40,24,0.625,16,0.6875,TRUE
5__NQ_ONLY__xgb_d4__0.0050,5,NQ_ONLY,xgb_d4,4,0.005,20,0.00455684666210982,0.55,0.5,0.05,10,17,0.1,0.4,20,11,0.545454545454545,9,0.555555555555556,TRUE
5__NQ_ONLY__xgb_d5__0.5000,5,NQ_ONLY,xgb_d5,5,0.5,2247,0.511961722488038,0.518469069870939,0.510903426791277,0.00756564307966177,11,62,0.0258121940364931,0.123275478415665,2247,1601,0.520924422236103,646,0.512383900928793,TRUE
5__NQ_ONLY__xgb_d5__0.2000,5,NQ_ONLY,xgb_d5,5,0.2,914,0.208247892458419,0.549234135667396,0.509846827133479,0.0393873085339169,11,62,0.0328227571115974,0.150984682713348,914,670,0.540298507462687,244,0.573770491803279,TRUE
5__NQ_ONLY__xgb_d5__0.1000,5,NQ_ONLY,xgb_d5,5,0.1,437,0.0995670995670996,0.551487414187643,0.498855835240275,0.0526315789473684,11,60,0.0389016018306636,0.167048054919908,437,320,0.534375,117,0.598290598290598,TRUE
5__NQ_ONLY__xgb_d5__0.0500,5,NQ_ONLY,xgb_d5,5,0.05,197,0.0448849396217817,0.593908629441624,0.512690355329949,0.0812182741116751,11,57,0.0558375634517767,0.223350253807107,197,139,0.575539568345324,58,0.637931034482759,TRUE
5__NQ_ONLY__xgb_d5__0.0200,5,NQ_ONLY,xgb_d5,5,0.02,79,0.0179995443153338,0.607594936708861,0.493670886075949,0.113924050632911,11,37,0.0632911392405063,0.291139240506329,79,58,0.568965517241379,21,0.714285714285714,TRUE
5__NQ_ONLY__xgb_d5__0.0100,5,NQ_ONLY,xgb_d5,5,0.01,35,0.00797448165869218,0.628571428571429,0.485714285714286,0.142857142857143,11,25,0.0857142857142857,0.314285714285714,35,24,0.583333333333333,11,0.727272727272727,TRUE
5__NQ_ONLY__xgb_d5__0.0050,5,NQ_ONLY,xgb_d5,5,0.005,17,0.00387331966279335,0.470588235294118,0.470588235294118,0,8,13,0.117647058823529,0.529411764705882,17,11,0.454545454545455,6,0.5,TRUE
5__NQ_ES__logit__0.5000,5,NQ_ES,logit,,0.5,2166,0.493506493506494,0.521698984302863,0.526315789473684,-0.00461680517082179,11,62,0.0235457063711911,0.11449676823638,2166,1604,0.533042394014963,562,0.48932384341637,TRUE
5__NQ_ES__logit__0.2000,5,NQ_ES,logit,,0.2,879,0.200273410799727,0.535836177474403,0.55745164960182,-0.0216154721274175,11,59,0.0307167235494881,0.139931740614334,879,704,0.558238636363636,175,0.445714285714286,TRUE
5__NQ_ES__logit__0.1000,5,NQ_ES,logit,,0.1,413,0.0940988835725678,0.564164648910412,0.581113801452784,-0.0169491525423729,11,54,0.036319612590799,0.174334140435835,413,342,0.587719298245614,71,0.450704225352113,TRUE
5__NQ_ES__logit__0.0500,5,NQ_ES,logit,,0.05,199,0.0453406242879927,0.577889447236181,0.597989949748744,-0.0201005025125628,11,50,0.0552763819095477,0.21105527638191,199,175,0.6,24,0.416666666666667,TRUE
5__NQ_ES__logit__0.0200,5,NQ_ES,logit,,0.02,70,0.0159489633173844,0.485714285714286,0.542857142857143,-0.0571428571428571,11,37,0.1,0.3,70,66,0.515151515151515,4,0,TRUE
5__NQ_ES__logit__0.0100,5,NQ_ES,logit,,0.01,29,0.00660742766005924,0.448275862068966,0.482758620689655,-0.0344827586206897,9,20,0.137931034482759,0.448275862068966,29,28,0.464285714285714,1,0,TRUE
5__NQ_ES__logit__0.0050,5,NQ_ES,logit,,0.005,14,0.00318979266347687,0.428571428571429,0.428571428571429,0,7,11,0.214285714285714,0.571428571428571,14,14,0.428571428571429,0,,TRUE
5__NQ_ES__ranger__0.5000,5,NQ_ES,ranger,,0.5,2323,0.529277739804056,0.516573396470082,0.517434352130865,-0.00086095566078347,11,62,0.0245372363323289,0.116229014205768,2323,1762,0.523269012485812,561,0.49554367201426,TRUE
5__NQ_ES__ranger__0.2000,5,NQ_ES,ranger,,0.2,897,0.204374572795625,0.539576365663322,0.526198439241917,0.0133779264214047,11,62,0.0289855072463768,0.141583054626533,897,731,0.540355677154583,166,0.536144578313253,TRUE
5__NQ_ES__ranger__0.1000,5,NQ_ES,ranger,,0.1,447,0.101845522898154,0.561521252796421,0.54586129753915,0.0156599552572707,11,62,0.0380313199105145,0.1834451901566,447,380,0.563157894736842,67,0.552238805970149,TRUE
5__NQ_ES__ranger__0.0500,5,NQ_ES,ranger,,0.05,200,0.0455684666210982,0.535,0.535,0,11,56,0.055,0.22,200,168,0.541666666666667,32,0.5,TRUE
5__NQ_ES__ranger__0.0200,5,NQ_ES,ranger,,0.02,80,0.0182273866484393,0.5375,0.5125,0.025,11,42,0.075,0.275,80,68,0.529411764705882,12,0.583333333333333,TRUE
5__NQ_ES__ranger__0.0100,5,NQ_ES,ranger,,0.01,41,0.00934153565732513,0.609756097560976,0.585365853658537,0.024390243902439,11,28,0.0731707317073171,0.317073170731707,41,34,0.617647058823529,7,0.571428571428571,TRUE
5__NQ_ES__ranger__0.0050,5,NQ_ES,ranger,,0.005,15,0.00341763499658237,0.533333333333333,0.4,0.133333333333333,9,12,0.133333333333333,0.533333333333333,15,11,0.454545454545455,4,0.75,TRUE
5__NQ_ES__xgb_d2__0.5000,5,NQ_ES,xgb_d2,2,0.5,2263,0.515607199817726,0.517454706142289,0.521873619089704,-0.00441891294741494,11,62,0.0247459125055236,0.114449845338047,2263,1699,0.527369040612125,564,0.48758865248227,TRUE
5__NQ_ES__xgb_d2__0.2000,5,NQ_ES,xgb_d2,2,0.2,937,0.213488266119845,0.548559231590181,0.544290288153682,0.00426894343649947,11,62,0.0330843116328709,0.155816435432231,937,757,0.557463672391017,180,0.511111111111111,TRUE
5__NQ_ES__xgb_d2__0.1000,5,NQ_ES,xgb_d2,2,0.1,452,0.102984734563682,0.550884955752212,0.559734513274336,-0.00884955752212389,11,62,0.0420353982300885,0.176991150442478,452,370,0.567567567567568,82,0.475609756097561,TRUE
5__NQ_ES__xgb_d2__0.0500,5,NQ_ES,xgb_d2,2,0.05,199,0.0453406242879927,0.542713567839196,0.527638190954774,0.0150753768844221,11,58,0.0603015075376884,0.226130653266332,199,164,0.542682926829268,35,0.542857142857143,TRUE
5__NQ_ES__xgb_d2__0.0200,5,NQ_ES,xgb_d2,2,0.02,86,0.0195944406470722,0.511627906976744,0.511627906976744,0,11,44,0.0813953488372093,0.267441860465116,86,74,0.513513513513514,12,0.5,TRUE
5__NQ_ES__xgb_d2__0.0100,5,NQ_ES,xgb_d2,2,0.01,34,0.0077466393255867,0.529411764705882,0.411764705882353,0.117647058823529,11,24,0.117647058823529,0.382352941176471,34,30,0.466666666666667,4,1,TRUE
5__NQ_ES__xgb_d2__0.0050,5,NQ_ES,xgb_d2,2,0.005,15,0.00341763499658237,0.6,0.4,0.2,10,12,0.133333333333333,0.533333333333333,15,12,0.5,3,1,TRUE
5__NQ_ES__xgb_d3__0.5000,5,NQ_ES,xgb_d3,3,0.5,2300,0.524037366142629,0.521304347826087,0.516521739130435,0.00478260869565217,11,62,0.0247826086956522,0.120434782608696,2300,1729,0.526315789473684,571,0.506129597197898,TRUE
5__NQ_ES__xgb_d3__0.2000,5,NQ_ES,xgb_d3,3,0.2,916,0.20870357712463,0.544759825327511,0.533842794759825,0.0109170305676856,11,62,0.0349344978165939,0.156113537117904,916,700,0.551428571428571,216,0.523148148148148,TRUE
5__NQ_ES__xgb_d3__0.1000,5,NQ_ES,xgb_d3,3,0.1,450,0.102529049897471,0.551111111111111,0.553333333333333,-0.00222222222222222,11,62,0.0466666666666667,0.202222222222222,450,345,0.568115942028986,105,0.495238095238095,TRUE
5__NQ_ES__xgb_d3__0.0500,5,NQ_ES,xgb_d3,3,0.05,204,0.0464798359535202,0.514705882352941,0.504901960784314,0.00980392156862745,11,56,0.0588235294117647,0.235294117647059,204,156,0.512820512820513,48,0.520833333333333,TRUE
5__NQ_ES__xgb_d3__0.0200,5,NQ_ES,xgb_d3,3,0.02,82,0.0186830713146503,0.573170731707317,0.475609756097561,0.0975609756097561,11,41,0.0853658536585366,0.25609756097561,82,62,0.532258064516129,20,0.7,TRUE
5__NQ_ES__xgb_d3__0.0100,5,NQ_ES,xgb_d3,3,0.01,42,0.00956937799043062,0.642857142857143,0.5,0.142857142857143,11,24,0.119047619047619,0.404761904761905,42,28,0.607142857142857,14,0.714285714285714,TRUE
5__NQ_ES__xgb_d3__0.0050,5,NQ_ES,xgb_d3,3,0.005,21,0.00478468899521531,0.619047619047619,0.523809523809524,0.0952380952380952,10,17,0.0952380952380952,0.428571428571429,21,13,0.615384615384615,8,0.625,TRUE
5__NQ_ES__xgb_d4__0.5000,5,NQ_ES,xgb_d4,4,0.5,2250,0.512645249487355,0.52,0.520444444444444,-0.000444444444444444,11,62,0.0244444444444444,0.121333333333333,2250,1665,0.527927927927928,585,0.497435897435897,TRUE
5__NQ_ES__xgb_d4__0.2000,5,NQ_ES,xgb_d4,4,0.2,889,0.202551834130782,0.53880764904387,0.537682789651294,0.00112485939257593,11,62,0.0348706411698538,0.156355455568054,889,666,0.551051051051051,223,0.502242152466368,TRUE
5__NQ_ES__xgb_d4__0.1000,5,NQ_ES,xgb_d4,4,0.1,437,0.0995670995670996,0.574370709382151,0.540045766590389,0.034324942791762,11,61,0.0526315789473684,0.20137299771167,437,326,0.576687116564417,111,0.567567567567568,TRUE
5__NQ_ES__xgb_d4__0.0500,5,NQ_ES,xgb_d4,4,0.05,208,0.0473912052859421,0.533653846153846,0.519230769230769,0.0144230769230769,11,56,0.0625,0.240384615384615,208,151,0.536423841059603,57,0.526315789473684,TRUE
5__NQ_ES__xgb_d4__0.0200,5,NQ_ES,xgb_d4,4,0.02,109,0.0248348143084985,0.532110091743119,0.532110091743119,0,11,47,0.0642201834862385,0.256880733944954,109,79,0.544303797468355,30,0.5,TRUE
5__NQ_ES__xgb_d4__0.0100,5,NQ_ES,xgb_d4,4,0.01,30,0.00683526999316473,0.5,0.566666666666667,-0.0666666666666667,11,19,0.133333333333333,0.5,30,22,0.545454545454545,8,0.375,TRUE
5__NQ_ES__xgb_d4__0.0050,5,NQ_ES,xgb_d4,4,0.005,9,0.00205058099794942,0.555555555555556,0.666666666666667,-0.111111111111111,7,9,0.111111111111111,0.555555555555556,9,6,0.666666666666667,3,0.333333333333333,TRUE
5__NQ_ES__xgb_d5__0.5000,5,NQ_ES,xgb_d5,5,0.5,2189,0.49874686716792,0.518958428506167,0.515303791685701,0.00365463682046597,11,62,0.0237551393330288,0.116034719049794,2189,1579,0.525015832805573,610,0.50327868852459,TRUE
5__NQ_ES__xgb_d5__0.2000,5,NQ_ES,xgb_d5,5,0.2,851,0.193893825472773,0.54641598119859,0.537015276145711,0.00940070505287897,11,62,0.0340775558166862,0.158636897767333,851,602,0.559800664451827,249,0.514056224899598,TRUE
5__NQ_ES__xgb_d5__0.1000,5,NQ_ES,xgb_d5,5,0.1,429,0.0977443609022556,0.55944055944056,0.522144522144522,0.0372960372960373,11,60,0.041958041958042,0.186480186480187,429,301,0.558139534883721,128,0.5625,TRUE
5__NQ_ES__xgb_d5__0.0500,5,NQ_ES,xgb_d5,5,0.05,209,0.0476190476190476,0.5311004784689,0.497607655502392,0.0334928229665072,11,54,0.0478468899521531,0.205741626794258,209,146,0.520547945205479,63,0.555555555555556,TRUE
5__NQ_ES__xgb_d5__0.0200,5,NQ_ES,xgb_d5,5,0.02,82,0.0186830713146503,0.573170731707317,0.609756097560976,-0.0365853658536585,11,40,0.0609756097560976,0.268292682926829,82,55,0.636363636363636,27,0.444444444444444,TRUE
5__NQ_ES__xgb_d5__0.0100,5,NQ_ES,xgb_d5,5,0.01,36,0.00820232399179768,0.611111111111111,0.611111111111111,0,11,26,0.0833333333333333,0.333333333333333,36,24,0.666666666666667,12,0.5,TRUE
5__NQ_ES__xgb_d5__0.0050,5,NQ_ES,xgb_d5,5,0.005,10,0.00227842333105491,0.6,0.5,0.1,6,8,0.2,0.7,10,7,0.571428571428571,3,0.666666666666667,TRUE
7__NQ_ONLY__logit__0.5000,7,NQ_ONLY,logit,,0.5,2099,0.478350045578852,0.503573130061934,0.516436398284898,-0.0128632682229633,11,62,0.0252501191043354,0.118151500714626,2099,1417,0.517995765702188,682,0.473607038123167,TRUE
7__NQ_ONLY__logit__0.2000,7,NQ_ONLY,logit,,0.2,792,0.18049225159526,0.502525252525253,0.539141414141414,-0.0366161616161616,11,59,0.0328282828282828,0.146464646464646,792,586,0.52901023890785,206,0.427184466019417,TRUE
7__NQ_ONLY__logit__0.1000,7,NQ_ONLY,logit,,0.1,377,0.0859161349134002,0.514588859416446,0.562334217506631,-0.0477453580901857,11,57,0.0344827586206897,0.16710875331565,377,297,0.548821548821549,80,0.3875,TRUE
7__NQ_ONLY__logit__0.0500,7,NQ_ONLY,logit,,0.05,182,0.0414767547857794,0.565934065934066,0.593406593406593,-0.0274725274725275,11,50,0.043956043956044,0.203296703296703,182,157,0.592356687898089,25,0.4,TRUE
7__NQ_ONLY__logit__0.0200,7,NQ_ONLY,logit,,0.02,55,0.0125341841385597,0.490909090909091,0.545454545454545,-0.0545454545454545,11,30,0.0909090909090909,0.363636363636364,55,52,0.519230769230769,3,0,TRUE
7__NQ_ONLY__logit__0.0100,7,NQ_ONLY,logit,,0.01,22,0.00501367365542388,0.5,0.545454545454545,-0.0454545454545455,9,17,0.0909090909090909,0.454545454545455,22,21,0.523809523809524,1,0,TRUE
7__NQ_ONLY__logit__0.0050,7,NQ_ONLY,logit,,0.005,12,0.00273473108477666,0.5,0.5,0,7,11,0.166666666666667,0.5,12,12,0.5,0,,TRUE
7__NQ_ONLY__ranger__0.5000,7,NQ_ONLY,ranger,,0.5,2271,0.517547857793984,0.501541171290181,0.511228533685601,-0.00968736239542052,11,62,0.0250990752972259,0.119330691325407,2271,1599,0.511569731081926,672,0.477678571428571,TRUE
7__NQ_ONLY__ranger__0.2000,7,NQ_ONLY,ranger,,0.2,898,0.20464904284412,0.50890868596882,0.501113585746102,0.00779510022271715,11,62,0.0300668151447661,0.141425389755011,898,693,0.507936507936508,205,0.51219512195122,TRUE
7__NQ_ONLY__ranger__0.1000,7,NQ_ONLY,ranger,,0.1,434,0.0989061075660893,0.516129032258065,0.532258064516129,-0.0161290322580645,11,62,0.0368663594470046,0.165898617511521,434,345,0.530434782608696,89,0.460674157303371,TRUE
7__NQ_ONLY__ranger__0.0500,7,NQ_ONLY,ranger,,0.05,202,0.0460346399270738,0.50990099009901,0.51980198019802,-0.0099009900990099,11,58,0.0495049504950495,0.198019801980198,202,166,0.518072289156627,36,0.472222222222222,TRUE
7__NQ_ONLY__ranger__0.0200,7,NQ_ONLY,ranger,,0.02,77,0.0175478577939836,0.571428571428571,0.51948051948052,0.051948051948052,11,46,0.0649350649350649,0.246753246753247,77,65,0.553846153846154,12,0.666666666666667,TRUE
7__NQ_ONLY__ranger__0.0100,7,NQ_ONLY,ranger,,0.01,46,0.0104831358249772,0.608695652173913,0.565217391304348,0.0434782608695652,11,32,0.0652173913043478,0.239130434782609,46,40,0.6,6,0.666666666666667,TRUE
7__NQ_ONLY__ranger__0.0050,7,NQ_ONLY,ranger,,0.005,22,0.00501367365542388,0.590909090909091,0.5,0.0909090909090909,9,16,0.136363636363636,0.5,22,18,0.555555555555556,4,0.75,TRUE
7__NQ_ONLY__xgb_d2__0.5000,7,NQ_ONLY,xgb_d2,2,0.5,2222,0.506381039197812,0.502250225022502,0.508550855085509,-0.0063006300630063,11,62,0.0247524752475248,0.118811881188119,2222,1536,0.510416666666667,686,0.48396501457726,TRUE
7__NQ_ONLY__xgb_d2__0.2000,7,NQ_ONLY,xgb_d2,2,0.2,869,0.198040109389243,0.514384349827388,0.50517836593786,0.00920598388952819,11,62,0.0322209436133487,0.148446490218642,869,678,0.514749262536873,191,0.513089005235602,TRUE
7__NQ_ONLY__xgb_d2__0.1000,7,NQ_ONLY,xgb_d2,2,0.1,427,0.0973108477666363,0.494145199063232,0.526932084309134,-0.0327868852459016,11,62,0.0351288056206089,0.159250585480094,427,355,0.512676056338028,72,0.402777777777778,TRUE
7__NQ_ONLY__xgb_d2__0.0500,7,NQ_ONLY,xgb_d2,2,0.05,208,0.0474020054694622,0.504807692307692,0.528846153846154,-0.0240384615384615,11,60,0.0480769230769231,0.192307692307692,208,185,0.518918918918919,23,0.391304347826087,TRUE
7__NQ_ONLY__xgb_d2__0.0200,7,NQ_ONLY,xgb_d2,2,0.02,83,0.0189152233363719,0.493975903614458,0.506024096385542,-0.0120481927710843,10,45,0.072289156626506,0.253012048192771,83,80,0.5,3,0.333333333333333,TRUE
7__NQ_ONLY__xgb_d2__0.0100,7,NQ_ONLY,xgb_d2,2,0.01,40,0.00911577028258888,0.55,0.575,-0.025,10,31,0.075,0.3,40,39,0.564102564102564,1,0,TRUE
7__NQ_ONLY__xgb_d2__0.0050,7,NQ_ONLY,xgb_d2,2,0.005,15,0.00341841385597083,0.6,0.6,0,6,13,0.133333333333333,0.466666666666667,15,15,0.6,0,,TRUE
7__NQ_ONLY__xgb_d3__0.5000,7,NQ_ONLY,xgb_d3,3,0.5,2214,0.504557885141294,0.502258355916893,0.504065040650406,-0.001806684733514,11,62,0.026196928635953,0.124661246612466,2214,1528,0.507198952879581,686,0.491253644314869,TRUE
7__NQ_ONLY__xgb_d3__0.2000,7,NQ_ONLY,xgb_d3,3,0.2,878,0.200091157702826,0.52619589977221,0.514806378132119,0.0113895216400911,11,62,0.030751708428246,0.149202733485194,878,639,0.530516431924883,239,0.514644351464435,TRUE
7__NQ_ONLY__xgb_d3__0.1000,7,NQ_ONLY,xgb_d3,3,0.1,440,0.100273473108478,0.5,0.520454545454546,-0.0204545454545455,11,62,0.0363636363636364,0.170454545454545,440,337,0.513353115727003,103,0.456310679611651,TRUE
7__NQ_ONLY__xgb_d3__0.0500,7,NQ_ONLY,xgb_d3,3,0.05,215,0.0489972652689152,0.47906976744186,0.516279069767442,-0.0372093023255814,11,58,0.0558139534883721,0.195348837209302,215,171,0.497076023391813,44,0.409090909090909,TRUE
7__NQ_ONLY__xgb_d3__0.0200,7,NQ_ONLY,xgb_d3,3,0.02,78,0.0177757520510483,0.525641025641026,0.512820512820513,0.0128205128205128,10,43,0.0512820512820513,0.217948717948718,78,65,0.523076923076923,13,0.538461538461538,TRUE
7__NQ_ONLY__xgb_d3__0.0100,7,NQ_ONLY,xgb_d3,3,0.01,42,0.00957155879671832,0.547619047619048,0.547619047619048,0,10,30,0.0714285714285714,0.30952380952381,42,38,0.552631578947369,4,0.5,TRUE
7__NQ_ONLY__xgb_d3__0.0050,7,NQ_ONLY,xgb_d3,3,0.005,22,0.00501367365542388,0.590909090909091,0.636363636363636,-0.0454545454545455,8,18,0.0909090909090909,0.409090909090909,22,21,0.619047619047619,1,0,TRUE
7__NQ_ONLY__xgb_d4__0.5000,7,NQ_ONLY,xgb_d4,4,0.5,2186,0.498176845943482,0.506861848124428,0.511436413540714,-0.00457456541628545,11,62,0.0260750228728271,0.123055809698079,2186,1507,0.515593895155939,679,0.487481590574374,TRUE
7__NQ_ONLY__xgb_d4__0.2000,7,NQ_ONLY,xgb_d4,4,0.2,839,0.191203281677302,0.536352800953516,0.519666269368296,0.0166865315852205,11,62,0.0369487485101311,0.158522050059595,839,599,0.540901502504174,240,0.525,TRUE
7__NQ_ONLY__xgb_d4__0.1000,7,NQ_ONLY,xgb_d4,4,0.1,407,0.0927529626253418,0.533169533169533,0.542997542997543,-0.00982800982800983,11,62,0.0368550368550369,0.164619164619165,407,295,0.552542372881356,112,0.482142857142857,TRUE
7__NQ_ONLY__xgb_d4__0.0500,7,NQ_ONLY,xgb_d4,4,0.05,212,0.0483135824977211,0.495283018867925,0.514150943396226,-0.0188679245283019,11,60,0.0424528301886792,0.212264150943396,212,154,0.506493506493507,58,0.46551724137931,TRUE
7__NQ_ONLY__xgb_d4__0.0200,7,NQ_ONLY,xgb_d4,4,0.02,82,0.0186873290793072,0.51219512195122,0.5,0.0121951219512195,11,44,0.0609756097560976,0.207317073170732,82,61,0.508196721311475,21,0.523809523809524,TRUE
7__NQ_ONLY__xgb_d4__0.0100,7,NQ_ONLY,xgb_d4,4,0.01,42,0.00957155879671832,0.571428571428571,0.571428571428571,0,11,28,0.0714285714285714,0.285714285714286,42,32,0.59375,10,0.5,TRUE
7__NQ_ONLY__xgb_d4__0.0050,7,NQ_ONLY,xgb_d4,4,0.005,22,0.00501367365542388,0.545454545454545,0.590909090909091,-0.0454545454545455,11,18,0.0909090909090909,0.409090909090909,22,17,0.588235294117647,5,0.4,TRUE
7__NQ_ONLY__xgb_d5__0.5000,7,NQ_ONLY,xgb_d5,5,0.5,2175,0.49567000911577,0.513103448275862,0.508045977011494,0.00505747126436782,11,62,0.024367816091954,0.117701149425287,2175,1459,0.518163125428376,716,0.502793296089386,TRUE
7__NQ_ONLY__xgb_d5__0.2000,7,NQ_ONLY,xgb_d5,5,0.2,886,0.201914311759344,0.540632054176072,0.522573363431151,0.018058690744921,11,62,0.0338600451467269,0.148984198645598,886,628,0.544585987261146,258,0.531007751937985,TRUE
7__NQ_ONLY__xgb_d5__0.1000,7,NQ_ONLY,xgb_d5,5,0.1,408,0.0929808568824066,0.529411764705882,0.524509803921569,0.00490196078431373,11,62,0.0441176470588235,0.198529411764706,408,288,0.538194444444445,120,0.508333333333333,TRUE
7__NQ_ONLY__xgb_d5__0.0500,7,NQ_ONLY,xgb_d5,5,0.05,199,0.0453509571558797,0.512562814070352,0.537688442211055,-0.0251256281407035,11,57,0.0552763819095477,0.226130653266332,199,138,0.536231884057971,61,0.459016393442623,TRUE
7__NQ_ONLY__xgb_d5__0.0200,7,NQ_ONLY,xgb_d5,5,0.02,84,0.0191431175934366,0.5,0.511904761904762,-0.0119047619047619,11,42,0.0714285714285714,0.285714285714286,84,53,0.509433962264151,31,0.483870967741936,TRUE
7__NQ_ONLY__xgb_d5__0.0100,7,NQ_ONLY,xgb_d5,5,0.01,41,0.0093436645396536,0.51219512195122,0.51219512195122,0,11,30,0.0975609756097561,0.317073170731707,41,23,0.521739130434783,18,0.5,TRUE
7__NQ_ONLY__xgb_d5__0.0050,7,NQ_ONLY,xgb_d5,5,0.005,18,0.004102096627165,0.444444444444444,0.555555555555556,-0.111111111111111,10,16,0.111111111111111,0.388888888888889,18,10,0.5,8,0.375,TRUE
7__NQ_ES__logit__0.5000,7,NQ_ES,logit,,0.5,2068,0.471285323609845,0.50531914893617,0.5178916827853,-0.0125725338491296,11,62,0.0251450676982592,0.119439071566731,2068,1368,0.52046783625731,700,0.475714285714286,TRUE
7__NQ_ES__logit__0.2000,7,NQ_ES,logit,,0.2,767,0.174794895168642,0.509778357235984,0.546284224250326,-0.0365058670143416,11,60,0.0325945241199479,0.151238591916558,767,567,0.53968253968254,200,0.425,TRUE
7__NQ_ES__logit__0.1000,7,NQ_ES,logit,,0.1,368,0.0838650865998177,0.510869565217391,0.557065217391304,-0.046195652173913,11,55,0.0407608695652174,0.184782608695652,368,280,0.546428571428571,88,0.397727272727273,TRUE
7__NQ_ES__logit__0.0500,7,NQ_ES,logit,,0.05,169,0.038514129443938,0.532544378698225,0.585798816568047,-0.0532544378698225,11,50,0.0532544378698225,0.218934911242604,169,140,0.571428571428571,29,0.344827586206897,TRUE
7__NQ_ES__logit__0.0200,7,NQ_ES,logit,,0.02,51,0.0116226071103008,0.549019607843137,0.607843137254902,-0.0588235294117647,11,29,0.0980392156862745,0.333333333333333,51,48,0.583333333333333,3,0,TRUE
7__NQ_ES__logit__0.0100,7,NQ_ES,logit,,0.01,26,0.00592525068368277,0.538461538461538,0.538461538461538,0,9,20,0.0769230769230769,0.384615384615385,26,26,0.538461538461538,0,,TRUE
7__NQ_ES__logit__0.0050,7,NQ_ES,logit,,0.005,14,0.00319051959890611,0.571428571428571,0.571428571428571,0,7,12,0.142857142857143,0.5,14,14,0.571428571428571,0,,TRUE
7__NQ_ES__ranger__0.5000,7,NQ_ES,ranger,,0.5,2254,0.513673655423883,0.500887311446318,0.510647737355812,-0.00976042590949423,11,62,0.0252883762200532,0.119787045252884,2254,1586,0.509457755359395,668,0.480538922155689,TRUE
7__NQ_ES__ranger__0.2000,7,NQ_ES,ranger,,0.2,903,0.205788514129444,0.504983388704319,0.513842746400886,-0.008859357696567,11,62,0.0287929125138427,0.137320044296788,903,711,0.513361462728551,192,0.473958333333333,TRUE
7__NQ_ES__ranger__0.1000,7,NQ_ES,ranger,,0.1,414,0.0943482224247949,0.536231884057971,0.550724637681159,-0.0144927536231884,11,62,0.036231884057971,0.164251207729469,414,342,0.552631578947369,72,0.458333333333333,TRUE
7__NQ_ES__ranger__0.0500,7,NQ_ES,ranger,,0.05,198,0.045123062898815,0.52020202020202,0.525252525252525,-0.00505050505050505,11,59,0.0505050505050505,0.191919191919192,198,169,0.526627218934911,29,0.482758620689655,TRUE
7__NQ_ES__ranger__0.0200,7,NQ_ES,ranger,,0.02,85,0.0193710118505014,0.517647058823529,0.494117647058824,0.0235294117647059,11,46,0.0823529411764706,0.235294117647059,85,75,0.506666666666667,10,0.6,TRUE
7__NQ_ES__ranger__0.0100,7,NQ_ES,ranger,,0.01,51,0.0116226071103008,0.568627450980392,0.568627450980392,0,11,36,0.117647058823529,0.313725490196078,51,45,0.577777777777778,6,0.5,TRUE
7__NQ_ES__ranger__0.0050,7,NQ_ES,ranger,,0.005,21,0.00478577939835916,0.619047619047619,0.571428571428571,0.0476190476190476,10,18,0.0952380952380952,0.380952380952381,21,18,0.611111111111111,3,0.666666666666667,TRUE
7__NQ_ES__xgb_d2__0.5000,7,NQ_ES,xgb_d2,2,0.5,2214,0.504557885141294,0.507226738934056,0.508130081300813,-0.000903342366757001,11,62,0.026196928635953,0.119692863595303,2214,1519,0.513495720868993,695,0.493525179856115,TRUE
7__NQ_ES__xgb_d2__0.2000,7,NQ_ES,xgb_d2,2,0.2,897,0.204421148587056,0.520624303232999,0.511705685618729,0.00891861761426979,11,62,0.0379041248606466,0.157190635451505,897,695,0.523741007194245,202,0.50990099009901,TRUE
7__NQ_ES__xgb_d2__0.1000,7,NQ_ES,xgb_d2,2,0.1,444,0.101185050136737,0.5,0.529279279279279,-0.0292792792792793,11,62,0.0382882882882883,0.168918918918919,444,372,0.518817204301075,72,0.402777777777778,TRUE
7__NQ_ES__xgb_d2__0.0500,7,NQ_ES,xgb_d2,2,0.05,222,0.0505925250683683,0.513513513513514,0.504504504504505,0.00900900900900901,11,58,0.0495495495495496,0.193693693693694,222,200,0.51,22,0.545454545454545,TRUE
7__NQ_ES__xgb_d2__0.0200,7,NQ_ES,xgb_d2,2,0.02,81,0.0184594348222425,0.469135802469136,0.444444444444444,0.0246913580246914,10,41,0.0864197530864198,0.283950617283951,81,77,0.454545454545455,4,0.75,TRUE
7__NQ_ES__xgb_d2__0.0100,7,NQ_ES,xgb_d2,2,0.01,42,0.00957155879671832,0.5,0.452380952380952,0.0476190476190476,10,30,0.0952380952380952,0.333333333333333,42,40,0.475,2,1,TRUE
7__NQ_ES__xgb_d2__0.0050,7,NQ_ES,xgb_d2,2,0.005,21,0.00478577939835916,0.428571428571429,0.428571428571429,0,7,16,0.142857142857143,0.476190476190476,21,21,0.428571428571429,0,,TRUE
7__NQ_ES__xgb_d3__0.5000,7,NQ_ES,xgb_d3,3,0.5,2257,0.514357338195078,0.507753655294639,0.499778466991582,0.00797518830305716,11,62,0.0248116969428445,0.119627824545857,2257,1527,0.507531106745252,730,0.508219178082192,TRUE
7__NQ_ES__xgb_d3__0.2000,7,NQ_ES,xgb_d3,3,0.2,912,0.207839562443026,0.524122807017544,0.521929824561403,0.00219298245614035,11,62,0.0361842105263158,0.153508771929825,912,663,0.535444947209653,249,0.493975903614458,TRUE
7__NQ_ES__xgb_d3__0.1000,7,NQ_ES,xgb_d3,3,0.1,458,0.104375569735643,0.526200873362445,0.528384279475983,-0.00218340611353712,11,62,0.0414847161572052,0.189956331877729,458,353,0.535410764872521,105,0.495238095238095,TRUE
7__NQ_ES__xgb_d3__0.0500,7,NQ_ES,xgb_d3,3,0.05,227,0.0517319963536919,0.519823788546256,0.519823788546256,0,11,61,0.052863436123348,0.202643171806167,227,181,0.524861878453039,46,0.5,TRUE
7__NQ_ES__xgb_d3__0.0200,7,NQ_ES,xgb_d3,3,0.02,77,0.0175478577939836,0.493506493506494,0.454545454545455,0.038961038961039,11,39,0.0909090909090909,0.337662337662338,77,64,0.46875,13,0.615384615384615,TRUE
7__NQ_ES__xgb_d3__0.0100,7,NQ_ES,xgb_d3,3,0.01,38,0.00865998176845944,0.5,0.473684210526316,0.0263157894736842,11,27,0.0789473684210526,0.368421052631579,38,29,0.482758620689655,9,0.555555555555556,TRUE
7__NQ_ES__xgb_d3__0.0050,7,NQ_ES,xgb_d3,3,0.005,20,0.00455788514129444,0.45,0.4,0.05,9,16,0.15,0.45,20,15,0.4,5,0.6,TRUE
7__NQ_ES__xgb_d4__0.5000,7,NQ_ES,xgb_d4,4,0.5,2232,0.508659981768459,0.502240143369176,0.506272401433692,-0.00403225806451613,11,62,0.0268817204301075,0.122311827956989,2232,1515,0.508250825082508,717,0.489539748953975,TRUE
7__NQ_ES__xgb_d4__0.2000,7,NQ_ES,xgb_d4,4,0.2,900,0.20510483135825,0.541111111111111,0.531111111111111,0.01,11,62,0.0344444444444444,0.158888888888889,900,645,0.551937984496124,255,0.513725490196078,TRUE
7__NQ_ES__xgb_d4__0.1000,7,NQ_ES,xgb_d4,4,0.1,447,0.101868732907931,0.514541387024609,0.534675615212528,-0.0201342281879195,11,62,0.0469798657718121,0.192393736017897,447,325,0.535384615384615,122,0.459016393442623,TRUE
7__NQ_ES__xgb_d4__0.0500,7,NQ_ES,xgb_d4,4,0.05,229,0.0521877848678213,0.48471615720524,0.510917030567686,-0.0262008733624454,11,61,0.0567685589519651,0.231441048034935,229,170,0.5,59,0.440677966101695,TRUE
7__NQ_ES__xgb_d4__0.0200,7,NQ_ES,xgb_d4,4,0.02,83,0.0189152233363719,0.493975903614458,0.469879518072289,0.0240963855421687,11,44,0.072289156626506,0.289156626506024,83,65,0.476923076923077,18,0.555555555555556,TRUE
7__NQ_ES__xgb_d4__0.0100,7,NQ_ES,xgb_d4,4,0.01,43,0.00979945305378305,0.488372093023256,0.488372093023256,0,11,28,0.116279069767442,0.348837209302326,43,35,0.485714285714286,8,0.5,TRUE
7__NQ_ES__xgb_d4__0.0050,7,NQ_ES,xgb_d4,4,0.005,18,0.004102096627165,0.555555555555556,0.5,0.0555555555555556,10,17,0.111111111111111,0.333333333333333,18,13,0.538461538461538,5,0.6,TRUE
7__NQ_ES__xgb_d5__0.5000,7,NQ_ES,xgb_d5,5,0.5,2219,0.505697356426618,0.511491662911221,0.506985128436233,0.00450653447498873,11,62,0.0256872465074358,0.122577737719694,2219,1461,0.516769336071184,758,0.50131926121372,TRUE
7__NQ_ES__xgb_d5__0.2000,7,NQ_ES,xgb_d5,5,0.2,863,0.196672743846855,0.541135573580533,0.526071842410197,0.015063731170336,11,62,0.0324449594438007,0.156431054461182,863,606,0.54950495049505,257,0.521400778210117,TRUE
7__NQ_ES__xgb_d5__0.1000,7,NQ_ES,xgb_d5,5,0.1,409,0.0932087511394713,0.508557457212714,0.528117359413203,-0.019559902200489,11,62,0.0415647921760391,0.188264058679707,409,283,0.530035335689046,126,0.46031746031746,TRUE
7__NQ_ES__xgb_d5__0.0500,7,NQ_ES,xgb_d5,5,0.05,213,0.0485414767547858,0.492957746478873,0.52112676056338,-0.028169014084507,11,60,0.0563380281690141,0.220657276995305,213,151,0.509933774834437,62,0.451612903225806,TRUE
7__NQ_ES__xgb_d5__0.0200,7,NQ_ES,xgb_d5,5,0.02,79,0.018003646308113,0.493670886075949,0.443037974683544,0.0506329113924051,11,44,0.0759493670886076,0.253164556962025,79,55,0.454545454545455,24,0.583333333333333,TRUE
7__NQ_ES__xgb_d5__0.0100,7,NQ_ES,xgb_d5,5,0.01,36,0.00820419325432999,0.444444444444444,0.416666666666667,0.0277777777777778,11,27,0.0833333333333333,0.333333333333333,36,25,0.4,11,0.545454545454545,TRUE
7__NQ_ES__xgb_d5__0.0050,7,NQ_ES,xgb_d5,5,0.005,13,0.00296262534184139,0.461538461538462,0.461538461538462,0,9,13,0.0769230769230769,0.384615384615385,13,9,0.444444444444444,4,0.5,TRUE
10__NQ_ONLY__logit__0.5000,10,NQ_ONLY,logit,,0.5,2114,0.481768459434822,0.512771996215705,0.512298959318827,0.000473036896877956,11,62,0.0255439924314097,0.123462630085147,2114,1684,0.517814726840855,430,0.493023255813954,TRUE
10__NQ_ONLY__logit__0.2000,10,NQ_ONLY,logit,,0.2,860,0.195989061075661,0.524418604651163,0.524418604651163,0,11,61,0.0313953488372093,0.146511627906977,860,743,0.528936742934051,117,0.495726495726496,TRUE
10__NQ_ONLY__logit__0.1000,10,NQ_ONLY,logit,,0.1,429,0.0977666362807657,0.508158508158508,0.510489510489511,-0.00233100233100233,11,60,0.0372960372960373,0.17016317016317,429,375,0.512,54,0.481481481481482,TRUE
10__NQ_ONLY__logit__0.0500,10,NQ_ONLY,logit,,0.05,187,0.042616226071103,0.459893048128342,0.508021390374332,-0.0481283422459893,11,52,0.0481283422459893,0.213903743315508,187,167,0.485029940119761,20,0.25,TRUE
10__NQ_ONLY__logit__0.0200,10,NQ_ONLY,logit,,0.02,79,0.018003646308113,0.455696202531646,0.506329113924051,-0.0506329113924051,11,37,0.0759493670886076,0.341772151898734,79,72,0.486111111111111,7,0.142857142857143,TRUE
10__NQ_ONLY__logit__0.0100,10,NQ_ONLY,logit,,0.01,31,0.00706472196900638,0.548387096774194,0.580645161290323,-0.032258064516129,11,19,0.0967741935483871,0.387096774193548,31,28,0.571428571428571,3,0.333333333333333,TRUE
10__NQ_ONLY__logit__0.0050,10,NQ_ONLY,logit,,0.005,6,0.00136736554238833,0.666666666666667,0.666666666666667,0,4,5,0.333333333333333,1,6,6,0.666666666666667,0,,TRUE
10__NQ_ONLY__ranger__0.5000,10,NQ_ONLY,ranger,,0.5,2327,0.530309936189608,0.512247529007306,0.5118177911474,0.000429737859905458,11,62,0.0257842715943275,0.123334765792866,2327,1936,0.516012396694215,391,0.493606138107417,TRUE
10__NQ_ONLY__ranger__0.2000,10,NQ_ONLY,ranger,,0.2,937,0.213536918869645,0.51760939167556,0.506937033084312,0.0106723585912487,11,62,0.0394877267876201,0.154749199573106,937,832,0.515625,105,0.533333333333333,TRUE
10__NQ_ONLY__ranger__0.1000,10,NQ_ONLY,ranger,,0.1,443,0.100957155879672,0.514672686230248,0.507900677200903,0.00677200902934537,11,61,0.0519187358916479,0.191873589164786,443,415,0.513253012048193,28,0.535714285714286,TRUE
10__NQ_ONLY__ranger__0.0500,10,NQ_ONLY,ranger,,0.05,224,0.0510483135824977,0.504464285714286,0.477678571428571,0.0267857142857143,11,58,0.0491071428571429,0.200892857142857,224,216,0.490740740740741,8,0.875,TRUE
10__NQ_ONLY__ranger__0.0200,10,NQ_ONLY,ranger,,0.02,78,0.0177757520510483,0.538461538461538,0.538461538461538,0,10,45,0.0769230769230769,0.256410256410256,78,78,0.538461538461538,0,,TRUE
10__NQ_ONLY__ranger__0.0100,10,NQ_ONLY,ranger,,0.01,44,0.0100273473108478,0.522727272727273,0.522727272727273,0,9,30,0.0681818181818182,0.272727272727273,44,44,0.522727272727273,0,,TRUE
10__NQ_ONLY__ranger__0.0050,10,NQ_ONLY,ranger,,0.005,19,0.00432999088422972,0.631578947368421,0.631578947368421,0,9,15,0.105263157894737,0.473684210526316,19,19,0.631578947368421,0,,TRUE
10__NQ_ONLY__xgb_d2__0.5000,10,NQ_ONLY,xgb_d2,2,0.5,2224,0.506836827711942,0.517086330935252,0.510341726618705,0.00674460431654676,11,62,0.0260791366906475,0.12410071942446,2224,1824,0.518640350877193,400,0.51,TRUE
10__NQ_ONLY__xgb_d2__0.2000,10,NQ_ONLY,xgb_d2,2,0.2,889,0.202597994530538,0.520809898762655,0.507311586051744,0.0134983127109111,11,62,0.0348706411698538,0.154105736782902,889,800,0.51625,89,0.561797752808989,TRUE
10__NQ_ONLY__xgb_d2__0.1000,10,NQ_ONLY,xgb_d2,2,0.1,455,0.103691886964448,0.523076923076923,0.520879120879121,0.0021978021978022,11,61,0.0483516483516484,0.197802197802198,455,436,0.522935779816514,19,0.526315789473684,TRUE
10__NQ_ONLY__xgb_d2__0.0500,10,NQ_ONLY,xgb_d2,2,0.05,241,0.054922515952598,0.49792531120332,0.502074688796681,-0.004149377593361,11,58,0.0580912863070539,0.211618257261411,241,238,0.5,3,0.333333333333333,TRUE
10__NQ_ONLY__xgb_d2__0.0200,10,NQ_ONLY,xgb_d2,2,0.02,97,0.022105742935278,0.515463917525773,0.515463917525773,0,10,46,0.0721649484536082,0.257731958762887,97,97,0.515463917525773,0,,TRUE
10__NQ_ONLY__xgb_d2__0.0100,10,NQ_ONLY,xgb_d2,2,0.01,39,0.00888787602552416,0.538461538461538,0.538461538461538,0,10,27,0.128205128205128,0.384615384615385,39,39,0.538461538461538,0,,TRUE
10__NQ_ONLY__xgb_d2__0.0050,10,NQ_ONLY,xgb_d2,2,0.005,17,0.00387420237010027,0.352941176470588,0.352941176470588,0,8,14,0.176470588235294,0.470588235294118,17,17,0.352941176470588,0,,TRUE
10__NQ_ONLY__xgb_d3__0.5000,10,NQ_ONLY,xgb_d3,3,0.5,2220,0.505925250683683,0.521621621621622,0.515315315315315,0.00630630630630631,11,62,0.0256756756756757,0.123423423423423,2220,1775,0.525070422535211,445,0.507865168539326,TRUE
10__NQ_ONLY__xgb_d3__0.2000,10,NQ_ONLY,xgb_d3,3,0.2,877,0.199863263445761,0.521094640820981,0.510832383124287,0.0102622576966933,11,62,0.0410490307867731,0.166476624857469,877,739,0.520974289580514,138,0.521739130434783,TRUE
10__NQ_ONLY__xgb_d3__0.1000,10,NQ_ONLY,xgb_d3,3,0.1,447,0.101868732907931,0.512304250559284,0.498881431767338,0.0134228187919463,11,61,0.0536912751677852,0.190156599552573,447,387,0.506459948320413,60,0.55,TRUE
10__NQ_ONLY__xgb_d3__0.0500,10,NQ_ONLY,xgb_d3,3,0.05,219,0.0499088422971741,0.502283105022831,0.488584474885845,0.0136986301369863,11,56,0.0593607305936073,0.219178082191781,219,200,0.495,19,0.578947368421053,TRUE
10__NQ_ONLY__xgb_d3__0.0200,10,NQ_ONLY,xgb_d3,3,0.02,90,0.020510483135825,0.477777777777778,0.488888888888889,-0.0111111111111111,10,44,0.0777777777777778,0.288888888888889,90,83,0.481927710843373,7,0.428571428571429,TRUE
10__NQ_ONLY__xgb_d3__0.0100,10,NQ_ONLY,xgb_d3,3,0.01,35,0.00797629899726527,0.514285714285714,0.571428571428571,-0.0571428571428571,10,21,0.114285714285714,0.457142857142857,35,31,0.548387096774194,4,0.25,TRUE
10__NQ_ONLY__xgb_d3__0.0050,10,NQ_ONLY,xgb_d3,3,0.005,17,0.00387420237010027,0.470588235294118,0.470588235294118,0,8,13,0.176470588235294,0.529411764705882,17,15,0.466666666666667,2,0.5,TRUE
10__NQ_ONLY__xgb_d4__0.5000,10,NQ_ONLY,xgb_d4,4,0.5,2197,0.500683682771194,0.512061902594447,0.50978607191625,0.00227583067819754,11,62,0.0254893035958125,0.122439690487028,2197,1699,0.516774573278399,498,0.495983935742972,TRUE
10__NQ_ONLY__xgb_d4__0.2000,10,NQ_ONLY,xgb_d4,4,0.2,854,0.194621695533273,0.518735362997658,0.503512880562061,0.0152224824355972,11,62,0.0398126463700234,0.163934426229508,854,686,0.517492711370262,168,0.523809523809524,TRUE
10__NQ_ONLY__xgb_d4__0.1000,10,NQ_ONLY,xgb_d4,4,0.1,416,0.0948040109389243,0.497596153846154,0.478365384615385,0.0192307692307692,11,60,0.0552884615384615,0.1875,416,351,0.49002849002849,65,0.538461538461538,TRUE
10__NQ_ONLY__xgb_d4__0.0500,10,NQ_ONLY,xgb_d4,4,0.05,228,0.0519598906107566,0.504385964912281,0.5,0.0043859649122807,11,58,0.0614035087719298,0.228070175438597,228,199,0.50251256281407,29,0.517241379310345,TRUE
10__NQ_ONLY__xgb_d4__0.0200,10,NQ_ONLY,xgb_d4,4,0.02,88,0.0200546946216955,0.488636363636364,0.5,-0.0113636363636364,11,46,0.102272727272727,0.306818181818182,88,77,0.493506493506494,11,0.454545454545455,TRUE
10__NQ_ONLY__xgb_d4__0.0100,10,NQ_ONLY,xgb_d4,4,0.01,43,0.00979945305378305,0.511627906976744,0.558139534883721,-0.0465116279069768,11,31,0.0697674418604651,0.302325581395349,43,35,0.542857142857143,8,0.375,TRUE
10__NQ_ONLY__xgb_d4__0.0050,10,NQ_ONLY,xgb_d4,4,0.005,20,0.00455788514129444,0.6,0.55,0.05,8,16,0.15,0.45,20,17,0.588235294117647,3,0.666666666666667,TRUE
10__NQ_ONLY__xgb_d5__0.5000,10,NQ_ONLY,xgb_d5,5,0.5,2176,0.495897903372835,0.511948529411765,0.512408088235294,-0.000459558823529412,11,62,0.0257352941176471,0.125,2176,1651,0.519079345850999,525,0.48952380952381,TRUE
10__NQ_ONLY__xgb_d5__0.2000,10,NQ_ONLY,xgb_d5,5,0.2,863,0.196672743846855,0.502896871378911,0.488991888760139,0.0139049826187717,11,62,0.0370799536500579,0.157589803012746,863,678,0.498525073746313,185,0.518918918918919,TRUE
10__NQ_ONLY__xgb_d5__0.1000,10,NQ_ONLY,xgb_d5,5,0.1,440,0.100273473108478,0.502272727272727,0.484090909090909,0.0181818181818182,11,61,0.0545454545454545,0.177272727272727,440,363,0.495867768595041,77,0.532467532467532,TRUE
10__NQ_ONLY__xgb_d5__0.0500,10,NQ_ONLY,xgb_d5,5,0.05,223,0.050820419325433,0.506726457399103,0.511210762331839,-0.00448430493273543,11,58,0.0582959641255605,0.2152466367713,223,190,0.515789473684211,33,0.454545454545455,TRUE
10__NQ_ONLY__xgb_d5__0.0200,10,NQ_ONLY,xgb_d5,5,0.02,76,0.0173199635369189,0.486842105263158,0.539473684210526,-0.0526315789473684,11,44,0.0657894736842105,0.276315789473684,76,62,0.516129032258065,14,0.357142857142857,TRUE
10__NQ_ONLY__xgb_d5__0.0100,10,NQ_ONLY,xgb_d5,5,0.01,41,0.0093436645396536,0.536585365853659,0.609756097560976,-0.0731707317073171,11,27,0.0975609756097561,0.341463414634146,41,36,0.583333333333333,5,0.2,TRUE
10__NQ_ONLY__xgb_d5__0.0050,10,NQ_ONLY,xgb_d5,5,0.005,23,0.00524156791248861,0.521739130434783,0.608695652173913,-0.0869565217391304,10,17,0.130434782608696,0.478260869565217,23,19,0.578947368421053,4,0.25,TRUE
10__NQ_ES__logit__0.5000,10,NQ_ES,logit,,0.5,2130,0.485414767547858,0.515962441314554,0.521596244131455,-0.00563380281690141,11,62,0.0258215962441315,0.12112676056338,2130,1685,0.525816023738872,445,0.478651685393258,TRUE
10__NQ_ES__logit__0.2000,10,NQ_ES,logit,,0.2,817,0.186189608021878,0.533659730722154,0.529987760097919,0.00367197062423501,11,61,0.0367197062423501,0.152998776009792,817,692,0.539017341040462,125,0.504,TRUE
10__NQ_ES__logit__0.1000,10,NQ_ES,logit,,0.1,413,0.0941203281677302,0.501210653753027,0.506053268765133,-0.00484261501210654,11,59,0.0484261501210654,0.184019370460048,413,360,0.505555555555556,53,0.471698113207547,TRUE
10__NQ_ES__logit__0.0500,10,NQ_ES,logit,,0.05,191,0.0435278030993619,0.49738219895288,0.539267015706806,-0.0418848167539267,11,55,0.0523560209424084,0.230366492146597,191,170,0.523529411764706,21,0.285714285714286,TRUE
10__NQ_ES__logit__0.0200,10,NQ_ES,logit,,0.02,75,0.0170920692798541,0.466666666666667,0.52,-0.0533333333333333,11,32,0.08,0.32,75,69,0.492753623188406,6,0.166666666666667,TRUE
10__NQ_ES__logit__0.0100,10,NQ_ES,logit,,0.01,25,0.00569735642661805,0.4,0.48,-0.08,9,17,0.12,0.44,25,21,0.428571428571429,4,0.25,TRUE
10__NQ_ES__logit__0.0050,10,NQ_ES,logit,,0.005,8,0.00182315405651778,0.375,0.375,0,5,6,0.25,0.875,8,8,0.375,0,,TRUE
10__NQ_ES__ranger__0.5000,10,NQ_ES,ranger,,0.5,2264,0.515952597994531,0.51678445229682,0.511042402826855,0.00574204946996466,11,62,0.0256183745583039,0.124558303886926,2264,1896,0.517932489451477,368,0.510869565217391,TRUE
10__NQ_ES__ranger__0.2000,10,NQ_ES,ranger,,0.2,919,0.20943482224248,0.52557127312296,0.522306855277476,0.00326441784548422,11,62,0.0369967355821545,0.151251360174102,919,825,0.527272727272727,94,0.51063829787234,TRUE
10__NQ_ES__ranger__0.1000,10,NQ_ES,ranger,,0.1,449,0.10232452142206,0.534521158129176,0.523385300668152,0.0111358574610245,11,61,0.0534521158129176,0.180400890868597,449,431,0.531322505800464,18,0.611111111111111,TRUE
10__NQ_ES__ranger__0.0500,10,NQ_ES,ranger,,0.05,210,0.0478577939835916,0.514285714285714,0.514285714285714,0,10,55,0.0571428571428571,0.223809523809524,210,208,0.514423076923077,2,0.5,TRUE
10__NQ_ES__ranger__0.0200,10,NQ_ES,ranger,,0.02,73,0.0166362807657247,0.452054794520548,0.452054794520548,0,9,36,0.0821917808219178,0.26027397260274,73,73,0.452054794520548,0,,TRUE
10__NQ_ES__ranger__0.0100,10,NQ_ES,ranger,,0.01,34,0.00774840474020055,0.441176470588235,0.441176470588235,0,9,26,0.117647058823529,0.382352941176471,34,34,0.441176470588235,0,,TRUE
10__NQ_ES__ranger__0.0050,10,NQ_ES,ranger,,0.005,12,0.00273473108477666,0.416666666666667,0.416666666666667,0,7,10,0.166666666666667,0.583333333333333,12,12,0.416666666666667,0,,TRUE
10__NQ_ES__xgb_d2__0.5000,10,NQ_ES,xgb_d2,2,0.5,2227,0.507520510483136,0.517287831163,0.510552312528065,0.00673551863493489,11,62,0.0264930399640772,0.126627750336776,2227,1828,0.518599562363239,399,0.511278195488722,TRUE
10__NQ_ES__xgb_d2__0.2000,10,NQ_ES,xgb_d2,2,0.2,900,0.20510483135825,0.52,0.511111111111111,0.00888888888888889,11,62,0.0388888888888889,0.164444444444444,900,800,0.51875,100,0.53,TRUE
10__NQ_ES__xgb_d2__0.1000,10,NQ_ES,xgb_d2,2,0.1,436,0.0993618960802188,0.511467889908257,0.513761467889908,-0.00229357798165138,11,61,0.055045871559633,0.192660550458716,436,413,0.513317191283293,23,0.478260869565217,TRUE
10__NQ_ES__xgb_d2__0.0500,10,NQ_ES,xgb_d2,2,0.05,242,0.0551504102096627,0.528925619834711,0.520661157024794,0.00826446280991736,11,58,0.0495867768595041,0.190082644628099,242,236,0.525423728813559,6,0.666666666666667,TRUE
10__NQ_ES__xgb_d2__0.0200,10,NQ_ES,xgb_d2,2,0.02,97,0.022105742935278,0.556701030927835,0.54639175257732,0.0103092783505155,11,46,0.0618556701030928,0.237113402061856,97,96,0.552083333333333,1,1,TRUE
10__NQ_ES__xgb_d2__0.0100,10,NQ_ES,xgb_d2,2,0.01,51,0.0116226071103008,0.470588235294118,0.470588235294118,0,10,32,0.0980392156862745,0.333333333333333,51,51,0.470588235294118,0,,TRUE
10__NQ_ES__xgb_d2__0.0050,10,NQ_ES,xgb_d2,2,0.005,19,0.00432999088422972,0.473684210526316,0.473684210526316,0,10,19,0.0526315789473684,0.263157894736842,19,19,0.473684210526316,0,,TRUE
10__NQ_ES__xgb_d3__0.5000,10,NQ_ES,xgb_d3,3,0.5,2206,0.502734731084777,0.514052583862194,0.504079782411605,0.0099728014505893,11,62,0.0267452402538531,0.125113327289211,2206,1774,0.512965050732807,432,0.518518518518519,TRUE
10__NQ_ES__xgb_d3__0.2000,10,NQ_ES,xgb_d3,3,0.2,876,0.199635369188696,0.549086757990868,0.53310502283105,0.0159817351598174,11,62,0.0422374429223744,0.171232876712329,876,744,0.551075268817204,132,0.537878787878788,TRUE
10__NQ_ES__xgb_d3__0.1000,10,NQ_ES,xgb_d3,3,0.1,452,0.103008204193254,0.542035398230089,0.52212389380531,0.0199115044247788,11,61,0.0575221238938053,0.205752212389381,452,394,0.538071065989848,58,0.568965517241379,TRUE
10__NQ_ES__xgb_d3__0.0500,10,NQ_ES,xgb_d3,3,0.05,229,0.0521877848678213,0.524017467248908,0.497816593886463,0.0262008733624454,11,57,0.0786026200873363,0.25764192139738,229,211,0.511848341232227,18,0.666666666666667,TRUE
10__NQ_ES__xgb_d3__0.0200,10,NQ_ES,xgb_d3,3,0.02,92,0.0209662716499544,0.521739130434783,0.532608695652174,-0.0108695652173913,11,41,0.0869565217391304,0.271739130434783,92,87,0.528735632183908,5,0.4,TRUE
10__NQ_ES__xgb_d3__0.0100,10,NQ_ES,xgb_d3,3,0.01,41,0.0093436645396536,0.585365853658537,0.609756097560976,-0.024390243902439,9,24,0.0731707317073171,0.365853658536585,41,38,0.605263157894737,3,0.333333333333333,TRUE
10__NQ_ES__xgb_d3__0.0050,10,NQ_ES,xgb_d3,3,0.005,19,0.00432999088422972,0.526315789473684,0.526315789473684,0,8,14,0.105263157894737,0.526315789473684,19,17,0.529411764705882,2,0.5,TRUE
10__NQ_ES__xgb_d4__0.5000,10,NQ_ES,xgb_d4,4,0.5,2174,0.495442114858706,0.521619135234591,0.50689972401104,0.0147194112235511,11,62,0.0262189512419503,0.121895124195032,2174,1679,0.520547945205479,495,0.525252525252525,TRUE
10__NQ_ES__xgb_d4__0.2000,10,NQ_ES,xgb_d4,4,0.2,869,0.198040109389243,0.520138089758343,0.513233601841197,0.00690448791714614,11,62,0.0425776754890679,0.162255466052934,869,703,0.522048364153627,166,0.512048192771084,TRUE
10__NQ_ES__xgb_d4__0.1000,10,NQ_ES,xgb_d4,4,0.1,447,0.101868732907931,0.523489932885906,0.532438478747204,-0.00894854586129754,11,60,0.058165548098434,0.190156599552573,447,372,0.53494623655914,75,0.466666666666667,TRUE
10__NQ_ES__xgb_d4__0.0500,10,NQ_ES,xgb_d4,4,0.05,222,0.0505925250683683,0.518018018018018,0.522522522522523,-0.00450450450450451,11,56,0.0675675675675676,0.22972972972973,222,189,0.523809523809524,33,0.484848484848485,TRUE
10__NQ_ES__xgb_d4__0.0200,10,NQ_ES,xgb_d4,4,0.02,82,0.0186873290793072,0.487804878048781,0.5,-0.0121951219512195,11,43,0.0975609756097561,0.317073170731707,82,71,0.492957746478873,11,0.454545454545455,TRUE
10__NQ_ES__xgb_d4__0.0100,10,NQ_ES,xgb_d4,4,0.01,36,0.00820419325432999,0.5,0.555555555555556,-0.0555555555555556,11,25,0.166666666666667,0.444444444444444,36,32,0.53125,4,0.25,TRUE
10__NQ_ES__xgb_d4__0.0050,10,NQ_ES,xgb_d4,4,0.005,17,0.00387420237010027,0.764705882352941,0.823529411764706,-0.0588235294117647,9,13,0.294117647058824,0.529411764705882,17,14,0.857142857142857,3,0.333333333333333,TRUE
10__NQ_ES__xgb_d5__0.5000,10,NQ_ES,xgb_d5,5,0.5,2156,0.491340018231541,0.514842300556586,0.503246753246753,0.011595547309833,11,62,0.0278293135435993,0.12847866419295,2156,1652,0.51452784503632,504,0.515873015873016,TRUE
10__NQ_ES__xgb_d5__0.2000,10,NQ_ES,xgb_d5,5,0.2,851,0.193938012762078,0.520564042303173,0.518213866039953,0.00235017626321974,11,62,0.0399529964747356,0.162162162162162,851,688,0.527616279069768,163,0.49079754601227,TRUE
10__NQ_ES__xgb_d5__0.1000,10,NQ_ES,xgb_d5,5,0.1,414,0.0943482224247949,0.509661835748792,0.516908212560387,-0.0072463768115942,11,61,0.0555555555555556,0.185990338164251,414,342,0.517543859649123,72,0.472222222222222,TRUE
10__NQ_ES__xgb_d5__0.0500,10,NQ_ES,xgb_d5,5,0.05,221,0.0503646308113036,0.497737556561086,0.48868778280543,0.00904977375565611,11,56,0.0904977375565611,0.244343891402715,221,185,0.491891891891892,36,0.527777777777778,TRUE
10__NQ_ES__xgb_d5__0.0200,10,NQ_ES,xgb_d5,5,0.02,82,0.0186873290793072,0.51219512195122,0.573170731707317,-0.0609756097560976,11,38,0.121951219512195,0.341463414634146,82,69,0.550724637681159,13,0.307692307692308,TRUE
10__NQ_ES__xgb_d5__0.0100,10,NQ_ES,xgb_d5,5,0.01,35,0.00797629899726527,0.542857142857143,0.628571428571429,-0.0857142857142857,11,24,0.142857142857143,0.4,35,28,0.607142857142857,7,0.285714285714286,TRUE
10__NQ_ES__xgb_d5__0.0050,10,NQ_ES,xgb_d5,5,0.005,23,0.00524156791248861,0.608695652173913,0.608695652173913,0,9,19,0.130434782608696,0.391304347826087,23,19,0.631578947368421,4,0.5,TRUE
15__NQ_ONLY__logit__0.5000,15,NQ_ONLY,logit,,0.5,2052,0.473029045643154,0.492202729044834,0.497563352826511,-0.00536062378167641,11,62,0.0277777777777778,0.123294346978558,2052,1730,0.494219653179191,322,0.481366459627329,TRUE
15__NQ_ONLY__logit__0.2000,15,NQ_ONLY,logit,,0.2,801,0.184647302904564,0.491885143570537,0.499375780274657,-0.00749063670411985,11,61,0.0424469413233458,0.161048689138577,801,731,0.495212038303694,70,0.457142857142857,TRUE
15__NQ_ONLY__logit__0.1000,15,NQ_ONLY,logit,,0.1,378,0.0871369294605809,0.470899470899471,0.489417989417989,-0.0185185185185185,11,60,0.044973544973545,0.193121693121693,378,349,0.478510028653295,29,0.379310344827586,TRUE
15__NQ_ONLY__logit__0.0500,15,NQ_ONLY,logit,,0.05,174,0.0401106500691563,0.413793103448276,0.436781609195402,-0.0229885057471264,11,47,0.0574712643678161,0.218390804597701,174,164,0.420731707317073,10,0.3,TRUE
15__NQ_ONLY__logit__0.0200,15,NQ_ONLY,logit,,0.02,64,0.0147533425541724,0.359375,0.390625,-0.03125,11,35,0.109375,0.3125,64,60,0.366666666666667,4,0.25,TRUE
15__NQ_ONLY__logit__0.0100,15,NQ_ONLY,logit,,0.01,26,0.00599354541263255,0.423076923076923,0.423076923076923,0,10,19,0.115384615384615,0.423076923076923,26,26,0.423076923076923,0,,TRUE
15__NQ_ONLY__logit__0.0050,15,NQ_ONLY,logit,,0.005,11,0.00253573075149839,0.272727272727273,0.272727272727273,0,5,8,0.181818181818182,0.727272727272727,11,11,0.272727272727273,0,,TRUE
15__NQ_ONLY__ranger__0.5000,15,NQ_ONLY,ranger,,0.5,2198,0.506685108344859,0.504094631483167,0.501364877161056,0.00272975432211101,11,62,0.0263876251137398,0.126478616924477,2198,2006,0.503489531405783,192,0.510416666666667,TRUE
15__NQ_ONLY__ranger__0.2000,15,NQ_ONLY,ranger,,0.2,899,0.207238358690641,0.50055617352614,0.502780867630701,-0.00222469410456062,11,62,0.0389321468298109,0.166852057842047,899,871,0.501722158438576,28,0.464285714285714,TRUE
15__NQ_ONLY__ranger__0.1000,15,NQ_ONLY,ranger,,0.1,432,0.0995850622406639,0.523148148148148,0.516203703703704,0.00694444444444444,11,61,0.0601851851851852,0.219907407407407,432,429,0.51981351981352,3,1,TRUE
15__NQ_ONLY__ranger__0.0500,15,NQ_ONLY,ranger,,0.05,214,0.0493314891655141,0.551401869158879,0.551401869158879,0,10,51,0.0794392523364486,0.280373831775701,214,214,0.551401869158879,0,,TRUE
15__NQ_ONLY__ranger__0.0200,15,NQ_ONLY,ranger,,0.02,81,0.0186721991701245,0.506172839506173,0.506172839506173,0,10,39,0.111111111111111,0.345679012345679,81,81,0.506172839506173,0,,TRUE
15__NQ_ONLY__ranger__0.0100,15,NQ_ONLY,ranger,,0.01,39,0.00899031811894882,0.564102564102564,0.564102564102564,0,10,26,0.0769230769230769,0.333333333333333,39,39,0.564102564102564,0,,TRUE
15__NQ_ONLY__ranger__0.0050,15,NQ_ONLY,ranger,,0.005,9,0.0020746887966805,0.666666666666667,0.666666666666667,0,4,8,0.222222222222222,0.666666666666667,9,9,0.666666666666667,0,,TRUE
15__NQ_ONLY__xgb_d2__0.5000,15,NQ_ONLY,xgb_d2,2,0.5,2147,0.494928538497003,0.501164415463437,0.495575221238938,0.0055891942244993,11,62,0.0265486725663717,0.128085700978109,2147,1913,0.498693152117094,234,0.521367521367521,TRUE
15__NQ_ONLY__xgb_d2__0.2000,15,NQ_ONLY,xgb_d2,2,0.2,863,0.198939603503919,0.509849362688297,0.505214368482039,0.00463499420625724,11,61,0.0440324449594438,0.178447276940904,863,821,0.507917174177832,42,0.547619047619048,TRUE
15__NQ_ONLY__xgb_d2__0.1000,15,NQ_ONLY,xgb_d2,2,0.1,408,0.0940525587828492,0.517156862745098,0.517156862745098,0,11,61,0.0588235294117647,0.245098039215686,408,402,0.517412935323383,6,0.5,TRUE
15__NQ_ONLY__xgb_d2__0.0500,15,NQ_ONLY,xgb_d2,2,0.05,196,0.0451821115721531,0.525510204081633,0.530612244897959,-0.00510204081632653,11,53,0.0918367346938776,0.306122448979592,196,195,0.528205128205128,1,0,TRUE
15__NQ_ONLY__xgb_d2__0.0200,15,NQ_ONLY,xgb_d2,2,0.02,81,0.0186721991701245,0.469135802469136,0.481481481481482,-0.0123456790123457,10,36,0.0987654320987654,0.37037037037037,81,80,0.475,1,0,TRUE
15__NQ_ONLY__xgb_d2__0.0100,15,NQ_ONLY,xgb_d2,2,0.01,33,0.00760719225449516,0.454545454545455,0.454545454545455,0,10,20,0.151515151515152,0.454545454545455,33,33,0.454545454545455,0,,TRUE
15__NQ_ONLY__xgb_d2__0.0050,15,NQ_ONLY,xgb_d2,2,0.005,15,0.00345781466113416,0.266666666666667,0.266666666666667,0,7,9,0.266666666666667,0.733333333333333,15,15,0.266666666666667,0,,TRUE
15__NQ_ONLY__xgb_d3__0.5000,15,NQ_ONLY,xgb_d3,3,0.5,2106,0.485477178423237,0.506172839506173,0.503798670465337,0.00237416904083571,11,62,0.0265906932573599,0.124406457739791,2106,1847,0.506226312939903,259,0.505791505791506,TRUE
15__NQ_ONLY__xgb_d3__0.2000,15,NQ_ONLY,xgb_d3,3,0.2,863,0.198939603503919,0.505214368482039,0.499420625724218,0.00579374275782155,11,61,0.0428736964078795,0.17728852838934,863,800,0.5025,63,0.53968253968254,TRUE
15__NQ_ONLY__xgb_d3__0.1000,15,NQ_ONLY,xgb_d3,3,0.1,396,0.0912863070539419,0.53030303030303,0.517676767676768,0.0126262626262626,11,61,0.0681818181818182,0.247474747474748,396,381,0.5249343832021,15,0.666666666666667,TRUE
15__NQ_ONLY__xgb_d3__0.0500,15,NQ_ONLY,xgb_d3,3,0.05,190,0.0437989857076994,0.526315789473684,0.526315789473684,0,11,53,0.0894736842105263,0.294736842105263,190,186,0.526881720430108,4,0.5,TRUE
15__NQ_ONLY__xgb_d3__0.0200,15,NQ_ONLY,xgb_d3,3,0.02,69,0.0159059474412172,0.478260869565217,0.492753623188406,-0.0144927536231884,11,35,0.130434782608696,0.391304347826087,69,68,0.485294117647059,1,0,TRUE
15__NQ_ONLY__xgb_d3__0.0100,15,NQ_ONLY,xgb_d3,3,0.01,30,0.00691562932226833,0.366666666666667,0.4,-0.0333333333333333,11,22,0.1,0.366666666666667,30,29,0.379310344827586,1,0,TRUE
15__NQ_ONLY__xgb_d3__0.0050,15,NQ_ONLY,xgb_d3,3,0.005,12,0.00276625172890733,0.166666666666667,0.166666666666667,0,8,10,0.166666666666667,0.583333333333333,12,12,0.166666666666667,0,,TRUE
15__NQ_ONLY__xgb_d4__0.5000,15,NQ_ONLY,xgb_d4,4,0.5,2122,0.48916551406178,0.508011310084826,0.496701225259189,0.0113100848256362,11,62,0.0263901979264845,0.123468426013195,2122,1795,0.503621169916435,327,0.532110091743119,TRUE
15__NQ_ONLY__xgb_d4__0.2000,15,NQ_ONLY,xgb_d4,4,0.2,851,0.196173351775012,0.508813160987074,0.506462984723854,0.00235017626321974,11,62,0.0399529964747356,0.171562867215041,851,774,0.509043927648579,77,0.506493506493507,TRUE
15__NQ_ONLY__xgb_d4__0.1000,15,NQ_ONLY,xgb_d4,4,0.1,401,0.0924389119409866,0.508728179551122,0.493765586034913,0.0149625935162095,11,61,0.0623441396508728,0.216957605985037,401,377,0.50132625994695,24,0.625,TRUE
15__NQ_ONLY__xgb_d4__0.0500,15,NQ_ONLY,xgb_d4,4,0.05,202,0.0465652374366067,0.52970297029703,0.524752475247525,0.00495049504950495,11,55,0.0792079207920792,0.267326732673267,202,191,0.528795811518325,11,0.545454545454545,TRUE
15__NQ_ONLY__xgb_d4__0.0200,15,NQ_ONLY,xgb_d4,4,0.02,74,0.0170585523282619,0.527027027027027,0.554054054054054,-0.027027027027027,11,37,0.0945945945945946,0.310810810810811,74,72,0.541666666666667,2,0,TRUE
15__NQ_ONLY__xgb_d4__0.0100,15,NQ_ONLY,xgb_d4,4,0.01,30,0.00691562932226833,0.533333333333333,0.566666666666667,-0.0333333333333333,11,21,0.1,0.4,30,29,0.551724137931035,1,0,TRUE
15__NQ_ONLY__xgb_d4__0.0050,15,NQ_ONLY,xgb_d4,4,0.005,11,0.00253573075149839,0.363636363636364,0.363636363636364,0,7,9,0.272727272727273,0.636363636363636,11,11,0.363636363636364,0,,TRUE
15__NQ_ONLY__xgb_d5__0.5000,15,NQ_ONLY,xgb_d5,5,0.5,2101,0.484324573536192,0.514992860542599,0.502141837220371,0.0128510233222275,11,62,0.0266539742979534,0.125178486435031,2101,1734,0.510957324106113,367,0.534059945504087,TRUE
15__NQ_ONLY__xgb_d5__0.2000,15,NQ_ONLY,xgb_d5,5,0.2,868,0.200092208390964,0.518433179723502,0.502304147465438,0.0161290322580645,11,62,0.0403225806451613,0.168202764976959,868,761,0.512483574244415,107,0.560747663551402,TRUE
15__NQ_ONLY__xgb_d5__0.1000,15,NQ_ONLY,xgb_d5,5,0.1,408,0.0940525587828492,0.522058823529412,0.502450980392157,0.0196078431372549,11,61,0.0588235294117647,0.191176470588235,408,376,0.513297872340426,32,0.625,TRUE
15__NQ_ONLY__xgb_d5__0.0500,15,NQ_ONLY,xgb_d5,5,0.05,176,0.0405716920239742,0.579545454545455,0.556818181818182,0.0227272727272727,11,56,0.0852272727272727,0.261363636363636,176,162,0.574074074074074,14,0.642857142857143,TRUE
15__NQ_ONLY__xgb_d5__0.0200,15,NQ_ONLY,xgb_d5,5,0.02,63,0.0145228215767635,0.476190476190476,0.476190476190476,0,11,33,0.0952380952380952,0.333333333333333,63,57,0.473684210526316,6,0.5,TRUE
15__NQ_ONLY__xgb_d5__0.0100,15,NQ_ONLY,xgb_d5,5,0.01,28,0.00645458736745044,0.428571428571429,0.428571428571429,0,11,22,0.107142857142857,0.392857142857143,28,28,0.428571428571429,0,,TRUE
15__NQ_ONLY__xgb_d5__0.0050,15,NQ_ONLY,xgb_d5,5,0.005,12,0.00276625172890733,0.416666666666667,0.416666666666667,0,8,12,0.0833333333333333,0.416666666666667,12,12,0.416666666666667,0,,TRUE
15__NQ_ES__logit__0.5000,15,NQ_ES,logit,,0.5,2000,0.461041954817889,0.496,0.5025,-0.0065,11,62,0.0245,0.121,2000,1642,0.499390986601705,358,0.480446927374302,TRUE
15__NQ_ES__logit__0.2000,15,NQ_ES,logit,,0.2,756,0.174273858921162,0.484126984126984,0.490740740740741,-0.00661375661375661,11,61,0.041005291005291,0.174603174603175,756,675,0.485925925925926,81,0.469135802469136,TRUE
15__NQ_ES__logit__0.1000,15,NQ_ES,logit,,0.1,324,0.0746887966804979,0.469135802469136,0.484567901234568,-0.0154320987654321,11,60,0.058641975308642,0.194444444444444,324,297,0.474747474747475,27,0.407407407407407,TRUE
15__NQ_ES__logit__0.0500,15,NQ_ES,logit,,0.05,154,0.0355002305209774,0.415584415584416,0.448051948051948,-0.0324675324675325,11,50,0.0584415584415584,0.24025974025974,154,143,0.426573426573427,11,0.272727272727273,TRUE
15__NQ_ES__logit__0.0200,15,NQ_ES,logit,,0.02,54,0.012448132780083,0.425925925925926,0.444444444444444,-0.0185185185185185,11,28,0.0925925925925926,0.351851851851852,54,53,0.433962264150943,1,0,TRUE
15__NQ_ES__logit__0.0100,15,NQ_ES,logit,,0.01,14,0.00322729368372522,0.5,0.5,0,8,12,0.142857142857143,0.5,14,14,0.5,0,,TRUE
15__NQ_ES__logit__0.0050,15,NQ_ES,logit,,0.005,5,0.00115260488704472,0.4,0.4,0,4,5,0.2,1,5,5,0.4,0,,TRUE
15__NQ_ES__ranger__0.5000,15,NQ_ES,ranger,,0.5,2164,0.498847395112955,0.50369685767098,0.49630314232902,0.00739371534195934,11,62,0.0254158964879852,0.122458410351201,2164,1975,0.500759493670886,189,0.534391534391534,TRUE
15__NQ_ES__ranger__0.2000,15,NQ_ES,ranger,,0.2,892,0.205624711848778,0.493273542600897,0.506726457399103,-0.0134529147982063,11,62,0.039237668161435,0.168161434977579,892,864,0.5,28,0.285714285714286,TRUE
15__NQ_ES__ranger__0.1000,15,NQ_ES,ranger,,0.1,437,0.100737667127709,0.526315789473684,0.526315789473684,0,11,61,0.05720823798627,0.215102974828375,437,431,0.526682134570766,6,0.5,TRUE
15__NQ_ES__ranger__0.0500,15,NQ_ES,ranger,,0.05,207,0.0477178423236515,0.545893719806763,0.550724637681159,-0.00483091787439614,11,55,0.0772946859903382,0.260869565217391,207,206,0.548543689320388,1,0,TRUE
15__NQ_ES__ranger__0.0200,15,NQ_ES,ranger,,0.02,68,0.0156754264638082,0.426470588235294,0.441176470588235,-0.0147058823529412,10,36,0.0735294117647059,0.308823529411765,68,67,0.432835820895522,1,0,TRUE
15__NQ_ES__ranger__0.0100,15,NQ_ES,ranger,,0.01,34,0.0078377132319041,0.5,0.5,0,10,22,0.0882352941176471,0.352941176470588,34,34,0.5,0,,TRUE
15__NQ_ES__ranger__0.0050,15,NQ_ES,ranger,,0.005,13,0.00299677270631628,0.384615384615385,0.384615384615385,0,7,12,0.153846153846154,0.461538461538462,13,13,0.384615384615385,0,,TRUE
15__NQ_ES__xgb_d2__0.5000,15,NQ_ES,xgb_d2,2,0.5,2157,0.497233748271093,0.507185906351414,0.497450162262402,0.00973574408901252,11,62,0.0259619842373667,0.124710245711637,2157,1921,0.503383654346694,236,0.538135593220339,TRUE
15__NQ_ES__xgb_d2__0.2000,15,NQ_ES,xgb_d2,2,0.2,865,0.199400645458737,0.507514450867052,0.501734104046243,0.00578034682080925,11,61,0.0473988439306358,0.184971098265896,865,820,0.504878048780488,45,0.555555555555556,TRUE
15__NQ_ES__xgb_d2__0.1000,15,NQ_ES,xgb_d2,2,0.1,420,0.0968188105117566,0.5,0.50952380952381,-0.00952380952380953,11,61,0.0833333333333333,0.24047619047619,420,408,0.504901960784314,12,0.333333333333333,TRUE
15__NQ_ES__xgb_d2__0.0500,15,NQ_ES,xgb_d2,2,0.05,211,0.0486399262332872,0.511848341232227,0.52132701421801,-0.00947867298578199,11,57,0.113744075829384,0.308056872037915,211,205,0.517073170731707,6,0.333333333333333,TRUE
15__NQ_ES__xgb_d2__0.0200,15,NQ_ES,xgb_d2,2,0.02,93,0.0214384508990318,0.43010752688172,0.440860215053763,-0.010752688172043,10,38,0.182795698924731,0.397849462365591,93,92,0.434782608695652,1,0,TRUE
15__NQ_ES__xgb_d2__0.0100,15,NQ_ES,xgb_d2,2,0.01,45,0.0103734439834025,0.466666666666667,0.466666666666667,0,10,24,0.244444444444444,0.511111111111111,45,45,0.466666666666667,0,,TRUE
15__NQ_ES__xgb_d2__0.0050,15,NQ_ES,xgb_d2,2,0.005,23,0.00530198248040572,0.304347826086957,0.304347826086957,0,9,14,0.304347826086957,0.608695652173913,23,23,0.304347826086957,0,,TRUE
15__NQ_ES__xgb_d3__0.5000,15,NQ_ES,xgb_d3,3,0.5,2202,0.507607192254495,0.502270663033606,0.493642143505904,0.00862851952770209,11,62,0.0272479564032698,0.126248864668483,2202,1903,0.498160798738833,299,0.528428093645485,TRUE
15__NQ_ES__xgb_d3__0.2000,15,NQ_ES,xgb_d3,3,0.2,870,0.200553250345781,0.501149425287356,0.487356321839081,0.0137931034482759,11,61,0.0471264367816092,0.180459770114943,870,792,0.494949494949495,78,0.564102564102564,TRUE
15__NQ_ES__xgb_d3__0.1000,15,NQ_ES,xgb_d3,3,0.1,398,0.0917473490087598,0.510050251256281,0.507537688442211,0.00251256281407035,11,61,0.0879396984924623,0.251256281407035,398,363,0.509641873278237,35,0.514285714285714,TRUE
15__NQ_ES__xgb_d3__0.0500,15,NQ_ES,xgb_d3,3,0.05,187,0.0431074227754726,0.470588235294118,0.497326203208556,-0.0267379679144385,11,52,0.128342245989305,0.342245989304813,187,174,0.482758620689655,13,0.307692307692308,TRUE
15__NQ_ES__xgb_d3__0.0200,15,NQ_ES,xgb_d3,3,0.02,69,0.0159059474412172,0.391304347826087,0.463768115942029,-0.072463768115942,11,35,0.173913043478261,0.420289855072464,69,64,0.421875,5,0,TRUE
15__NQ_ES__xgb_d3__0.0100,15,NQ_ES,xgb_d3,3,0.01,37,0.00852927616413094,0.45945945945946,0.567567567567568,-0.108108108108108,10,24,0.189189189189189,0.405405405405405,37,33,0.515151515151515,4,0,TRUE
15__NQ_ES__xgb_d3__0.0050,15,NQ_ES,xgb_d3,3,0.005,15,0.00345781466113416,0.333333333333333,0.466666666666667,-0.133333333333333,8,13,0.2,0.466666666666667,15,13,0.384615384615385,2,0,TRUE
15__NQ_ES__xgb_d4__0.5000,15,NQ_ES,xgb_d4,4,0.5,2173,0.500922083909636,0.491486424298205,0.493327197422918,-0.00184077312471238,11,62,0.0271514035895076,0.126092959042798,2173,1826,0.491785323110624,347,0.489913544668588,TRUE
15__NQ_ES__xgb_d4__0.2000,15,NQ_ES,xgb_d4,4,0.2,899,0.207238358690641,0.527252502780868,0.505005561735262,0.0222469410456062,11,61,0.0411568409343715,0.169076751946607,899,790,0.518987341772152,109,0.587155963302752,TRUE
15__NQ_ES__xgb_d4__0.1000,15,NQ_ES,xgb_d4,4,0.1,451,0.103964960811434,0.52549889135255,0.507760532150776,0.0177383592017738,11,61,0.0709534368070954,0.23059866962306,451,407,0.518427518427519,44,0.590909090909091,TRUE
15__NQ_ES__xgb_d4__0.0500,15,NQ_ES,xgb_d4,4,0.05,217,0.0500230520977409,0.502304147465438,0.488479262672811,0.0138248847926267,11,56,0.124423963133641,0.304147465437788,217,194,0.494845360824742,23,0.565217391304348,TRUE
15__NQ_ES__xgb_d4__0.0200,15,NQ_ES,xgb_d4,4,0.02,87,0.0200553250345781,0.436781609195402,0.482758620689655,-0.0459770114942529,11,39,0.160919540229885,0.367816091954023,87,77,0.454545454545455,10,0.3,TRUE
15__NQ_ES__xgb_d4__0.0100,15,NQ_ES,xgb_d4,4,0.01,41,0.00945136007376671,0.463414634146342,0.487804878048781,-0.024390243902439,11,25,0.219512195121951,0.487804878048781,41,36,0.472222222222222,5,0.4,TRUE
15__NQ_ES__xgb_d4__0.0050,15,NQ_ES,xgb_d4,4,0.005,23,0.00530198248040572,0.478260869565217,0.478260869565217,0,9,17,0.173913043478261,0.478260869565217,23,19,0.473684210526316,4,0.5,TRUE
15__NQ_ES__xgb_d5__0.5000,15,NQ_ES,xgb_d5,5,0.5,2152,0.496081143384048,0.507434944237918,0.497211895910781,0.0102230483271375,11,62,0.0264869888475836,0.12360594795539,2152,1762,0.503405221339387,390,0.525641025641026,TRUE
15__NQ_ES__xgb_d5__0.2000,15,NQ_ES,xgb_d5,5,0.2,883,0.203550023052098,0.511891279728199,0.502831257078143,0.00906002265005663,11,62,0.0419026047565119,0.173272933182333,883,756,0.509259259259259,127,0.52755905511811,TRUE
15__NQ_ES__xgb_d5__0.1000,15,NQ_ES,xgb_d5,5,0.1,435,0.100276625172891,0.485057471264368,0.480459770114943,0.00459770114942529,11,61,0.064367816091954,0.222988505747126,435,375,0.48,60,0.516666666666667,TRUE
15__NQ_ES__xgb_d5__0.0500,15,NQ_ES,xgb_d5,5,0.05,217,0.0500230520977409,0.497695852534562,0.516129032258065,-0.0184331797235023,11,57,0.0829493087557604,0.276497695852535,217,195,0.507692307692308,22,0.409090909090909,TRUE
15__NQ_ES__xgb_d5__0.0200,15,NQ_ES,xgb_d5,5,0.02,89,0.020516366989396,0.426966292134831,0.49438202247191,-0.0674157303370787,11,41,0.101123595505618,0.348314606741573,89,77,0.454545454545455,12,0.25,TRUE
15__NQ_ES__xgb_d5__0.0100,15,NQ_ES,xgb_d5,5,0.01,40,0.00922083909635777,0.425,0.5,-0.075,11,30,0.075,0.325,40,35,0.457142857142857,5,0.2,TRUE
15__NQ_ES__xgb_d5__0.0050,15,NQ_ES,xgb_d5,5,0.005,15,0.00345781466113416,0.533333333333333,0.666666666666667,-0.133333333333333,8,13,0.2,0.466666666666667,15,13,0.615384615384615,2,0,TRUE
30__NQ_ONLY__logit__0.5000,30,NQ_ONLY,logit,,0.5,1919,0.447945845004669,0.515372589890568,0.515372589890568,0,11,61,0.0297029702970297,0.129755080771235,1226,1763,0.516732841747022,156,0.5,TRUE
30__NQ_ONLY__logit__0.2000,30,NQ_ONLY,logit,,0.2,689,0.160830999066293,0.480406386066763,0.490566037735849,-0.0101596516690856,11,61,0.0406386066763425,0.181422351233672,491,654,0.484709480122324,35,0.4,TRUE
30__NQ_ONLY__logit__0.1000,30,NQ_ONLY,logit,,0.1,334,0.0779645191409897,0.479041916167665,0.491017964071856,-0.0119760479041916,10,49,0.0508982035928144,0.236526946107784,243,326,0.484662576687117,8,0.25,TRUE
30__NQ_ONLY__logit__0.0500,30,NQ_ONLY,logit,,0.05,159,0.0371148459383754,0.427672955974843,0.452830188679245,-0.0251572327044025,10,37,0.0754716981132076,0.308176100628931,120,155,0.438709677419355,4,0,TRUE
30__NQ_ONLY__logit__0.0200,30,NQ_ONLY,logit,,0.02,55,0.0128384687208217,0.363636363636364,0.381818181818182,-0.0181818181818182,10,21,0.181818181818182,0.527272727272727,45,54,0.37037037037037,1,0,TRUE
30__NQ_ONLY__logit__0.0100,30,NQ_ONLY,logit,,0.01,22,0.00513538748832867,0.454545454545455,0.5,-0.0454545454545455,7,13,0.136363636363636,0.590909090909091,19,21,0.476190476190476,1,0,TRUE
30__NQ_ONLY__logit__0.0050,30,NQ_ONLY,logit,,0.005,15,0.00350140056022409,0.466666666666667,0.466666666666667,0,7,10,0.2,0.666666666666667,15,15,0.466666666666667,0,,TRUE
30__NQ_ONLY__ranger__0.5000,30,NQ_ONLY,ranger,,0.5,2224,0.519140989729225,0.517535971223022,0.518884892086331,-0.00134892086330935,11,61,0.0269784172661871,0.127697841726619,1295,2193,0.518467852257182,31,0.451612903225806,TRUE
30__NQ_ONLY__ranger__0.2000,30,NQ_ONLY,ranger,,0.2,901,0.21031746031746,0.508324084350721,0.508324084350721,0,11,60,0.0399556048834628,0.172031076581576,591,897,0.508361204013378,4,0.5,TRUE
30__NQ_ONLY__ranger__0.1000,30,NQ_ONLY,ranger,,0.1,446,0.104108309990663,0.531390134529148,0.531390134529148,0,10,56,0.062780269058296,0.280269058295964,295,444,0.531531531531532,2,0.5,TRUE
30__NQ_ONLY__ranger__0.0500,30,NQ_ONLY,ranger,,0.05,225,0.0525210084033613,0.551111111111111,0.551111111111111,0,10,35,0.102222222222222,0.453333333333333,142,225,0.551111111111111,0,,TRUE
30__NQ_ONLY__ranger__0.0200,30,NQ_ONLY,ranger,,0.02,80,0.0186741363211951,0.5625,0.5625,0,7,11,0.2125,0.675,51,80,0.5625,0,,TRUE
30__NQ_ONLY__ranger__0.0100,30,NQ_ONLY,ranger,,0.01,30,0.00700280112044818,0.566666666666667,0.566666666666667,0,7,9,0.3,0.733333333333333,23,30,0.566666666666667,0,,TRUE
30__NQ_ONLY__ranger__0.0050,30,NQ_ONLY,ranger,,0.005,9,0.00210084033613445,0.333333333333333,0.333333333333333,0,5,5,0.333333333333333,1,7,9,0.333333333333333,0,,TRUE
30__NQ_ONLY__xgb_d2__0.5000,30,NQ_ONLY,xgb_d2,2,0.5,2191,0.511437908496732,0.517571884984026,0.518484710178001,-0.000912825193975354,11,62,0.0260155180282976,0.126426289365587,1292,2127,0.51857075693465,64,0.484375,TRUE
30__NQ_ONLY__xgb_d2__0.2000,30,NQ_ONLY,xgb_d2,2,0.2,833,0.194444444444444,0.528211284513806,0.528211284513806,0,11,60,0.0444177671068427,0.178871548619448,574,823,0.528554070473876,10,0.5,TRUE
30__NQ_ONLY__xgb_d2__0.1000,30,NQ_ONLY,xgb_d2,2,0.1,387,0.0903361344537815,0.51937984496124,0.527131782945737,-0.00775193798449612,11,57,0.0671834625322997,0.284237726098191,280,384,0.5234375,3,0,TRUE
30__NQ_ONLY__xgb_d2__0.0500,30,NQ_ONLY,xgb_d2,2,0.05,203,0.0473856209150327,0.527093596059113,0.536945812807882,-0.00985221674876847,10,49,0.113300492610837,0.423645320197044,147,201,0.532338308457712,2,0,TRUE
30__NQ_ONLY__xgb_d2__0.0200,30,NQ_ONLY,xgb_d2,2,0.02,42,0.00980392156862745,0.619047619047619,0.619047619047619,0,8,14,0.238095238095238,0.714285714285714,34,42,0.619047619047619,0,,TRUE
30__NQ_ONLY__xgb_d2__0.0100,30,NQ_ONLY,xgb_d2,2,0.01,20,0.00466853408029879,0.6,0.6,0,7,8,0.3,0.85,15,20,0.6,0,,TRUE
30__NQ_ONLY__xgb_d2__0.0050,30,NQ_ONLY,xgb_d2,2,0.005,8,0.00186741363211951,0.5,0.5,0,4,4,0.375,1,6,8,0.5,0,,TRUE
30__NQ_ONLY__xgb_d3__0.5000,30,NQ_ONLY,xgb_d3,3,0.5,2092,0.488328664799253,0.51434034416826,0.51434034416826,0,11,62,0.0258126195028681,0.124760994263862,1260,1988,0.515090543259557,104,0.5,TRUE
30__NQ_ONLY__xgb_d3__0.2000,30,NQ_ONLY,xgb_d3,3,0.2,792,0.184873949579832,0.511363636363636,0.511363636363636,0,11,61,0.0366161616161616,0.170454545454545,553,768,0.51171875,24,0.5,TRUE
30__NQ_ONLY__xgb_d3__0.1000,30,NQ_ONLY,xgb_d3,3,0.1,378,0.0882352941176471,0.531746031746032,0.537037037037037,-0.00529100529100529,10,55,0.0661375661375661,0.285714285714286,260,370,0.535135135135135,8,0.375,TRUE
30__NQ_ONLY__xgb_d3__0.0500,30,NQ_ONLY,xgb_d3,3,0.05,186,0.0434173669467787,0.494623655913979,0.516129032258065,-0.021505376344086,10,43,0.10752688172043,0.446236559139785,134,182,0.505494505494506,4,0,TRUE
30__NQ_ONLY__xgb_d3__0.0200,30,NQ_ONLY,xgb_d3,3,0.02,47,0.0109710550887021,0.595744680851064,0.638297872340426,-0.0425531914893617,9,15,0.191489361702128,0.680851063829787,38,45,0.622222222222222,2,0,TRUE
30__NQ_ONLY__xgb_d3__0.0100,30,NQ_ONLY,xgb_d3,3,0.01,20,0.00466853408029879,0.6,0.65,-0.05,9,11,0.25,0.7,18,19,0.631578947368421,1,0,TRUE
30__NQ_ONLY__xgb_d3__0.0050,30,NQ_ONLY,xgb_d3,3,0.005,11,0.00256769374416433,0.636363636363636,0.727272727272727,-0.0909090909090909,5,6,0.272727272727273,0.909090909090909,10,10,0.7,1,0,TRUE
30__NQ_ONLY__xgb_d4__0.5000,30,NQ_ONLY,xgb_d4,4,0.5,2090,0.487861811391223,0.51244019138756,0.509569377990431,0.00287081339712919,11,62,0.0267942583732057,0.120574162679426,1285,1932,0.511904761904762,158,0.518987341772152,TRUE
30__NQ_ONLY__xgb_d4__0.2000,30,NQ_ONLY,xgb_d4,4,0.2,785,0.183239962651727,0.496815286624204,0.503184713375796,-0.00636942675159236,11,61,0.0420382165605096,0.169426751592357,562,748,0.5,37,0.432432432432432,TRUE
30__NQ_ONLY__xgb_d4__0.1000,30,NQ_ONLY,xgb_d4,4,0.1,367,0.0856676003734827,0.542234332425068,0.542234332425068,0,11,57,0.0681198910081744,0.269754768392371,271,353,0.543909348441926,14,0.5,TRUE
30__NQ_ONLY__xgb_d4__0.0500,30,NQ_ONLY,xgb_d4,4,0.05,177,0.0413165266106443,0.548022598870056,0.553672316384181,-0.00564971751412429,10,43,0.11864406779661,0.401129943502825,134,170,0.552941176470588,7,0.428571428571429,TRUE
30__NQ_ONLY__xgb_d4__0.0200,30,NQ_ONLY,xgb_d4,4,0.02,48,0.0112044817927171,0.645833333333333,0.6875,-0.0416666666666667,8,20,0.25,0.625,40,46,0.673913043478261,2,0,TRUE
30__NQ_ONLY__xgb_d4__0.0100,30,NQ_ONLY,xgb_d4,4,0.01,21,0.00490196078431373,0.571428571428571,0.619047619047619,-0.0476190476190476,6,10,0.238095238095238,0.761904761904762,18,20,0.6,1,0,TRUE
30__NQ_ONLY__xgb_d4__0.0050,30,NQ_ONLY,xgb_d4,4,0.005,11,0.00256769374416433,0.454545454545455,0.454545454545455,0,4,5,0.454545454545455,1,8,11,0.454545454545455,0,,TRUE
30__NQ_ONLY__xgb_d5__0.5000,30,NQ_ONLY,xgb_d5,5,0.5,2093,0.488562091503268,0.503105590062112,0.497849976110846,0.00525561395126613,11,62,0.0253225035833732,0.118967988533206,1284,1880,0.500531914893617,213,0.525821596244132,TRUE
30__NQ_ONLY__xgb_d5__0.2000,30,NQ_ONLY,xgb_d5,5,0.2,805,0.187908496732026,0.506832298136646,0.515527950310559,-0.00869565217391304,11,61,0.0360248447204969,0.162732919254658,574,740,0.512162162162162,65,0.446153846153846,TRUE
30__NQ_ONLY__xgb_d5__0.1000,30,NQ_ONLY,xgb_d5,5,0.1,373,0.0870681605975724,0.552278820375335,0.546916890080429,0.00536193029490617,11,57,0.0616621983914209,0.225201072386059,289,345,0.553623188405797,28,0.535714285714286,TRUE
30__NQ_ONLY__xgb_d5__0.0500,30,NQ_ONLY,xgb_d5,5,0.05,165,0.038515406162465,0.539393939393939,0.545454545454545,-0.00606060606060606,10,41,0.121212121212121,0.339393939393939,130,154,0.545454545454545,11,0.454545454545455,TRUE
30__NQ_ONLY__xgb_d5__0.0200,30,NQ_ONLY,xgb_d5,5,0.02,56,0.0130718954248366,0.607142857142857,0.696428571428571,-0.0892857142857143,9,25,0.160714285714286,0.482142857142857,48,51,0.666666666666667,5,0,TRUE
30__NQ_ONLY__xgb_d5__0.0100,30,NQ_ONLY,xgb_d5,5,0.01,24,0.00560224089635854,0.458333333333333,0.583333333333333,-0.125,9,14,0.291666666666667,0.625,21,21,0.523809523809524,3,0,TRUE
30__NQ_ONLY__xgb_d5__0.0050,30,NQ_ONLY,xgb_d5,5,0.005,12,0.00280112044817927,0.416666666666667,0.5,-0.0833333333333333,7,10,0.166666666666667,0.583333333333333,11,11,0.454545454545455,1,0,TRUE
30__NQ_ES__logit__0.5000,30,NQ_ES,logit,,0.5,1861,0.434407096171802,0.514239656098872,0.514239656098872,0,11,61,0.0268672756582483,0.130037614185922,1212,1664,0.516225961538462,197,0.49746192893401,TRUE
30__NQ_ES__logit__0.2000,30,NQ_ES,logit,,0.2,644,0.150326797385621,0.470496894409938,0.486024844720497,-0.015527950310559,11,59,0.0450310559006211,0.177018633540373,461,598,0.476588628762542,46,0.391304347826087,TRUE
30__NQ_ES__logit__0.1000,30,NQ_ES,logit,,0.1,307,0.0716619981325864,0.49185667752443,0.501628664495114,-0.00977198697068404,11,51,0.0716612377850163,0.244299674267101,229,298,0.496644295302014,9,0.333333333333333,TRUE
30__NQ_ES__logit__0.0500,30,NQ_ES,logit,,0.05,137,0.0319794584500467,0.467153284671533,0.489051094890511,-0.0218978102189781,10,38,0.109489051094891,0.335766423357664,102,134,0.477611940298507,3,0,TRUE
30__NQ_ES__logit__0.0200,30,NQ_ES,logit,,0.02,64,0.0149393090569561,0.390625,0.40625,-0.015625,10,25,0.1875,0.46875,56,63,0.396825396825397,1,0,TRUE
30__NQ_ES__logit__0.0100,30,NQ_ES,logit,,0.01,28,0.0065359477124183,0.392857142857143,0.428571428571429,-0.0357142857142857,8,18,0.285714285714286,0.535714285714286,25,27,0.407407407407407,1,0,TRUE
30__NQ_ES__logit__0.0050,30,NQ_ES,logit,,0.005,14,0.00326797385620915,0.571428571428571,0.571428571428571,0,6,10,0.285714285714286,0.642857142857143,14,14,0.571428571428571,0,,TRUE
30__NQ_ES__ranger__0.5000,30,NQ_ES,ranger,,0.5,2166,0.505602240896359,0.513850415512465,0.517082179132041,-0.00323176361957525,11,61,0.0277008310249307,0.126962142197599,1259,2141,0.515646893974778,25,0.36,TRUE
30__NQ_ES__ranger__0.2000,30,NQ_ES,ranger,,0.2,853,0.199112978524743,0.515826494724502,0.51348182883939,0.00234466588511137,11,60,0.0433763188745604,0.175849941383353,565,851,0.514688601645123,2,1,TRUE
30__NQ_ES__ranger__0.1000,30,NQ_ES,ranger,,0.1,433,0.101073762838469,0.53810623556582,0.53810623556582,0,11,55,0.0646651270207852,0.28175519630485,295,433,0.53810623556582,0,,TRUE
30__NQ_ES__ranger__0.0500,30,NQ_ES,ranger,,0.05,196,0.0457516339869281,0.535714285714286,0.535714285714286,0,10,34,0.107142857142857,0.489795918367347,127,196,0.535714285714286,0,,TRUE
30__NQ_ES__ranger__0.0200,30,NQ_ES,ranger,,0.02,72,0.0168067226890756,0.541666666666667,0.541666666666667,0,8,10,0.222222222222222,0.847222222222222,46,72,0.541666666666667,0,,TRUE
30__NQ_ES__ranger__0.0100,30,NQ_ES,ranger,,0.01,31,0.00723622782446312,0.548387096774194,0.548387096774194,0,5,5,0.290322580645161,1,21,31,0.548387096774194,0,,TRUE
30__NQ_ES__ranger__0.0050,30,NQ_ES,ranger,,0.005,12,0.00280112044817927,0.416666666666667,0.416666666666667,0,4,4,0.333333333333333,1,9,12,0.416666666666667,0,,TRUE
30__NQ_ES__xgb_d2__0.5000,30,NQ_ES,xgb_d2,2,0.5,2103,0.490896358543417,0.512125534950071,0.512125534950071,0,11,62,0.0294816928197813,0.131241084165478,1236,2053,0.512420847540185,50,0.5,TRUE
30__NQ_ES__xgb_d2__0.2000,30,NQ_ES,xgb_d2,2,0.2,781,0.182306255835668,0.509603072983355,0.513444302176697,-0.00384122919334187,11,60,0.0486555697823304,0.208706786171575,537,774,0.511627906976744,7,0.285714285714286,TRUE
30__NQ_ES__xgb_d2__0.1000,30,NQ_ES,xgb_d2,2,0.1,361,0.0842670401493931,0.518005540166205,0.523545706371191,-0.00554016620498615,10,53,0.0775623268698061,0.329639889196676,264,359,0.520891364902507,2,0,TRUE
30__NQ_ES__xgb_d2__0.0500,30,NQ_ES,xgb_d2,2,0.05,175,0.0408496732026144,0.508571428571429,0.514285714285714,-0.00571428571428571,10,40,0.137142857142857,0.537142857142857,128,174,0.511494252873563,1,0,TRUE
30__NQ_ES__xgb_d2__0.0200,30,NQ_ES,xgb_d2,2,0.02,70,0.0163398692810458,0.557142857142857,0.557142857142857,0,9,14,0.3,0.8,46,70,0.557142857142857,0,,TRUE
30__NQ_ES__xgb_d2__0.0100,30,NQ_ES,xgb_d2,2,0.01,28,0.0065359477124183,0.714285714285714,0.714285714285714,0,3,3,0.535714285714286,1,19,28,0.714285714285714,0,,TRUE
30__NQ_ES__xgb_d2__0.0050,30,NQ_ES,xgb_d2,2,0.005,10,0.00233426704014939,0.8,0.8,0,3,3,0.6,1,9,10,0.8,0,,TRUE
30__NQ_ES__xgb_d3__0.5000,30,NQ_ES,xgb_d3,3,0.5,2086,0.486928104575163,0.513902205177373,0.507670182166827,0.0062320230105465,11,62,0.0292425695110259,0.132790028763183,1260,1973,0.511403953370502,113,0.557522123893805,TRUE
30__NQ_ES__xgb_d3__0.2000,30,NQ_ES,xgb_d3,3,0.2,730,0.170401493930906,0.510958904109589,0.512328767123288,-0.00136986301369863,11,61,0.052054794520548,0.215068493150685,513,715,0.511888111888112,15,0.466666666666667,TRUE
30__NQ_ES__xgb_d3__0.1000,30,NQ_ES,xgb_d3,3,0.1,355,0.0828664799253034,0.504225352112676,0.509859154929577,-0.00563380281690141,11,53,0.0816901408450704,0.338028169014085,260,349,0.507163323782235,6,0.333333333333333,TRUE
30__NQ_ES__xgb_d3__0.0500,30,NQ_ES,xgb_d3,3,0.05,164,0.0382819794584501,0.518292682926829,0.524390243902439,-0.00609756097560976,10,39,0.146341463414634,0.573170731707317,117,163,0.521472392638037,1,0,TRUE
30__NQ_ES__xgb_d3__0.0200,30,NQ_ES,xgb_d3,3,0.02,60,0.0140056022408964,0.583333333333333,0.6,-0.0166666666666667,8,14,0.266666666666667,0.8,41,59,0.593220338983051,1,0,TRUE
30__NQ_ES__xgb_d3__0.0100,30,NQ_ES,xgb_d3,3,0.01,27,0.00630252100840336,0.62962962962963,0.666666666666667,-0.037037037037037,5,7,0.333333333333333,0.925925925925926,19,26,0.653846153846154,1,0,TRUE
30__NQ_ES__xgb_d3__0.0050,30,NQ_ES,xgb_d3,3,0.005,7,0.00163398692810458,0.428571428571429,0.428571428571429,0,4,5,0.285714285714286,1,6,7,0.428571428571429,0,,TRUE
30__NQ_ES__xgb_d4__0.5000,30,NQ_ES,xgb_d4,4,0.5,2069,0.482959850606909,0.517641372643789,0.512808119864669,0.00483325277912035,11,62,0.0304494925084582,0.130497825036249,1267,1857,0.516962843295638,212,0.523584905660377,TRUE
30__NQ_ES__xgb_d4__0.2000,30,NQ_ES,xgb_d4,4,0.2,738,0.172268907563025,0.523035230352304,0.509485094850949,0.013550135501355,11,60,0.046070460704607,0.200542005420054,534,688,0.517441860465116,50,0.6,TRUE
30__NQ_ES__xgb_d4__0.1000,30,NQ_ES,xgb_d4,4,0.1,351,0.0819327731092437,0.52991452991453,0.527065527065527,0.00284900284900285,10,54,0.0769230769230769,0.321937321937322,266,330,0.53030303030303,21,0.523809523809524,TRUE
30__NQ_ES__xgb_d4__0.0500,30,NQ_ES,xgb_d4,4,0.05,155,0.0361811391223156,0.503225806451613,0.509677419354839,-0.00645161290322581,10,35,0.148387096774194,0.535483870967742,114,148,0.506756756756757,7,0.428571428571429,TRUE
30__NQ_ES__xgb_d4__0.0200,30,NQ_ES,xgb_d4,4,0.02,58,0.0135387488328665,0.568965517241379,0.603448275862069,-0.0344827586206897,10,15,0.258620689655172,0.793103448275862,42,56,0.589285714285714,2,0,TRUE
30__NQ_ES__xgb_d4__0.0100,30,NQ_ES,xgb_d4,4,0.01,20,0.00466853408029879,0.5,0.5,0,8,9,0.3,0.8,18,20,0.5,0,,TRUE
30__NQ_ES__xgb_d4__0.0050,30,NQ_ES,xgb_d4,4,0.005,4,0.000933706816059757,0.5,0.5,0,4,4,0.25,1,4,4,0.5,0,,TRUE
30__NQ_ES__xgb_d5__0.5000,30,NQ_ES,xgb_d5,5,0.5,2086,0.486928104575163,0.51294343240652,0.512464046021093,0.000479386385426654,11,62,0.0282837967401726,0.12751677852349,1311,1839,0.514410005437738,247,0.502024291497976,TRUE
30__NQ_ES__xgb_d5__0.2000,30,NQ_ES,xgb_d5,5,0.2,783,0.182773109243697,0.515964240102171,0.509578544061303,0.00638569604086846,11,62,0.0459770114942529,0.196679438058748,580,716,0.513966480446927,67,0.537313432835821,TRUE
30__NQ_ES__xgb_d5__0.1000,30,NQ_ES,xgb_d5,5,0.1,357,0.0833333333333333,0.515406162464986,0.518207282913165,-0.00280112044817927,11,55,0.0728291316526611,0.282913165266106,268,328,0.518292682926829,29,0.482758620689655,TRUE
30__NQ_ES__xgb_d5__0.0500,30,NQ_ES,xgb_d5,5,0.05,166,0.0387488328664799,0.548192771084337,0.560240963855422,-0.0120481927710843,11,39,0.108433734939759,0.463855421686747,123,158,0.556962025316456,8,0.375,TRUE
30__NQ_ES__xgb_d5__0.0200,30,NQ_ES,xgb_d5,5,0.02,59,0.0137721755368814,0.440677966101695,0.491525423728814,-0.0508474576271187,10,18,0.169491525423729,0.694915254237288,47,56,0.464285714285714,3,0,TRUE
30__NQ_ES__xgb_d5__0.0100,30,NQ_ES,xgb_d5,5,0.01,12,0.00280112044817927,0.5,0.583333333333333,-0.0833333333333333,7,8,0.25,0.75,10,11,0.545454545454545,1,0,TRUE
30__NQ_ES__xgb_d5__0.0050,30,NQ_ES,xgb_d5,5,0.005,3,0.000700280112044818,0.333333333333333,0.333333333333333,0,3,3,0.333333333333333,1,3,3,0.333333333333333,0,,TRUE
60__NQ_ONLY__logit__0.5000,60,NQ_ONLY,logit,,0.5,1906,0.456417624521073,0.516789087093389,0.527806925498426,-0.0110178384050367,11,61,0.0299055613850997,0.139559286463799,704,1809,0.523493642896628,97,0.391752577319588,TRUE
60__NQ_ONLY__logit__0.2000,60,NQ_ONLY,logit,,0.2,731,0.175047892720307,0.503419972640219,0.515731874145007,-0.012311901504788,11,59,0.0410396716826265,0.188782489740082,304,708,0.509887005649718,23,0.304347826086957,TRUE
60__NQ_ONLY__logit__0.1000,60,NQ_ONLY,logit,,0.1,376,0.0900383141762452,0.518617021276596,0.526595744680851,-0.00797872340425532,11,42,0.0585106382978723,0.273936170212766,147,367,0.523160762942779,9,0.333333333333333,TRUE
60__NQ_ONLY__logit__0.0500,60,NQ_ONLY,logit,,0.05,202,0.0483716475095786,0.48019801980198,0.5,-0.0198019801980198,10,32,0.0841584158415842,0.351485148514851,81,198,0.48989898989899,4,0,TRUE
60__NQ_ONLY__logit__0.0200,60,NQ_ONLY,logit,,0.02,88,0.0210727969348659,0.465909090909091,0.5,-0.0340909090909091,10,22,0.170454545454545,0.545454545454545,43,85,0.482352941176471,3,0,TRUE
60__NQ_ONLY__logit__0.0100,60,NQ_ONLY,logit,,0.01,37,0.00886015325670498,0.513513513513514,0.513513513513514,0,8,12,0.324324324324324,0.72972972972973,22,37,0.513513513513514,0,,TRUE
60__NQ_ONLY__logit__0.0050,60,NQ_ONLY,logit,,0.005,12,0.0028735632183908,0.583333333333333,0.583333333333333,0,4,5,0.5,1,10,12,0.583333333333333,0,,TRUE
60__NQ_ONLY__ranger__0.5000,60,NQ_ONLY,ranger,,0.5,2145,0.513649425287356,0.506293706293706,0.508158508158508,-0.00186480186480187,11,62,0.0293706293706294,0.134265734265734,732,2105,0.507363420427553,40,0.45,TRUE
60__NQ_ONLY__ranger__0.2000,60,NQ_ONLY,ranger,,0.2,872,0.208812260536399,0.495412844036697,0.498853211009174,-0.00344036697247706,11,56,0.0401376146788991,0.186926605504587,340,859,0.49708963911525,13,0.384615384615385,TRUE
60__NQ_ONLY__ranger__0.1000,60,NQ_ONLY,ranger,,0.1,453,0.108477011494253,0.529801324503311,0.529801324503311,0,11,42,0.0618101545253863,0.271523178807947,173,447,0.530201342281879,6,0.5,TRUE
60__NQ_ONLY__ranger__0.0500,60,NQ_ONLY,ranger,,0.05,215,0.0514846743295019,0.530232558139535,0.534883720930233,-0.00465116279069768,10,24,0.102325581395349,0.488372093023256,75,214,0.532710280373832,1,0,TRUE
60__NQ_ONLY__ranger__0.0200,60,NQ_ONLY,ranger,,0.02,98,0.0234674329501916,0.510204081632653,0.510204081632653,0,7,10,0.193877551020408,0.704081632653061,33,98,0.510204081632653,0,,TRUE
60__NQ_ONLY__ranger__0.0100,60,NQ_ONLY,ranger,,0.01,46,0.0110153256704981,0.586956521739131,0.586956521739131,0,7,8,0.326086956521739,0.847826086956522,22,46,0.586956521739131,0,,TRUE
60__NQ_ONLY__ranger__0.0050,60,NQ_ONLY,ranger,,0.005,11,0.00263409961685824,0.363636363636364,0.363636363636364,0,4,4,0.727272727272727,1,6,11,0.363636363636364,0,,TRUE
60__NQ_ONLY__xgb_d2__0.5000,60,NQ_ONLY,xgb_d2,2,0.5,2027,0.485392720306513,0.501233349777997,0.504686729156389,-0.00345337937839171,11,62,0.0305870744943266,0.142081894425259,690,2000,0.503,27,0.37037037037037,TRUE
60__NQ_ONLY__xgb_d2__0.2000,60,NQ_ONLY,xgb_d2,2,0.2,743,0.177921455938697,0.516823687752355,0.528936742934051,-0.0121130551816958,11,54,0.0484522207267833,0.218034993270525,283,732,0.523224043715847,11,0.0909090909090909,TRUE
60__NQ_ONLY__xgb_d2__0.1000,60,NQ_ONLY,xgb_d2,2,0.1,335,0.08022030651341,0.534328358208955,0.549253731343284,-0.0149253731343284,10,34,0.0716417910447761,0.352238805970149,119,330,0.542424242424243,5,0,TRUE
60__NQ_ONLY__xgb_d2__0.0500,60,NQ_ONLY,xgb_d2,2,0.05,141,0.033764367816092,0.553191489361702,0.553191489361702,0,8,13,0.156028368794326,0.673758865248227,48,141,0.553191489361702,0,,TRUE
60__NQ_ONLY__xgb_d2__0.0200,60,NQ_ONLY,xgb_d2,2,0.02,29,0.00694444444444444,0.551724137931035,0.551724137931035,0,6,6,0.241379310344828,0.931034482758621,13,29,0.551724137931035,0,,TRUE
60__NQ_ONLY__xgb_d2__0.0100,60,NQ_ONLY,xgb_d2,2,0.01,8,0.00191570881226054,0.375,0.375,0,5,5,0.375,1,5,8,0.375,0,,TRUE
60__NQ_ONLY__xgb_d2__0.0050,60,NQ_ONLY,xgb_d2,2,0.005,2,0.000478927203065134,1,1,0,2,2,0.5,1,2,2,1,0,,TRUE
60__NQ_ONLY__xgb_d3__0.5000,60,NQ_ONLY,xgb_d3,3,0.5,2059,0.493055555555556,0.501214181641574,0.507527926177756,-0.00631374453618261,11,62,0.0296260320543953,0.1369596891695,694,1976,0.504554655870445,83,0.421686746987952,TRUE
60__NQ_ONLY__xgb_d3__0.2000,60,NQ_ONLY,xgb_d3,3,0.2,798,0.191091954022989,0.516290726817043,0.517543859649123,-0.0012531328320802,11,55,0.0426065162907268,0.19047619047619,321,767,0.517601043024772,31,0.483870967741936,TRUE
60__NQ_ONLY__xgb_d3__0.1000,60,NQ_ONLY,xgb_d3,3,0.1,351,0.084051724137931,0.524216524216524,0.532763532763533,-0.00854700854700855,11,46,0.0683760683760684,0.313390313390313,144,338,0.529585798816568,13,0.384615384615385,TRUE
60__NQ_ONLY__xgb_d3__0.0500,60,NQ_ONLY,xgb_d3,3,0.05,132,0.0316091954022989,0.590909090909091,0.606060606060606,-0.0151515151515152,9,20,0.151515151515152,0.666666666666667,49,130,0.6,2,0,TRUE
60__NQ_ONLY__xgb_d3__0.0200,60,NQ_ONLY,xgb_d3,3,0.02,40,0.00957854406130268,0.525,0.55,-0.025,6,8,0.25,0.85,21,39,0.538461538461538,1,0,TRUE
60__NQ_ONLY__xgb_d3__0.0100,60,NQ_ONLY,xgb_d3,3,0.01,6,0.0014367816091954,0.333333333333333,0.5,-0.166666666666667,5,6,0.166666666666667,0.833333333333333,6,5,0.4,1,0,TRUE
60__NQ_ONLY__xgb_d3__0.0050,60,NQ_ONLY,xgb_d3,3,0.005,0,0,,,,0,0,,,0,0,,0,,TRUE
60__NQ_ONLY__xgb_d4__0.5000,60,NQ_ONLY,xgb_d4,4,0.5,2101,0.503113026819923,0.490718705378391,0.504997620180866,-0.014278914802475,11,62,0.0290337934316992,0.138981437410757,717,1977,0.497723823975721,124,0.379032258064516,TRUE
60__NQ_ONLY__xgb_d4__0.2000,60,NQ_ONLY,xgb_d4,4,0.2,822,0.19683908045977,0.498783454987835,0.520681265206813,-0.0218978102189781,11,56,0.0437956204379562,0.192214111922141,340,780,0.51025641025641,42,0.285714285714286,TRUE
60__NQ_ONLY__xgb_d4__0.1000,60,NQ_ONLY,xgb_d4,4,0.1,375,0.0897988505747127,0.506666666666667,0.525333333333333,-0.0186666666666667,11,45,0.0693333333333333,0.296,156,360,0.516666666666667,15,0.266666666666667,TRUE
60__NQ_ONLY__xgb_d4__0.0500,60,NQ_ONLY,xgb_d4,4,0.05,150,0.0359195402298851,0.56,0.573333333333333,-0.0133333333333333,10,26,0.113333333333333,0.493333333333333,66,146,0.568493150684932,4,0.25,TRUE
60__NQ_ONLY__xgb_d4__0.0200,60,NQ_ONLY,xgb_d4,4,0.02,40,0.00957854406130268,0.575,0.6,-0.025,7,10,0.3,0.85,21,39,0.58974358974359,1,0,TRUE
60__NQ_ONLY__xgb_d4__0.0100,60,NQ_ONLY,xgb_d4,4,0.01,7,0.00167624521072797,0.428571428571429,0.571428571428571,-0.142857142857143,5,5,0.285714285714286,1,6,6,0.5,1,0,TRUE
60__NQ_ONLY__xgb_d4__0.0050,60,NQ_ONLY,xgb_d4,4,0.005,0,0,,,,0,0,,,0,0,,0,,TRUE
60__NQ_ONLY__xgb_d5__0.5000,60,NQ_ONLY,xgb_d5,5,0.5,2073,0.496408045977011,0.49155812831645,0.500723589001447,-0.00916546068499759,11,62,0.0332850940665702,0.148576941630487,720,1929,0.496111975116641,144,0.430555555555556,TRUE
60__NQ_ONLY__xgb_d5__0.2000,60,NQ_ONLY,xgb_d5,5,0.2,812,0.194444444444444,0.508620689655172,0.519704433497537,-0.0110837438423645,11,57,0.0492610837438424,0.210591133004926,343,773,0.514877102199224,39,0.384615384615385,TRUE
60__NQ_ONLY__xgb_d5__0.1000,60,NQ_ONLY,xgb_d5,5,0.1,405,0.0969827586206897,0.550617283950617,0.555555555555556,-0.00493827160493827,10,47,0.0617283950617284,0.274074074074074,182,383,0.556135770234987,22,0.454545454545455,TRUE
60__NQ_ONLY__xgb_d5__0.0500,60,NQ_ONLY,xgb_d5,5,0.05,192,0.0459770114942529,0.546875,0.552083333333333,-0.00520833333333333,10,33,0.104166666666667,0.427083333333333,92,177,0.553672316384181,15,0.466666666666667,TRUE
60__NQ_ONLY__xgb_d5__0.0200,60,NQ_ONLY,xgb_d5,5,0.02,47,0.0112547892720307,0.617021276595745,0.659574468085106,-0.0425531914893617,8,14,0.297872340425532,0.723404255319149,27,45,0.644444444444445,2,0,TRUE
60__NQ_ONLY__xgb_d5__0.0100,60,NQ_ONLY,xgb_d5,5,0.01,17,0.00407088122605364,0.647058823529412,0.647058823529412,0,6,9,0.411764705882353,0.764705882352941,12,17,0.647058823529412,0,,TRUE
60__NQ_ONLY__xgb_d5__0.0050,60,NQ_ONLY,xgb_d5,5,0.005,5,0.00119731800766284,1,1,0,1,1,1,1,2,5,1,0,,TRUE
60__NQ_ES__logit__0.5000,60,NQ_ES,logit,,0.5,1812,0.433908045977011,0.50551876379691,0.513245033112583,-0.00772626931567329,11,61,0.0292494481236203,0.134105960264901,700,1694,0.510035419126328,118,0.440677966101695,TRUE
60__NQ_ES__logit__0.2000,60,NQ_ES,logit,,0.2,684,0.163793103448276,0.511695906432749,0.523391812865497,-0.0116959064327485,11,59,0.0482456140350877,0.213450292397661,297,658,0.518237082066869,26,0.346153846153846,TRUE
60__NQ_ES__logit__0.1000,60,NQ_ES,logit,,0.1,351,0.084051724137931,0.518518518518519,0.521367521367521,-0.00284900284900285,10,43,0.0683760683760684,0.290598290598291,143,342,0.52046783625731,9,0.444444444444444,TRUE
60__NQ_ES__logit__0.0500,60,NQ_ES,logit,,0.05,161,0.0385536398467433,0.53416149068323,0.540372670807454,-0.0062111801242236,10,30,0.0869565217391304,0.403726708074534,73,156,0.538461538461538,5,0.4,TRUE
60__NQ_ES__logit__0.0200,60,NQ_ES,logit,,0.02,66,0.0158045977011494,0.484848484848485,0.484848484848485,0,10,22,0.181818181818182,0.545454545454545,38,64,0.484375,2,0.5,TRUE
60__NQ_ES__logit__0.0100,60,NQ_ES,logit,,0.01,28,0.00670498084291188,0.464285714285714,0.464285714285714,0,7,12,0.178571428571429,0.642857142857143,21,28,0.464285714285714,0,,TRUE
60__NQ_ES__logit__0.0050,60,NQ_ES,logit,,0.005,7,0.00167624521072797,0.571428571428571,0.571428571428571,0,3,4,0.428571428571429,1,6,7,0.571428571428571,0,,TRUE
60__NQ_ES__ranger__0.5000,60,NQ_ES,ranger,,0.5,2136,0.511494252873563,0.49812734082397,0.500936329588015,-0.00280898876404494,11,62,0.0290262172284644,0.13436329588015,727,2112,0.499526515151515,24,0.375,TRUE
60__NQ_ES__ranger__0.2000,60,NQ_ES,ranger,,0.2,904,0.216475095785441,0.513274336283186,0.521017699115044,-0.00774336283185841,11,57,0.045353982300885,0.201327433628319,340,893,0.517357222844345,11,0.181818181818182,TRUE
60__NQ_ES__ranger__0.1000,60,NQ_ES,ranger,,0.1,472,0.113026819923372,0.516949152542373,0.525423728813559,-0.00847457627118644,11,42,0.0677966101694915,0.283898305084746,178,468,0.521367521367521,4,0,TRUE
60__NQ_ES__ranger__0.0500,60,NQ_ES,ranger,,0.05,205,0.0490900383141763,0.570731707317073,0.575609756097561,-0.00487804878048781,10,22,0.11219512195122,0.517073170731707,70,204,0.573529411764706,1,0,TRUE
60__NQ_ES__ranger__0.0200,60,NQ_ES,ranger,,0.02,77,0.0184386973180077,0.584415584415584,0.584415584415584,0,7,9,0.246753246753247,0.857142857142857,27,77,0.584415584415584,0,,TRUE
60__NQ_ES__ranger__0.0100,60,NQ_ES,ranger,,0.01,36,0.00862068965517241,0.666666666666667,0.666666666666667,0,4,4,0.388888888888889,1,14,36,0.666666666666667,0,,TRUE
60__NQ_ES__ranger__0.0050,60,NQ_ES,ranger,,0.005,17,0.00407088122605364,0.588235294117647,0.588235294117647,0,4,4,0.529411764705882,1,9,17,0.588235294117647,0,,TRUE
60__NQ_ES__xgb_d2__0.5000,60,NQ_ES,xgb_d2,2,0.5,2087,0.499760536398467,0.495927168183996,0.503114518447532,-0.00718735026353618,11,62,0.0316243411595592,0.13847628174413,688,2048,0.49951171875,39,0.307692307692308,TRUE
60__NQ_ES__xgb_d2__0.2000,60,NQ_ES,xgb_d2,2,0.2,757,0.181273946360153,0.494055482166447,0.500660501981506,-0.00660501981505945,11,49,0.0501981505944518,0.228533685601057,284,744,0.497311827956989,13,0.307692307692308,TRUE
60__NQ_ES__xgb_d2__0.1000,60,NQ_ES,xgb_d2,2,0.1,379,0.0907567049808429,0.538258575197889,0.530343007915567,0.0079155672823219,11,29,0.0817941952506596,0.33509234828496,119,374,0.53475935828877,5,0.8,TRUE
60__NQ_ES__xgb_d2__0.0500,60,NQ_ES,xgb_d2,2,0.05,155,0.0371168582375479,0.567741935483871,0.567741935483871,0,9,13,0.148387096774194,0.625806451612903,49,155,0.567741935483871,0,,TRUE
60__NQ_ES__xgb_d2__0.0200,60,NQ_ES,xgb_d2,2,0.02,56,0.0134099616858238,0.660714285714286,0.660714285714286,0,6,6,0.410714285714286,0.982142857142857,19,56,0.660714285714286,0,,TRUE
60__NQ_ES__xgb_d2__0.0100,60,NQ_ES,xgb_d2,2,0.01,24,0.00574712643678161,0.75,0.75,0,3,3,0.583333333333333,1,10,24,0.75,0,,TRUE
60__NQ_ES__xgb_d2__0.0050,60,NQ_ES,xgb_d2,2,0.005,14,0.00335249042145594,0.714285714285714,0.714285714285714,0,3,3,0.714285714285714,1,6,14,0.714285714285714,0,,TRUE
60__NQ_ES__xgb_d3__0.5000,60,NQ_ES,xgb_d3,3,0.5,2071,0.495929118773946,0.497827136648962,0.500241429261227,-0.00241429261226461,11,62,0.0328343795267987,0.150651859005311,688,2000,0.499,71,0.464788732394366,TRUE
60__NQ_ES__xgb_d3__0.2000,60,NQ_ES,xgb_d3,3,0.2,763,0.182710727969349,0.509829619921363,0.513761467889908,-0.00393184796854522,11,56,0.0615989515072084,0.231979030144168,303,742,0.512129380053908,21,0.428571428571429,TRUE
60__NQ_ES__xgb_d3__0.1000,60,NQ_ES,xgb_d3,3,0.1,357,0.0854885057471264,0.535014005602241,0.53781512605042,-0.00280112044817927,11,36,0.0952380952380952,0.366946778711485,137,350,0.537142857142857,7,0.428571428571429,TRUE
60__NQ_ES__xgb_d3__0.0500,60,NQ_ES,xgb_d3,3,0.05,143,0.0342432950191571,0.55944055944056,0.566433566433567,-0.00699300699300699,10,17,0.167832167832168,0.636363636363636,54,142,0.563380281690141,1,0,TRUE
60__NQ_ES__xgb_d3__0.0200,60,NQ_ES,xgb_d3,3,0.02,54,0.0129310344827586,0.592592592592593,0.592592592592593,0,7,7,0.388888888888889,0.962962962962963,21,54,0.592592592592593,0,,TRUE
60__NQ_ES__xgb_d3__0.0100,60,NQ_ES,xgb_d3,3,0.01,23,0.00550766283524904,0.695652173913044,0.695652173913044,0,2,2,0.565217391304348,1,9,23,0.695652173913044,0,,TRUE
60__NQ_ES__xgb_d3__0.0050,60,NQ_ES,xgb_d3,3,0.005,4,0.000957854406130268,1,1,0,1,1,1,1,2,4,1,0,,TRUE
60__NQ_ES__xgb_d4__0.5000,60,NQ_ES,xgb_d4,4,0.5,2023,0.484434865900383,0.499752842313396,0.501730103806228,-0.00197726149283243,11,62,0.032624814631735,0.150766188828473,721,1880,0.501063829787234,143,0.482517482517483,TRUE
60__NQ_ES__xgb_d4__0.2000,60,NQ_ES,xgb_d4,4,0.2,738,0.176724137931034,0.506775067750677,0.51219512195122,-0.00542005420054201,11,57,0.0677506775067751,0.241192411924119,304,702,0.50997150997151,36,0.444444444444444,TRUE
60__NQ_ES__xgb_d4__0.1000,60,NQ_ES,xgb_d4,4,0.1,317,0.0759099616858238,0.529968454258675,0.545741324921136,-0.0157728706624606,10,38,0.10410094637224,0.413249211356467,128,302,0.539735099337748,15,0.333333333333333,TRUE
60__NQ_ES__xgb_d4__0.0500,60,NQ_ES,xgb_d4,4,0.05,139,0.0332854406130268,0.640287769784173,0.647482014388489,-0.00719424460431655,10,18,0.158273381294964,0.647482014388489,60,136,0.647058823529412,3,0.333333333333333,TRUE
60__NQ_ES__xgb_d4__0.0200,60,NQ_ES,xgb_d4,4,0.02,59,0.0141283524904215,0.677966101694915,0.677966101694915,0,7,9,0.288135593220339,0.932203389830508,22,59,0.677966101694915,0,,TRUE
60__NQ_ES__xgb_d4__0.0100,60,NQ_ES,xgb_d4,4,0.01,40,0.00957854406130268,0.725,0.725,0,4,4,0.35,1,15,40,0.725,0,,TRUE
60__NQ_ES__xgb_d4__0.0050,60,NQ_ES,xgb_d4,4,0.005,26,0.00622605363984674,0.692307692307692,0.692307692307692,0,4,4,0.461538461538462,1,12,26,0.692307692307692,0,,TRUE
60__NQ_ES__xgb_d5__0.5000,60,NQ_ES,xgb_d5,5,0.5,2078,0.497605363984674,0.495187680461983,0.50818094321463,-0.0129932627526468,11,62,0.0332050048123195,0.141000962463908,748,1864,0.502145922746781,214,0.434579439252336,TRUE
60__NQ_ES__xgb_d5__0.2000,60,NQ_ES,xgb_d5,5,0.2,752,0.18007662835249,0.506648936170213,0.517287234042553,-0.0106382978723404,11,54,0.0625,0.240691489361702,320,696,0.512931034482759,56,0.428571428571429,TRUE
60__NQ_ES__xgb_d5__0.1000,60,NQ_ES,xgb_d5,5,0.1,336,0.0804597701149425,0.523809523809524,0.529761904761905,-0.00595238095238095,11,41,0.110119047619048,0.380952380952381,139,322,0.527950310559006,14,0.428571428571429,TRUE
60__NQ_ES__xgb_d5__0.0500,60,NQ_ES,xgb_d5,5,0.05,149,0.0356800766283525,0.61744966442953,0.61744966442953,0,10,19,0.147651006711409,0.590604026845638,62,147,0.619047619047619,2,0.5,TRUE
60__NQ_ES__xgb_d5__0.0200,60,NQ_ES,xgb_d5,5,0.02,46,0.0110153256704981,0.760869565217391,0.760869565217391,0,6,10,0.260869565217391,0.847826086956522,24,46,0.760869565217391,0,,TRUE
60__NQ_ES__xgb_d5__0.0100,60,NQ_ES,xgb_d5,5,0.01,18,0.00431034482758621,0.833333333333333,0.833333333333333,0,5,5,0.333333333333333,1,10,18,0.833333333333333,0,,TRUE
60__NQ_ES__xgb_d5__0.0050,60,NQ_ES,xgb_d5,5,0.005,8,0.00191570881226054,0.875,0.875,0,3,3,0.5,1,5,8,0.875,0,,TRUE
