candidate_id,fold,full_year,horizon,feature_set,model_id,xgb_depth,target_coverage,confidence_cutoff,base_side,selected_n,coverage,wins,win_rate,base_wins,baseline_wr,edge,flat_rate,active_weeks,unique_days,top_day_share,top5_day_share,nonoverlap_n,nonoverlap_fraction,long_n,long_wins,long_wr,short_n,short_wins,short_wr,up_only_wr,down_only_wr
1__NQ_ONLY__logit__0.5000,2023,TRUE,1,NQ_ONLY,logit,,0.5,0.0376111399977132,1,10490,0.489637789395071,5544,0.528503336510963,5038,0.480266920877026,0.0482364156339371,0.0396568160152526,52,310,0.00552907530981888,0.0258341277407054,10490,1,6081,3170,0.521295839500082,4409,2374,0.538444091630755,0.480266920877026,0.480076263107722
1__NQ_ONLY__logit__0.2000,2023,TRUE,1,NQ_ONLY,logit,,0.2,0.0677226951314623,1,3786,0.176717699775952,2056,0.543053354463814,1765,0.466191230850502,0.0768621236133122,0.0398837823560486,52,310,0.00818806127839408,0.03486529318542,3786,1,2252,1169,0.519094138543517,1534,887,0.578226857887875,0.466191230850502,0.49392498679345
1__NQ_ONLY__logit__0.1000,2023,TRUE,1,NQ_ONLY,logit,,0.1,0.0847040943042999,1,1671,0.0779966392830471,925,0.553560742070617,773,0.462597247157391,0.0909634949132256,0.0311190903650509,52,293,0.0101735487731897,0.0466786355475763,1671,1,956,500,0.523012552301255,715,425,0.594405594405594,0.462597247157391,0.506283662477558
1__NQ_ONLY__logit__0.0500,2023,TRUE,1,NQ_ONLY,logit,,0.05,0.0984518933392211,1,735,0.0343073188946975,408,0.555102040816327,352,0.47891156462585,0.0761904761904762,0.0285714285714286,52,259,0.0136054421768707,0.0625850340136055,735,1,372,204,0.548387096774194,363,204,0.56198347107438,0.47891156462585,0.492517006802721
1__NQ_ONLY__logit__0.0200,2023,TRUE,1,NQ_ONLY,logit,,0.02,0.114830685943616,1,215,0.0100354742345034,111,0.516279069767442,110,0.511627906976744,0.00465116279069768,0.0186046511627907,50,142,0.027906976744186,0.102325581395349,215,1,98,53,0.540816326530612,117,58,0.495726495726496,0.511627906976744,0.469767441860465
1__NQ_ONLY__logit__0.0100,2023,TRUE,1,NQ_ONLY,logit,,0.01,0.125593642158546,1,77,0.0035941000746826,43,0.558441558441558,37,0.480519480519481,0.0779220779220779,0.038961038961039,38,60,0.038961038961039,0.168831168831169,77,1,37,21,0.567567567567568,40,22,0.55,0.480519480519481,0.480519480519481
1__NQ_ONLY__logit__0.0050,2023,TRUE,1,NQ_ONLY,logit,,0.005,0.133623250229741,1,30,0.00140029873039582,20,0.666666666666667,13,0.433333333333333,0.233333333333333,0,19,23,0.1,0.366666666666667,30,1,15,9,0.6,15,11,0.733333333333333,0.433333333333333,0.566666666666667
1__NQ_ONLY__ranger__0.5000,2023,TRUE,1,NQ_ONLY,ranger,,0.5,0.0259521582298698,1,11276,0.526325616131441,5890,0.522348350478893,5377,0.476853494146861,0.0454948563320326,0.0386661936857041,52,310,0.00532103582830791,0.0251862362539908,11276,1,6971,3566,0.511547841055803,4305,2324,0.539837398373984,0.476853494146861,0.484480312167435
1__NQ_ONLY__ranger__0.2000,2023,TRUE,1,NQ_ONLY,ranger,,0.2,0.0491942353619894,1,4976,0.23226288274832,2684,0.539389067524116,2359,0.474075562700965,0.0653135048231511,0.0407958199356913,52,310,0.00643086816720257,0.0303456591639871,4976,1,3259,1697,0.520711874808223,1717,987,0.574839836924869,0.474075562700965,0.485128617363344
1__NQ_ONLY__ranger__0.1000,2023,TRUE,1,NQ_ONLY,ranger,,0.1,0.0606325846208801,1,2844,0.132748319641524,1541,0.541842475386779,1360,0.478199718706048,0.0636427566807314,0.0365682137834037,52,308,0.0070323488045007,0.0330520393811533,2844,1,1889,989,0.523557437797777,955,552,0.578010471204189,0.478199718706048,0.485232067510549
1__NQ_ONLY__ranger__0.0500,2023,TRUE,1,NQ_ONLY,ranger,,0.05,0.070702117432091,1,1567,0.0731422703510082,857,0.546904913848118,746,0.476068921506063,0.0708359923420549,0.0382897255902999,52,292,0.00957243139757498,0.0421186981493299,1567,1,1012,534,0.527667984189723,555,323,0.581981981981982,0.476068921506063,0.485641352903638
1__NQ_ONLY__ranger__0.0200,2023,TRUE,1,NQ_ONLY,ranger,,0.02,0.0832493840611939,1,616,0.0287528005974608,342,0.555194805194805,271,0.439935064935065,0.11525974025974,0.0405844155844156,52,241,0.0146103896103896,0.0616883116883117,616,1,323,167,0.51702786377709,293,175,0.597269624573379,0.439935064935065,0.51948051948052
1__NQ_ONLY__ranger__0.0100,2023,TRUE,1,NQ_ONLY,ranger,,0.01,0.0934626499786525,1,274,0.0127893950709485,154,0.562043795620438,123,0.448905109489051,0.113138686131387,0.0437956204379562,52,167,0.0182481751824818,0.0802919708029197,274,1,108,60,0.555555555555556,166,94,0.566265060240964,0.448905109489051,0.507299270072993
1__NQ_ONLY__ranger__0.0050,2023,TRUE,1,NQ_ONLY,ranger,,0.005,0.102326418982804,1,127,0.00592793129200896,66,0.519685039370079,59,0.464566929133858,0.0551181102362205,0.047244094488189,46,99,0.031496062992126,0.133858267716535,127,1,45,24,0.533333333333333,82,42,0.51219512195122,0.464566929133858,0.488188976377953
1__NQ_ONLY__xgb_d2__0.5000,2023,TRUE,1,NQ_ONLY,xgb_d2,2,0.5,0.0307148098945618,1,11043,0.515449962658701,5875,0.532011228832745,5301,0.480032599837001,0.0519786289957439,0.0384859186815177,52,310,0.00507108575568233,0.0249026532645115,11043,1,6461,3387,0.524222256616623,4582,2488,0.542994325621999,0.480032599837001,0.481481481481482
1__NQ_ONLY__xgb_d2__0.2000,2023,TRUE,1,NQ_ONLY,xgb_d2,2,0.2,0.0578748226165772,1,4546,0.212191934279313,2494,0.548614166300044,2153,0.473603167619886,0.0750109986801584,0.0395952485701716,52,310,0.00637923449186098,0.0294764628244611,4546,1,2769,1467,0.529794149512459,1777,1027,0.577940348902645,0.473603167619886,0.486801583809943
1__NQ_ONLY__xgb_d2__0.1000,2023,TRUE,1,NQ_ONLY,xgb_d2,2,0.1,0.0725750923156738,1,2348,0.109596713965646,1302,0.554514480408859,1105,0.4706132879046,0.0839011925042589,0.0362010221465077,52,303,0.00809199318568995,0.0357751277683135,2348,1,1465,777,0.53037542662116,883,525,0.594563986409966,0.4706132879046,0.493185689948893
1__NQ_ONLY__xgb_d2__0.0500,2023,TRUE,1,NQ_ONLY,xgb_d2,2,0.05,0.0837504744529724,1,1201,0.0560586258401792,650,0.541215653621982,552,0.459616985845129,0.0815986677768526,0.0324729392173189,52,284,0.00999167360532889,0.0466278101582015,1201,1,742,379,0.51078167115903,459,271,0.59041394335512,0.459616985845129,0.507910074937552
1__NQ_ONLY__xgb_d2__0.0200,2023,TRUE,1,NQ_ONLY,xgb_d2,2,0.02,0.0966584610939025,1,477,0.0222647498132935,276,0.578616352201258,215,0.450733752620545,0.127882599580713,0.0356394129979036,52,224,0.0125786163522013,0.0628930817610063,477,1,253,138,0.545454545454545,224,138,0.616071428571429,0.450733752620545,0.513626834381551
1__NQ_ONLY__xgb_d2__0.0100,2023,TRUE,1,NQ_ONLY,xgb_d2,2,0.01,0.105121173858643,1,246,0.0114824495892457,138,0.560975609756098,108,0.439024390243902,0.121951219512195,0.040650406504065,52,156,0.0203252032520325,0.0853658536585366,246,1,106,57,0.537735849056604,140,81,0.578571428571429,0.439024390243902,0.520325203252033
1__NQ_ONLY__xgb_d2__0.0050,2023,TRUE,1,NQ_ONLY,xgb_d2,2,0.005,0.112431120872498,1,129,0.00602128454070202,71,0.550387596899225,62,0.48062015503876,0.0697674418604651,0.0465116279069768,48,99,0.0232558139534884,0.0930232558139535,129,1,53,31,0.584905660377359,76,40,0.526315789473684,0.48062015503876,0.472868217054264
1__NQ_ONLY__xgb_d3__0.5000,2023,TRUE,1,NQ_ONLY,xgb_d3,3,0.5,0.0313706398010254,1,11157,0.520771097834205,5929,0.531415254996863,5382,0.482387738639419,0.0490275163574438,0.0391682351886708,52,310,0.00501927041319351,0.0247378327507394,11157,1,6542,3442,0.52613879547539,4615,2487,0.538894907908992,0.482387738639419,0.47844402617191
1__NQ_ONLY__xgb_d3__0.2000,2023,TRUE,1,NQ_ONLY,xgb_d3,3,0.2,0.0602934122085571,1,4703,0.219520164301718,2567,0.545821815862216,2214,0.47076334254731,0.0750584733149054,0.042738677439932,52,310,0.00637890708058686,0.0301934935147778,4703,1,2780,1469,0.52841726618705,1923,1098,0.570982839313573,0.47076334254731,0.486497980012758
1__NQ_ONLY__xgb_d3__0.1000,2023,TRUE,1,NQ_ONLY,xgb_d3,3,0.1,0.0767382502555847,1,2362,0.110250186706497,1298,0.549534292972058,1095,0.463590177815411,0.0859441151566469,0.0385266723116003,52,305,0.00762066045723963,0.0355630821337849,2362,1,1405,737,0.524555160142349,957,561,0.586206896551724,0.463590177815411,0.497883149872989
1__NQ_ONLY__xgb_d3__0.0500,2023,TRUE,1,NQ_ONLY,xgb_d3,3,0.05,0.0898249626159668,1,1209,0.0564320388349515,681,0.563275434243176,556,0.459884201819686,0.103391232423491,0.0372208436724566,52,286,0.0115798180314309,0.0488006617038875,1209,1,700,372,0.531428571428572,509,309,0.607072691552063,0.459884201819686,0.502894954507858
1__NQ_ONLY__xgb_d3__0.0200,2023,TRUE,1,NQ_ONLY,xgb_d3,3,0.02,0.106244511604309,1,480,0.0224047796863331,269,0.560416666666667,208,0.433333333333333,0.127083333333333,0.0333333333333333,52,219,0.01875,0.0770833333333333,480,1,249,128,0.514056224899598,231,141,0.61038961038961,0.433333333333333,0.533333333333333
1__NQ_ONLY__xgb_d3__0.0100,2023,TRUE,1,NQ_ONLY,xgb_d3,3,0.01,0.119601032733917,1,206,0.00961538461538462,119,0.577669902912621,95,0.461165048543689,0.116504854368932,0.0485436893203884,52,139,0.0242718446601942,0.101941747572816,206,1,92,54,0.586956521739131,114,65,0.570175438596491,0.461165048543689,0.490291262135922
1__NQ_ONLY__xgb_d3__0.0050,2023,TRUE,1,NQ_ONLY,xgb_d3,3,0.005,0.133268694281579,1,95,0.00443427931292009,56,0.589473684210526,50,0.526315789473684,0.0631578947368421,0.0315789473684211,48,83,0.0315789473684211,0.126315789473684,95,1,44,29,0.659090909090909,51,27,0.529411764705882,0.526315789473684,0.442105263157895
1__NQ_ONLY__xgb_d4__0.5000,2023,TRUE,1,NQ_ONLY,xgb_d4,4,0.5,0.0323384404182434,1,11215,0.523478342046303,5962,0.531609451627285,5407,0.482122157824342,0.0494872938029425,0.0400356665180562,52,310,0.0050824788230049,0.0248773963441819,11215,1,6650,3498,0.526015037593985,4565,2464,0.539759036144578,0.482122157824342,0.477842175657601
1__NQ_ONLY__xgb_d4__0.2000,2023,TRUE,1,NQ_ONLY,xgb_d4,4,0.2,0.0631876826286316,1,4699,0.219333457804332,2583,0.549691423707172,2203,0.468823153862524,0.0808682698446478,0.041285379868057,52,310,0.00617152585656523,0.0295807618642264,4699,1,2773,1468,0.529390551749008,1926,1115,0.578920041536864,0.468823153862524,0.489891466269419
1__NQ_ONLY__xgb_d4__0.1000,2023,TRUE,1,NQ_ONLY,xgb_d4,4,0.1,0.0806556940078735,1,2399,0.111977221807319,1307,0.544810337640684,1116,0.465193830762818,0.0796165068778658,0.0400166736140058,52,305,0.0070862859524802,0.0341809087119633,2399,1,1411,737,0.522324592487597,988,570,0.576923076923077,0.465193830762818,0.494789495623176
1__NQ_ONLY__xgb_d4__0.0500,2023,TRUE,1,NQ_ONLY,xgb_d4,4,0.05,0.0952687978744507,1,1262,0.0589058999253174,707,0.560221870047544,572,0.45324881141046,0.106973058637084,0.0316957210776545,52,289,0.0103011093502377,0.0467511885895404,1262,1,711,373,0.524613220815752,551,334,0.606170598911071,0.45324881141046,0.515055467511886
1__NQ_ONLY__xgb_d4__0.0200,2023,TRUE,1,NQ_ONLY,xgb_d4,4,0.02,0.114825308322906,1,468,0.0218446601941748,260,0.555555555555556,201,0.429487179487179,0.126068376068376,0.0341880341880342,52,231,0.0192307692307692,0.0747863247863248,468,1,222,113,0.509009009009009,246,147,0.597560975609756,0.429487179487179,0.536324786324786
1__NQ_ONLY__xgb_d4__0.0100,2023,TRUE,1,NQ_ONLY,xgb_d4,4,0.01,0.130835473537445,1,183,0.00854182225541449,105,0.573770491803279,92,0.502732240437159,0.0710382513661202,0.0327868852459016,52,129,0.0218579234972678,0.109289617486339,183,1,78,48,0.615384615384615,105,57,0.542857142857143,0.502732240437159,0.46448087431694
1__NQ_ONLY__xgb_d4__0.0050,2023,TRUE,1,NQ_ONLY,xgb_d4,4,0.005,0.149424749612808,1,61,0.00284727408513816,37,0.60655737704918,33,0.540983606557377,0.0655737704918033,0.0327868852459016,37,54,0.0491803278688525,0.180327868852459,61,1,21,16,0.761904761904762,40,21,0.525,0.540983606557377,0.426229508196721
1__NQ_ONLY__xgb_d5__0.5000,2023,TRUE,1,NQ_ONLY,xgb_d5,5,0.5,0.0349676609039307,1,10953,0.511249066467513,5842,0.533369853008308,5272,0.481329316169086,0.0520405368392221,0.0399890440975075,52,310,0.00547795124623391,0.0253811741075504,10953,1,6463,3407,0.527154572180102,4490,2435,0.542316258351893,0.481329316169086,0.478681639733406
1__NQ_ONLY__xgb_d5__0.2000,2023,TRUE,1,NQ_ONLY,xgb_d5,5,0.2,0.0676031529903412,1,4466,0.208457804331591,2426,0.543215405284371,2070,0.463502015226153,0.0797133900582177,0.0382892969099866,52,310,0.00694133452754142,0.0311240483654277,4466,1,2648,1374,0.518882175226586,1818,1052,0.578657865786579,0.463502015226153,0.49820868786386
1__NQ_ONLY__xgb_d5__0.1000,2023,TRUE,1,NQ_ONLY,xgb_d5,5,0.1,0.086182701587677,1,2252,0.105115758028379,1249,0.55461811722913,1067,0.473801065719361,0.0808170515097691,0.0368561278863233,52,304,0.00754884547069272,0.0373001776198934,2252,1,1330,711,0.534586466165414,922,538,0.58351409978308,0.473801065719361,0.489342806394316
1__NQ_ONLY__xgb_d5__0.0500,2023,TRUE,1,NQ_ONLY,xgb_d5,5,0.05,0.102266806364059,1,1141,0.0532580283793876,634,0.555652936021034,525,0.460122699386503,0.0955302366345311,0.0315512708150745,52,283,0.0105170902716915,0.0482033304119194,1141,1,661,347,0.524962178517398,480,287,0.597916666666667,0.460122699386503,0.508326029798423
1__NQ_ONLY__xgb_d5__0.0200,2023,TRUE,1,NQ_ONLY,xgb_d5,5,0.02,0.122453683614731,1,408,0.0190440627333831,234,0.573529411764706,185,0.45343137254902,0.120098039215686,0.0367647058823529,52,208,0.0147058823529412,0.0661764705882353,408,1,223,121,0.542600896860987,185,113,0.610810810810811,0.45343137254902,0.509803921568627
1__NQ_ONLY__xgb_d5__0.0100,2023,TRUE,1,NQ_ONLY,xgb_d5,5,0.01,0.139754385948181,1,157,0.00732823002240478,95,0.605095541401274,83,0.528662420382166,0.0764331210191083,0.0191082802547771,50,119,0.0191082802547771,0.0955414012738854,157,1,84,53,0.630952380952381,73,42,0.575342465753425,0.528662420382166,0.452229299363057
1__NQ_ONLY__xgb_d5__0.0050,2023,TRUE,1,NQ_ONLY,xgb_d5,5,0.005,0.156832112073898,1,65,0.00303398058252427,41,0.630769230769231,36,0.553846153846154,0.0769230769230769,0.0307692307692308,38,59,0.0461538461538462,0.169230769230769,65,1,35,24,0.685714285714286,30,17,0.566666666666667,0.553846153846154,0.415384615384615
1__NQ_ES__logit__0.5000,2023,TRUE,1,NQ_ES,logit,,0.5,0.0371451770670179,1,10501,0.490151232262883,5539,0.527473573945339,5024,0.4784306256547,0.049042948290639,0.0406627940196172,52,310,0.0053328254451957,0.0251404628130654,10501,1,5796,3019,0.52087646652864,4705,2520,0.535600425079702,0.4784306256547,0.480906580325683
1__NQ_ES__logit__0.2000,2023,TRUE,1,NQ_ES,logit,,0.2,0.0676924991822228,1,3773,0.176110903659447,2038,0.540153723827193,1751,0.464086933474689,0.0760667903525046,0.0379008746355685,52,308,0.00742115027829314,0.0347203816591572,3773,1,2126,1098,0.516462841015993,1647,940,0.570734669095325,0.464086933474689,0.498012191889743
1__NQ_ES__logit__0.1000,2023,TRUE,1,NQ_ES,logit,,0.1,0.0846720867233291,1,1708,0.0797236743838686,940,0.550351288056206,804,0.470725995316159,0.0796252927400469,0.0322014051522248,52,297,0.00995316159250586,0.0468384074941452,1708,1,934,494,0.528907922912206,774,446,0.576227390180879,0.470725995316159,0.497072599531616
1__NQ_ES__logit__0.0500,2023,TRUE,1,NQ_ES,logit,,0.05,0.0993657940505473,1,715,0.033373786407767,401,0.560839160839161,338,0.472727272727273,0.0881118881118881,0.0237762237762238,52,262,0.0167832167832168,0.0713286713286713,715,1,338,185,0.547337278106509,377,216,0.572944297082228,0.472727272727273,0.503496503496504
1__NQ_ES__logit__0.0200,2023,TRUE,1,NQ_ES,logit,,0.02,0.116725462881554,1,191,0.00891523525018671,112,0.586387434554974,98,0.513089005235602,0.0732984293193717,0.0157068062827225,51,123,0.031413612565445,0.115183246073298,191,1,80,51,0.6375,111,61,0.54954954954955,0.513089005235602,0.471204188481675
1__NQ_ES__logit__0.0100,2023,TRUE,1,NQ_ES,logit,,0.01,0.126936980217924,1,70,0.00326736370425691,41,0.585714285714286,31,0.442857142857143,0.142857142857143,0.0142857142857143,36,54,0.0428571428571429,0.185714285714286,70,1,23,13,0.565217391304348,47,28,0.595744680851064,0.442857142857143,0.542857142857143
1__NQ_ES__logit__0.0050,2023,TRUE,1,NQ_ES,logit,,0.005,0.138426347566303,1,18,0.000840179238237491,10,0.555555555555556,10,0.555555555555556,0,0,13,15,0.111111111111111,0.444444444444444,18,1,6,4,0.666666666666667,12,6,0.5,0.555555555555556,0.444444444444444
1__NQ_ES__ranger__0.5000,2023,TRUE,1,NQ_ES,ranger,,0.5,0.0261582308845639,1,11029,0.514796489917849,5802,0.526067639858555,5264,0.477287152053677,0.0487804878048781,0.0393508024299574,52,310,0.00544020310091577,0.0252969444192583,11029,1,6790,3501,0.515611192930781,4239,2301,0.542816702052371,0.477287152053677,0.483362045516366
1__NQ_ES__ranger__0.2000,2023,TRUE,1,NQ_ES,ranger,,0.2,0.0492941487885693,1,4597,0.214572442120986,2484,0.540352403741571,2197,0.477920382858386,0.0624320208831847,0.036763106373722,52,310,0.00587339569284316,0.0293669784642158,4597,1,2972,1556,0.523553162853298,1625,928,0.571076923076923,0.477920382858386,0.485316510767892
1__NQ_ES__ranger__0.1000,2023,TRUE,1,NQ_ES,ranger,,0.1,0.0610770739873877,1,2502,0.116784914115011,1360,0.543565147881695,1194,0.477218225419664,0.0663469224620304,0.0343725019984013,52,306,0.00759392486011191,0.0347721822541966,2502,1,1614,846,0.524163568773234,888,514,0.578828828828829,0.477218225419664,0.488409272581935
1__NQ_ES__ranger__0.0500,2023,TRUE,1,NQ_ES,ranger,,0.05,0.0703182124282484,1,1300,0.0606796116504854,740,0.569230769230769,620,0.476923076923077,0.0923076923076923,0.0330769230769231,52,289,0.00769230769230769,0.0384615384615385,1300,1,773,426,0.551099611901682,527,314,0.595825426944972,0.476923076923077,0.49
1__NQ_ES__ranger__0.0200,2023,TRUE,1,NQ_ES,ranger,,0.02,0.081350703951603,1,539,0.0251587005227782,304,0.564007421150278,248,0.460111317254174,0.103896103896104,0.0296846011131725,52,233,0.012987012987013,0.0575139146567718,539,1,265,144,0.543396226415094,274,160,0.583941605839416,0.460111317254174,0.510204081632653
1__NQ_ES__ranger__0.0100,2023,TRUE,1,NQ_ES,ranger,,0.01,0.0894904747633377,1,244,0.0113890963405527,139,0.569672131147541,114,0.467213114754098,0.102459016393443,0.0286885245901639,52,156,0.0204918032786885,0.0901639344262295,244,1,89,52,0.584269662921348,155,87,0.561290322580645,0.467213114754098,0.504098360655738
1__NQ_ES__ranger__0.0050,2023,TRUE,1,NQ_ES,ranger,,0.005,0.0976198404519065,1,97,0.00452763256161314,55,0.567010309278351,47,0.484536082474227,0.0824742268041237,0.0412371134020619,48,82,0.0206185567010309,0.103092783505155,97,1,28,18,0.642857142857143,69,37,0.536231884057971,0.484536082474227,0.474226804123711
1__NQ_ES__xgb_d2__0.5000,2023,TRUE,1,NQ_ES,xgb_d2,2,0.5,0.0312176942825317,1,10973,0.512182598954444,5816,0.530028251161943,5246,0.478082566299098,0.0519456848628452,0.0382757677936754,52,310,0.00510343570582339,0.0252437801877335,10973,1,6383,3326,0.521071596428012,4590,2490,0.542483660130719,0.478082566299098,0.483641665907227
1__NQ_ES__xgb_d2__0.2000,2023,TRUE,1,NQ_ES,xgb_d2,2,0.2,0.0582593321800232,1,4613,0.21531926811053,2506,0.543247344461305,2181,0.472794277043139,0.0704530674181661,0.0405376110990679,52,310,0.00672013873834815,0.0303490136570562,4613,1,2778,1462,0.526277897768179,1835,1044,0.568937329700272,0.472794277043139,0.486668111857793
1__NQ_ES__xgb_d2__0.1000,2023,TRUE,1,NQ_ES,xgb_d2,2,0.1,0.0726858854293823,1,2311,0.107869678864825,1272,0.550411077455647,1090,0.471657291215924,0.0787537862397231,0.0346170488965816,52,305,0.00778883600173085,0.0363479013414106,2311,1,1431,756,0.528301886792453,880,516,0.586363636363636,0.471657291215924,0.493725659887495
1__NQ_ES__xgb_d2__0.0500,2023,TRUE,1,NQ_ES,xgb_d2,2,0.05,0.0844002366065979,1,1167,0.0544716206123973,649,0.556126820908312,543,0.465295629820051,0.0908311910882605,0.0359897172236504,52,284,0.00942587832047986,0.0428449014567267,1167,1,706,373,0.528328611898017,461,276,0.598698481561822,0.465295629820051,0.498714652956298
1__NQ_ES__xgb_d2__0.0200,2023,TRUE,1,NQ_ES,xgb_d2,2,0.02,0.0963168847560882,1,477,0.0222647498132935,282,0.591194968553459,226,0.473794549266247,0.117400419287212,0.0314465408805031,52,224,0.0167714884696017,0.0649895178197065,477,1,262,151,0.576335877862595,215,131,0.609302325581395,0.473794549266247,0.49475890985325
1__NQ_ES__xgb_d2__0.0100,2023,TRUE,1,NQ_ES,xgb_d2,2,0.01,0.103354227542877,1,245,0.0114357729648992,149,0.608163265306122,112,0.457142857142857,0.151020408163265,0.0204081632653061,50,153,0.0204081632653061,0.0938775510204082,245,1,109,64,0.587155963302752,136,85,0.625,0.457142857142857,0.522448979591837
1__NQ_ES__xgb_d2__0.0050,2023,TRUE,1,NQ_ES,xgb_d2,2,0.005,0.111997636556625,1,94,0.00438760268857356,58,0.617021276595745,46,0.48936170212766,0.127659574468085,0.0319148936170213,42,74,0.0319148936170213,0.138297872340426,94,1,36,24,0.666666666666667,58,34,0.586206896551724,0.48936170212766,0.478723404255319
1__NQ_ES__xgb_d3__0.5000,2023,TRUE,1,NQ_ES,xgb_d3,3,0.5,0.0320648550987244,1,11150,0.520444361463779,5917,0.53067264573991,5368,0.481434977578475,0.049237668161435,0.0386547085201794,52,310,0.00502242152466368,0.0242152466367713,11150,1,6412,3369,0.525421085464754,4738,2548,0.537779653862389,0.481434977578475,0.479910313901345
1__NQ_ES__xgb_d3__0.2000,2023,TRUE,1,NQ_ES,xgb_d3,3,0.2,0.0599560499191284,1,4773,0.222787528005975,2574,0.539283469516028,2241,0.469516027655563,0.0697674418604651,0.0402262727844123,52,310,0.00607584328514561,0.0291221454012152,4773,1,2820,1469,0.520921985815603,1953,1105,0.565796210957501,0.469516027655563,0.490257699560025
1__NQ_ES__xgb_d3__0.1000,2023,TRUE,1,NQ_ES,xgb_d3,3,0.1,0.0755802989006043,1,2443,0.114030993278566,1349,0.552189930413426,1174,0.480556692591077,0.0716332378223496,0.0372492836676218,52,303,0.00859598853868195,0.0364306180925092,2443,1,1470,791,0.538095238095238,973,558,0.573484069886948,0.480556692591077,0.482194023741302
1__NQ_ES__xgb_d3__0.0500,2023,TRUE,1,NQ_ES,xgb_d3,3,0.05,0.0890182614326477,1,1208,0.0563853622106049,667,0.552152317880795,567,0.469370860927152,0.0827814569536424,0.0355960264900662,52,283,0.00993377483443709,0.0438741721854305,1208,1,702,372,0.52991452991453,506,295,0.58300395256917,0.469370860927152,0.495033112582781
1__NQ_ES__xgb_d3__0.0200,2023,TRUE,1,NQ_ES,xgb_d3,3,0.02,0.10558100938797,1,452,0.0210978342046303,253,0.559734513274336,212,0.469026548672566,0.0907079646017699,0.0353982300884956,52,213,0.0154867256637168,0.0685840707964602,452,1,214,119,0.55607476635514,238,134,0.563025210084034,0.469026548672566,0.495575221238938
1__NQ_ES__xgb_d3__0.0100,2023,TRUE,1,NQ_ES,xgb_d3,3,0.01,0.116813412904739,1,205,0.00956870799103809,123,0.6,95,0.463414634146342,0.136585365853659,0.0341463414634146,51,139,0.024390243902439,0.0975609756097561,205,1,76,47,0.618421052631579,129,76,0.589147286821706,0.463414634146342,0.502439024390244
1__NQ_ES__xgb_d3__0.0050,2023,TRUE,1,NQ_ES,xgb_d3,3,0.005,0.129401502013207,1,75,0.00350074682598954,49,0.653333333333333,38,0.506666666666667,0.146666666666667,0.0133333333333333,40,64,0.0266666666666667,0.133333333333333,75,1,23,18,0.782608695652174,52,31,0.596153846153846,0.506666666666667,0.48
1__NQ_ES__xgb_d4__0.5000,2023,TRUE,1,NQ_ES,xgb_d4,4,0.5,0.0342373251914978,1,10885,0.508075056011949,5794,0.532292145153881,5259,0.483141938447405,0.0491502067064768,0.0388608176389527,52,310,0.00523656407900781,0.02508038585209,10885,1,6300,3325,0.527777777777778,4585,2469,0.538495092693566,0.483141938447405,0.477997243913643
1__NQ_ES__xgb_d4__0.2000,2023,TRUE,1,NQ_ES,xgb_d4,4,0.2,0.0644451975822449,1,4536,0.211725168035848,2452,0.540564373897707,2132,0.470017636684303,0.0705467372134039,0.0394620811287478,52,310,0.00595238095238095,0.029320987654321,4536,1,2612,1367,0.523353751914242,1924,1085,0.563929313929314,0.470017636684303,0.490520282186949
1__NQ_ES__xgb_d4__0.1000,2023,TRUE,1,NQ_ES,xgb_d4,4,0.1,0.0818696618080139,1,2247,0.104882374906647,1254,0.55807743658211,1046,0.465509568313307,0.0925678682688029,0.0351579884290165,52,301,0.00801068090787717,0.0373831775700935,2247,1,1265,674,0.532806324110672,982,580,0.590631364562118,0.465509568313307,0.499332443257677
1__NQ_ES__xgb_d4__0.0500,2023,TRUE,1,NQ_ES,xgb_d4,4,0.05,0.0966420412063599,1,1094,0.0510642270351008,631,0.576782449725777,515,0.470749542961609,0.106032906764168,0.0319926873857404,52,280,0.0118829981718464,0.046617915904936,1094,1,569,318,0.558875219683656,525,313,0.596190476190476,0.470749542961609,0.497257769652651
1__NQ_ES__xgb_d4__0.0200,2023,TRUE,1,NQ_ES,xgb_d4,4,0.02,0.114752558469772,1,417,0.0194641523525019,238,0.570743405275779,186,0.446043165467626,0.124700239808153,0.0431654676258993,52,217,0.0143884892086331,0.0647482014388489,417,1,172,95,0.552325581395349,245,143,0.583673469387755,0.446043165467626,0.510791366906475
1__NQ_ES__xgb_d4__0.0100,2023,TRUE,1,NQ_ES,xgb_d4,4,0.01,0.130692887306213,1,169,0.00788834951456311,102,0.603550295857988,73,0.431952662721893,0.171597633136095,0.0355029585798817,50,123,0.0236686390532544,0.100591715976331,169,1,58,35,0.603448275862069,111,67,0.603603603603604,0.431952662721893,0.532544378698225
1__NQ_ES__xgb_d4__0.0050,2023,TRUE,1,NQ_ES,xgb_d4,4,0.005,0.143885913491249,1,73,0.00340739357729649,45,0.616438356164384,41,0.561643835616438,0.0547945205479452,0.0136986301369863,40,63,0.0273972602739726,0.136986301369863,73,1,22,18,0.818181818181818,51,27,0.529411764705882,0.561643835616438,0.424657534246575
1__NQ_ES__xgb_d5__0.5000,2023,TRUE,1,NQ_ES,xgb_d5,5,0.5,0.0349498391151428,1,10932,0.510268857356236,5779,0.52863154043176,5297,0.484540797658251,0.044090742773509,0.0393340651298939,52,310,0.0053055250640322,0.0252469813391877,10932,1,6239,3288,0.527007533258535,4693,2491,0.530790539100789,0.484540797658251,0.476125137211855
1__NQ_ES__xgb_d5__0.2000,2023,TRUE,1,NQ_ES,xgb_d5,5,0.2,0.0672977566719055,1,4501,0.210091486183719,2409,0.535214396800711,2102,0.467007331704066,0.0682070650966452,0.0393245945345479,52,310,0.00644301266385248,0.0302155076649633,4501,1,2550,1320,0.517647058823529,1951,1089,0.558175294720656,0.467007331704066,0.493668073761386
1__NQ_ES__xgb_d5__0.1000,2023,TRUE,1,NQ_ES,xgb_d5,5,0.1,0.0870080590248108,1,2191,0.102268483943241,1191,0.543587403012323,1015,0.463258785942492,0.0803286170698311,0.0365130077590142,52,301,0.00867183934276586,0.0369694203560018,2191,1,1216,635,0.522203947368421,975,556,0.57025641025641,0.463258785942492,0.500228206298494
1__NQ_ES__xgb_d5__0.0500,2023,TRUE,1,NQ_ES,xgb_d5,5,0.05,0.104329037666321,1,1069,0.0498973114264376,600,0.561272217025257,512,0.478952291861553,0.0823199251637044,0.0299345182413471,52,275,0.0112254443405051,0.048643592142189,1069,1,586,322,0.549488054607509,483,278,0.575569358178054,0.478952291861553,0.4911131898971
1__NQ_ES__xgb_d5__0.0200,2023,TRUE,1,NQ_ES,xgb_d5,5,0.02,0.126099624633789,1,398,0.0185772964899179,210,0.527638190954774,185,0.464824120603015,0.0628140703517588,0.0376884422110553,52,203,0.0150753768844221,0.0753768844221106,398,1,208,107,0.514423076923077,190,103,0.542105263157895,0.464824120603015,0.49748743718593
1__NQ_ES__xgb_d5__0.0100,2023,TRUE,1,NQ_ES,xgb_d5,5,0.01,0.142870206832886,1,152,0.00709484690067214,84,0.552631578947369,79,0.519736842105263,0.0328947368421053,0.0131578947368421,48,110,0.0263157894736842,0.105263157894737,152,1,68,40,0.588235294117647,84,44,0.523809523809524,0.519736842105263,0.467105263157895
1__NQ_ES__xgb_d5__0.0050,2023,TRUE,1,NQ_ES,xgb_d5,5,0.005,0.158654330968857,1,54,0.00252053771471247,24,0.444444444444444,32,0.592592592592593,-0.148148148148148,0.0185185185185185,31,47,0.037037037037037,0.185185185185185,54,1,21,12,0.571428571428571,33,12,0.363636363636364,0.592592592592593,0.388888888888889
3__NQ_ONLY__logit__0.5000,2023,TRUE,3,NQ_ONLY,logit,,0.5,0.0298882852213045,1,10581,0.494323756131745,5493,0.519138077686419,5188,0.490312824874776,0.0288252528116435,0.0265570361969568,52,310,0.00529250543426897,0.0255174369152254,10581,1,7184,3686,0.513084632516704,3397,1807,0.53193994701207,0.490312824874776,0.483130138928268
3__NQ_ONLY__logit__0.2000,2023,TRUE,3,NQ_ONLY,logit,,0.2,0.056794592129825,1,4072,0.190235926185471,2164,0.531434184675835,1993,0.489440078585462,0.0419941060903733,0.0243123772102161,52,304,0.00712180746561886,0.0346267190569745,4072,1,2841,1478,0.520239352340725,1231,686,0.557270511779041,0.489440078585462,0.486247544204322
3__NQ_ONLY__logit__0.1000,2023,TRUE,3,NQ_ONLY,logit,,0.1,0.0727447877668174,1,1982,0.0925951880401775,1034,0.521695257315843,939,0.473763874873865,0.0479313824419778,0.0287588294651867,52,292,0.0110998990918264,0.0443995963673058,1982,1,1328,670,0.504518072289157,654,364,0.556574923547401,0.473763874873865,0.497477295660949
3__NQ_ONLY__logit__0.0500,2023,TRUE,3,NQ_ONLY,logit,,0.05,0.0865189862898406,1,909,0.0424667133847232,469,0.515951595159516,427,0.46974697469747,0.0462046204620462,0.0308030803080308,52,265,0.0143014301430143,0.0572057205720572,909,1,603,301,0.499170812603648,306,168,0.549019607843137,0.46974697469747,0.499449944994499
3__NQ_ONLY__logit__0.0200,2023,TRUE,3,NQ_ONLY,logit,,0.02,0.103300321202991,1,297,0.013875262789068,158,0.531986531986532,138,0.464646464646465,0.0673400673400673,0.0235690235690236,52,173,0.0202020202020202,0.0740740740740741,297,1,206,104,0.504854368932039,91,54,0.593406593406593,0.464646464646465,0.511784511784512
3__NQ_ONLY__logit__0.0100,2023,TRUE,3,NQ_ONLY,logit,,0.01,0.113962363566111,1,129,0.00602662929222144,63,0.488372093023256,53,0.410852713178295,0.0775193798449612,0.0465116279069768,49,100,0.0232558139534884,0.116279069767442,129,1,92,41,0.445652173913043,37,22,0.594594594594595,0.410852713178295,0.542635658914729
3__NQ_ONLY__logit__0.0050,2023,TRUE,3,NQ_ONLY,logit,,0.005,0.123026703909089,1,54,0.00252277505255781,25,0.462962962962963,20,0.37037037037037,0.0925925925925926,0.0740740740740741,34,50,0.037037037037037,0.166666666666667,54,1,38,15,0.394736842105263,16,10,0.625,0.37037037037037,0.555555555555556
3__NQ_ONLY__ranger__0.5000,2023,TRUE,3,NQ_ONLY,ranger,,0.5,0.023688513919901,1,11282,0.527073113758468,5864,0.519765998936359,5578,0.494415883708562,0.0253501152277965,0.0257046622939195,52,310,0.00478638539266088,0.0239319269633044,11282,1,8184,4215,0.515029325513197,3098,1649,0.532278889606198,0.494415883708562,0.479879453997518
3__NQ_ONLY__ranger__0.2000,2023,TRUE,3,NQ_ONLY,ranger,,0.2,0.0464631756790311,1,4879,0.227937397804251,2589,0.530641524902644,2432,0.498462799754048,0.032178725148596,0.0268497642959623,52,309,0.00676368108218897,0.0319737651158024,4879,1,3755,1961,0.522237017310253,1124,628,0.558718861209964,0.498462799754048,0.47468743594999
3__NQ_ONLY__ranger__0.1000,2023,TRUE,3,NQ_ONLY,ranger,,0.1,0.0595717184331771,1,2398,0.112029899556178,1282,0.534612176814012,1193,0.497497914929108,0.0371142618849041,0.0300250208507089,52,302,0.0108423686405338,0.0412844036697248,2398,1,1767,931,0.526881720430108,631,351,0.556259904912837,0.497497914929108,0.472477064220184
3__NQ_ONLY__ranger__0.0500,2023,TRUE,3,NQ_ONLY,ranger,,0.05,0.0714813318876483,1,1117,0.0521840691427237,606,0.542524619516562,535,0.478961504028648,0.0635631154879141,0.0259623992837959,52,282,0.0152193375111907,0.0519247985675918,1117,1,752,394,0.523936170212766,365,212,0.580821917808219,0.478961504028648,0.495076096687556
3__NQ_ONLY__ranger__0.0200,2023,TRUE,3,NQ_ONLY,ranger,,0.02,0.0837437740615766,1,439,0.0205092268161644,239,0.544419134396355,190,0.432801822323462,0.111617312072893,0.0250569476082005,52,223,0.020501138952164,0.0660592255125285,439,1,256,125,0.48828125,183,114,0.622950819672131,0.432801822323462,0.542141230068337
3__NQ_ONLY__ranger__0.0100,2023,TRUE,3,NQ_ONLY,ranger,,0.01,0.0913054437324254,1,196,0.00915673907965429,110,0.561224489795918,77,0.392857142857143,0.168367346938776,0.0204081632653061,52,143,0.0153061224489796,0.076530612244898,196,1,91,42,0.461538461538462,105,68,0.647619047619048,0.392857142857143,0.586734693877551
3__NQ_ONLY__ranger__0.0050,2023,TRUE,3,NQ_ONLY,ranger,,0.005,0.0981276633230405,1,88,0.00411118897453866,58,0.659090909090909,34,0.386363636363636,0.272727272727273,0.0227272727272727,44,78,0.0340909090909091,0.125,88,1,31,18,0.580645161290323,57,40,0.701754385964912,0.386363636363636,0.590909090909091
3__NQ_ONLY__xgb_d2__0.5000,2023,TRUE,3,NQ_ONLY,xgb_d2,2,0.5,0.0270610451698303,1,11380,0.531651483298295,5893,0.517838312829526,5618,0.493673110720562,0.0241652021089631,0.0246045694200352,52,310,0.00509666080843585,0.0246045694200352,11380,1,8135,4173,0.512968653964352,3245,1720,0.530046224961479,0.493673110720562,0.481722319859402
3__NQ_ONLY__xgb_d2__0.2000,2023,TRUE,3,NQ_ONLY,xgb_d2,2,0.2,0.0497016072273254,1,4705,0.219808455968232,2482,0.527523910733263,2315,0.492029755579171,0.0354941551540914,0.0278427205100956,52,307,0.00637619553666312,0.0316684378320935,4705,1,3468,1795,0.517589388696655,1237,687,0.555375909458367,0.492029755579171,0.480127523910733
3__NQ_ONLY__xgb_d2__0.1000,2023,TRUE,3,NQ_ONLY,xgb_d2,2,0.1,0.0616345465183258,1,2384,0.111375846764775,1273,0.533976510067114,1177,0.493708053691275,0.0402684563758389,0.0255872483221477,52,297,0.00880872483221476,0.039010067114094,2384,1,1710,897,0.524561403508772,674,376,0.55786350148368,0.493708053691275,0.480704697986577
3__NQ_ONLY__xgb_d2__0.0500,2023,TRUE,3,NQ_ONLY,xgb_d2,2,0.05,0.0736009895801544,1,1197,0.0559215136650315,645,0.538847117794486,557,0.465329991645781,0.0735171261487051,0.0258980785296575,52,279,0.0116959064327485,0.0476190476190476,1197,1,827,423,0.511487303506651,370,222,0.6,0.465329991645781,0.508771929824562
3__NQ_ONLY__xgb_d2__0.0200,2023,TRUE,3,NQ_ONLY,xgb_d2,2,0.02,0.08708425283432,1,481,0.0224713851903761,263,0.546777546777547,231,0.48024948024948,0.0665280665280665,0.0228690228690229,52,226,0.024948024948025,0.0686070686070686,481,1,361,189,0.523545706371191,120,74,0.616666666666667,0.48024948024948,0.496881496881497
3__NQ_ONLY__xgb_d2__0.0100,2023,TRUE,3,NQ_ONLY,xgb_d2,2,0.01,0.0942334717512131,1,241,0.0112590516234525,132,0.547717842323652,113,0.468879668049793,0.0788381742738589,0.020746887966805,51,161,0.020746887966805,0.0829875518672199,241,1,191,98,0.513089005235602,50,34,0.68,0.468879668049793,0.510373443983403
3__NQ_ONLY__xgb_d2__0.0050,2023,TRUE,3,NQ_ONLY,xgb_d2,2,0.005,0.100318319201469,1,112,0.00523242233123102,61,0.544642857142857,54,0.482142857142857,0.0625,0.0357142857142857,45,93,0.0267857142857143,0.107142857142857,112,1,92,48,0.521739130434783,20,13,0.65,0.482142857142857,0.482142857142857
3__NQ_ONLY__xgb_d3__0.5000,2023,TRUE,3,NQ_ONLY,xgb_d3,3,0.5,0.0283524394035339,1,11236,0.524924083158141,5842,0.519935920256319,5584,0.496974012103952,0.0229619081523674,0.0254538981844073,52,310,0.00551797792808829,0.0256318974724101,11236,1,8028,4147,0.516567015445939,3208,1695,0.528366583541147,0.496974012103952,0.477572089711641
3__NQ_ONLY__xgb_d3__0.2000,2023,TRUE,3,NQ_ONLY,xgb_d3,3,0.2,0.05272057056427,1,4624,0.216024293389395,2436,0.52681660899654,2276,0.492214532871972,0.0346020761245675,0.0266003460207612,52,309,0.00713667820069204,0.0328719723183391,4624,1,3392,1755,0.517393867924528,1232,681,0.55275974025974,0.492214532871972,0.481185121107266
3__NQ_ONLY__xgb_d3__0.1000,2023,TRUE,3,NQ_ONLY,xgb_d3,3,0.1,0.0670096755027771,1,2235,0.104414856341976,1198,0.536017897091723,1091,0.488143176733781,0.0478747203579418,0.0268456375838926,52,299,0.00939597315436242,0.0411633109619687,2235,1,1626,848,0.521525215252153,609,350,0.574712643678161,0.488143176733781,0.485011185682327
3__NQ_ONLY__xgb_d3__0.0500,2023,TRUE,3,NQ_ONLY,xgb_d3,3,0.05,0.0816503673791885,1,1131,0.0528381219341275,612,0.541114058355438,539,0.47656940760389,0.0645446507515473,0.026525198938992,52,287,0.0106100795755968,0.0477453580901857,1131,1,781,407,0.52112676056338,350,205,0.585714285714286,0.47656940760389,0.496905393457118
3__NQ_ONLY__xgb_d3__0.0200,2023,TRUE,3,NQ_ONLY,xgb_d3,3,0.02,0.099254388809204,1,389,0.018173323989722,217,0.557840616966581,170,0.437017994858612,0.120822622107969,0.0154241645244216,52,209,0.0179948586118252,0.077120822622108,389,1,260,130,0.5,129,87,0.674418604651163,0.437017994858612,0.547557840616967
3__NQ_ONLY__xgb_d3__0.0100,2023,TRUE,3,NQ_ONLY,xgb_d3,3,0.01,0.111046643257141,1,173,0.00808222377949077,102,0.589595375722543,70,0.404624277456647,0.184971098265896,0.0173410404624277,51,129,0.0289017341040462,0.104046242774566,173,1,112,56,0.5,61,46,0.754098360655738,0.404624277456647,0.578034682080925
3__NQ_ONLY__xgb_d3__0.0050,2023,TRUE,3,NQ_ONLY,xgb_d3,3,0.005,0.121426504254341,1,84,0.00392431674842327,53,0.630952380952381,37,0.440476190476191,0.19047619047619,0.0238095238095238,44,76,0.0238095238095238,0.119047619047619,84,1,51,29,0.568627450980392,33,24,0.727272727272727,0.440476190476191,0.535714285714286
3__NQ_ONLY__xgb_d4__0.5000,2023,TRUE,3,NQ_ONLY,xgb_d4,4,0.5,0.0292803049087524,1,11177,0.522167717822939,5838,0.52232262682294,5570,0.498344815245594,0.0239778115773463,0.0241567504697146,52,310,0.00554710566341594,0.0263040171781337,11177,1,7984,4143,0.518912825651303,3193,1695,0.530848731600376,0.498344815245594,0.477498434284692
3__NQ_ONLY__xgb_d4__0.2000,2023,TRUE,3,NQ_ONLY,xgb_d4,4,0.2,0.0551678717136383,1,4360,0.203690726465779,2331,0.534633027522936,2171,0.497935779816514,0.036697247706422,0.0254587155963303,52,310,0.00711009174311927,0.0334862385321101,4360,1,3155,1664,0.527416798732171,1205,667,0.553526970954357,0.497935779816514,0.476605504587156
3__NQ_ONLY__xgb_d4__0.1000,2023,TRUE,3,NQ_ONLY,xgb_d4,4,0.1,0.0722210168838501,1,2057,0.0960990422798412,1100,0.53475935828877,999,0.485658726300438,0.0491006319883325,0.0267379679144385,52,299,0.00972289742343218,0.0403500243072436,2057,1,1473,765,0.519348268839104,584,335,0.573630136986301,0.485658726300438,0.487603305785124
3__NQ_ONLY__xgb_d4__0.0500,2023,TRUE,3,NQ_ONLY,xgb_d4,4,0.05,0.0889413982629776,1,979,0.0457369773417426,512,0.522982635342186,457,0.466802860061287,0.0561797752808989,0.0265577119509704,52,278,0.0143003064351379,0.0520939734422881,979,1,671,336,0.500745156482862,308,176,0.571428571428571,0.466802860061287,0.506639427987743
3__NQ_ONLY__xgb_d4__0.0200,2023,TRUE,3,NQ_ONLY,xgb_d4,4,0.02,0.108482786417007,1,331,0.0154636767110488,184,0.555891238670695,147,0.444108761329305,0.11178247734139,0.027190332326284,52,197,0.0211480362537764,0.0755287009063444,331,1,212,107,0.504716981132076,119,77,0.647058823529412,0.444108761329305,0.528700906344411
3__NQ_ONLY__xgb_d4__0.0100,2023,TRUE,3,NQ_ONLY,xgb_d4,4,0.01,0.121844843029976,1,151,0.00705442653585611,90,0.596026490066225,63,0.417218543046358,0.178807947019868,0.0132450331125828,49,118,0.0264900662251656,0.112582781456954,151,1,79,41,0.518987341772152,72,49,0.680555555555556,0.417218543046358,0.56953642384106
3__NQ_ONLY__xgb_d4__0.0050,2023,TRUE,3,NQ_ONLY,xgb_d4,4,0.005,0.133289865255356,1,80,0.00373744452230787,50,0.625,31,0.3875,0.2375,0.025,41,70,0.0375,0.1375,80,1,36,19,0.527777777777778,44,31,0.704545454545455,0.3875,0.5875
3__NQ_ONLY__xgb_d5__0.5000,2023,TRUE,3,NQ_ONLY,xgb_d5,5,0.5,0.0318157970905304,1,10748,0.502125671572063,5586,0.519724599925568,5323,0.495254931149981,0.0244696687755862,0.0240975065128396,52,310,0.00576851507257164,0.0267026423520655,10748,1,7582,3908,0.515431284621472,3166,1678,0.530006317119394,0.495254931149981,0.480647562337179
3__NQ_ONLY__xgb_d5__0.2000,2023,TRUE,3,NQ_ONLY,xgb_d5,5,0.2,0.0600685775279999,1,4079,0.190562952581173,2165,0.530767344937485,2012,0.493258151507723,0.0375091934297622,0.0252512870801667,52,310,0.00710958568276538,0.0340769796518755,4079,1,2873,1500,0.522102332057083,1206,665,0.551409618573798,0.493258151507723,0.481490561412111
3__NQ_ONLY__xgb_d5__0.1000,2023,TRUE,3,NQ_ONLY,xgb_d5,5,0.1,0.0782990336418152,1,1889,0.0882504087829946,1010,0.534674430915828,928,0.491265219692959,0.0434092112228692,0.0254102699841186,52,303,0.0105876124933827,0.0449973530968767,1889,1,1297,681,0.525057825751735,592,329,0.555743243243243,0.491265219692959,0.483324510322922
3__NQ_ONLY__xgb_d5__0.0500,2023,TRUE,3,NQ_ONLY,xgb_d5,5,0.05,0.0961257576942444,1,861,0.0402242466713385,457,0.530778164924506,401,0.465737514518002,0.0650406504065041,0.0278745644599303,52,279,0.0174216027874564,0.0569105691056911,861,1,552,279,0.505434782608696,309,178,0.576051779935275,0.465737514518002,0.506387921022067
3__NQ_ONLY__xgb_d5__0.0200,2023,TRUE,3,NQ_ONLY,xgb_d5,5,0.02,0.118224958181381,1,261,0.0121934127540294,148,0.567049808429119,114,0.436781609195402,0.130268199233716,0.0191570881226054,52,178,0.0229885057471264,0.0881226053639847,261,1,151,77,0.509933774834437,110,71,0.645454545454546,0.436781609195402,0.544061302681992
3__NQ_ONLY__xgb_d5__0.0100,2023,TRUE,3,NQ_ONLY,xgb_d5,5,0.01,0.132567099332809,1,116,0.00541929455734641,63,0.543103448275862,50,0.431034482758621,0.112068965517241,0.0172413793103448,46,88,0.0344827586206897,0.146551724137931,116,1,51,25,0.490196078431373,65,38,0.584615384615385,0.431034482758621,0.551724137931035
3__NQ_ONLY__xgb_d5__0.0050,2023,TRUE,3,NQ_ONLY,xgb_d5,5,0.005,0.147188638448715,1,47,0.00219574865685587,26,0.553191489361702,18,0.382978723404255,0.170212765957447,0.0212765957446809,29,42,0.0425531914893617,0.212765957446809,47,1,22,10,0.454545454545455,25,16,0.64,0.382978723404255,0.595744680851064
3__NQ_ES__logit__0.5000,2023,TRUE,3,NQ_ES,logit,,0.5,0.0300371855015623,1,10605,0.495444989488437,5515,0.52003771805752,5217,0.491937765205092,0.0280999528524281,0.0263083451202263,52,310,0.00537482319660538,0.0264026402640264,10605,1,7057,3637,0.515374805157999,3548,1878,0.529312288613303,0.491937765205092,0.481753889674682
3__NQ_ES__logit__0.2000,2023,TRUE,3,NQ_ES,logit,,0.2,0.0577126030260187,1,4050,0.189208128941836,2170,0.535802469135803,2000,0.493827160493827,0.0419753086419753,0.0234567901234568,52,303,0.00740740740740741,0.0350617283950617,4050,1,2790,1472,0.527598566308244,1260,698,0.553968253968254,0.493827160493827,0.482716049382716
3__NQ_ES__logit__0.1000,2023,TRUE,3,NQ_ES,logit,,0.1,0.0745054476978795,1,1873,0.0875029198785331,1004,0.536038441003737,901,0.481046449546183,0.0549919914575547,0.0272290443139349,52,291,0.0112119594233849,0.0453817405232248,1873,1,1247,650,0.521251002405774,626,354,0.565495207667732,0.481046449546183,0.491724506139883
3__NQ_ES__logit__0.0500,2023,TRUE,3,NQ_ES,logit,,0.05,0.0891640837190698,1,871,0.040691427236627,461,0.529276693455798,403,0.462686567164179,0.0665901262916188,0.0298507462686567,52,260,0.0114810562571757,0.052812858783008,871,1,576,291,0.505208333333333,295,170,0.576271186440678,0.462686567164179,0.507462686567164
3__NQ_ES__logit__0.0200,2023,TRUE,3,NQ_ES,logit,,0.02,0.105888137153385,1,289,0.0135015183368372,150,0.519031141868512,130,0.449826989619377,0.069204152249135,0.0380622837370242,52,166,0.0242214532871972,0.0830449826989619,289,1,197,96,0.487309644670051,92,54,0.586956521739131,0.449826989619377,0.512110726643599
3__NQ_ES__logit__0.0100,2023,TRUE,3,NQ_ES,logit,,0.01,0.116841673473581,1,132,0.00616678346180799,77,0.583333333333333,58,0.439393939393939,0.143939393939394,0.0454545454545455,50,107,0.0227272727272727,0.113636363636364,132,1,95,50,0.526315789473684,37,27,0.72972972972973,0.439393939393939,0.515151515151515
3__NQ_ES__logit__0.0050,2023,TRUE,3,NQ_ES,logit,,0.005,0.128364135267892,1,45,0.00210231254379818,22,0.488888888888889,21,0.466666666666667,0.0222222222222222,0.0888888888888889,30,43,0.0444444444444444,0.155555555555556,45,1,35,17,0.485714285714286,10,5,0.5,0.466666666666667,0.444444444444444
3__NQ_ES__ranger__0.5000,2023,TRUE,3,NQ_ES,ranger,,0.5,0.0236767647330464,1,11221,0.524223312310208,5834,0.519918010872471,5533,0.493093307191872,0.0268247036805989,0.0259335175118082,52,310,0.00507976116210676,0.0246858568755013,11221,1,8102,4165,0.514070599851888,3119,1669,0.535107406219942,0.493093307191872,0.480973175296319
3__NQ_ES__ranger__0.2000,2023,TRUE,3,NQ_ES,ranger,,0.2,0.0461228246130917,1,4715,0.22027563653352,2500,0.530222693531283,2356,0.499681866383881,0.0305408271474019,0.0277836691410392,52,309,0.00699893955461294,0.0316012725344645,4715,1,3658,1914,0.523236741388737,1057,586,0.554399243140965,0.499681866383881,0.47253446447508
3__NQ_ES__ranger__0.1000,2023,TRUE,3,NQ_ES,ranger,,0.1,0.0589256644088374,1,2372,0.110815230086428,1282,0.540472175379427,1184,0.499156829679595,0.0413153456998314,0.0269814502529511,52,303,0.010539629005059,0.040893760539629,2372,1,1804,958,0.531042128603104,568,324,0.570422535211268,0.499156829679595,0.473861720067454
3__NQ_ES__ranger__0.0500,2023,TRUE,3,NQ_ES,ranger,,0.05,0.0702794710449548,1,1151,0.0537724830647045,622,0.540399652476108,559,0.485664639443962,0.054735013032146,0.0251954821894005,52,283,0.0139009556907037,0.0469157254561251,1151,1,822,432,0.525547445255475,329,190,0.577507598784195,0.485664639443962,0.489139878366638
3__NQ_ES__ranger__0.0200,2023,TRUE,3,NQ_ES,ranger,,0.02,0.0826609341040527,1,414,0.0193412754029432,221,0.533816425120773,191,0.461352657004831,0.072463768115942,0.0338164251207729,52,214,0.0169082125603865,0.0676328502415459,414,1,292,147,0.503424657534247,122,74,0.60655737704918,0.461352657004831,0.504830917874396
3__NQ_ES__ranger__0.0100,2023,TRUE,3,NQ_ES,ranger,,0.01,0.090582798658862,1,206,0.00962391964494277,109,0.529126213592233,92,0.446601941747573,0.0825242718446602,0.0242718446601942,51,144,0.0194174757281553,0.0776699029126214,206,1,150,73,0.486666666666667,56,36,0.642857142857143,0.446601941747573,0.529126213592233
3__NQ_ES__ranger__0.0050,2023,TRUE,3,NQ_ES,ranger,,0.005,0.0968385496738961,1,102,0.00476524176594254,57,0.558823529411765,45,0.441176470588235,0.117647058823529,0.0196078431372549,43,85,0.0294117647058824,0.107843137254902,102,1,77,39,0.506493506493507,25,18,0.72,0.441176470588235,0.53921568627451
3__NQ_ES__xgb_d2__0.5000,2023,TRUE,3,NQ_ES,xgb_d2,2,0.5,0.0272307991981506,1,11136,0.520252277505256,5792,0.520114942528736,5511,0.494881465517241,0.0252334770114943,0.0255028735632184,52,310,0.00502873563218391,0.0247844827586207,11136,1,7816,4033,0.515992835209826,3320,1759,0.529819277108434,0.494881465517241,0.47961566091954
3__NQ_ES__xgb_d2__0.2000,2023,TRUE,3,NQ_ES,xgb_d2,2,0.2,0.0509177446365356,1,4411,0.20607334734875,2342,0.53094536386307,2180,0.494218997959646,0.0367263659034233,0.0285649512582181,52,309,0.00680117887100431,0.0319655406937202,4411,1,3287,1716,0.522056586553088,1124,626,0.556939501779359,0.494218997959646,0.477216050782136
3__NQ_ES__xgb_d2__0.1000,2023,TRUE,3,NQ_ES,xgb_d2,2,0.1,0.0630050241947174,1,2214,0.10343377715487,1185,0.535230352303523,1073,0.484643179765131,0.0505871725383921,0.0230352303523035,52,303,0.00858175248419151,0.040650406504065,2214,1,1631,847,0.51931330472103,583,338,0.579759862778731,0.484643179765131,0.492321589882566
3__NQ_ES__xgb_d2__0.0500,2023,TRUE,3,NQ_ES,xgb_d2,2,0.05,0.0747611969709396,1,1090,0.0509226816164448,587,0.538532110091743,522,0.478899082568807,0.0596330275229358,0.0247706422018349,52,282,0.0128440366972477,0.0522935779816514,1090,1,823,427,0.518833535844471,267,160,0.599250936329588,0.478899082568807,0.496330275229358
3__NQ_ES__xgb_d2__0.0200,2023,TRUE,3,NQ_ES,xgb_d2,2,0.02,0.0880883765220642,1,444,0.0207428170988087,236,0.531531531531532,217,0.488738738738739,0.0427927927927928,0.0247747747747748,52,223,0.0135135135135135,0.0585585585585586,444,1,373,193,0.517426273458445,71,43,0.605633802816901,0.488738738738739,0.486486486486487
3__NQ_ES__xgb_d2__0.0100,2023,TRUE,3,NQ_ES,xgb_d2,2,0.01,0.0955308794975281,1,236,0.0110254613408082,126,0.533898305084746,125,0.529661016949153,0.00423728813559322,0.0211864406779661,51,155,0.0169491525423729,0.0720338983050848,236,1,212,114,0.537735849056604,24,12,0.5,0.529661016949153,0.449152542372881
3__NQ_ES__xgb_d2__0.0050,2023,TRUE,3,NQ_ES,xgb_d2,2,0.005,0.101680186390877,1,128,0.0059799112356926,69,0.5390625,68,0.53125,0.0078125,0.015625,42,97,0.0234375,0.1171875,128,1,116,63,0.543103448275862,12,6,0.5,0.53125,0.453125
3__NQ_ES__xgb_d3__0.5000,2023,TRUE,3,NQ_ES,xgb_d3,3,0.5,0.0286188721656799,1,11001,0.513945339873861,5729,0.520770839014635,5417,0.492409780929006,0.0283610580856286,0.0255431324425052,52,310,0.00518134715025907,0.0244523225161349,11001,1,7697,3961,0.514616084188645,3304,1768,0.535108958837772,0.492409780929006,0.482047086628488
3__NQ_ES__xgb_d3__0.2000,2023,TRUE,3,NQ_ES,xgb_d3,3,0.2,0.0531543731689453,1,4361,0.203737444522308,2304,0.528319192845678,2133,0.489108002751662,0.0392111900940151,0.0252235725750975,52,310,0.00687915615684476,0.0321027287319422,4361,1,3196,1651,0.516583229036295,1165,653,0.560515021459228,0.489108002751662,0.48566842467324
3__NQ_ES__xgb_d3__0.1000,2023,TRUE,3,NQ_ES,xgb_d3,3,0.1,0.0675265192985535,1,2091,0.097687456201822,1112,0.531802965088474,998,0.477283596365376,0.054519368723099,0.0267814442850311,52,295,0.0100430416068867,0.0411286465805835,2091,1,1491,765,0.51307847082495,600,347,0.578333333333333,0.477283596365376,0.495934959349594
3__NQ_ES__xgb_d3__0.0500,2023,TRUE,3,NQ_ES,xgb_d3,3,0.05,0.081132048368454,1,1047,0.0489138051857043,559,0.533906399235912,482,0.4603629417383,0.0735434574976122,0.0238777459407832,52,277,0.0114613180515759,0.0515759312320917,1047,1,725,365,0.503448275862069,322,194,0.60248447204969,0.4603629417383,0.515759312320917
3__NQ_ES__xgb_d3__0.0200,2023,TRUE,3,NQ_ES,xgb_d3,3,0.02,0.0981198716163635,1,415,0.0193879934594721,218,0.525301204819277,182,0.43855421686747,0.0867469879518072,0.0265060240963855,52,210,0.0144578313253012,0.0626506024096386,415,1,305,147,0.481967213114754,110,71,0.645454545454546,0.43855421686747,0.534939759036145
3__NQ_ES__xgb_d3__0.0100,2023,TRUE,3,NQ_ES,xgb_d3,3,0.01,0.107650775313377,1,216,0.0100911002102313,110,0.509259259259259,98,0.453703703703704,0.0555555555555556,0.0416666666666667,51,142,0.0185185185185185,0.0787037037037037,216,1,173,84,0.485549132947977,43,26,0.604651162790698,0.453703703703704,0.50462962962963
3__NQ_ES__xgb_d3__0.0050,2023,TRUE,3,NQ_ES,xgb_d3,3,0.005,0.117495800256729,1,89,0.00415790703106751,45,0.50561797752809,47,0.528089887640449,-0.0224719101123596,0.0224719101123596,42,74,0.0337078651685393,0.123595505617978,89,1,71,38,0.535211267605634,18,7,0.388888888888889,0.528089887640449,0.449438202247191
3__NQ_ES__xgb_d4__0.5000,2023,TRUE,3,NQ_ES,xgb_d4,4,0.5,0.0300617814064026,1,10817,0.505349217472553,5631,0.520569473976149,5324,0.492188222242766,0.0283812517333826,0.0271794397707313,52,310,0.00508458907275585,0.0249607099935287,10817,1,7559,3891,0.514750628389999,3258,1740,0.534069981583794,0.492188222242766,0.480632337986503
3__NQ_ES__xgb_d4__0.2000,2023,TRUE,3,NQ_ES,xgb_d4,4,0.2,0.0569464802742004,1,4150,0.193879934594721,2172,0.523373493975904,2009,0.484096385542169,0.0392771084337349,0.0274698795180723,52,310,0.00746987951807229,0.0349397590361446,4150,1,3014,1537,0.509953550099536,1136,635,0.558978873239437,0.484096385542169,0.488433734939759
3__NQ_ES__xgb_d4__0.1000,2023,TRUE,3,NQ_ES,xgb_d4,4,0.1,0.0741860270500183,1,1964,0.0917542630226582,1045,0.532077393075356,941,0.479124236252546,0.0529531568228106,0.0259674134419552,52,301,0.0106924643584521,0.0427698574338086,1964,1,1398,718,0.513590844062947,566,327,0.57773851590106,0.479124236252546,0.494908350305499
3__NQ_ES__xgb_d4__0.0500,2023,TRUE,3,NQ_ES,xgb_d4,4,0.05,0.089117231965065,1,969,0.0452697967764541,510,0.526315789473684,451,0.465428276573787,0.0608875128998968,0.0288957688338493,52,276,0.0144478844169247,0.0557275541795666,969,1,683,342,0.500732064421669,286,168,0.587412587412587,0.465428276573787,0.505675954592363
3__NQ_ES__xgb_d4__0.0200,2023,TRUE,3,NQ_ES,xgb_d4,4,0.02,0.108591648340225,1,352,0.0164447558981546,198,0.5625,166,0.471590909090909,0.0909090909090909,0.0227272727272727,52,194,0.0170454545454545,0.0738636363636364,352,1,251,133,0.529880478087649,101,65,0.643564356435644,0.471590909090909,0.505681818181818
3__NQ_ES__xgb_d4__0.0100,2023,TRUE,3,NQ_ES,xgb_d4,4,0.01,0.120930874347687,1,168,0.00784863349684653,93,0.553571428571429,81,0.482142857142857,0.0714285714285714,0.00595238095238095,48,128,0.0297619047619048,0.101190476190476,168,1,127,67,0.52755905511811,41,26,0.634146341463415,0.482142857142857,0.511904761904762
3__NQ_ES__xgb_d4__0.0050,2023,TRUE,3,NQ_ES,xgb_d4,4,0.005,0.131137051582336,1,81,0.00378416257883672,44,0.54320987654321,39,0.481481481481482,0.0617283950617284,0.0123456790123457,42,73,0.037037037037037,0.135802469135802,81,1,61,32,0.524590163934426,20,12,0.6,0.481481481481482,0.506172839506173
3__NQ_ES__xgb_d5__0.5000,2023,TRUE,3,NQ_ES,xgb_d5,5,0.5,0.0325807332992554,1,10569,0.493763139453399,5489,0.519349039644243,5173,0.489450279118176,0.0298987605260668,0.0263033399564765,52,310,0.00577159617750024,0.027060270602706,10569,1,7305,3741,0.51211498973306,3264,1748,0.535539215686275,0.489450279118176,0.484246380925348
3__NQ_ES__xgb_d5__0.2000,2023,TRUE,3,NQ_ES,xgb_d5,5,0.2,0.0615952491760254,1,3893,0.181873394066807,2059,0.528898022090932,1889,0.48522989982019,0.0436681222707424,0.0241459029026458,52,310,0.00770613922424865,0.0362188543539687,3893,1,2758,1421,0.515228426395939,1135,638,0.562114537444934,0.48522989982019,0.490624197277164
3__NQ_ES__xgb_d5__0.1000,2023,TRUE,3,NQ_ES,xgb_d5,5,0.1,0.0804337978363037,1,1812,0.0846531184302733,974,0.537527593818985,861,0.475165562913907,0.0623620309050773,0.0237306843267108,52,294,0.00993377483443709,0.0458057395143488,1812,1,1273,654,0.513747054202671,539,320,0.593692022263451,0.475165562913907,0.501103752759382
3__NQ_ES__xgb_d5__0.0500,2023,TRUE,3,NQ_ES,xgb_d5,5,0.05,0.0991754531860352,1,764,0.0356925951880402,421,0.551047120418848,352,0.460732984293194,0.0903141361256544,0.0235602094240838,52,253,0.0130890052356021,0.0589005235602094,764,1,501,258,0.51497005988024,263,163,0.619771863117871,0.460732984293194,0.515706806282723
3__NQ_ES__xgb_d5__0.0200,2023,TRUE,3,NQ_ES,xgb_d5,5,0.02,0.119795982837677,1,286,0.0133613641672506,160,0.55944055944056,136,0.475524475524476,0.0839160839160839,0.0244755244755245,52,175,0.0244755244755245,0.0944055944055944,286,1,177,95,0.536723163841808,109,65,0.596330275229358,0.475524475524476,0.5
3__NQ_ES__xgb_d5__0.0100,2023,TRUE,3,NQ_ES,xgb_d5,5,0.01,0.133294594883919,1,136,0.00635365568792338,81,0.595588235294118,70,0.514705882352941,0.0808823529411765,0.0147058823529412,45,102,0.0294117647058824,0.125,136,1,82,49,0.597560975609756,54,32,0.592592592592593,0.514705882352941,0.470588235294118
3__NQ_ES__xgb_d5__0.0050,2023,TRUE,3,NQ_ES,xgb_d5,5,0.005,0.146976405680179,1,49,0.00228918476991357,28,0.571428571428571,25,0.510204081632653,0.0612244897959184,0.0204081632653061,29,44,0.0816326530612245,0.204081632653061,49,1,27,16,0.592592592592593,22,12,0.545454545454545,0.510204081632653,0.469387755102041
5__NQ_ONLY__logit__0.5000,2023,TRUE,5,NQ_ONLY,logit,,0.5,0.0261855177185907,1,10305,0.481902356902357,5433,0.527219796215429,5206,0.505191654536633,0.0220281416787967,0.0183406113537118,52,310,0.00553129548762737,0.0266860747210092,10305,1,7030,3712,0.528022759601707,3275,1721,0.525496183206107,0.505191654536633,0.476467734109655
5__NQ_ONLY__logit__0.2000,2023,TRUE,5,NQ_ONLY,logit,,0.2,0.0503123415552151,1,3720,0.173961840628507,2011,0.540591397849462,1895,0.509408602150538,0.0311827956989247,0.0163978494623656,52,303,0.00698924731182796,0.0338709677419355,3720,1,2600,1399,0.538076923076923,1120,612,0.546428571428571,0.509408602150538,0.474193548387097
5__NQ_ONLY__logit__0.1000,2023,TRUE,5,NQ_ONLY,logit,,0.1,0.0642592872202094,1,1754,0.0820239431350542,950,0.541619156214367,868,0.494868871151653,0.0467502850627138,0.0142531356898518,52,288,0.0096921322690992,0.0450399087799316,1754,1,1230,650,0.528455284552846,524,300,0.572519083969466,0.494868871151653,0.490877993158495
5__NQ_ONLY__logit__0.0500,2023,TRUE,5,NQ_ONLY,logit,,0.05,0.0764364043344632,1,796,0.0372240927796483,448,0.562814070351759,408,0.512562814070352,0.050251256281407,0.0113065326633166,52,259,0.0138190954773869,0.0603015075376884,796,1,545,304,0.557798165137615,251,144,0.573705179282869,0.512562814070352,0.476130653266332
5__NQ_ONLY__logit__0.0200,2023,TRUE,5,NQ_ONLY,logit,,0.02,0.0915628309407243,1,265,0.0123924429479985,144,0.543396226415094,131,0.49433962264151,0.0490566037735849,0.00754716981132076,52,154,0.0226415094339623,0.105660377358491,265,1,189,100,0.529100529100529,76,44,0.578947368421053,0.49433962264151,0.49811320754717
5__NQ_ONLY__logit__0.0100,2023,TRUE,5,NQ_ONLY,logit,,0.01,0.102221069010016,1,105,0.00491021324354658,61,0.580952380952381,49,0.466666666666667,0.114285714285714,0.0190476190476191,46,88,0.0190476190476191,0.0952380952380952,105,1,70,38,0.542857142857143,35,23,0.657142857142857,0.466666666666667,0.514285714285714
5__NQ_ONLY__logit__0.0050,2023,TRUE,5,NQ_ONLY,logit,,0.005,0.112388072193951,1,42,0.00196408529741863,24,0.571428571428571,22,0.523809523809524,0.0476190476190476,0,33,39,0.0476190476190476,0.19047619047619,42,1,26,15,0.576923076923077,16,9,0.5625,0.523809523809524,0.476190476190476
5__NQ_ONLY__ranger__0.5000,2023,TRUE,5,NQ_ONLY,ranger,,0.5,0.0216811988051647,1,11312,0.528993640104751,5922,0.523514851485149,5727,0.506276520509194,0.0172383309759547,0.0189179632248939,52,310,0.00503889674681754,0.0249292786421499,11312,1,8139,4268,0.524388745546136,3173,1654,0.521273242987709,0.506276520509194,0.474805516265912
5__NQ_ONLY__ranger__0.2000,2023,TRUE,5,NQ_ONLY,ranger,,0.2,0.0420173627721293,1,4750,0.222128694350917,2578,0.542736842105263,2485,0.523157894736842,0.0195789473684211,0.0170526315789474,52,308,0.00652631578947368,0.0313684210526316,4750,1,3754,2043,0.544219499200852,996,535,0.53714859437751,0.523157894736842,0.459789473684211
5__NQ_ONLY__ranger__0.1000,2023,TRUE,5,NQ_ONLY,ranger,,0.1,0.0523099015744164,1,2495,0.116676019453797,1389,0.556713426853707,1321,0.529458917835671,0.0272545090180361,0.0172344689378758,52,302,0.00961923847695391,0.0396793587174349,2495,1,2011,1117,0.555445052212829,484,272,0.56198347107438,0.529458917835671,0.453306613226453
5__NQ_ONLY__ranger__0.0500,2023,TRUE,5,NQ_ONLY,ranger,,0.05,0.0605358146902864,1,1261,0.0589693228582118,717,0.568596352101507,674,0.534496431403648,0.0340999206978588,0.014274385408406,52,284,0.014274385408406,0.0475812846946868,1261,1,1032,583,0.564922480620155,229,134,0.585152838427948,0.534496431403648,0.451229183187946
5__NQ_ONLY__ranger__0.0200,2023,TRUE,5,NQ_ONLY,ranger,,0.02,0.0688979136916718,1,520,0.0243172465394688,288,0.553846153846154,271,0.521153846153846,0.0326923076923077,0.0211538461538462,52,236,0.0153846153846154,0.0596153846153846,520,1,433,237,0.547344110854504,87,51,0.586206896551724,0.521153846153846,0.457692307692308
5__NQ_ONLY__ranger__0.0100,2023,TRUE,5,NQ_ONLY,ranger,,0.01,0.0746998077708806,1,253,0.0118312757201646,132,0.521739130434783,121,0.478260869565217,0.0434782608695652,0.0197628458498024,52,160,0.0316205533596838,0.106719367588933,253,1,209,105,0.502392344497608,44,27,0.613636363636364,0.478260869565217,0.50197628458498
5__NQ_ONLY__ranger__0.0050,2023,TRUE,5,NQ_ONLY,ranger,,0.005,0.0801020541502554,1,115,0.00537785260007482,57,0.495652173913044,50,0.434782608695652,0.0608695652173913,0.0173913043478261,42,92,0.0347826086956522,0.11304347826087,115,1,93,43,0.462365591397849,22,14,0.636363636363636,0.434782608695652,0.547826086956522
5__NQ_ONLY__xgb_d2__0.5000,2023,TRUE,5,NQ_ONLY,xgb_d2,2,0.5,0.023333728313446,1,10997,0.514263000374112,5713,0.519505319632627,5546,0.504319359825407,0.0151859598072202,0.0190051832317905,52,310,0.00527416568154951,0.0252796217150132,10997,1,7930,4124,0.520050441361917,3067,1589,0.518095859145745,0.504319359825407,0.476675456942803
5__NQ_ONLY__xgb_d2__0.2000,2023,TRUE,5,NQ_ONLY,xgb_d2,2,0.2,0.0440528392791748,1,4552,0.212869435091657,2451,0.538444639718805,2352,0.516695957820738,0.0217486818980668,0.0171353251318102,52,309,0.0070298769771529,0.0329525483304042,4552,1,3545,1906,0.537658674188999,1007,545,0.541211519364449,0.516695957820738,0.466168717047452
5__NQ_ONLY__xgb_d2__0.1000,2023,TRUE,5,NQ_ONLY,xgb_d2,2,0.1,0.0546430051326752,1,2330,0.108959970071081,1283,0.550643776824034,1205,0.517167381974249,0.0334763948497854,0.0150214592274678,52,300,0.00901287553648069,0.0407725321888412,2330,1,1813,989,0.545504688361831,517,294,0.568665377176016,0.517167381974249,0.467811158798283
5__NQ_ONLY__xgb_d2__0.0500,2023,TRUE,5,NQ_ONLY,xgb_d2,2,0.05,0.0625575929880142,1,1250,0.0584549195660307,700,0.56,634,0.5072,0.0528,0.0136,52,283,0.0144,0.048,1250,1,970,530,0.54639175257732,280,170,0.607142857142857,0.5072,0.4792
5__NQ_ONLY__xgb_d2__0.0200,2023,TRUE,5,NQ_ONLY,xgb_d2,2,0.02,0.0728487133979797,1,530,0.024784885895997,301,0.567924528301887,272,0.513207547169811,0.0547169811320755,0.0169811320754717,52,231,0.0188679245283019,0.0641509433962264,530,1,424,235,0.554245283018868,106,66,0.622641509433962,0.513207547169811,0.469811320754717
5__NQ_ONLY__xgb_d2__0.0100,2023,TRUE,5,NQ_ONLY,xgb_d2,2,0.01,0.0798804044723512,1,238,0.0111298166853722,132,0.554621848739496,120,0.504201680672269,0.0504201680672269,0.0126050420168067,52,159,0.0210084033613445,0.0840336134453782,238,1,194,104,0.536082474226804,44,28,0.636363636363636,0.504201680672269,0.483193277310924
5__NQ_ONLY__xgb_d2__0.0050,2023,TRUE,5,NQ_ONLY,xgb_d2,2,0.005,0.0849844336509706,1,125,0.00584549195660307,68,0.544,60,0.48,0.064,0.008,47,96,0.032,0.112,125,1,103,53,0.514563106796117,22,15,0.681818181818182,0.48,0.512
5__NQ_ONLY__xgb_d3__0.5000,2023,TRUE,5,NQ_ONLY,xgb_d3,3,0.5,0.0243335068225861,1,10956,0.512345679012346,5735,0.523457466228551,5522,0.504016064257028,0.0194414019715225,0.019258853596203,52,310,0.00565899963490325,0.026013143483023,10956,1,7842,4100,0.522825809742413,3114,1635,0.52504816955684,0.504016064257028,0.476725082146769
5__NQ_ONLY__xgb_d3__0.2000,2023,TRUE,5,NQ_ONLY,xgb_d3,3,0.2,0.0469844937324524,1,4477,0.209362139917695,2451,0.547464820192093,2327,0.519767701585883,0.0276971186062095,0.0180924726379272,52,308,0.00714764351127988,0.0328344873799419,4477,1,3357,1840,0.548108430145964,1120,611,0.545535714285714,0.519767701585883,0.462139825776189
5__NQ_ONLY__xgb_d3__0.1000,2023,TRUE,5,NQ_ONLY,xgb_d3,3,0.1,0.0585695505142212,1,2440,0.114104002992892,1339,0.548770491803279,1254,0.513934426229508,0.0348360655737705,0.0139344262295082,52,303,0.0102459016393443,0.0389344262295082,2440,1,1790,976,0.545251396648045,650,363,0.558461538461538,0.513934426229508,0.472131147540984
5__NQ_ONLY__xgb_d3__0.0500,2023,TRUE,5,NQ_ONLY,xgb_d3,3,0.05,0.069023922085762,1,1253,0.0585952113729891,698,0.55706304868316,620,0.494812450119713,0.0622505985634477,0.014365522745411,52,288,0.014365522745411,0.0494812450119713,1253,1,909,490,0.539053905390539,344,208,0.604651162790698,0.494812450119713,0.490822027134876
5__NQ_ONLY__xgb_d3__0.0200,2023,TRUE,5,NQ_ONLY,xgb_d3,3,0.02,0.0812153518199921,1,506,0.0236625514403292,288,0.569169960474308,246,0.486166007905138,0.08300395256917,0.0138339920948617,52,226,0.0197628458498024,0.0711462450592885,506,1,357,194,0.543417366946779,149,94,0.630872483221476,0.486166007905138,0.5
5__NQ_ONLY__xgb_d3__0.0100,2023,TRUE,5,NQ_ONLY,xgb_d3,3,0.01,0.0911895439028742,1,214,0.0100074822297045,117,0.546728971962617,98,0.457943925233645,0.088785046728972,0.00934579439252336,51,141,0.0373831775700935,0.102803738317757,214,1,144,73,0.506944444444445,70,44,0.628571428571429,0.457943925233645,0.532710280373832
5__NQ_ONLY__xgb_d3__0.0050,2023,TRUE,5,NQ_ONLY,xgb_d3,3,0.005,0.0992189876735211,1,101,0.00472315750093528,59,0.584158415841584,41,0.405940594059406,0.178217821782178,0.0099009900990099,48,87,0.0297029702970297,0.108910891089109,101,1,64,32,0.5,37,27,0.72972972972973,0.405940594059406,0.584158415841584
5__NQ_ONLY__xgb_d4__0.5000,2023,TRUE,5,NQ_ONLY,xgb_d4,4,0.5,0.0270690470933914,1,10574,0.494481855592967,5566,0.526385473803669,5342,0.505201437488179,0.0211840363154908,0.0189143181388311,52,310,0.00557972385095517,0.026763760166446,10574,1,7493,3942,0.526091018283732,3081,1624,0.52710159039273,0.505201437488179,0.47588424437299
5__NQ_ONLY__xgb_d4__0.2000,2023,TRUE,5,NQ_ONLY,xgb_d4,4,0.2,0.0512882769107819,1,4200,0.196408529741863,2297,0.546904761904762,2161,0.51452380952381,0.0323809523809524,0.0173809523809524,52,306,0.00738095238095238,0.0335714285714286,4200,1,3104,1692,0.545103092783505,1096,605,0.552007299270073,0.51452380952381,0.468095238095238
5__NQ_ONLY__xgb_d4__0.1000,2023,TRUE,5,NQ_ONLY,xgb_d4,4,0.1,0.0642512440681458,1,2141,0.100121586232697,1181,0.551611396543671,1096,0.511910322279309,0.0397010742643624,0.0168145726296123,52,296,0.0107426436244745,0.0411022886501635,2141,1,1548,848,0.547803617571059,593,333,0.561551433389545,0.511910322279309,0.471275105091079
5__NQ_ONLY__xgb_d4__0.0500,2023,TRUE,5,NQ_ONLY,xgb_d4,4,0.05,0.0765290558338165,1,1091,0.0510194537972316,596,0.546287809349221,546,0.500458295142072,0.0458295142071494,0.0192483959670028,52,279,0.0155820348304308,0.0568285976168653,1091,1,787,422,0.536213468869123,304,174,0.572368421052632,0.500458295142072,0.480293308890926
5__NQ_ONLY__xgb_d4__0.0200,2023,TRUE,5,NQ_ONLY,xgb_d4,4,0.02,0.0912757039070129,1,410,0.0191732136176581,229,0.558536585365854,214,0.521951219512195,0.0365853658536585,0.0121951219512195,52,209,0.0170731707317073,0.0658536585365854,410,1,294,165,0.561224489795918,116,64,0.551724137931035,0.521951219512195,0.465853658536585
5__NQ_ONLY__xgb_d4__0.0100,2023,TRUE,5,NQ_ONLY,xgb_d4,4,0.01,0.101380535960198,1,204,0.00953984287317621,103,0.504901960784314,99,0.485294117647059,0.0196078431372549,0.00490196078431373,50,148,0.0196078431372549,0.0931372549019608,204,1,141,70,0.49645390070922,63,33,0.523809523809524,0.485294117647059,0.509803921568627
5__NQ_ONLY__xgb_d4__0.0050,2023,TRUE,5,NQ_ONLY,xgb_d4,4,0.005,0.112335082143545,1,88,0.00411522633744856,43,0.488636363636364,40,0.454545454545455,0.0340909090909091,0,42,73,0.0340909090909091,0.125,88,1,61,28,0.459016393442623,27,15,0.555555555555556,0.454545454545455,0.545454545454545
5__NQ_ONLY__xgb_d5__0.5000,2023,TRUE,5,NQ_ONLY,xgb_d5,5,0.5,0.0288970023393631,1,10425,0.487514029180696,5507,0.528249400479616,5270,0.505515587529976,0.0227338129496403,0.0180335731414868,52,310,0.00565947242206235,0.0269544364508393,10425,1,7330,3867,0.527557980900409,3095,1640,0.529886914378029,0.505515587529976,0.476450839328537
5__NQ_ONLY__xgb_d5__0.2000,2023,TRUE,5,NQ_ONLY,xgb_d5,5,0.2,0.0547592043876648,1,3955,0.184951365506921,2167,0.547914032869785,2040,0.515802781289507,0.0321112515802781,0.015929203539823,52,308,0.00783817951959545,0.0361567635903919,3955,1,2872,1571,0.547005571030641,1083,596,0.550323176361958,0.515802781289507,0.46826801517067
5__NQ_ONLY__xgb_d5__0.1000,2023,TRUE,5,NQ_ONLY,xgb_d5,5,0.1,0.0696919113397598,1,1945,0.0909558548447437,1066,0.548071979434447,1009,0.518766066838046,0.029305912596401,0.0205655526992288,52,292,0.00925449871465296,0.0431876606683805,1945,1,1415,779,0.550530035335689,530,287,0.541509433962264,0.518766066838046,0.460668380462725
5__NQ_ONLY__xgb_d5__0.0500,2023,TRUE,5,NQ_ONLY,xgb_d5,5,0.05,0.0838671997189522,1,953,0.0445660306771418,519,0.544596012591815,478,0.501573976915005,0.0430220356768101,0.0178384050367261,52,268,0.0115424973767051,0.0535152151101784,953,1,685,367,0.535766423357664,268,152,0.567164179104478,0.501573976915005,0.480587618048269
5__NQ_ONLY__xgb_d5__0.0200,2023,TRUE,5,NQ_ONLY,xgb_d5,5,0.02,0.100855487585068,1,370,0.0173026561915451,185,0.5,172,0.464864864864865,0.0351351351351351,0.0162162162162162,52,192,0.0189189189189189,0.0891891891891892,370,1,247,118,0.477732793522267,123,67,0.544715447154472,0.464864864864865,0.518918918918919
5__NQ_ONLY__xgb_d5__0.0100,2023,TRUE,5,NQ_ONLY,xgb_d5,5,0.01,0.115179350972176,1,151,0.00706135428357651,82,0.543046357615894,72,0.47682119205298,0.0662251655629139,0.0132450331125828,50,114,0.0198675496688742,0.0993377483443709,151,1,98,51,0.520408163265306,53,31,0.584905660377359,0.47682119205298,0.509933774834437
5__NQ_ONLY__xgb_d5__0.0050,2023,TRUE,5,NQ_ONLY,xgb_d5,5,0.005,0.125660529732704,1,69,0.00322671156004489,40,0.579710144927536,29,0.420289855072464,0.159420289855072,0,40,63,0.0434782608695652,0.159420289855072,69,1,44,22,0.5,25,18,0.72,0.420289855072464,0.579710144927536
5__NQ_ES__logit__0.5000,2023,TRUE,5,NQ_ES,logit,,0.5,0.0264525679031747,1,10388,0.485783763561541,5487,0.52820562187139,5260,0.506353484790143,0.0218521370812476,0.0184828648440508,52,310,0.00577589526376588,0.0272429726607624,10388,1,6912,3666,0.530381944444445,3476,1821,0.523878020713464,0.506353484790143,0.475163650365807
5__NQ_ES__logit__0.2000,2023,TRUE,5,NQ_ES,logit,,0.2,0.0514258868370519,1,3700,0.173026561915451,2016,0.544864864864865,1915,0.517567567567568,0.0272972972972973,0.0156756756756757,52,302,0.00810810810810811,0.0356756756756757,3700,1,2562,1404,0.548009367681499,1138,612,0.537785588752197,0.517567567567568,0.466756756756757
5__NQ_ES__logit__0.1000,2023,TRUE,5,NQ_ES,logit,,0.1,0.0657707160179398,1,1715,0.0802001496445941,951,0.554518950437318,870,0.507288629737609,0.0472303206997085,0.00932944606413994,52,287,0.00991253644314869,0.0425655976676385,1715,1,1169,640,0.547476475620188,546,311,0.56959706959707,0.507288629737609,0.483381924198251
5__NQ_ES__logit__0.0500,2023,TRUE,5,NQ_ES,logit,,0.05,0.0781928403009509,1,796,0.0372240927796483,441,0.554020100502513,385,0.483668341708543,0.0703517587939699,0.0113065326633166,52,257,0.0125628140703518,0.0590452261306533,796,1,539,286,0.530612244897959,257,155,0.603112840466926,0.483668341708543,0.505025125628141
5__NQ_ES__logit__0.0200,2023,TRUE,5,NQ_ES,logit,,0.02,0.0953777546626245,1,239,0.0111765806210251,129,0.539748953974895,121,0.506276150627615,0.0334728033472803,0.0125523012552301,52,148,0.0251046025104603,0.100418410041841,239,1,163,88,0.539877300613497,76,41,0.539473684210526,0.506276150627615,0.481171548117155
5__NQ_ES__logit__0.0100,2023,TRUE,5,NQ_ES,logit,,0.01,0.106626174981355,1,90,0.00420875420875421,55,0.611111111111111,46,0.511111111111111,0.1,0.0222222222222222,44,73,0.0333333333333333,0.144444444444444,90,1,58,35,0.603448275862069,32,20,0.625,0.511111111111111,0.466666666666667
5__NQ_ES__logit__0.0050,2023,TRUE,5,NQ_ES,logit,,0.005,0.118963930248945,1,31,0.00144968200523756,20,0.645161290322581,15,0.483870967741936,0.161290322580645,0.032258064516129,21,27,0.0967741935483871,0.290322580645161,31,1,22,13,0.590909090909091,9,7,0.777777777777778,0.483870967741936,0.483870967741936
5__NQ_ES__ranger__0.5000,2023,TRUE,5,NQ_ES,ranger,,0.5,0.0211442800820451,1,11407,0.53343621399177,5943,0.520995879722977,5749,0.503988778820023,0.0170071009029543,0.0184097484001052,52,310,0.00508459717717191,0.0249846585429999,11407,1,8189,4267,0.521064843082183,3218,1676,0.520820385332505,0.503988778820023,0.477601472779872
5__NQ_ES__ranger__0.2000,2023,TRUE,5,NQ_ES,ranger,,0.2,0.040923284028601,1,4755,0.222362514029181,2596,0.545951629863302,2482,0.521976866456362,0.0239747634069401,0.0151419558359621,52,309,0.00694006309148265,0.0321766561514196,4755,1,3817,2077,0.544144616190726,938,519,0.553304904051173,0.521976866456362,0.462881177707676
5__NQ_ES__ranger__0.1000,2023,TRUE,5,NQ_ES,ranger,,0.1,0.0513865140897747,1,2471,0.115553684998129,1386,0.560906515580737,1328,0.537434237150951,0.0234722784297855,0.0129502225819506,52,302,0.0101173613921489,0.0404694455685957,2471,1,2065,1157,0.560290556900726,406,229,0.564039408866995,0.537434237150951,0.449615540267098
5__NQ_ES__ranger__0.0500,2023,TRUE,5,NQ_ES,ranger,,0.05,0.0592244236848578,1,1332,0.0622895622895623,747,0.560810810810811,715,0.536786786786787,0.024024024024024,0.0142642642642643,52,284,0.0127627627627628,0.0495495495495496,1332,1,1151,641,0.556907037358818,181,106,0.585635359116022,0.536786786786787,0.448948948948949
5__NQ_ES__ranger__0.0200,2023,TRUE,5,NQ_ES,ranger,,0.02,0.0684396897794979,1,568,0.0265619154508043,313,0.551056338028169,305,0.536971830985916,0.0140845070422535,0.0140845070422535,52,234,0.0176056338028169,0.0686619718309859,568,1,509,280,0.550098231827112,59,33,0.559322033898305,0.536971830985916,0.448943661971831
5__NQ_ES__ranger__0.0100,2023,TRUE,5,NQ_ES,ranger,,0.01,0.0752428721542735,1,272,0.0127197904975683,151,0.555147058823529,150,0.551470588235294,0.00367647058823529,0.0147058823529412,52,161,0.0220588235294118,0.0919117647058824,272,1,250,140,0.56,22,11,0.5,0.551470588235294,0.433823529411765
5__NQ_ES__ranger__0.0050,2023,TRUE,5,NQ_ES,ranger,,0.005,0.0798838203299756,1,147,0.00687429854096521,77,0.523809523809524,77,0.523809523809524,0,0.0204081632653061,49,105,0.0272108843537415,0.122448979591837,147,1,135,71,0.525925925925926,12,6,0.5,0.523809523809524,0.45578231292517
5__NQ_ES__xgb_d2__0.5000,2023,TRUE,5,NQ_ES,xgb_d2,2,0.5,0.0235504806041718,1,11003,0.514543583988028,5721,0.519949104789603,5544,0.503862582931928,0.0160865218576752,0.0188130509860947,52,310,0.00536217395255839,0.0250840679814596,11003,1,7866,4091,0.520086448004068,3137,1630,0.519604717883328,0.503862582931928,0.477324366081978
5__NQ_ES__xgb_d2__0.2000,2023,TRUE,5,NQ_ES,xgb_d2,2,0.2,0.0434536933898926,1,4558,0.213150018705574,2427,0.53247038174638,2334,0.512066695919263,0.0204036858271172,0.0153576129881527,52,309,0.00680122860903905,0.0322509872751207,4558,1,3547,1882,0.530589230335495,1011,545,0.539070227497527,0.512066695919263,0.472575691092585
5__NQ_ES__xgb_d2__0.1000,2023,TRUE,5,NQ_ES,xgb_d2,2,0.1,0.0541355013847351,1,2400,0.112233445566779,1324,0.551666666666667,1254,0.5225,0.0291666666666667,0.0129166666666667,52,298,0.0075,0.0354166666666667,2400,1,1935,1060,0.547803617571059,465,264,0.567741935483871,0.5225,0.464583333333333
5__NQ_ES__xgb_d2__0.0500,2023,TRUE,5,NQ_ES,xgb_d2,2,0.05,0.0633974820375443,1,1193,0.0557893752338197,664,0.556580050293378,616,0.516345347862531,0.0402347024308466,0.0125733445096396,52,284,0.0125733445096396,0.0502933780385583,1193,1,986,539,0.546653144016227,207,125,0.603864734299517,0.516345347862531,0.471081307627829
5__NQ_ES__xgb_d2__0.0200,2023,TRUE,5,NQ_ES,xgb_d2,2,0.02,0.0737349241971969,1,524,0.0245043022820801,291,0.555343511450382,283,0.540076335877863,0.0152671755725191,0.0114503816793893,52,228,0.0152671755725191,0.0629770992366412,524,1,463,257,0.555075593952484,61,34,0.557377049180328,0.540076335877863,0.448473282442748
5__NQ_ES__xgb_d2__0.0100,2023,TRUE,5,NQ_ES,xgb_d2,2,0.01,0.0813982248306275,1,270,0.0126262626262626,151,0.559259259259259,145,0.537037037037037,0.0222222222222222,0.0111111111111111,52,163,0.0185185185185185,0.0777777777777778,270,1,248,137,0.55241935483871,22,14,0.636363636363636,0.537037037037037,0.451851851851852
5__NQ_ES__xgb_d2__0.0050,2023,TRUE,5,NQ_ES,xgb_d2,2,0.005,0.0882816575467587,1,125,0.00584549195660307,62,0.496,59,0.472,0.024,0.008,42,94,0.024,0.12,125,1,120,58,0.483333333333333,5,4,0.8,0.472,0.52
5__NQ_ES__xgb_d3__0.5000,2023,TRUE,5,NQ_ES,xgb_d3,3,0.5,0.0251037329435349,1,10960,0.512532734754957,5689,0.519069343065693,5509,0.50264598540146,0.0164233576642336,0.0186131386861314,52,310,0.00529197080291971,0.025456204379562,10960,1,7736,4015,0.519002068252327,3224,1674,0.519230769230769,0.50264598540146,0.478740875912409
5__NQ_ES__xgb_d3__0.2000,2023,TRUE,5,NQ_ES,xgb_d3,3,0.2,0.0475923418998718,1,4457,0.208426861204639,2393,0.536908234238277,2282,0.512003589858649,0.0249046443796276,0.0188467579089073,52,308,0.00650661880188468,0.03118689701593,4457,1,3353,1796,0.535639725618849,1104,597,0.540760869565217,0.512003589858649,0.469149652232443
5__NQ_ES__xgb_d3__0.1000,2023,TRUE,5,NQ_ES,xgb_d3,3,0.1,0.059220016002655,1,2363,0.110503179947624,1286,0.544223444773593,1210,0.512060939483707,0.0321625052898857,0.0139652983495556,52,300,0.00846381718154888,0.0359712230215827,2363,1,1806,974,0.539313399778516,557,312,0.560143626570916,0.512060939483707,0.473973762166737
5__NQ_ES__xgb_d3__0.0500,2023,TRUE,5,NQ_ES,xgb_d3,3,0.05,0.069326862692833,1,1267,0.0592499064721287,714,0.56353591160221,639,0.504340962904499,0.0591949486977111,0.0165745856353591,52,281,0.0118389897395422,0.0465666929755328,1267,1,984,538,0.546747967479675,283,176,0.621908127208481,0.504340962904499,0.479084451460142
5__NQ_ES__xgb_d3__0.0200,2023,TRUE,5,NQ_ES,xgb_d3,3,0.02,0.0829803645610809,1,464,0.0216984661429106,265,0.571120689655172,231,0.497844827586207,0.0732758620689655,0.0150862068965517,52,213,0.021551724137931,0.0754310344827586,464,1,366,200,0.546448087431694,98,65,0.663265306122449,0.497844827586207,0.487068965517241
5__NQ_ES__xgb_d3__0.0100,2023,TRUE,5,NQ_ES,xgb_d3,3,0.01,0.0924501553177834,1,227,0.0106154133931912,119,0.524229074889868,110,0.484581497797357,0.039647577092511,0.0176211453744493,51,138,0.0308370044052863,0.105726872246696,227,1,183,93,0.508196721311475,44,26,0.590909090909091,0.484581497797357,0.497797356828194
5__NQ_ES__xgb_d3__0.0050,2023,TRUE,5,NQ_ES,xgb_d3,3,0.005,0.100042697042227,1,111,0.00519079685746352,56,0.504504504504505,55,0.495495495495496,0.00900900900900901,0.00900900900900901,44,82,0.036036036036036,0.144144144144144,111,1,94,47,0.5,17,9,0.529411764705882,0.495495495495496,0.495495495495496
5__NQ_ES__xgb_d4__0.5000,2023,TRUE,5,NQ_ES,xgb_d4,4,0.5,0.0273360908031464,1,10688,0.499812944257389,5550,0.519273952095808,5327,0.498409431137725,0.0208645209580838,0.0188997005988024,52,310,0.00570733532934132,0.0265718562874252,10688,1,7441,3845,0.516731622093805,3247,1705,0.525100092392978,0.498409431137725,0.482690868263473
5__NQ_ES__xgb_d4__0.2000,2023,TRUE,5,NQ_ES,xgb_d4,4,0.2,0.0517722368240356,1,4269,0.199635241301908,2277,0.533380182712579,2172,0.508784258608574,0.0245959241040056,0.0156945420473179,52,309,0.0065589130944015,0.0311548371984071,4269,1,3085,1642,0.5322528363047,1184,635,0.536317567567568,0.508784258608574,0.475521199344109
5__NQ_ES__xgb_d4__0.1000,2023,TRUE,5,NQ_ES,xgb_d4,4,0.1,0.0654574632644653,1,2165,0.101243920688365,1174,0.542263279445728,1096,0.506235565819861,0.0360277136258661,0.0143187066974596,52,295,0.00877598152424942,0.0378752886836028,2165,1,1567,841,0.536694320357371,598,333,0.55685618729097,0.506235565819861,0.479445727482679
5__NQ_ES__xgb_d4__0.0500,2023,TRUE,5,NQ_ES,xgb_d4,4,0.05,0.0783948823809624,1,1073,0.0501777029554807,592,0.551724137931035,544,0.506989748369059,0.0447343895619758,0.0130475302889096,52,272,0.0139794967381174,0.0512581547064306,1073,1,803,435,0.541718555417186,270,157,0.581481481481482,0.506989748369059,0.479962721342032
5__NQ_ES__xgb_d4__0.0200,2023,TRUE,5,NQ_ES,xgb_d4,4,0.02,0.0932425379753112,1,447,0.0209034792368126,245,0.548098434004474,230,0.514541387024609,0.0335570469798658,0.0134228187919463,52,207,0.0178970917225951,0.0671140939597315,447,1,341,186,0.545454545454545,106,59,0.556603773584906,0.514541387024609,0.472035794183445
5__NQ_ES__xgb_d4__0.0100,2023,TRUE,5,NQ_ES,xgb_d4,4,0.01,0.104945513606072,1,213,0.00996071829405163,108,0.507042253521127,107,0.502347417840376,0.00469483568075117,0.00469483568075117,50,131,0.0234741784037559,0.0985915492957746,213,1,168,85,0.505952380952381,45,23,0.511111111111111,0.502347417840376,0.492957746478873
5__NQ_ES__xgb_d4__0.0050,2023,TRUE,5,NQ_ES,xgb_d4,4,0.005,0.118027493357658,1,75,0.00350729517396184,38,0.506666666666667,37,0.493333333333333,0.0133333333333333,0,34,56,0.0533333333333333,0.2,75,1,62,31,0.5,13,7,0.538461538461538,0.493333333333333,0.506666666666667
5__NQ_ES__xgb_d5__0.5000,2023,TRUE,5,NQ_ES,xgb_d5,5,0.5,0.0301617980003357,1,10229,0.478348297792742,5320,0.520089940365627,5131,0.501613060905269,0.0184768794603578,0.019356730863232,52,310,0.00576791475217519,0.0275686772900577,10229,1,6948,3617,0.520581462291307,3281,1703,0.519049070405364,0.501613060905269,0.479030208231499
5__NQ_ES__xgb_d5__0.2000,2023,TRUE,5,NQ_ES,xgb_d5,5,0.2,0.0566480159759522,1,3892,0.182005237560793,2062,0.529804727646454,1947,0.500256937307297,0.0295477903391572,0.0167009249743063,52,305,0.00770811921891059,0.0341726618705036,3892,1,2695,1416,0.525417439703154,1197,646,0.53968253968254,0.500256937307297,0.483042137718397
5__NQ_ES__xgb_d5__0.1000,2023,TRUE,5,NQ_ES,xgb_d5,5,0.1,0.0723302662372589,1,1861,0.0870276842499065,994,0.534121440085975,938,0.504030091348737,0.030091348737238,0.0134336378291241,52,292,0.0102095647501343,0.0451370231058571,1861,1,1286,683,0.531104199066874,575,311,0.540869565217391,0.504030091348737,0.482536270822139
5__NQ_ES__xgb_d5__0.0500,2023,TRUE,5,NQ_ES,xgb_d5,5,0.05,0.0864426642656326,1,925,0.0432566404788627,506,0.547027027027027,467,0.504864864864865,0.0421621621621622,0.012972972972973,52,265,0.0151351351351351,0.0648648648648649,925,1,654,353,0.539755351681957,271,153,0.564575645756458,0.504864864864865,0.482162162162162
5__NQ_ES__xgb_d5__0.0200,2023,TRUE,5,NQ_ES,xgb_d5,5,0.02,0.105369317531586,1,307,0.0143565282454171,167,0.543973941368078,158,0.514657980456026,0.0293159609120521,0.0130293159609121,51,167,0.0293159609120521,0.107491856677524,307,1,229,124,0.541484716157205,78,43,0.551282051282051,0.514657980456026,0.472312703583062
5__NQ_ES__xgb_d5__0.0100,2023,TRUE,5,NQ_ES,xgb_d5,5,0.01,0.119024920463562,1,144,0.00673400673400673,70,0.486111111111111,67,0.465277777777778,0.0208333333333333,0.0138888888888889,47,101,0.0347222222222222,0.152777777777778,144,1,104,49,0.471153846153846,40,21,0.525,0.465277777777778,0.520833333333333
5__NQ_ES__xgb_d5__0.0050,2023,TRUE,5,NQ_ES,xgb_d5,5,0.005,0.130252342671156,1,71,0.00332023943135054,35,0.492957746478873,32,0.450704225352113,0.0422535211267606,0,35,56,0.0563380281690141,0.183098591549296,71,1,52,24,0.461538461538462,19,11,0.578947368421053,0.450704225352113,0.549295774647887
7__NQ_ONLY__logit__0.5000,2023,TRUE,7,NQ_ONLY,logit,,0.5,0.0261206136432497,1,10573,0.494596996772232,5610,0.530596803177906,5311,0.502317223115483,0.0282795800624232,0.0174973990352785,52,310,0.00576941265487563,0.0275229357798165,10573,1,7262,3835,0.528091434866428,3311,1775,0.536091815161583,0.502317223115483,0.480185377849239
7__NQ_ONLY__logit__0.2000,2023,TRUE,7,NQ_ONLY,logit,,0.2,0.0501813229532996,1,3989,0.186602423165084,2164,0.542491852594635,2006,0.502882928052143,0.0396089245424919,0.020305841062923,52,304,0.00927550764602657,0.0406116821258461,3989,1,2824,1516,0.536827195467422,1165,648,0.556223175965665,0.502882928052143,0.476811230884934
7__NQ_ONLY__logit__0.1000,2023,TRUE,7,NQ_ONLY,logit,,0.1,0.0644148738214109,1,1856,0.0868222856340927,1005,0.541487068965517,909,0.489762931034483,0.0517241379310345,0.0210129310344828,52,288,0.0161637931034483,0.0549568965517241,1856,1,1313,693,0.527798933739528,543,312,0.574585635359116,0.489762931034483,0.489224137931035
7__NQ_ONLY__logit__0.0500,2023,TRUE,7,NQ_ONLY,logit,,0.05,0.0767907884549648,1,838,0.0392010104317725,450,0.536992840095465,397,0.473747016706444,0.0632458233890215,0.0238663484486874,52,257,0.0286396181384248,0.0847255369928401,838,1,589,303,0.514431239388795,249,147,0.590361445783133,0.473747016706444,0.502386634844869
7__NQ_ONLY__logit__0.0200,2023,TRUE,7,NQ_ONLY,logit,,0.02,0.0921053792438265,1,291,0.0136127613790523,165,0.567010309278351,142,0.487972508591065,0.0790378006872852,0.0206185567010309,51,162,0.0412371134020619,0.120274914089347,291,1,201,110,0.54726368159204,90,55,0.611111111111111,0.487972508591065,0.491408934707904
7__NQ_ONLY__logit__0.0100,2023,TRUE,7,NQ_ONLY,logit,,0.01,0.104776499062646,1,94,0.00439724938017496,53,0.563829787234043,48,0.51063829787234,0.0531914893617021,0.0106382978723404,42,69,0.0957446808510638,0.202127659574468,94,1,63,35,0.555555555555556,31,18,0.580645161290323,0.51063829787234,0.478723404255319
7__NQ_ONLY__logit__0.0050,2023,TRUE,7,NQ_ONLY,logit,,0.005,0.115822726650263,1,28,0.00130981896430743,18,0.642857142857143,13,0.464285714285714,0.178571428571429,0.0357142857142857,19,23,0.142857142857143,0.357142857142857,28,1,17,10,0.588235294117647,11,8,0.727272727272727,0.464285714285714,0.5
7__NQ_ONLY__ranger__0.5000,2023,TRUE,7,NQ_ONLY,ranger,,0.5,0.0205850287873078,1,11679,0.546334845862376,6198,0.530696121243257,5889,0.504238376573337,0.0264577446699204,0.0177241202157719,52,310,0.00530867368781574,0.0250877643633873,11679,1,8496,4484,0.527777777777778,3183,1714,0.538485705309457,0.504238376573337,0.478037503210891
7__NQ_ONLY__ranger__0.2000,2023,TRUE,7,NQ_ONLY,ranger,,0.2,0.0412057393264871,1,4987,0.233288113392899,2717,0.544816522959695,2563,0.513936234208943,0.030880288750752,0.0184479647082414,52,309,0.00701824744335272,0.0318828955283738,4987,1,3979,2147,0.539582809751194,1008,570,0.565476190476191,0.513936234208943,0.467615801082815
7__NQ_ONLY__ranger__0.1000,2023,TRUE,7,NQ_ONLY,ranger,,0.1,0.0523130167584647,1,2593,0.121298591944613,1436,0.553798688777478,1338,0.516004627844196,0.0377940609332819,0.020053991515619,52,304,0.00887003470883147,0.0393366756652526,2593,1,2140,1166,0.544859813084112,453,270,0.596026490066225,0.516004627844196,0.463941380640185
7__NQ_ONLY__ranger__0.0500,2023,TRUE,7,NQ_ONLY,ranger,,0.05,0.059199201572179,1,1451,0.0678766899003602,806,0.555478980013784,756,0.521019986216403,0.0344589937973811,0.025499655410062,52,292,0.0124052377670572,0.0454858718125431,1451,1,1197,658,0.549707602339181,254,148,0.582677165354331,0.521019986216403,0.453480358373536
7__NQ_ONLY__ranger__0.0200,2023,TRUE,7,NQ_ONLY,ranger,,0.02,0.0677952774019047,1,591,0.0276465359966319,329,0.55668358714044,301,0.509306260575296,0.0473773265651438,0.0338409475465313,52,245,0.0135363790186125,0.0592216582064298,591,1,484,263,0.543388429752066,107,66,0.616822429906542,0.509306260575296,0.456852791878173
7__NQ_ONLY__ranger__0.0100,2023,TRUE,7,NQ_ONLY,ranger,,0.01,0.0739075933130436,1,289,0.0135192028816017,147,0.508650519031142,133,0.460207612456747,0.0484429065743945,0.0346020761245675,51,178,0.0173010380622837,0.0726643598615917,289,1,230,112,0.486956521739131,59,35,0.593220338983051,0.460207612456747,0.505190311418685
7__NQ_ONLY__ranger__0.0050,2023,TRUE,7,NQ_ONLY,ranger,,0.005,0.0791111841520822,1,150,0.00701688730878982,77,0.513333333333333,72,0.48,0.0333333333333333,0.0133333333333333,50,117,0.0266666666666667,0.113333333333333,150,1,125,62,0.496,25,15,0.6,0.48,0.506666666666667
7__NQ_ONLY__xgb_d2__0.5000,2023,TRUE,7,NQ_ONLY,xgb_d2,2,0.5,0.0231513977050781,1,11385,0.532581746737147,6001,0.52709705753184,5744,0.504523495827844,0.0225735617039965,0.0183574879227053,52,310,0.00509442248572683,0.0251207729468599,11385,1,8211,4319,0.526001705029838,3174,1682,0.529930686830498,0.504523495827844,0.477119016249451
7__NQ_ONLY__xgb_d2__0.2000,2023,TRUE,7,NQ_ONLY,xgb_d2,2,0.2,0.0432733654975891,1,4770,0.223137016419516,2607,0.546540880503145,2453,0.514255765199161,0.0322851153039832,0.0178197064989518,52,309,0.00712788259958071,0.0335429769392034,4770,1,3664,1989,0.542849344978166,1106,618,0.55877034358047,0.514255765199161,0.467924528301887
7__NQ_ONLY__xgb_d2__0.1000,2023,TRUE,7,NQ_ONLY,xgb_d2,2,0.1,0.0543471425771713,1,2580,0.120690461711185,1424,0.551937984496124,1311,0.508139534883721,0.0437984496124031,0.0189922480620155,52,301,0.00930232558139535,0.0395348837209302,2580,1,2034,1101,0.541297935103245,546,323,0.591575091575092,0.508139534883721,0.472868217054264
7__NQ_ONLY__xgb_d2__0.0500,2023,TRUE,7,NQ_ONLY,xgb_d2,2,0.05,0.0615795791149139,1,1429,0.0668475464284044,802,0.561231630510847,725,0.507347795661302,0.0538838348495451,0.0230930720783765,52,290,0.0111966410076977,0.046186144156753,1429,1,1107,607,0.5483288166215,322,195,0.605590062111801,0.507347795661302,0.469559132260322
7__NQ_ONLY__xgb_d2__0.0200,2023,TRUE,7,NQ_ONLY,xgb_d2,2,0.02,0.0697575879096985,1,531,0.024839781073116,299,0.563088512241055,254,0.47834274952919,0.0847457627118644,0.0169491525423729,52,223,0.0150659133709981,0.0659133709981168,531,1,373,200,0.536193029490617,158,99,0.626582278481013,0.47834274952919,0.504708097928437
7__NQ_ONLY__xgb_d2__0.0100,2023,TRUE,7,NQ_ONLY,xgb_d2,2,0.01,0.0756625851988792,1,266,0.0124432801609206,160,0.601503759398496,127,0.477443609022556,0.12406015037594,0.0150375939849624,52,173,0.018796992481203,0.0827067669172932,266,1,169,96,0.568047337278107,97,64,0.65979381443299,0.477443609022556,0.507518796992481
7__NQ_ONLY__xgb_d2__0.0050,2023,TRUE,7,NQ_ONLY,xgb_d2,2,0.005,0.0820898419618607,1,108,0.00505215886232867,68,0.62962962962963,41,0.37962962962963,0.25,0.00925925925925926,43,86,0.0462962962962963,0.138888888888889,108,1,56,29,0.517857142857143,52,39,0.75,0.37962962962963,0.611111111111111
7__NQ_ONLY__xgb_d3__0.5000,2023,TRUE,7,NQ_ONLY,xgb_d3,3,0.5,0.0242649614810944,1,11116,0.519998128830051,5904,0.531126304426053,5577,0.50170924793091,0.0294170564951421,0.0175422813961857,52,310,0.00539762504498021,0.0263584023029867,11116,1,7950,4189,0.526918238993711,3166,1715,0.541692987997473,0.50170924793091,0.480748470672904
7__NQ_ONLY__xgb_d3__0.2000,2023,TRUE,7,NQ_ONLY,xgb_d3,3,0.2,0.0463557124137878,1,4619,0.216073349862001,2525,0.546655120155878,2357,0.510283611171249,0.0363715089846287,0.01991773111063,52,307,0.00714440355055207,0.0335570469798658,4619,1,3494,1891,0.541213508872353,1125,634,0.563555555555556,0.510283611171249,0.469798657718121
7__NQ_ONLY__xgb_d3__0.1000,2023,TRUE,7,NQ_ONLY,xgb_d3,3,0.1,0.0585190296173096,1,2432,0.113767132899846,1364,0.560855263157895,1230,0.505756578947369,0.0550986842105263,0.0197368421052632,52,298,0.00986842105263158,0.0411184210526316,2432,1,1843,1009,0.547476939772111,589,355,0.602716468590832,0.505756578947369,0.474506578947368
7__NQ_ONLY__xgb_d3__0.0500,2023,TRUE,7,NQ_ONLY,xgb_d3,3,0.05,0.0674749240279198,1,1352,0.0632455442765589,770,0.569526627218935,669,0.494822485207101,0.0747041420118343,0.022189349112426,52,290,0.0118343195266272,0.0428994082840237,1352,1,992,544,0.548387096774194,360,226,0.627777777777778,0.494822485207101,0.482988165680473
7__NQ_ONLY__xgb_d3__0.0200,2023,TRUE,7,NQ_ONLY,xgb_d3,3,0.02,0.0784019327163696,1,597,0.0279272114889835,339,0.5678391959799,294,0.492462311557789,0.0753768844221106,0.0251256281407035,52,240,0.0150753768844221,0.0619765494137354,597,1,428,234,0.546728971962617,169,105,0.621301775147929,0.492462311557789,0.482412060301508
7__NQ_ONLY__xgb_d3__0.0100,2023,TRUE,7,NQ_ONLY,xgb_d3,3,0.01,0.0868790960311885,1,281,0.0131449688917996,151,0.537366548042705,126,0.448398576512456,0.0889679715302491,0.0284697508896797,52,164,0.0249110320284698,0.0818505338078292,281,1,195,97,0.497435897435897,86,54,0.627906976744186,0.448398576512456,0.523131672597865
7__NQ_ONLY__xgb_d3__0.0050,2023,TRUE,7,NQ_ONLY,xgb_d3,3,0.005,0.0956891834735868,1,105,0.00491182111615288,59,0.561904761904762,47,0.447619047619048,0.114285714285714,0.0285714285714286,41,79,0.0285714285714286,0.142857142857143,105,1,64,34,0.53125,41,25,0.609756097560976,0.447619047619048,0.523809523809524
7__NQ_ONLY__xgb_d4__0.5000,2023,TRUE,7,NQ_ONLY,xgb_d4,4,0.5,0.026643842458725,1,10561,0.494035645787529,5637,0.533756273080201,5355,0.507054256225736,0.0267020168544645,0.0172332165514629,52,310,0.00549190417574093,0.0271754568696146,10561,1,7560,4025,0.532407407407407,3001,1612,0.537154281906031,0.507054256225736,0.475712527222801
7__NQ_ONLY__xgb_d4__0.2000,2023,TRUE,7,NQ_ONLY,xgb_d4,4,0.2,0.0503052413463593,1,4237,0.19820367684895,2334,0.550861458579183,2160,0.509794666037291,0.0410667925418928,0.0191172999763984,52,306,0.00731649752183148,0.0339863110691527,4237,1,3146,1712,0.544183089637635,1091,622,0.570119156736939,0.509794666037291,0.471088033986311
7__NQ_ONLY__xgb_d4__0.1000,2023,TRUE,7,NQ_ONLY,xgb_d4,4,0.1,0.0636197507381439,1,2205,0.10314824343921,1241,0.56281179138322,1092,0.495238095238095,0.0675736961451247,0.0199546485260771,52,299,0.0090702947845805,0.0412698412698413,2205,1,1639,889,0.542403904820012,566,352,0.621908127208481,0.495238095238095,0.484807256235828
7__NQ_ONLY__xgb_d4__0.0500,2023,TRUE,7,NQ_ONLY,xgb_d4,4,0.05,0.0755742460489273,1,1175,0.0549656172521869,652,0.554893617021277,563,0.479148936170213,0.0757446808510638,0.0204255319148936,52,278,0.0127659574468085,0.051063829787234,1175,1,879,463,0.526734926052332,296,189,0.638513513513514,0.479148936170213,0.500425531914894
7__NQ_ONLY__xgb_d4__0.0200,2023,TRUE,7,NQ_ONLY,xgb_d4,4,0.02,0.0910630774497986,1,445,0.0208167656827431,245,0.550561797752809,215,0.48314606741573,0.0674157303370787,0.0134831460674157,52,210,0.0157303370786517,0.0651685393258427,445,1,327,172,0.525993883792049,118,73,0.61864406779661,0.48314606741573,0.503370786516854
7__NQ_ONLY__xgb_d4__0.0100,2023,TRUE,7,NQ_ONLY,xgb_d4,4,0.01,0.102928207218647,1,207,0.00968330448612995,107,0.516908212560387,94,0.454106280193237,0.0628019323671498,0.00966183574879227,52,138,0.0241545893719807,0.0917874396135266,207,1,153,74,0.483660130718954,54,33,0.611111111111111,0.454106280193237,0.536231884057971
7__NQ_ONLY__xgb_d4__0.0050,2023,TRUE,7,NQ_ONLY,xgb_d4,4,0.005,0.113821724206209,1,68,0.00318098891331805,36,0.529411764705882,28,0.411764705882353,0.117647058823529,0.0147058823529412,39,60,0.0294117647058824,0.147058823529412,68,1,45,21,0.466666666666667,23,15,0.652173913043478,0.411764705882353,0.573529411764706
7__NQ_ONLY__xgb_d5__0.5000,2023,TRUE,7,NQ_ONLY,xgb_d5,5,0.5,0.0286289155483246,1,10694,0.500257285867989,5681,0.531232466803815,5348,0.500093510379652,0.0311389564241631,0.0172994202356462,52,310,0.00589115391808491,0.0272115204787731,10694,1,7609,4000,0.525693257983966,3085,1681,0.544894651539708,0.500093510379652,0.482607069384702
7__NQ_ONLY__xgb_d5__0.2000,2023,TRUE,7,NQ_ONLY,xgb_d5,5,0.2,0.0539758086204529,1,4133,0.193338634981522,2269,0.548995886765062,2119,0.51270263730946,0.0362932494556013,0.018630534720542,52,305,0.00798451488023228,0.0370191144447133,4133,1,3035,1655,0.545304777594728,1098,614,0.5591985428051,0.51270263730946,0.468666827969998
7__NQ_ONLY__xgb_d5__0.1000,2023,TRUE,7,NQ_ONLY,xgb_d5,5,0.1,0.0695998132228851,1,1947,0.0910791972680919,1056,0.542372881355932,955,0.490498202362609,0.0518746789933231,0.0200308166409861,52,301,0.00924499229583975,0.0410888546481767,1947,1,1440,758,0.526388888888889,507,298,0.587771203155819,0.490498202362609,0.489470980996405
7__NQ_ONLY__xgb_d5__0.0500,2023,TRUE,7,NQ_ONLY,xgb_d5,5,0.05,0.0837293595075607,1,927,0.0433643635683211,507,0.546925566343042,449,0.484358144552319,0.0625674217907228,0.0204962243797195,52,272,0.0140237324703344,0.0571736785329018,927,1,659,346,0.525037936267071,268,161,0.600746268656716,0.484358144552319,0.495145631067961
7__NQ_ONLY__xgb_d5__0.0200,2023,TRUE,7,NQ_ONLY,xgb_d5,5,0.02,0.100474250912666,1,340,0.0159049445665903,187,0.55,167,0.491176470588235,0.0588235294117647,0.0147058823529412,52,184,0.0147058823529412,0.0676470588235294,340,1,237,126,0.531645569620253,103,61,0.592233009708738,0.491176470588235,0.494117647058824
7__NQ_ONLY__xgb_d5__0.0100,2023,TRUE,7,NQ_ONLY,xgb_d5,5,0.01,0.11369850218296,1,131,0.00612808158300978,71,0.541984732824428,60,0.458015267175573,0.083969465648855,0.00763358778625954,48,108,0.0229007633587786,0.099236641221374,131,1,85,43,0.505882352941176,46,28,0.608695652173913,0.458015267175573,0.534351145038168
7__NQ_ONLY__xgb_d5__0.0050,2023,TRUE,7,NQ_ONLY,xgb_d5,5,0.005,0.127938084602356,1,49,0.00229218318753801,31,0.63265306122449,19,0.387755102040816,0.244897959183673,0,32,45,0.0612244897959184,0.183673469387755,49,1,31,16,0.516129032258065,18,15,0.833333333333333,0.387755102040816,0.612244897959184
7__NQ_ES__logit__0.5000,2023,TRUE,7,NQ_ES,logit,,0.5,0.0267887859613591,1,10630,0.497263413949572,5647,0.531232361241769,5336,0.501975540921919,0.0292568203198495,0.0183443085606773,52,310,0.00583254938852305,0.0266227657572907,10630,1,7090,3757,0.529901269393512,3540,1890,0.533898305084746,0.501975540921919,0.479680150517404
7__NQ_ES__logit__0.2000,2023,TRUE,7,NQ_ES,logit,,0.2,0.0514254671848758,1,3999,0.187070215652337,2156,0.539134783695924,1984,0.496124031007752,0.0430107526881721,0.0200050012503126,52,304,0.00825206301575394,0.0387596899224806,3999,1,2750,1460,0.530909090909091,1249,696,0.55724579663731,0.496124031007752,0.483870967741936
7__NQ_ES__logit__0.1000,2023,TRUE,7,NQ_ES,logit,,0.1,0.0660093865349918,1,1879,0.0878982083547738,1022,0.543906333155934,904,0.481106971793507,0.0627993613624268,0.018626929217669,52,286,0.0122405534858968,0.0505588078765301,1879,1,1256,659,0.52468152866242,623,363,0.582664526484751,0.481106971793507,0.500266098988824
7__NQ_ES__logit__0.0500,2023,TRUE,7,NQ_ES,logit,,0.05,0.0794329146247121,1,799,0.0373766197314871,428,0.53566958698373,367,0.459324155193993,0.0763454317897372,0.0212765957446809,52,257,0.0200250312891114,0.0763454317897372,799,1,518,261,0.503861003861004,281,167,0.594306049822064,0.459324155193993,0.519399249061327
7__NQ_ES__logit__0.0200,2023,TRUE,7,NQ_ES,logit,,0.02,0.0957726037399434,1,272,0.0127239556532722,159,0.584558823529412,136,0.5,0.0845588235294118,0.0220588235294118,50,162,0.0257352941176471,0.106617647058824,272,1,172,99,0.575581395348837,100,60,0.6,0.5,0.477941176470588
7__NQ_ES__logit__0.0100,2023,TRUE,7,NQ_ES,logit,,0.01,0.108635944504687,1,85,0.00397623614164757,49,0.576470588235294,38,0.447058823529412,0.129411764705882,0.0470588235294118,40,70,0.0470588235294118,0.164705882352941,85,1,51,27,0.529411764705882,34,22,0.647058823529412,0.447058823529412,0.505882352941176
7__NQ_ES__logit__0.0050,2023,TRUE,7,NQ_ES,logit,,0.005,0.120653156858119,1,26,0.0012162604668569,15,0.576923076923077,10,0.384615384615385,0.192307692307692,0.0384615384615385,19,22,0.115384615384615,0.346153846153846,26,1,13,6,0.461538461538462,13,9,0.692307692307692,0.384615384615385,0.576923076923077
7__NQ_ES__ranger__0.5000,2023,TRUE,7,NQ_ES,ranger,,0.5,0.0210270640222152,1,11486,0.537306450858399,6098,0.530907191363399,5794,0.504440188055024,0.0264670033083754,0.0175866271983284,52,310,0.00513668814208602,0.024812815601602,11486,1,8385,4427,0.527966607036374,3101,1671,0.538858432763625,0.504440188055024,0.477973184746648
7__NQ_ES__ranger__0.2000,2023,TRUE,7,NQ_ES,ranger,,0.2,0.0417225404109734,1,4772,0.223230574916967,2610,0.546940486169321,2431,0.50943000838223,0.0375104777870914,0.018650461022632,52,308,0.00796311818943839,0.0349958088851635,4772,1,3838,2065,0.53804064616988,934,545,0.583511777301927,0.50943000838223,0.471919530595138
7__NQ_ES__ranger__0.1000,2023,TRUE,7,NQ_ES,ranger,,0.1,0.0532540267029892,1,2441,0.114188146138373,1347,0.551823023351086,1269,0.519868906185989,0.0319541171650963,0.0163867267513314,52,300,0.00901269971323228,0.0389184760344121,2441,1,2071,1126,0.543698696281989,370,221,0.597297297297297,0.519868906185989,0.463744367062679
7__NQ_ES__ranger__0.0500,2023,TRUE,7,NQ_ES,ranger,,0.05,0.0601549378765033,1,1360,0.0636197782663611,734,0.539705882352941,695,0.511029411764706,0.0286764705882353,0.0242647058823529,52,288,0.0117647058823529,0.0470588235294118,1360,1,1164,619,0.531786941580756,196,115,0.586734693877551,0.511029411764706,0.464705882352941
7__NQ_ES__ranger__0.0200,2023,TRUE,7,NQ_ES,ranger,,0.02,0.0666019514295854,1,586,0.0274126397530056,301,0.513651877133106,280,0.477815699658703,0.0358361774744027,0.0255972696245734,52,227,0.0170648464163823,0.0631399317406143,586,1,481,240,0.498960498960499,105,61,0.580952380952381,0.477815699658703,0.496587030716724
7__NQ_ES__ranger__0.0100,2023,TRUE,7,NQ_ES,ranger,,0.01,0.0725353741450265,1,254,0.0118819291762174,132,0.519685039370079,123,0.484251968503937,0.0354330708661417,0.031496062992126,50,150,0.0196850393700787,0.0866141732283465,254,1,198,101,0.51010101010101,56,31,0.553571428571429,0.484251968503937,0.484251968503937
7__NQ_ES__ranger__0.0050,2023,TRUE,7,NQ_ES,ranger,,0.005,0.0774578314768805,1,111,0.00519249660850447,61,0.54954954954955,56,0.504504504504505,0.0450450450450451,0.027027027027027,43,84,0.036036036036036,0.135135135135135,111,1,76,42,0.552631578947369,35,19,0.542857142857143,0.504504504504505,0.468468468468469
7__NQ_ES__xgb_d2__0.5000,2023,TRUE,7,NQ_ES,xgb_d2,2,0.5,0.0229785442352295,1,11300,0.5286055105955,6002,0.531150442477876,5697,0.504159292035398,0.0269911504424779,0.0173451327433628,52,310,0.00530973451327434,0.0256637168141593,11300,1,8059,4259,0.528477478595359,3241,1743,0.537796976241901,0.504159292035398,0.478495575221239
7__NQ_ES__xgb_d2__0.2000,2023,TRUE,7,NQ_ES,xgb_d2,2,0.2,0.0433622717857361,1,4757,0.222528886186088,2600,0.546562959848644,2437,0.512297666596595,0.0342652932520496,0.0187092705486651,52,309,0.00756779482867353,0.0327937775909186,4757,1,3660,1983,0.541803278688525,1097,617,0.562443026435734,0.512297666596595,0.46899306285474
7__NQ_ES__xgb_d2__0.1000,2023,TRUE,7,NQ_ES,xgb_d2,2,0.1,0.0551357269287109,1,2460,0.115076951864153,1357,0.551626016260163,1262,0.513008130081301,0.0386178861788618,0.0186991869918699,52,302,0.00934959349593496,0.0394308943089431,2460,1,1946,1059,0.544193216855087,514,298,0.579766536964981,0.513008130081301,0.468292682926829
7__NQ_ES__xgb_d2__0.0500,2023,TRUE,7,NQ_ES,xgb_d2,2,0.05,0.0632793605327606,1,1233,0.0576788136782523,700,0.56772100567721,626,0.507704785077048,0.0600162206001622,0.0210867802108678,52,280,0.0113544201135442,0.0494728304947283,1233,1,941,522,0.554729011689692,292,178,0.60958904109589,0.507704785077048,0.471208434712084
7__NQ_ES__xgb_d2__0.0200,2023,TRUE,7,NQ_ES,xgb_d2,2,0.02,0.0716661727428436,1,459,0.0214716751648969,266,0.579520697167756,219,0.477124183006536,0.10239651416122,0.0130718954248366,52,209,0.0152505446623094,0.0675381263616558,459,1,315,172,0.546031746031746,144,94,0.652777777777778,0.477124183006536,0.509803921568627
7__NQ_ES__xgb_d2__0.0100,2023,TRUE,7,NQ_ES,xgb_d2,2,0.01,0.077525627017021,1,211,0.00987042148103101,134,0.635071090047393,103,0.488151658767773,0.146919431279621,0.018957345971564,49,131,0.018957345971564,0.0853080568720379,211,1,128,78,0.609375,83,56,0.674698795180723,0.488151658767773,0.492890995260663
7__NQ_ES__xgb_d2__0.0050,2023,TRUE,7,NQ_ES,xgb_d2,2,0.005,0.0834705954790115,1,87,0.0040697946390981,56,0.64367816091954,37,0.425287356321839,0.218390804597701,0.0229885057471264,38,71,0.0344827586206897,0.137931034482759,87,1,41,24,0.585365853658537,46,32,0.695652173913044,0.425287356321839,0.551724137931035
7__NQ_ES__xgb_d3__0.5000,2023,TRUE,7,NQ_ES,xgb_d3,3,0.5,0.0252989679574966,1,11068,0.517752724891238,5867,0.530086736537767,5562,0.502529815684857,0.0275569208529093,0.0168955547524395,52,310,0.00524033249006144,0.0255692085290929,11068,1,7701,4058,0.526944552655499,3367,1809,0.537273537273537,0.502529815684857,0.480574629562703
7__NQ_ES__xgb_d3__0.2000,2023,TRUE,7,NQ_ES,xgb_d3,3,0.2,0.047432667016983,1,4543,0.212518126958881,2489,0.547875852960599,2294,0.5049526744442,0.0429231785163989,0.0200308166409861,52,307,0.00704380365397315,0.0325775918996258,4543,1,3329,1799,0.540402523280264,1214,690,0.56836902800659,0.5049526744442,0.475016508914814
7__NQ_ES__xgb_d3__0.1000,2023,TRUE,7,NQ_ES,xgb_d3,3,0.1,0.0595992684364319,1,2424,0.113392898910044,1365,0.563118811881188,1231,0.507838283828383,0.0552805280528053,0.0231023102310231,52,302,0.00825082508250825,0.0396039603960396,2424,1,1779,984,0.553119730185497,645,381,0.590697674418605,0.507838283828383,0.469059405940594
7__NQ_ES__xgb_d3__0.0500,2023,TRUE,7,NQ_ES,xgb_d3,3,0.05,0.0687306880950928,1,1337,0.0625438555456799,745,0.557217651458489,649,0.485415108451758,0.0718025430067315,0.0231862378459237,52,284,0.0119670905011219,0.050112191473448,1337,1,955,512,0.536125654450262,382,233,0.609947643979058,0.485415108451758,0.491398653702319
7__NQ_ES__xgb_d3__0.0200,2023,TRUE,7,NQ_ES,xgb_d3,3,0.02,0.0799840795993805,1,512,0.0239509753473359,287,0.560546875,246,0.48046875,0.080078125,0.015625,52,222,0.017578125,0.068359375,512,1,318,172,0.540880503144654,194,115,0.592783505154639,0.48046875,0.50390625
7__NQ_ES__xgb_d3__0.0100,2023,TRUE,7,NQ_ES,xgb_d3,3,0.01,0.0879268240928649,1,244,0.0114141366889648,133,0.545081967213115,101,0.413934426229508,0.131147540983607,0.0163934426229508,52,148,0.0245901639344262,0.0901639344262295,244,1,137,65,0.474452554744526,107,68,0.635514018691589,0.413934426229508,0.569672131147541
7__NQ_ES__xgb_d3__0.0050,2023,TRUE,7,NQ_ES,xgb_d3,3,0.005,0.0974984496831891,1,84,0.0039294568929223,43,0.511904761904762,31,0.369047619047619,0.142857142857143,0.0357142857142857,37,73,0.0357142857142857,0.130952380952381,84,1,42,17,0.404761904761905,42,26,0.619047619047619,0.369047619047619,0.595238095238095
7__NQ_ES__xgb_d4__0.5000,2023,TRUE,7,NQ_ES,xgb_d4,4,0.5,0.0272884368896484,1,10787,0.504607755999439,5744,0.532492815425976,5440,0.504310744414573,0.0281820710114026,0.0169648651154167,52,310,0.00602577176230648,0.0273477333827756,10787,1,7500,3976,0.530133333333333,3287,1768,0.537876483115303,0.504310744414573,0.47872439047001
7__NQ_ES__xgb_d4__0.2000,2023,TRUE,7,NQ_ES,xgb_d4,4,0.2,0.0513728857040405,1,4377,0.204752771670487,2403,0.549006168608636,2201,0.502855837331506,0.0461503312771305,0.017363490975554,52,306,0.00708247658213388,0.0328992460589445,4377,1,3157,1704,0.539752929996832,1220,699,0.572950819672131,0.502855837331506,0.47978067169294
7__NQ_ES__xgb_d4__0.1000,2023,TRUE,7,NQ_ES,xgb_d4,4,0.1,0.0648243457078934,1,2207,0.103241801936661,1216,0.550974173085637,1117,0.506116900770276,0.0448572723153602,0.019030357951971,52,297,0.00860897145446307,0.0394200271862256,2207,1,1567,854,0.544990427568602,640,362,0.565625,0.506116900770276,0.474852741277753
7__NQ_ES__xgb_d4__0.0500,2023,TRUE,7,NQ_ES,xgb_d4,4,0.05,0.0763673573732376,1,1101,0.0515039528465173,610,0.554041780199818,526,0.477747502270663,0.0762942779291553,0.0172570390554042,52,283,0.0108991825613079,0.0499545867393279,1101,1,718,381,0.530640668523677,383,229,0.597911227154047,0.477747502270663,0.504995458673933
7__NQ_ES__xgb_d4__0.0200,2023,TRUE,7,NQ_ES,xgb_d4,4,0.02,0.0909823870658875,1,396,0.0185245824952051,214,0.540404040404041,179,0.452020202020202,0.0883838383838384,0.0151515151515152,52,198,0.0202020202020202,0.0757575757575758,396,1,233,116,0.497854077253219,163,98,0.601226993865031,0.452020202020202,0.532828282828283
7__NQ_ES__xgb_d4__0.0100,2023,TRUE,7,NQ_ES,xgb_d4,4,0.01,0.103370352089405,1,170,0.00795247228329513,85,0.5,65,0.382352941176471,0.117647058823529,0.0176470588235294,48,113,0.0235294117647059,0.105882352941176,170,1,88,35,0.397727272727273,82,50,0.609756097560976,0.382352941176471,0.6
7__NQ_ES__xgb_d4__0.0050,2023,TRUE,7,NQ_ES,xgb_d4,4,0.005,0.11437980890274,1,61,0.00285353417224119,26,0.426229508196721,22,0.360655737704918,0.0655737704918033,0.0327868852459016,35,53,0.0327868852459016,0.163934426229508,61,1,28,8,0.285714285714286,33,18,0.545454545454545,0.360655737704918,0.60655737704918
7__NQ_ES__xgb_d5__0.5000,2023,TRUE,7,NQ_ES,xgb_d5,5,0.5,0.029834970831871,1,10559,0.493942087290078,5606,0.530921488777346,5317,0.503551472677337,0.0273700161000095,0.0163841272847808,52,310,0.00587176815986362,0.0269911923477602,10559,1,7153,3786,0.529288410457151,3406,1820,0.534351145038168,0.503551472677337,0.480064400037882
7__NQ_ES__xgb_d5__0.2000,2023,TRUE,7,NQ_ES,xgb_d5,5,0.2,0.0559081077575684,1,4206,0.196753520138467,2273,0.540418449833571,2146,0.510223490252021,0.0301949595815502,0.0178316690442225,52,306,0.00760817879220162,0.0337612933903947,4206,1,2906,1573,0.541293874741913,1300,700,0.538461538461538,0.510223490252021,0.471944840703757
7__NQ_ES__xgb_d5__0.1000,2023,TRUE,7,NQ_ES,xgb_d5,5,0.1,0.0708759129047394,1,2082,0.0973943958460027,1113,0.534582132564842,1036,0.49759846301633,0.036983669548511,0.0172910662824208,52,293,0.00960614793467819,0.0417867435158501,2082,1,1386,734,0.52958152958153,696,379,0.544540229885057,0.49759846301633,0.485110470701249
7__NQ_ES__xgb_d5__0.0500,2023,TRUE,7,NQ_ES,xgb_d5,5,0.05,0.0844443887472153,1,1027,0.0480422884408476,564,0.549172346640701,498,0.484907497565725,0.0642648490749757,0.0165530671859786,52,273,0.0126582278481013,0.0506329113924051,1027,1,685,363,0.52992700729927,342,201,0.587719298245614,0.484907497565725,0.498539435248296
7__NQ_ES__xgb_d5__0.0200,2023,TRUE,7,NQ_ES,xgb_d5,5,0.02,0.101180621385574,1,390,0.0182439070028535,208,0.533333333333333,171,0.438461538461539,0.0948717948717949,0.0128205128205128,52,191,0.0179487179487179,0.0743589743589744,390,1,239,115,0.481171548117155,151,93,0.615894039735099,0.438461538461539,0.548717948717949
7__NQ_ES__xgb_d5__0.0100,2023,TRUE,7,NQ_ES,xgb_d5,5,0.01,0.114493520855903,1,180,0.00842026477054779,93,0.516666666666667,79,0.438888888888889,0.0777777777777778,0.0166666666666667,48,115,0.0277777777777778,0.122222222222222,180,1,106,50,0.471698113207547,74,43,0.581081081081081,0.438888888888889,0.544444444444444
7__NQ_ES__xgb_d5__0.0050,2023,TRUE,7,NQ_ES,xgb_d5,5,0.005,0.127565004974604,1,73,0.00341488515694438,39,0.534246575342466,30,0.410958904109589,0.123287671232877,0.0136986301369863,40,58,0.0410958904109589,0.178082191780822,73,1,37,17,0.45945945945946,36,22,0.611111111111111,0.410958904109589,0.575342465753425
10__NQ_ONLY__logit__0.5000,2023,TRUE,10,NQ_ONLY,logit,,0.5,0.0232269995931372,1,10409,0.487426832123625,5481,0.526563550773369,5261,0.505427995004323,0.021135555769046,0.012969545585551,52,310,0.00566817177442598,0.0270919396675954,10409,1,8224,4298,0.52261673151751,2185,1183,0.54141876430206,0.505427995004323,0.481602459410126
10__NQ_ONLY__logit__0.2000,2023,TRUE,10,NQ_ONLY,logit,,0.2,0.0438062836619988,1,3858,0.180660266916413,2033,0.526956972524624,1943,0.503628823224469,0.0233281493001555,0.0106272680145153,52,305,0.00959046137895283,0.0419906687402799,3858,1,3215,1672,0.520062208398134,643,361,0.561430793157076,0.503628823224469,0.485743908761016
10__NQ_ONLY__logit__0.1000,2023,TRUE,10,NQ_ONLY,logit,,0.1,0.0568382700227896,1,1690,0.0791383750878015,924,0.546745562130178,861,0.509467455621302,0.0372781065088757,0.0100591715976331,52,290,0.0153846153846154,0.0591715976331361,1690,1,1430,765,0.534965034965035,260,159,0.611538461538462,0.509467455621302,0.480473372781065
10__NQ_ONLY__logit__0.0500,2023,TRUE,10,NQ_ONLY,logit,,0.05,0.0684611917419453,1,776,0.0363380941231562,425,0.547680412371134,389,0.501288659793814,0.0463917525773196,0.0103092783505155,52,256,0.0244845360824742,0.0798969072164948,776,1,648,345,0.532407407407407,128,80,0.625,0.501288659793814,0.48840206185567
10__NQ_ONLY__logit__0.0200,2023,TRUE,10,NQ_ONLY,logit,,0.02,0.0836978578811145,1,252,0.0118005151018497,130,0.515873015873016,122,0.484126984126984,0.0317460317460317,0.0119047619047619,51,146,0.0357142857142857,0.119047619047619,252,1,216,109,0.50462962962963,36,21,0.583333333333333,0.484126984126984,0.503968253968254
10__NQ_ONLY__logit__0.0100,2023,TRUE,10,NQ_ONLY,logit,,0.01,0.09536073096919,1,89,0.00416764223835167,44,0.49438202247191,40,0.449438202247191,0.0449438202247191,0.0112359550561798,39,67,0.0449438202247191,0.157303370786517,89,1,74,35,0.472972972972973,15,9,0.6,0.449438202247191,0.539325842696629
10__NQ_ONLY__logit__0.0050,2023,TRUE,10,NQ_ONLY,logit,,0.005,0.108899939673055,1,22,0.00103020369936783,13,0.590909090909091,12,0.545454545454545,0.0454545454545455,0,16,18,0.0909090909090909,0.409090909090909,22,1,17,10,0.588235294117647,5,3,0.6,0.545454545454545,0.454545454545455
10__NQ_ONLY__ranger__0.5000,2023,TRUE,10,NQ_ONLY,ranger,,0.5,0.0196264333668691,1,11097,0.519644111449309,5805,0.523114355231144,5648,0.508966387311886,0.0141479679192575,0.0126160223483824,52,310,0.00558709561142651,0.0259529602595296,11097,1,9275,4831,0.520862533692722,1822,974,0.534577387486279,0.508966387311886,0.478417590339732
10__NQ_ONLY__ranger__0.2000,2023,TRUE,10,NQ_ONLY,ranger,,0.2,0.0368941372595066,1,4660,0.218215874502458,2483,0.532832618025751,2394,0.513733905579399,0.0190987124463519,0.0105150214592275,52,308,0.00686695278969957,0.0328326180257511,4660,1,4138,2182,0.52730787820203,522,301,0.576628352490421,0.513733905579399,0.475751072961373
10__NQ_ONLY__ranger__0.1000,2023,TRUE,10,NQ_ONLY,ranger,,0.1,0.0476722006088569,1,2447,0.114586747834231,1313,0.536575398447078,1277,0.521863506334287,0.0147118921127912,0.00858193706579485,52,303,0.00858193706579485,0.038414384961177,2447,1,2278,1212,0.532045654082529,169,101,0.597633136094675,0.521863506334287,0.469554556599918
10__NQ_ONLY__ranger__0.0500,2023,TRUE,10,NQ_ONLY,ranger,,0.05,0.0562452763976773,1,1392,0.0651837977054554,753,0.540948275862069,739,0.530890804597701,0.0100574712643678,0.00790229885057471,52,288,0.0107758620689655,0.0474137931034483,1392,1,1329,715,0.537998495109105,63,38,0.603174603174603,0.530890804597701,0.461206896551724
10__NQ_ONLY__ranger__0.0200,2023,TRUE,10,NQ_ONLY,ranger,,0.02,0.0645395259683344,1,628,0.0294076328728635,336,0.535031847133758,327,0.520700636942675,0.0143312101910828,0.00636942675159236,52,250,0.0143312101910828,0.0557324840764331,628,1,593,314,0.529510961214165,35,22,0.628571428571429,0.520700636942675,0.472929936305733
10__NQ_ONLY__ranger__0.0100,2023,TRUE,10,NQ_ONLY,ranger,,0.01,0.0704018812835727,1,282,0.0132053383282604,154,0.546099290780142,144,0.51063829787234,0.0354609929078014,0.00354609929078014,52,177,0.0212765957446809,0.0815602836879433,282,1,268,142,0.529850746268657,14,12,0.857142857142857,0.51063829787234,0.48581560283688
10__NQ_ONLY__ranger__0.0050,2023,TRUE,10,NQ_ONLY,ranger,,0.005,0.0756385662700244,1,120,0.00561929290564271,64,0.533333333333333,59,0.491666666666667,0.0416666666666667,0.00833333333333333,49,100,0.025,0.1,120,1,115,59,0.51304347826087,5,5,1,0.491666666666667,0.5
10__NQ_ONLY__xgb_d2__0.5000,2023,TRUE,10,NQ_ONLY,xgb_d2,2,0.5,0.0206677913665771,1,10764,0.504050573636151,5637,0.523690078037904,5433,0.504738015607581,0.0189520624303233,0.0130992196209588,52,310,0.00557413600891862,0.0262913415087328,10764,1,8899,4620,0.519159456118665,1865,1017,0.545308310991957,0.504738015607581,0.48216276477146
10__NQ_ONLY__xgb_d2__0.2000,2023,TRUE,10,NQ_ONLY,xgb_d2,2,0.2,0.0401216149330139,1,4203,0.196815734020136,2241,0.533190578158458,2158,0.513442778967404,0.019747799191054,0.0107066381156317,52,309,0.00761360932667143,0.0359267190102308,4203,1,3728,1967,0.527628755364807,475,274,0.576842105263158,0.513442778967404,0.475850582916964
10__NQ_ONLY__xgb_d2__0.1000,2023,TRUE,10,NQ_ONLY,xgb_d2,2,0.1,0.0515974760055542,1,2114,0.0989932100210724,1147,0.542573320719016,1117,0.528382213812677,0.0141911069063387,0.00614947965941343,52,302,0.00993377483443709,0.0454115421002838,2114,1,1958,1055,0.538815117466803,156,92,0.58974358974359,0.528382213812677,0.465468306527909
10__NQ_ONLY__xgb_d2__0.0500,2023,TRUE,10,NQ_ONLY,xgb_d2,2,0.05,0.0602044463157654,1,1094,0.0512292203231093,610,0.557586837294333,595,0.543875685557587,0.0137111517367459,0.00639853747714808,52,278,0.0173674588665448,0.0594149908592322,1094,1,1018,565,0.555009823182711,76,45,0.592105263157895,0.543875685557587,0.449725776965265
10__NQ_ONLY__xgb_d2__0.0200,2023,TRUE,10,NQ_ONLY,xgb_d2,2,0.02,0.0683300673961639,1,437,0.0204635916647155,242,0.553775743707094,233,0.533180778032037,0.0205949656750572,0.0045766590389016,52,212,0.0274599542334096,0.0846681922196796,437,1,402,220,0.54726368159204,35,22,0.628571428571429,0.533180778032037,0.462242562929062
10__NQ_ONLY__xgb_d2__0.0100,2023,TRUE,10,NQ_ONLY,xgb_d2,2,0.01,0.0743863224983215,1,185,0.00866307656286584,95,0.513513513513514,90,0.486486486486487,0.027027027027027,0,52,126,0.0378378378378378,0.12972972972973,185,1,164,82,0.5,21,13,0.619047619047619,0.486486486486487,0.513513513513514
10__NQ_ONLY__xgb_d2__0.0050,2023,TRUE,10,NQ_ONLY,xgb_d2,2,0.005,0.0801542639732358,1,64,0.00299695621634278,32,0.5,29,0.453125,0.046875,0,35,48,0.09375,0.21875,64,1,51,24,0.470588235294118,13,8,0.615384615384615,0.453125,0.546875
10__NQ_ONLY__xgb_d3__0.5000,2023,TRUE,10,NQ_ONLY,xgb_d3,3,0.5,0.0230942666530609,1,10513,0.492296885975182,5543,0.52725197374679,5317,0.505754779796443,0.0214971939503472,0.0123656425378103,52,310,0.00561209930562161,0.0267288119471131,10513,1,8566,4472,0.522063973850105,1947,1071,0.550077041602465,0.505754779796443,0.481879577665747
10__NQ_ONLY__xgb_d3__0.2000,2023,TRUE,10,NQ_ONLY,xgb_d3,3,0.2,0.0438109934329987,1,4071,0.190634511823929,2191,0.538197003193319,2095,0.514615573569148,0.023581429624171,0.0105625153524932,52,307,0.00736919675755343,0.0356177843281749,4071,1,3504,1865,0.532248858447489,567,326,0.574955908289242,0.514615573569148,0.474821911078359
10__NQ_ONLY__xgb_d3__0.1000,2023,TRUE,10,NQ_ONLY,xgb_d3,3,0.1,0.0558961629867554,1,2051,0.0960430812456099,1120,0.546075085324232,1057,0.515358361774744,0.0307167235494881,0.0107264748902974,52,296,0.0112140419307655,0.0463188688444661,2051,1,1819,976,0.536558548653106,232,144,0.620689655172414,0.515358361774744,0.473915163334959
10__NQ_ONLY__xgb_d3__0.0500,2023,TRUE,10,NQ_ONLY,xgb_d3,3,0.05,0.0654056370258331,1,1063,0.0497775696558183,565,0.531514581373471,535,0.503292568203198,0.0282220131702728,0.00658513640639699,52,280,0.013170272812794,0.0545625587958608,1063,1,972,506,0.520576131687243,91,59,0.648351648351648,0.503292568203198,0.490122295390405
10__NQ_ONLY__xgb_d3__0.0200,2023,TRUE,10,NQ_ONLY,xgb_d3,3,0.02,0.0763606071472168,1,418,0.0195738702879888,223,0.533492822966507,208,0.497607655502392,0.0358851674641148,0.00478468899521531,52,200,0.0215311004784689,0.0837320574162679,418,1,381,197,0.517060367454068,37,26,0.702702702702703,0.497607655502392,0.497607655502392
10__NQ_ONLY__xgb_d3__0.0100,2023,TRUE,10,NQ_ONLY,xgb_d3,3,0.01,0.0832262039184571,1,201,0.00941231561695153,105,0.522388059701493,92,0.45771144278607,0.0646766169154229,0,51,127,0.0348258706467662,0.114427860696517,201,1,180,88,0.488888888888889,21,17,0.80952380952381,0.45771144278607,0.54228855721393
10__NQ_ONLY__xgb_d3__0.0050,2023,TRUE,10,NQ_ONLY,xgb_d3,3,0.005,0.0894159615039825,1,93,0.0043549520018731,50,0.537634408602151,45,0.483870967741936,0.0537634408602151,0,43,76,0.0430107526881721,0.139784946236559,93,1,86,44,0.511627906976744,7,6,0.857142857142857,0.483870967741936,0.516129032258065
10__NQ_ONLY__xgb_d4__0.5000,2023,TRUE,10,NQ_ONLY,xgb_d4,4,0.5,0.0257611274719238,1,10198,0.477546242097869,5384,0.527946656207099,5144,0.504412629927437,0.0235340262796627,0.0138262404393018,52,310,0.00558933124141989,0.0269660717787802,10198,1,8184,4276,0.522482893450635,2014,1108,0.550148957298908,0.504412629927437,0.481761129633261
10__NQ_ONLY__xgb_d4__0.2000,2023,TRUE,10,NQ_ONLY,xgb_d4,4,0.2,0.0480353236198425,1,3896,0.182439709669867,2082,0.534394250513347,2016,0.517453798767967,0.0169404517453799,0.010523613963039,52,309,0.00821355236139631,0.0390143737166324,3896,1,3350,1781,0.531641791044776,546,301,0.551282051282051,0.517453798767967,0.472022587268994
10__NQ_ONLY__xgb_d4__0.1000,2023,TRUE,10,NQ_ONLY,xgb_d4,4,0.1,0.0614079833030701,1,1887,0.0883633809412316,1006,0.533121356650768,970,0.514043455219926,0.0190779014308426,0.00794912559618442,52,294,0.0111287758346582,0.0535241123476418,1887,1,1650,871,0.527878787878788,237,135,0.569620253164557,0.514043455219926,0.47800741918389
10__NQ_ONLY__xgb_d4__0.0500,2023,TRUE,10,NQ_ONLY,xgb_d4,4,0.05,0.0728773772716522,1,914,0.0428002809646453,483,0.528446389496718,446,0.487964989059081,0.0404814004376368,0.00765864332603939,52,266,0.0185995623632385,0.0765864332603939,914,1,789,403,0.510773130544994,125,80,0.64,0.487964989059081,0.50437636761488
10__NQ_ONLY__xgb_d4__0.0200,2023,TRUE,10,NQ_ONLY,xgb_d4,4,0.02,0.086916971206665,1,328,0.0153594006087567,175,0.533536585365854,158,0.481707317073171,0.0518292682926829,0.00304878048780488,52,174,0.0274390243902439,0.106707317073171,328,1,274,140,0.510948905109489,54,35,0.648148148148148,0.481707317073171,0.515243902439024
10__NQ_ONLY__xgb_d4__0.0100,2023,TRUE,10,NQ_ONLY,xgb_d4,4,0.01,0.0971137881278992,1,125,0.00585343011004449,70,0.56,65,0.52,0.04,0.008,49,91,0.04,0.152,125,1,99,55,0.555555555555556,26,15,0.576923076923077,0.52,0.472
10__NQ_ONLY__xgb_d4__0.0050,2023,TRUE,10,NQ_ONLY,xgb_d4,4,0.005,0.105614224076271,1,59,0.002762819011941,33,0.559322033898305,30,0.508474576271186,0.0508474576271187,0,35,51,0.0677966101694915,0.220338983050847,59,1,46,25,0.543478260869565,13,8,0.615384615384615,0.508474576271186,0.491525423728814
10__NQ_ONLY__xgb_d5__0.5000,2023,TRUE,10,NQ_ONLY,xgb_d5,5,0.5,0.0279868245124817,1,9874,0.462374151252634,5202,0.526838160826413,5034,0.509823779623253,0.0170143812031598,0.0128620619809601,52,310,0.0054689082438728,0.0270407129835933,9874,1,7654,4027,0.526130128037627,2220,1175,0.529279279279279,0.509823779623253,0.477314158395787
10__NQ_ONLY__xgb_d5__0.2000,2023,TRUE,10,NQ_ONLY,xgb_d5,5,0.2,0.0528419613838196,1,3678,0.172231327557949,1961,0.533170201196302,1902,0.517128874388255,0.0160413268080479,0.010331702011963,52,306,0.00924415443175639,0.0407830342577488,3678,1,3022,1608,0.532097948378557,656,353,0.538109756097561,0.517128874388255,0.472539423599783
10__NQ_ONLY__xgb_d5__0.1000,2023,TRUE,10,NQ_ONLY,xgb_d5,5,0.1,0.0680533349514008,1,1704,0.0797939592601264,924,0.542253521126761,884,0.518779342723005,0.0234741784037559,0.00821596244131455,52,291,0.0134976525821596,0.0557511737089202,1704,1,1419,763,0.537702607470049,285,161,0.564912280701754,0.518779342723005,0.473004694835681
10__NQ_ONLY__xgb_d5__0.0500,2023,TRUE,10,NQ_ONLY,xgb_d5,5,0.05,0.0813456177711487,1,781,0.036572231327558,426,0.545454545454545,403,0.516005121638924,0.029449423815621,0.00512163892445583,52,257,0.0204865556978233,0.0793854033290653,781,1,647,348,0.537867078825348,134,78,0.582089552238806,0.516005121638924,0.47887323943662
10__NQ_ONLY__xgb_d5__0.0200,2023,TRUE,10,NQ_ONLY,xgb_d5,5,0.02,0.0974754214286804,1,280,0.0131116834464997,139,0.496428571428571,133,0.475,0.0214285714285714,0.00714285714285714,52,168,0.0392857142857143,0.128571428571429,280,1,223,108,0.484304932735426,57,31,0.543859649122807,0.475,0.517857142857143
10__NQ_ONLY__xgb_d5__0.0100,2023,TRUE,10,NQ_ONLY,xgb_d5,5,0.01,0.108226978778839,1,132,0.00618122219620698,73,0.553030303030303,67,0.507575757575758,0.0454545454545455,0.00757575757575758,50,98,0.0454545454545455,0.151515151515152,132,1,101,55,0.544554455445545,31,18,0.580645161290323,0.507575757575758,0.484848484848485
10__NQ_ONLY__xgb_d5__0.0050,2023,TRUE,10,NQ_ONLY,xgb_d5,5,0.005,0.119845482707023,1,42,0.00196675251697495,26,0.619047619047619,23,0.547619047619048,0.0714285714285714,0,28,33,0.0714285714285714,0.285714285714286,42,1,29,18,0.620689655172414,13,8,0.615384615384615,0.547619047619048,0.452380952380952
10__NQ_ES__logit__0.5000,2023,TRUE,10,NQ_ES,logit,,0.5,0.0240036836838083,1,10359,0.485085460079607,5458,0.526884834443479,5241,0.505936866492905,0.0209479679505744,0.0136113524471474,52,310,0.00617820252920166,0.0276088425523699,10359,1,7911,4146,0.524080394387562,2448,1312,0.535947712418301,0.505936866492905,0.480451781059948
10__NQ_ES__logit__0.2000,2023,TRUE,10,NQ_ES,logit,,0.2,0.0455939224323991,1,3863,0.180894404120815,2024,0.523945120372767,1923,0.497799637587367,0.0261454827853999,0.0113901113124515,52,303,0.00957804814910691,0.0411597204245405,3863,1,3118,1608,0.515715202052598,745,416,0.558389261744966,0.497799637587367,0.490810251100181
10__NQ_ES__logit__0.1000,2023,TRUE,10,NQ_ES,logit,,0.1,0.0588659245570496,1,1794,0.0840084289393585,954,0.531772575250836,885,0.493311036789298,0.0384615384615385,0.0105908584169454,52,290,0.0128205128205128,0.0529542920847269,1794,1,1458,755,0.517832647462277,336,199,0.592261904761905,0.493311036789298,0.496098104793757
10__NQ_ES__logit__0.0500,2023,TRUE,10,NQ_ES,logit,,0.05,0.0710613887297734,1,796,0.0372746429407633,431,0.541457286432161,399,0.501256281407035,0.0402010050251256,0.0138190954773869,52,256,0.0188442211055276,0.0766331658291457,796,1,654,346,0.529051987767584,142,85,0.598591549295775,0.501256281407035,0.484924623115578
10__NQ_ES__logit__0.0200,2023,TRUE,10,NQ_ES,logit,,0.02,0.0877245609486895,1,231,0.0108171388433622,127,0.54978354978355,112,0.484848484848485,0.0649350649350649,0.012987012987013,50,131,0.0216450216450216,0.108225108225108,231,1,190,100,0.526315789473684,41,27,0.658536585365854,0.484848484848485,0.502164502164502
10__NQ_ES__logit__0.0100,2023,TRUE,10,NQ_ES,logit,,0.01,0.10120912222146,1,74,0.00346523062514634,41,0.554054054054054,34,0.45945945945946,0.0945945945945946,0.0135135135135135,38,57,0.0675675675675676,0.216216216216216,74,1,61,31,0.508196721311475,13,10,0.769230769230769,0.45945945945946,0.527027027027027
10__NQ_ES__logit__0.0050,2023,TRUE,10,NQ_ES,logit,,0.005,0.115933023865138,1,22,0.00103020369936783,11,0.5,9,0.409090909090909,0.0909090909090909,0,17,19,0.0909090909090909,0.363636363636364,22,1,14,6,0.428571428571429,8,5,0.625,0.409090909090909,0.590909090909091
10__NQ_ES__ranger__0.5000,2023,TRUE,10,NQ_ES,ranger,,0.5,0.018441095696725,1,11245,0.526574572699602,5897,0.524410849266341,5733,0.509826589595376,0.0145842596709649,0.0126278345931525,52,310,0.00551356158292575,0.0261449533125834,11245,1,9385,4902,0.522322855620671,1860,995,0.53494623655914,0.509826589595376,0.477545575811472
10__NQ_ES__ranger__0.2000,2023,TRUE,10,NQ_ES,ranger,,0.2,0.0361779982852611,1,4645,0.217513462889253,2456,0.528740581270183,2393,0.515177610333692,0.0135629709364909,0.0107642626480086,52,308,0.0077502691065662,0.0346609257265877,4645,1,4140,2176,0.5256038647343,505,280,0.554455445544555,0.515177610333692,0.474058127018299
10__NQ_ES__ranger__0.1000,2023,TRUE,10,NQ_ES,ranger,,0.1,0.04745237882896,1,2421,0.113369234371342,1297,0.535729037587774,1283,0.529946303180504,0.00578273440726972,0.00991325898389095,52,302,0.00908715406856671,0.0413052457662123,2421,1,2245,1204,0.53630289532294,176,93,0.528409090909091,0.529946303180504,0.460140437835605
10__NQ_ES__ranger__0.0500,2023,TRUE,10,NQ_ES,ranger,,0.05,0.056124675567127,1,1336,0.0625614610161555,699,0.523203592814371,688,0.51497005988024,0.00823353293413174,0.00898203592814371,52,289,0.0112275449101796,0.0479041916167665,1336,1,1266,659,0.520537124802528,70,40,0.571428571428571,0.51497005988024,0.476047904191617
10__NQ_ES__ranger__0.0200,2023,TRUE,10,NQ_ES,ranger,,0.02,0.0635711870332223,1,646,0.0302505268087099,355,0.54953560371517,346,0.535603715170279,0.0139318885448916,0.0108359133126935,52,248,0.0123839009287926,0.0572755417956656,646,1,618,337,0.545307443365696,28,18,0.642857142857143,0.535603715170279,0.453560371517028
10__NQ_ES__ranger__0.0100,2023,TRUE,10,NQ_ES,ranger,,0.01,0.0682413891594372,1,352,0.0164832591898853,197,0.559659090909091,191,0.542613636363636,0.0170454545454545,0.00852272727272727,52,194,0.0170454545454545,0.0681818181818182,352,1,337,187,0.554896142433234,15,10,0.666666666666667,0.542613636363636,0.448863636363636
10__NQ_ES__ranger__0.0050,2023,TRUE,10,NQ_ES,ranger,,0.005,0.0720786086702842,1,181,0.00847576679934442,103,0.569060773480663,101,0.558011049723757,0.0110497237569061,0.0110497237569061,50,133,0.0220994475138122,0.0939226519337017,181,1,170,97,0.570588235294118,11,6,0.545454545454545,0.558011049723757,0.430939226519337
10__NQ_ES__xgb_d2__0.5000,2023,TRUE,10,NQ_ES,xgb_d2,2,0.5,0.0205104649066925,1,11006,0.515382814329197,5772,0.524441213883336,5569,0.505996729056878,0.0184444848264583,0.0128111938942395,52,310,0.00590586952571325,0.0269852807559513,11006,1,8774,4576,0.521540916343743,2232,1196,0.53584229390681,0.505996729056878,0.481192077048882
10__NQ_ES__xgb_d2__0.2000,2023,TRUE,10,NQ_ES,xgb_d2,2,0.2,0.0390962958335876,1,4453,0.208522594240225,2373,0.532899169099484,2273,0.510442398383113,0.022456770716371,0.0121266561868403,52,307,0.00718616662923872,0.0339097237817202,4453,1,3711,1961,0.528428994880086,742,412,0.555256064690027,0.510442398383113,0.477430945430047
10__NQ_ES__xgb_d2__0.1000,2023,TRUE,10,NQ_ES,xgb_d2,2,0.1,0.0498638451099396,1,2247,0.10522125965816,1200,0.534045393858478,1160,0.516243880729862,0.0178015131286159,0.00845571873609257,52,305,0.00890075656430797,0.0404984423676012,2247,1,1945,1032,0.530591259640103,302,168,0.556291390728477,0.516243880729862,0.475300400534045
10__NQ_ES__xgb_d2__0.0500,2023,TRUE,10,NQ_ES,xgb_d2,2,0.05,0.0581240057945252,1,1192,0.0558183095293842,671,0.562919463087248,640,0.536912751677852,0.026006711409396,0.0075503355704698,52,292,0.0109060402684564,0.0511744966442953,1192,1,1073,597,0.556383970177074,119,74,0.621848739495798,0.536912751677852,0.455536912751678
10__NQ_ES__xgb_d2__0.0200,2023,TRUE,10,NQ_ES,xgb_d2,2,0.02,0.066553008556366,1,499,0.0233668929992976,283,0.567134268537074,266,0.533066132264529,0.0340681362725451,0.00801603206412826,52,226,0.0140280561122245,0.062124248496994,499,1,443,247,0.557562076749436,56,36,0.642857142857143,0.533066132264529,0.458917835671343
10__NQ_ES__xgb_d2__0.0100,2023,TRUE,10,NQ_ES,xgb_d2,2,0.01,0.0726402640342713,1,202,0.00945914305783189,111,0.54950495049505,102,0.504950495049505,0.0445544554455446,0,52,138,0.0198019801980198,0.0891089108910891,202,1,179,95,0.53072625698324,23,16,0.695652173913044,0.504950495049505,0.495049504950495
10__NQ_ES__xgb_d2__0.0050,2023,TRUE,10,NQ_ES,xgb_d2,2,0.005,0.0783113181591031,1,91,0.00426129712011239,48,0.527472527472528,42,0.461538461538462,0.0659340659340659,0,43,76,0.032967032967033,0.120879120879121,91,1,79,39,0.493670886075949,12,9,0.75,0.461538461538462,0.538461538461538
10__NQ_ES__xgb_d3__0.5000,2023,TRUE,10,NQ_ES,xgb_d3,3,0.5,0.0228931307792664,1,10851,0.508124560992742,5736,0.528614874205142,5495,0.5064049396369,0.0222099345682426,0.0129020366786471,52,310,0.00571375910054373,0.0273707492397014,10851,1,8426,4426,0.525278898647045,2425,1310,0.54020618556701,0.5064049396369,0.480693023684453
10__NQ_ES__xgb_d3__0.2000,2023,TRUE,10,NQ_ES,xgb_d3,3,0.2,0.0435076355934143,1,4252,0.199110278623273,2247,0.528457196613358,2159,0.507761053621825,0.0206961429915334,0.0122295390404516,52,308,0.00799623706491063,0.0364534336782691,4252,1,3424,1799,0.525408878504673,828,448,0.541062801932367,0.507761053621825,0.480009407337723
10__NQ_ES__xgb_d3__0.1000,2023,TRUE,10,NQ_ES,xgb_d3,3,0.1,0.0556447207927704,1,2151,0.100725825333646,1152,0.535564853556485,1114,0.517898651789865,0.0176662017666202,0.0102278010227801,52,304,0.0102278010227801,0.0441655044165504,2151,1,1777,950,0.534608891389983,374,202,0.540106951871658,0.517898651789865,0.471873547187355
10__NQ_ES__xgb_d3__0.0500,2023,TRUE,10,NQ_ES,xgb_d3,3,0.05,0.0659078359603882,1,1024,0.0479512994614844,542,0.529296875,531,0.5185546875,0.0107421875,0.009765625,52,279,0.01171875,0.0546875,1024,1,844,448,0.530805687203792,180,94,0.522222222222222,0.5185546875,0.4716796875
10__NQ_ES__xgb_d3__0.0200,2023,TRUE,10,NQ_ES,xgb_d3,3,0.02,0.0780524373054504,1,339,0.0158745024584406,184,0.542772861356932,168,0.495575221238938,0.0471976401179941,0.00884955752212389,52,189,0.0265486725663717,0.0855457227138643,339,1,280,147,0.525,59,37,0.627118644067797,0.495575221238938,0.495575221238938
10__NQ_ES__xgb_d3__0.0100,2023,TRUE,10,NQ_ES,xgb_d3,3,0.01,0.0861582934856415,1,146,0.00683680636853196,76,0.520547945205479,67,0.458904109589041,0.0616438356164384,0.00684931506849315,49,108,0.0342465753424658,0.136986301369863,146,1,115,56,0.486956521739131,31,20,0.645161290322581,0.458904109589041,0.534246575342466
10__NQ_ES__xgb_d3__0.0050,2023,TRUE,10,NQ_ES,xgb_d3,3,0.005,0.0936271548271176,1,68,0.0031842659798642,35,0.514705882352941,33,0.485294117647059,0.0294117647058824,0.0147058823529412,37,58,0.0588235294117647,0.191176470588235,68,1,50,25,0.5,18,10,0.555555555555556,0.485294117647059,0.5
10__NQ_ES__xgb_d4__0.5000,2023,TRUE,10,NQ_ES,xgb_d4,4,0.5,0.025148868560791,1,10544,0.493748536642473,5532,0.524658573596358,5346,0.507018209408194,0.0176403641881639,0.012613808801214,52,310,0.00588012139605463,0.0273141122913505,10544,1,8056,4216,0.523336643495531,2488,1316,0.528938906752412,0.507018209408194,0.480367981790592
10__NQ_ES__xgb_d4__0.2000,2023,TRUE,10,NQ_ES,xgb_d4,4,0.2,0.0478594303131104,1,4068,0.190494029501288,2163,0.531710914454277,2086,0.512782694198624,0.0189282202556539,0.0115535889872173,52,306,0.00860373647984268,0.0393313667649951,4068,1,3217,1708,0.530929437364004,851,455,0.534665099882491,0.512782694198624,0.475663716814159
10__NQ_ES__xgb_d4__0.1000,2023,TRUE,10,NQ_ES,xgb_d4,4,0.1,0.0612540245056152,1,1964,0.091969093889019,1044,0.531568228105906,998,0.508146639511202,0.0234215885947047,0.0112016293279022,52,297,0.0117107942973523,0.0493890020366599,1964,1,1569,827,0.527087316762269,395,217,0.549367088607595,0.508146639511202,0.480651731160896
10__NQ_ES__xgb_d4__0.0500,2023,TRUE,10,NQ_ES,xgb_d4,4,0.05,0.0732977390289307,1,909,0.0425661437602435,482,0.53025302530253,457,0.502750275027503,0.0275027502750275,0.011001100110011,52,276,0.0198019801980198,0.0682068206820682,909,1,711,373,0.524613220815752,198,109,0.550505050505051,0.502750275027503,0.486248624862486
10__NQ_ES__xgb_d4__0.0200,2023,TRUE,10,NQ_ES,xgb_d4,4,0.02,0.0881607115268707,1,300,0.0140482322641068,169,0.563333333333333,146,0.486666666666667,0.0766666666666667,0.0133333333333333,51,174,0.0233333333333333,0.0966666666666667,300,1,227,122,0.537444933920705,73,47,0.643835616438356,0.486666666666667,0.5
10__NQ_ES__xgb_d4__0.0100,2023,TRUE,10,NQ_ES,xgb_d4,4,0.01,0.098504912853241,1,135,0.00632170451884805,75,0.555555555555556,66,0.488888888888889,0.0666666666666667,0,48,97,0.037037037037037,0.148148148148148,135,1,100,53,0.53,35,22,0.628571428571429,0.488888888888889,0.511111111111111
10__NQ_ES__xgb_d4__0.0050,2023,TRUE,10,NQ_ES,xgb_d4,4,0.005,0.108277374505996,1,62,0.00290330133458207,34,0.548387096774194,26,0.419354838709677,0.129032258064516,0,35,50,0.0483870967741936,0.209677419354839,62,1,42,20,0.476190476190476,20,14,0.7,0.419354838709677,0.580645161290323
10__NQ_ES__xgb_d5__0.5000,2023,TRUE,10,NQ_ES,xgb_d5,5,0.5,0.0279978215694428,1,10235,0.479278857410443,5365,0.524181729360039,5222,0.510210063507572,0.013971665852467,0.0129946262823644,52,310,0.00566682950659502,0.0269662921348315,10235,1,7565,3982,0.526371447455387,2670,1383,0.517977528089888,0.510210063507572,0.476795310210064
10__NQ_ES__xgb_d5__0.2000,2023,TRUE,10,NQ_ES,xgb_d5,5,0.2,0.0531647503376007,1,3898,0.182533364551627,2079,0.533350436121088,2020,0.51821446895844,0.0151359671626475,0.0115443817342227,52,303,0.00846587993842996,0.0351462288353002,3898,1,3043,1630,0.535655603023332,855,449,0.525146198830409,0.51821446895844,0.470241149307337
10__NQ_ES__xgb_d5__0.1000,2023,TRUE,10,NQ_ES,xgb_d5,5,0.1,0.0690734386444092,1,1781,0.0833996722079138,975,0.547445255474453,928,0.521055586749017,0.0263896687254351,0.0112296462661426,52,293,0.0117911285794497,0.0460415496911847,1781,1,1383,757,0.547360809833695,398,218,0.547738693467337,0.521055586749017,0.46771476698484
10__NQ_ES__xgb_d5__0.0500,2023,TRUE,10,NQ_ES,xgb_d5,5,0.05,0.0831539630889893,1,791,0.0370405057363615,428,0.541087231352718,397,0.501896333754741,0.0391908975979773,0.00758533501896334,52,255,0.0164348925410872,0.0670037926675095,791,1,615,326,0.530081300813008,176,102,0.579545454545455,0.501896333754741,0.490518331226296
10__NQ_ES__xgb_d5__0.0200,2023,TRUE,10,NQ_ES,xgb_d5,5,0.02,0.100987470149994,1,247,0.0115663778974479,129,0.522267206477733,114,0.461538461538462,0.0607287449392713,0.0202429149797571,52,159,0.0364372469635628,0.105263157894737,247,1,192,95,0.494791666666667,55,34,0.618181818181818,0.461538461538462,0.518218623481781
10__NQ_ES__xgb_d5__0.0100,2023,TRUE,10,NQ_ES,xgb_d5,5,0.01,0.112604928016663,1,110,0.00515101849683915,57,0.518181818181818,47,0.427272727272727,0.0909090909090909,0.0272727272727273,46,88,0.0636363636363636,0.154545454545455,110,1,82,39,0.475609756097561,28,18,0.642857142857143,0.427272727272727,0.545454545454545
10__NQ_ES__xgb_d5__0.0050,2023,TRUE,10,NQ_ES,xgb_d5,5,0.005,0.124411064386368,1,39,0.00182627019433388,22,0.564102564102564,16,0.41025641025641,0.153846153846154,0,27,35,0.102564102564103,0.230769230769231,39,1,29,14,0.482758620689655,10,8,0.8,0.41025641025641,0.58974358974359
15__NQ_ONLY__logit__0.5000,2023,TRUE,15,NQ_ONLY,logit,,0.5,0.0223153374501661,1,10383,0.492949722261786,5470,0.526822690937109,5286,0.509101415775787,0.0177212751613214,0.0100163729172686,52,310,0.00626023307329288,0.0281228931907926,10383,1,8855,4624,0.522190852625635,1528,846,0.553664921465969,0.509101415775787,0.480882211306944
15__NQ_ONLY__logit__0.2000,2023,TRUE,15,NQ_ONLY,logit,,0.2,0.0422411591254061,1,3713,0.176280681764231,1964,0.528952329652572,1911,0.514678157823862,0.0142741718287099,0.00915701589011581,52,308,0.0102343118771883,0.0398599515216806,3713,1,3405,1786,0.524522760646109,308,178,0.577922077922078,0.514678157823862,0.476164826286022
15__NQ_ONLY__logit__0.1000,2023,TRUE,15,NQ_ONLY,logit,,0.1,0.0539334783407467,1,1656,0.0786212790200826,899,0.542874396135266,861,0.519927536231884,0.0229468599033816,0.00664251207729469,52,294,0.0108695652173913,0.0507246376811594,1656,1,1534,819,0.533898305084746,122,80,0.655737704918033,0.519927536231884,0.473429951690821
15__NQ_ONLY__logit__0.0500,2023,TRUE,15,NQ_ONLY,logit,,0.05,0.0646224638171026,1,680,0.0322841000807102,366,0.538235294117647,352,0.517647058823529,0.0205882352941176,0.00588235294117647,52,241,0.0147058823529412,0.0632352941176471,680,1,634,336,0.529968454258675,46,30,0.652173913043478,0.517647058823529,0.476470588235294
15__NQ_ONLY__logit__0.0200,2023,TRUE,15,NQ_ONLY,logit,,0.02,0.0794136481275372,1,215,0.0102074728196363,100,0.465116279069768,94,0.437209302325581,0.027906976744186,0.013953488372093,49,127,0.027906976744186,0.111627906976744,215,1,197,88,0.446700507614213,18,12,0.666666666666667,0.437209302325581,0.548837209302326
15__NQ_ONLY__logit__0.0100,2023,TRUE,15,NQ_ONLY,logit,,0.01,0.09129180170763,1,88,0.00417794236338603,44,0.5,42,0.477272727272727,0.0227272727272727,0,40,63,0.0454545454545455,0.159090909090909,88,1,76,37,0.486842105263158,12,7,0.583333333333333,0.477272727272727,0.522727272727273
15__NQ_ONLY__logit__0.0050,2023,TRUE,15,NQ_ONLY,logit,,0.005,0.103957018308725,1,36,0.00170915823956701,17,0.472222222222222,16,0.444444444444444,0.0277777777777778,0,22,32,0.0833333333333333,0.25,36,1,33,15,0.454545454545455,3,2,0.666666666666667,0.444444444444444,0.555555555555556
15__NQ_ONLY__ranger__0.5000,2023,TRUE,15,NQ_ONLY,ranger,,0.5,0.0182374858019584,1,11329,0.537862602668186,5950,0.525200812075205,5863,0.517521405243181,0.00767940683202401,0.0105922852855504,52,310,0.00556094977491394,0.0267455203460147,11329,1,10366,5435,0.524310245031835,963,515,0.53478712357217,0.517521405243181,0.471886309471269
15__NQ_ONLY__ranger__0.2000,2023,TRUE,15,NQ_ONLY,ranger,,0.2,0.0343443544002587,1,4950,0.235009257940464,2631,0.531515151515152,2612,0.527676767676768,0.00383838383838384,0.00828282828282828,52,308,0.00767676767676768,0.0343434343434343,4950,1,4788,2541,0.530701754385965,162,90,0.555555555555556,0.527676767676768,0.464040404040404
15__NQ_ONLY__ranger__0.1000,2023,TRUE,15,NQ_ONLY,ranger,,0.1,0.043106072085956,1,2645,0.12557565399041,1404,0.530812854442344,1394,0.52703213610586,0.00378071833648393,0.00869565217391304,52,300,0.00793950850661626,0.0370510396975425,2645,1,2594,1374,0.529683885890517,51,30,0.588235294117647,0.52703213610586,0.464272211720227
15__NQ_ONLY__ranger__0.0500,2023,TRUE,15,NQ_ONLY,ranger,,0.05,0.0493682215054829,1,1495,0.0709775435597968,817,0.546488294314381,811,0.54247491638796,0.0040133779264214,0.00802675585284281,52,290,0.00936454849498328,0.0461538461538462,1495,1,1473,803,0.545145960624576,22,14,0.636363636363636,0.54247491638796,0.449498327759197
15__NQ_ONLY__ranger__0.0200,2023,TRUE,15,NQ_ONLY,ranger,,0.02,0.0567387492550065,1,633,0.03005269904572,342,0.540284360189574,339,0.535545023696682,0.004739336492891,0.004739336492891,52,236,0.0173775671406003,0.0679304897314376,633,1,622,335,0.538585209003215,11,7,0.636363636363636,0.535545023696682,0.459715639810427
15__NQ_ONLY__ranger__0.0100,2023,TRUE,15,NQ_ONLY,ranger,,0.01,0.0622141865931168,1,324,0.0153824241561031,172,0.530864197530864,172,0.530864197530864,0,0,52,175,0.0216049382716049,0.095679012345679,324,1,316,168,0.531645569620253,8,4,0.5,0.530864197530864,0.469135802469136
15__NQ_ONLY__ranger__0.0050,2023,TRUE,15,NQ_ONLY,ranger,,0.005,0.0678917050984868,1,154,0.00731139913592556,75,0.487012987012987,75,0.487012987012987,0,0,48,101,0.0324675324675325,0.136363636363636,154,1,150,73,0.486666666666667,4,2,0.5,0.487012987012987,0.512987012987013
15__NQ_ONLY__xgb_d2__0.5000,2023,TRUE,15,NQ_ONLY,xgb_d2,2,0.5,0.019033670425415,1,11074,0.52575606513792,5813,0.524923243633737,5749,0.519143940762146,0.00577930287159111,0.0104749864547589,52,310,0.00614050930106556,0.0288965143579556,11074,1,10025,5266,0.525286783042394,1049,547,0.521448999046711,0.519143940762146,0.470381072783096
15__NQ_ONLY__xgb_d2__0.2000,2023,TRUE,15,NQ_ONLY,xgb_d2,2,0.2,0.0363144993782044,1,4781,0.226985709538053,2546,0.532524576448442,2514,0.525831416021753,0.00669316042668898,0.00920309558669734,52,307,0.00815728927002719,0.0366032210834553,4781,1,4597,2440,0.530780944093974,184,106,0.576086956521739,0.525831416021753,0.46496548839155
15__NQ_ONLY__xgb_d2__0.1000,2023,TRUE,15,NQ_ONLY,xgb_d2,2,0.1,0.045270848274231,1,2505,0.118928927503205,1339,0.534530938123753,1328,0.530139720558882,0.00439121756487026,0.00758483033932136,52,298,0.0107784431137725,0.0471057884231537,2505,1,2436,1299,0.533251231527094,69,40,0.579710144927536,0.530139720558882,0.462275449101797
15__NQ_ONLY__xgb_d2__0.0500,2023,TRUE,15,NQ_ONLY,xgb_d2,2,0.05,0.0514574885368347,1,1374,0.065232872810141,734,0.534206695778748,723,0.526200873362445,0.00800582241630277,0.00655021834061135,52,284,0.0167394468704512,0.0596797671033479,1374,1,1347,715,0.530809205642168,27,19,0.703703703703704,0.526200873362445,0.467248908296943
15__NQ_ONLY__xgb_d2__0.0200,2023,TRUE,15,NQ_ONLY,xgb_d2,2,0.02,0.0573230624198914,1,648,0.0307648483122062,341,0.526234567901235,332,0.512345679012346,0.0138888888888889,0.00617283950617284,52,232,0.0216049382716049,0.0817901234567901,648,1,635,330,0.519685039370079,13,11,0.846153846153846,0.512345679012346,0.481481481481482
15__NQ_ONLY__xgb_d2__0.0100,2023,TRUE,15,NQ_ONLY,xgb_d2,2,0.01,0.0615081608295441,1,322,0.0152874709205716,176,0.546583850931677,173,0.537267080745342,0.0093167701863354,0,52,172,0.0248447204968944,0.102484472049689,322,1,317,172,0.542586750788644,5,4,0.8,0.537267080745342,0.462732919254658
15__NQ_ONLY__xgb_d2__0.0050,2023,TRUE,15,NQ_ONLY,xgb_d2,2,0.005,0.0655041640996933,1,149,0.00707401604709681,78,0.523489932885906,77,0.516778523489933,0.00671140939597315,0,48,105,0.0402684563758389,0.147651006711409,149,1,146,76,0.520547945205479,3,2,0.666666666666667,0.516778523489933,0.483221476510067
15__NQ_ONLY__xgb_d3__0.5000,2023,TRUE,15,NQ_ONLY,xgb_d3,3,0.5,0.0209863781929016,1,10726,0.509234202155438,5624,0.5243333954876,5491,0.511933619242961,0.0123997762446392,0.010162222636584,52,310,0.00568711542047362,0.0277829573000186,10726,1,9341,4876,0.521999785890162,1385,748,0.540072202166065,0.511933619242961,0.477904158120455
15__NQ_ONLY__xgb_d3__0.2000,2023,TRUE,15,NQ_ONLY,xgb_d3,3,0.2,0.0388561725616455,1,4622,0.219436927313298,2446,0.529208135006491,2425,0.524664647338814,0.00454348766767633,0.00951968844655993,52,307,0.00757247944612722,0.0369969710082216,4622,1,4295,2276,0.529918509895227,327,170,0.519877675840979,0.524664647338814,0.465815664214626
15__NQ_ONLY__xgb_d3__0.1000,2023,TRUE,15,NQ_ONLY,xgb_d3,3,0.1,0.0485276818275452,1,2495,0.118454161325547,1358,0.544288577154309,1336,0.535470941883768,0.00881763527054108,0.00761523046092184,52,298,0.0108216432865731,0.050501002004008,2495,1,2358,1279,0.542408821034775,137,79,0.576642335766423,0.535470941883768,0.456913827655311
15__NQ_ONLY__xgb_d3__0.0500,2023,TRUE,15,NQ_ONLY,xgb_d3,3,0.05,0.0563462018966675,1,1299,0.0616721264777097,703,0.541185527328714,683,0.525789068514242,0.0153964588144727,0.00846805234795997,52,277,0.014626635873749,0.0662047729022325,1299,1,1230,659,0.535772357723577,69,44,0.63768115942029,0.525789068514242,0.465742879137798
15__NQ_ONLY__xgb_d3__0.0200,2023,TRUE,15,NQ_ONLY,xgb_d3,3,0.02,0.0655554723739625,1,528,0.0250676541803162,276,0.522727272727273,263,0.498106060606061,0.0246212121212121,0.00946969696969697,52,209,0.0303030303030303,0.102272727272727,528,1,499,255,0.511022044088176,29,21,0.724137931034483,0.498106060606061,0.492424242424242
15__NQ_ONLY__xgb_d3__0.0100,2023,TRUE,15,NQ_ONLY,xgb_d3,3,0.01,0.0719687104225159,1,260,0.0123439206190951,144,0.553846153846154,136,0.523076923076923,0.0307692307692308,0.00769230769230769,52,147,0.0346153846153846,0.134615384615385,260,1,248,134,0.540322580645161,12,10,0.833333333333333,0.523076923076923,0.469230769230769
15__NQ_ONLY__xgb_d3__0.0050,2023,TRUE,15,NQ_ONLY,xgb_d3,3,0.005,0.078820269703865,1,115,0.00545981104306129,60,0.521739130434783,56,0.486956521739131,0.0347826086956522,0.00869565217391304,42,78,0.0434782608695652,0.182608695652174,115,1,109,55,0.504587155963303,6,5,0.833333333333333,0.486956521739131,0.504347826086957
15__NQ_ONLY__xgb_d4__0.5000,2023,TRUE,15,NQ_ONLY,xgb_d4,4,0.5,0.0225368738174439,1,10485,0.497792337273893,5462,0.520934668574154,5363,0.511492608488317,0.00944206008583691,0.0104911778731521,52,310,0.00591320934668574,0.0285169289461135,10485,1,8774,4571,0.520971050832004,1711,891,0.520748100526008,0.511492608488317,0.478016213638531
15__NQ_ONLY__xgb_d4__0.2000,2023,TRUE,15,NQ_ONLY,xgb_d4,4,0.2,0.0427220582962036,1,4271,0.20277263447752,2287,0.53547178646687,2244,0.525403886677593,0.0100678997892765,0.00866307656286584,52,307,0.00889721376726762,0.0393350503394989,4271,1,3836,2052,0.534932221063608,435,235,0.540229885057471,0.525403886677593,0.465933036759541
15__NQ_ONLY__xgb_d4__0.1000,2023,TRUE,15,NQ_ONLY,xgb_d4,4,0.1,0.0544891476631164,1,2148,0.101979774960832,1136,0.528864059590317,1126,0.524208566108008,0.00465549348230913,0.00977653631284916,52,294,0.0116387337057728,0.0521415270018622,2148,1,1946,1032,0.530318602261048,202,104,0.514851485148515,0.524208566108008,0.466014897579143
15__NQ_ONLY__xgb_d4__0.0500,2023,TRUE,15,NQ_ONLY,xgb_d4,4,0.05,0.0649744510650634,1,1039,0.0493282058586146,538,0.517805582290664,525,0.505293551491819,0.012512030798845,0.00962463907603465,52,259,0.0182868142444658,0.0721847930702599,1039,1,953,489,0.51311647429171,86,49,0.569767441860465,0.505293551491819,0.485081809432146
15__NQ_ONLY__xgb_d4__0.0200,2023,TRUE,15,NQ_ONLY,xgb_d4,4,0.02,0.0768567574024201,1,423,0.0200826093149124,225,0.531914893617021,220,0.520094562647754,0.0118203309692671,0.00709219858156028,52,190,0.0307328605200946,0.115839243498818,423,1,389,206,0.529562982005141,34,19,0.558823529411765,0.520094562647754,0.472813238770686
15__NQ_ONLY__xgb_d4__0.0100,2023,TRUE,15,NQ_ONLY,xgb_d4,4,0.01,0.086342162489891,1,184,0.00873569766889807,93,0.505434782608696,91,0.494565217391304,0.0108695652173913,0,50,117,0.0434782608695652,0.179347826086957,184,1,170,85,0.5,14,8,0.571428571428571,0.494565217391304,0.505434782608696
15__NQ_ONLY__xgb_d4__0.0050,2023,TRUE,15,NQ_ONLY,xgb_d4,4,0.005,0.0945758771896361,1,83,0.00394055927455728,38,0.457831325301205,37,0.445783132530121,0.0120481927710843,0,39,63,0.0602409638554217,0.228915662650602,83,1,76,34,0.447368421052632,7,4,0.571428571428571,0.445783132530121,0.55421686746988
15__NQ_ONLY__xgb_d5__0.5000,2023,TRUE,15,NQ_ONLY,xgb_d5,5,0.5,0.0252813100814819,1,10032,0.476285429426008,5207,0.519039074960128,5160,0.514354066985646,0.00468500797448166,0.0105661881977671,52,310,0.00608054226475279,0.0285087719298246,10032,1,8170,4268,0.522399020807834,1862,939,0.504296455424275,0.514354066985646,0.475079744816587
15__NQ_ONLY__xgb_d5__0.2000,2023,TRUE,15,NQ_ONLY,xgb_d5,5,0.2,0.0484054684638977,1,3763,0.178654512652519,1982,0.526707414297103,1967,0.52272123305873,0.00398618123837364,0.0103640712197715,52,304,0.008769598724422,0.0395960669678448,3763,1,3272,1733,0.529645476772616,491,249,0.507128309572301,0.52272123305873,0.466914695721499
15__NQ_ONLY__xgb_d5__0.1000,2023,TRUE,15,NQ_ONLY,xgb_d5,5,0.1,0.0622812509536743,1,1793,0.0851255756539904,935,0.521472392638037,938,0.523145566090351,-0.00167317345231456,0.00948131622978249,52,286,0.0128276631344116,0.0568878973786949,1793,1,1594,838,0.525721455457967,199,97,0.487437185929648,0.523145566090351,0.467373117679866
15__NQ_ONLY__xgb_d5__0.0500,2023,TRUE,15,NQ_ONLY,xgb_d5,5,0.05,0.0747945368289947,1,842,0.0399753121587618,426,0.505938242280285,425,0.504750593824228,0.00118764845605701,0.00712589073634204,52,244,0.0190023752969121,0.0831353919239905,842,1,751,380,0.505992010652463,91,46,0.505494505494506,0.504750593824228,0.48812351543943
15__NQ_ONLY__xgb_d5__0.0200,2023,TRUE,15,NQ_ONLY,xgb_d5,5,0.02,0.0899492835998536,1,285,0.0135308360632389,152,0.533333333333333,146,0.512280701754386,0.0210526315789474,0.00350877192982456,52,148,0.0385964912280702,0.133333333333333,285,1,259,136,0.525096525096525,26,16,0.615384615384615,0.512280701754386,0.48421052631579
15__NQ_ONLY__xgb_d5__0.0100,2023,TRUE,15,NQ_ONLY,xgb_d5,5,0.01,0.102445077896118,1,123,0.0058396239851873,62,0.504065040650406,57,0.463414634146342,0.040650406504065,0.00813008130081301,46,86,0.0650406504065041,0.203252032520325,123,1,112,54,0.482142857142857,11,8,0.727272727272727,0.463414634146342,0.528455284552846
15__NQ_ONLY__xgb_d5__0.0050,2023,TRUE,15,NQ_ONLY,xgb_d5,5,0.005,0.112544691562653,1,66,0.00313345677253952,36,0.545454545454545,30,0.454545454545455,0.0909090909090909,0,34,53,0.0606060606060606,0.212121212121212,66,1,58,29,0.5,8,7,0.875,0.454545454545455,0.545454545454545
15__NQ_ES__logit__0.5000,2023,TRUE,15,NQ_ES,logit,,0.5,0.0222164594829795,1,10509,0.498931776100271,5558,0.528880007612523,5372,0.511180892568275,0.0176991150442478,0.0101817489770673,52,310,0.006470644209725,0.0281663336188029,10509,1,8659,4555,0.526042268160296,1850,1003,0.542162162162162,0.511180892568275,0.478637358454658
15__NQ_ES__logit__0.2000,2023,TRUE,15,NQ_ES,logit,,0.2,0.0424746467795325,1,3859,0.183212267958031,2045,0.529930033687484,1959,0.507644467478621,0.0222855662088624,0.00906970717802539,52,308,0.0101062451412283,0.0393884426017103,3859,1,3427,1789,0.522030930843303,432,256,0.592592592592593,0.507644467478621,0.483285825343353
15__NQ_ES__logit__0.1000,2023,TRUE,15,NQ_ES,logit,,0.1,0.054529452681534,1,1772,0.0841285666809097,938,0.529345372460497,899,0.507336343115124,0.0220090293453725,0.00564334085778781,52,296,0.0135440180586907,0.0530474040632054,1772,1,1602,834,0.52059925093633,170,104,0.611764705882353,0.507336343115124,0.487020316027088
15__NQ_ES__logit__0.0500,2023,TRUE,15,NQ_ES,logit,,0.05,0.0655660843124022,1,758,0.0359872762664388,405,0.534300791556728,385,0.507915567282322,0.0263852242744063,0.00527704485488127,52,248,0.0158311345646438,0.0633245382585752,758,1,683,358,0.524158125915081,75,47,0.626666666666667,0.507915567282322,0.486807387862797
15__NQ_ES__logit__0.0200,2023,TRUE,15,NQ_ES,logit,,0.02,0.0815230439775375,1,201,0.00954280017091582,102,0.507462686567164,94,0.467661691542289,0.0398009950248756,0.00497512437810945,50,122,0.0348258706467662,0.124378109452736,201,1,173,84,0.485549132947977,28,18,0.642857142857143,0.467661691542289,0.527363184079602
15__NQ_ES__logit__0.0100,2023,TRUE,15,NQ_ES,logit,,0.01,0.0924002035940077,1,95,0.00451027868774628,54,0.568421052631579,48,0.505263157894737,0.0631578947368421,0,40,69,0.0421052631578947,0.168421052631579,95,1,73,40,0.547945205479452,22,14,0.636363636363636,0.505263157894737,0.494736842105263
15__NQ_ES__logit__0.0050,2023,TRUE,15,NQ_ES,logit,,0.005,0.106087218197066,1,26,0.00123439206190951,16,0.615384615384615,15,0.576923076923077,0.0384615384615385,0,17,20,0.115384615384615,0.423076923076923,26,1,15,10,0.666666666666667,11,6,0.545454545454545,0.576923076923077,0.423076923076923
15__NQ_ES__ranger__0.5000,2023,TRUE,15,NQ_ES,ranger,,0.5,0.0183967717535167,1,11137,0.528747092057162,5841,0.524467989584269,5731,0.514591002963096,0.00987698662117267,0.00978719583370746,52,310,0.00547723803537757,0.0267576546646314,11137,1,10136,5293,0.522198105761642,1001,548,0.547452547452548,0.514591002963096,0.475621801203197
15__NQ_ES__ranger__0.2000,2023,TRUE,15,NQ_ES,ranger,,0.2,0.0352309051969284,1,4790,0.227412999097944,2502,0.522338204592902,2492,0.520250521920668,0.00208768267223382,0.00751565762004175,52,307,0.00793319415448852,0.0361169102296451,4790,1,4600,2403,0.522391304347826,190,99,0.521052631578947,0.520250521920668,0.47223382045929
15__NQ_ES__ranger__0.1000,2023,TRUE,15,NQ_ES,ranger,,0.1,0.0444888139686269,1,2472,0.117362199116935,1329,0.537621359223301,1314,0.531553398058252,0.00606796116504854,0.00849514563106796,52,296,0.0101132686084142,0.0424757281553398,2472,1,2410,1291,0.535684647302905,62,38,0.612903225806452,0.531553398058252,0.45995145631068
15__NQ_ES__ranger__0.0500,2023,TRUE,15,NQ_ES,ranger,,0.05,0.051201527678062,1,1343,0.0637610976594027,703,0.523454951600894,693,0.516008935219658,0.00744601638123604,0.00819061801935964,52,280,0.0119136262099777,0.0521221146686523,1343,1,1312,683,0.520579268292683,31,20,0.645161290322581,0.516008935219658,0.475800446760983
15__NQ_ES__ranger__0.0200,2023,TRUE,15,NQ_ES,ranger,,0.02,0.0573588572112775,1,667,0.0316669040497555,339,0.508245877061469,333,0.499250374812594,0.00899550224887556,0.00749625187406297,52,241,0.0179910044977511,0.0734632683658171,667,1,652,329,0.504601226993865,15,10,0.666666666666667,0.499250374812594,0.493253373313343
15__NQ_ES__ranger__0.0100,2023,TRUE,15,NQ_ES,ranger,,0.01,0.0617410285271759,1,342,0.0162370032758866,172,0.502923976608187,169,0.494152046783626,0.0087719298245614,0,52,177,0.0233918128654971,0.087719298245614,342,1,333,166,0.498498498498499,9,6,0.666666666666667,0.494152046783626,0.505847953216374
15__NQ_ES__ranger__0.0050,2023,TRUE,15,NQ_ES,ranger,,0.005,0.0658583206935759,1,190,0.00902055737549257,97,0.510526315789474,97,0.510526315789474,0,0,47,114,0.0315789473684211,0.115789473684211,190,1,184,94,0.510869565217391,6,3,0.5,0.510526315789474,0.489473684210526
15__NQ_ES__xgb_d2__0.5000,2023,TRUE,15,NQ_ES,xgb_d2,2,0.5,0.0188119411468506,1,11204,0.531928025447467,5896,0.526240628347019,5743,0.512584791146019,0.0136558372009996,0.0102641913602285,52,310,0.005890753302392,0.0274009282399143,11204,1,9911,5186,0.523256987185955,1293,710,0.549110595514308,0.512584791146019,0.477151017493752
15__NQ_ES__xgb_d2__0.2000,2023,TRUE,15,NQ_ES,xgb_d2,2,0.2,0.0359519720077515,1,4728,0.224469448796468,2499,0.528553299492386,2456,0.519458544839256,0.00909475465313029,0.00867174280879865,52,306,0.00824873096446701,0.0376480541455161,4728,1,4425,2330,0.526553672316384,303,169,0.557755775577558,0.519458544839256,0.471869712351946
15__NQ_ES__xgb_d2__0.1000,2023,TRUE,15,NQ_ES,xgb_d2,2,0.1,0.0454336404800415,1,2443,0.115985377201728,1287,0.526811297584937,1272,0.520671305771592,0.00613999181334425,0.00777732296356938,52,298,0.0098239869013508,0.0454359394187474,2443,1,2324,1221,0.525387263339071,119,66,0.554621848739496,0.520671305771592,0.471551371264838
15__NQ_ES__xgb_d2__0.0500,2023,TRUE,15,NQ_ES,xgb_d2,2,0.05,0.0521957039833069,1,1303,0.0618620329487727,685,0.525709900230238,672,0.515732924021489,0.00997697620874904,0.00613967766692249,52,277,0.0115118956254797,0.0529547198772064,1303,1,1261,658,0.521808088818398,42,27,0.642857142857143,0.515732924021489,0.478127398311589
15__NQ_ES__xgb_d2__0.0200,2023,TRUE,15,NQ_ES,xgb_d2,2,0.02,0.0588074731826782,1,606,0.0287708303660447,304,0.501650165016502,294,0.485148514851485,0.0165016501650165,0.0115511551155116,52,219,0.0165016501650165,0.070957095709571,606,1,587,290,0.494037478705281,19,14,0.736842105263158,0.485148514851485,0.503300330033003
15__NQ_ES__xgb_d2__0.0100,2023,TRUE,15,NQ_ES,xgb_d2,2,0.01,0.0624438786506653,1,344,0.0163319565114181,171,0.497093023255814,162,0.47093023255814,0.0261627906976744,0.0116279069767442,52,171,0.0203488372093023,0.0901162790697674,344,1,330,160,0.484848484848485,14,11,0.785714285714286,0.47093023255814,0.517441860465116
15__NQ_ES__xgb_d2__0.0050,2023,TRUE,15,NQ_ES,xgb_d2,2,0.005,0.0666077697277068,1,166,0.00788111854911456,83,0.5,76,0.457831325301205,0.0421686746987952,0.0180722891566265,51,107,0.036144578313253,0.150602409638554,166,1,159,76,0.477987421383648,7,7,1,0.457831325301205,0.524096385542169
15__NQ_ES__xgb_d3__0.5000,2023,TRUE,15,NQ_ES,xgb_d3,3,0.5,0.0212958455085754,1,10770,0.511323173337132,5710,0.530176415970288,5531,0.51355617455896,0.0166202414113278,0.0105849582172702,52,310,0.00631383472609099,0.0288765088207985,10770,1,9169,4834,0.527211255316828,1601,876,0.547158026233604,0.51355617455896,0.47585886722377
15__NQ_ES__xgb_d3__0.2000,2023,TRUE,15,NQ_ES,xgb_d3,3,0.2,0.0396081507205963,1,4412,0.209466837582491,2352,0.533091568449683,2283,0.517452402538531,0.0156391659111514,0.00906618313689937,52,304,0.00906618313689937,0.0396645512239347,4412,1,4014,2123,0.528898854010962,398,229,0.575376884422111,0.517452402538531,0.473481414324569
15__NQ_ES__xgb_d3__0.1000,2023,TRUE,15,NQ_ES,xgb_d3,3,0.1,0.0495992660522461,1,2322,0.110240706452072,1241,0.534453057708872,1226,0.527993109388458,0.00645994832041344,0.00861326442721792,52,291,0.0099052540913006,0.0460809646856159,2322,1,2159,1153,0.534043538675313,163,88,0.539877300613497,0.527993109388458,0.463393626184324
15__NQ_ES__xgb_d3__0.0500,2023,TRUE,15,NQ_ES,xgb_d3,3,0.05,0.0581777393817901,1,1212,0.0575416607320894,647,0.533828382838284,623,0.514026402640264,0.0198019801980198,0.00742574257425743,52,262,0.014026402640264,0.0635313531353135,1212,1,1139,599,0.525899912203688,73,48,0.657534246575342,0.514026402640264,0.478547854785479
15__NQ_ES__xgb_d3__0.0200,2023,TRUE,15,NQ_ES,xgb_d3,3,0.02,0.0676439023017884,1,489,0.0232160660874519,248,0.507157464212679,234,0.478527607361963,0.0286298568507157,0.0102249488752556,52,203,0.0204498977505112,0.0838445807770961,489,1,458,226,0.493449781659389,31,22,0.709677419354839,0.478527607361963,0.511247443762781
15__NQ_ES__xgb_d3__0.0100,2023,TRUE,15,NQ_ES,xgb_d3,3,0.01,0.0739291226863861,1,247,0.0117267245881403,132,0.534412955465587,122,0.493927125506073,0.0404858299595142,0.00809716599190283,52,142,0.0283400809716599,0.117408906882591,247,1,227,117,0.515418502202643,20,15,0.75,0.493927125506073,0.497975708502024
15__NQ_ES__xgb_d3__0.0050,2023,TRUE,15,NQ_ES,xgb_d3,3,0.005,0.0797299033403397,1,147,0.0069790628115653,78,0.530612244897959,69,0.469387755102041,0.0612244897959184,0,47,102,0.0340136054421769,0.149659863945578,147,1,130,65,0.5,17,13,0.764705882352941,0.469387755102041,0.530612244897959
15__NQ_ES__xgb_d4__0.5000,2023,TRUE,15,NQ_ES,xgb_d4,4,0.5,0.0236640274524689,1,10226,0.485495893272563,5415,0.529532564052416,5251,0.513495012712693,0.0160375513397223,0.0104635243496969,52,310,0.00645413651476628,0.0292391942108351,10226,1,8435,4453,0.527919383521043,1791,962,0.53713009491904,0.513495012712693,0.47604146293761
15__NQ_ES__xgb_d4__0.2000,2023,TRUE,15,NQ_ES,xgb_d4,4,0.2,0.0445638298988342,1,3939,0.187010397379291,2103,0.533891850723534,2034,0.516374714394516,0.0175171363290175,0.0106626047220107,52,303,0.00837776085300838,0.0398578319370399,3939,1,3512,1860,0.529612756264237,427,243,0.569086651053864,0.516374714394516,0.472962680883473
15__NQ_ES__xgb_d4__0.1000,2023,TRUE,15,NQ_ES,xgb_d4,4,0.1,0.0565031111240387,1,1939,0.09205716184779,1042,0.537390407426508,1007,0.519339865910263,0.0180505415162455,0.00876740587931924,52,286,0.0113460546673543,0.0505415162454874,1939,1,1753,933,0.532230462065031,186,109,0.586021505376344,0.519339865910263,0.471892728210418
15__NQ_ES__xgb_d4__0.0500,2023,TRUE,15,NQ_ES,xgb_d4,4,0.05,0.0666739523410797,1,946,0.0449128804063998,491,0.519027484143763,472,0.498942917547569,0.0200845665961945,0.00845665961945032,52,252,0.0158562367864693,0.0697674418604651,946,1,857,438,0.511085180863477,89,53,0.595505617977528,0.498942917547569,0.492600422832981
15__NQ_ES__xgb_d4__0.0200,2023,TRUE,15,NQ_ES,xgb_d4,4,0.02,0.0789003562927247,1,367,0.0174239187200304,187,0.509536784741144,176,0.479564032697548,0.0299727520435967,0.0136239782016349,52,184,0.0299727520435967,0.106267029972752,367,1,327,162,0.495412844036697,40,25,0.625,0.479564032697548,0.506811989100818
15__NQ_ES__xgb_d4__0.0100,2023,TRUE,15,NQ_ES,xgb_d4,4,0.01,0.0874024844169615,1,174,0.00826093149124056,87,0.5,85,0.488505747126437,0.0114942528735632,0.0172413793103448,51,114,0.0459770114942529,0.14367816091954,174,1,149,74,0.496644295302014,25,13,0.52,0.488505747126437,0.494252873563218
15__NQ_ES__xgb_d4__0.0050,2023,TRUE,15,NQ_ES,xgb_d4,4,0.005,0.0969672951102257,1,88,0.00417794236338603,42,0.477272727272727,40,0.454545454545455,0.0227272727272727,0.0113636363636364,44,71,0.0568181818181818,0.170454545454545,88,1,74,34,0.45945945945946,14,8,0.571428571428571,0.454545454545455,0.534090909090909
15__NQ_ES__xgb_d5__0.5000,2023,TRUE,15,NQ_ES,xgb_d5,5,0.5,0.0260371565818787,1,10017,0.475573280159521,5266,0.525706299291205,5177,0.516821403613856,0.00888489567734851,0.0111809923130678,52,310,0.0061894778875911,0.0289507836677648,10017,1,7940,4200,0.528967254408061,2077,1066,0.513240250361098,0.516821403613856,0.471997604073076
15__NQ_ES__xgb_d5__0.2000,2023,TRUE,15,NQ_ES,xgb_d5,5,0.2,0.0486674547195435,1,3846,0.182595071927076,2044,0.531461258450338,2000,0.520020800832033,0.0114404576183047,0.0114404576183047,52,301,0.00832033281331253,0.0379615184607384,3846,1,3267,1739,0.532292623201714,579,305,0.526770293609672,0.520020800832033,0.468538741549662
15__NQ_ES__xgb_d5__0.1000,2023,TRUE,15,NQ_ES,xgb_d5,5,0.1,0.0622968256473541,1,1884,0.0894459478706737,1001,0.531316348195329,950,0.504246284501062,0.0270700636942675,0.0100849256900212,52,288,0.00955414012738853,0.0456475583864119,1884,1,1627,850,0.522433927473878,257,151,0.587548638132296,0.504246284501062,0.485668789808917
15__NQ_ES__xgb_d5__0.0500,2023,TRUE,15,NQ_ES,xgb_d5,5,0.05,0.0743618249893188,1,831,0.0394530693633386,428,0.515042117930205,393,0.472924187725632,0.0421179302045728,0.0120336943441637,52,254,0.0156438026474128,0.0649819494584838,831,1,718,356,0.495821727019499,113,72,0.63716814159292,0.472924187725632,0.515042117930205
15__NQ_ES__xgb_d5__0.0200,2023,TRUE,15,NQ_ES,xgb_d5,5,0.02,0.0900483226776124,1,305,0.0144803684185539,152,0.498360655737705,139,0.455737704918033,0.0426229508196721,0.0131147540983607,51,160,0.0360655737704918,0.114754098360656,305,1,263,125,0.475285171102662,42,27,0.642857142857143,0.455737704918033,0.531147540983607
15__NQ_ES__xgb_d5__0.0100,2023,TRUE,15,NQ_ES,xgb_d5,5,0.01,0.100079338550568,1,152,0.00721644590039406,82,0.539473684210526,77,0.506578947368421,0.0328947368421053,0.0131578947368421,48,105,0.0328947368421053,0.118421052631579,152,1,134,71,0.529850746268657,18,11,0.611111111111111,0.506578947368421,0.480263157894737
15__NQ_ES__xgb_d5__0.0050,2023,TRUE,15,NQ_ES,xgb_d5,5,0.005,0.109497537314892,1,65,0.00308598015477377,32,0.492307692307692,30,0.461538461538462,0.0307692307692308,0.0153846153846154,40,56,0.0461538461538462,0.184615384615385,65,1,55,26,0.472727272727273,10,6,0.6,0.461538461538462,0.523076923076923
30__NQ_ONLY__logit__0.5000,2023,TRUE,30,NQ_ONLY,logit,,0.5,0.0233693433309637,1,10177,0.491642512077295,5486,0.53905866168812,5413,0.531885624447283,0.00717303724083718,0.00707477645671612,52,310,0.00648521175198978,0.0302643215092856,6421,0.630932494841309,9382,5054,0.538691110637391,795,432,0.543396226415094,0.531885624447283,0.461039599096001
30__NQ_ONLY__logit__0.2000,2023,TRUE,30,NQ_ONLY,logit,,0.2,0.0444393829012264,1,3361,0.162367149758454,1826,0.543290687295448,1802,0.536149955370425,0.00714073192502231,0.0059506099375186,52,297,0.0101160368937816,0.0490925319845284,2444,0.727164534364772,3226,1747,0.541537507749535,135,79,0.585185185185185,0.536149955370425,0.457899434692056
30__NQ_ONLY__logit__0.1000,2023,TRUE,30,NQ_ONLY,logit,,0.1,0.0571011147216576,1,1416,0.0684057971014493,764,0.53954802259887,751,0.530367231638418,0.00918079096045198,0.00564971751412429,52,251,0.018361581920904,0.0741525423728814,1105,0.780367231638418,1365,732,0.536263736263736,51,32,0.627450980392157,0.530367231638418,0.463983050847458
30__NQ_ONLY__logit__0.0500,2023,TRUE,30,NQ_ONLY,logit,,0.05,0.0684954939906324,1,528,0.0255072463768116,285,0.539772727272727,277,0.524621212121212,0.0151515151515152,0.00378787878787879,50,177,0.0303030303030303,0.107954545454545,439,0.831439393939394,506,270,0.533596837944664,22,15,0.681818181818182,0.524621212121212,0.471590909090909
30__NQ_ONLY__logit__0.0200,2023,TRUE,30,NQ_ONLY,logit,,0.02,0.084401591703741,1,117,0.00565217391304348,61,0.521367521367521,56,0.478632478632479,0.0427350427350427,0,39,67,0.0512820512820513,0.213675213675214,106,0.905982905982906,108,54,0.5,9,7,0.777777777777778,0.478632478632479,0.521367521367521
30__NQ_ONLY__logit__0.0100,2023,TRUE,30,NQ_ONLY,logit,,0.01,0.097022316197041,1,36,0.00173913043478261,24,0.666666666666667,19,0.527777777777778,0.138888888888889,0,23,28,0.0833333333333333,0.333333333333333,34,0.944444444444444,31,19,0.612903225806452,5,5,1,0.527777777777778,0.472222222222222
30__NQ_ONLY__logit__0.0050,2023,TRUE,30,NQ_ONLY,logit,,0.005,0.113547147489326,1,7,0.00033816425120773,5,0.714285714285714,4,0.571428571428571,0.142857142857143,0,7,7,0.142857142857143,0.714285714285714,7,1,6,4,0.666666666666667,1,1,1,0.571428571428571,0.428571428571429
30__NQ_ONLY__ranger__0.5000,2023,TRUE,30,NQ_ONLY,ranger,,0.5,0.020243352812735,1,10645,0.514251207729469,5629,0.528792860497886,5629,0.528792860497886,0,0.00770314701737905,52,309,0.00591827148896195,0.0278064819163927,6345,0.596054485674025,10410,5512,0.529490874159462,235,117,0.497872340425532,0.528792860497886,0.463503992484735
30__NQ_ONLY__ranger__0.2000,2023,TRUE,30,NQ_ONLY,ranger,,0.2,0.0386664131265454,1,4332,0.209275362318841,2325,0.536703601108033,2317,0.534856879039705,0.00184672206832872,0.00600184672206833,52,292,0.00831024930747923,0.0380886426592798,3026,0.698522622345337,4273,2292,0.536391294172712,59,33,0.559322033898305,0.534856879039705,0.459141274238227
30__NQ_ONLY__ranger__0.1000,2023,TRUE,30,NQ_ONLY,ranger,,0.1,0.0469623563410398,1,2093,0.101111111111111,1108,0.529383659818442,1102,0.52651696129957,0.00286669851887243,0.00573339703774486,52,270,0.010989010989011,0.051122790253225,1604,0.766364070711897,2052,1085,0.528752436647174,41,23,0.560975609756098,0.52651696129957,0.467749641662685
30__NQ_ONLY__ranger__0.0500,2023,TRUE,30,NQ_ONLY,ranger,,0.05,0.0539882479538021,1,943,0.0455555555555556,497,0.527041357370095,495,0.52492046659597,0.00212089077412513,0.00424178154825027,52,236,0.0180275715800636,0.0816542948038176,764,0.810180275715801,912,481,0.527412280701754,31,16,0.516129032258065,0.52492046659597,0.47083775185578
30__NQ_ONLY__ranger__0.0200,2023,TRUE,30,NQ_ONLY,ranger,,0.02,0.0644400051778545,1,295,0.0142512077294686,154,0.522033898305085,149,0.505084745762712,0.0169491525423729,0.00677966101694915,52,129,0.0338983050847458,0.159322033898305,238,0.806779661016949,275,142,0.516363636363636,20,12,0.6,0.505084745762712,0.488135593220339
30__NQ_ONLY__ranger__0.0100,2023,TRUE,30,NQ_ONLY,ranger,,0.01,0.0725632932610418,1,139,0.00671497584541063,72,0.517985611510791,70,0.503597122302158,0.0143884892086331,0.00719424460431655,48,89,0.0503597122302158,0.179856115107914,121,0.870503597122302,124,64,0.516129032258065,15,8,0.533333333333333,0.503597122302158,0.489208633093525
30__NQ_ONLY__ranger__0.0050,2023,TRUE,30,NQ_ONLY,ranger,,0.005,0.0806996464911699,1,66,0.00318840579710145,28,0.424242424242424,27,0.409090909090909,0.0151515151515152,0,36,51,0.0606060606060606,0.196969696969697,58,0.878787878787879,55,22,0.4,11,6,0.545454545454545,0.409090909090909,0.590909090909091
30__NQ_ONLY__xgb_d2__0.5000,2023,TRUE,30,NQ_ONLY,xgb_d2,2,0.5,0.0213476419448853,1,10685,0.516183574879227,5686,0.532147870846982,5688,0.5323350491343,-0.000187178287318671,0.00748713149274684,52,310,0.00598970519419747,0.029012634534394,6356,0.594852597098737,10324,5509,0.533611003487021,361,177,0.490304709141274,0.5323350491343,0.460177819372953
30__NQ_ONLY__xgb_d2__0.2000,2023,TRUE,30,NQ_ONLY,xgb_d2,2,0.2,0.0410010099411011,1,3869,0.186908212560386,2047,0.52907728095115,2045,0.528560351512019,0.000516929439131559,0.0062031532695787,52,288,0.0113724476608943,0.0488498319979323,2701,0.69811320754717,3808,2016,0.529411764705882,61,31,0.508196721311475,0.528560351512019,0.465236495218403
30__NQ_ONLY__xgb_d2__0.1000,2023,TRUE,30,NQ_ONLY,xgb_d2,2,0.1,0.0514010727405548,1,1587,0.0766666666666667,816,0.514177693761815,816,0.514177693761815,0,0.0056710775047259,52,263,0.021424070573409,0.0806553245116572,1267,0.798361688720857,1558,802,0.514762516046213,29,14,0.482758620689655,0.514177693761815,0.480151228733459
30__NQ_ONLY__xgb_d2__0.0500,2023,TRUE,30,NQ_ONLY,xgb_d2,2,0.05,0.0598537921905517,1,637,0.0307729468599034,329,0.516483516483517,326,0.511773940345369,0.00470957613814757,0.00627943485086342,52,195,0.0376766091051805,0.139717425431711,534,0.838304552590267,623,321,0.515248796147673,14,8,0.571428571428571,0.511773940345369,0.481946624803768
30__NQ_ONLY__xgb_d2__0.0200,2023,TRUE,30,NQ_ONLY,xgb_d2,2,0.02,0.0702793848514557,1,148,0.00714975845410628,73,0.493243243243243,72,0.486486486486487,0.00675675675675676,0.00675675675675676,40,77,0.101351351351351,0.324324324324324,129,0.871621621621622,141,69,0.48936170212766,7,4,0.571428571428571,0.486486486486487,0.506756756756757
30__NQ_ONLY__xgb_d2__0.0100,2023,TRUE,30,NQ_ONLY,xgb_d2,2,0.01,0.0772263264656067,1,48,0.00231884057971015,24,0.5,23,0.479166666666667,0.0208333333333333,0,19,26,0.229166666666667,0.541666666666667,42,0.875,45,22,0.488888888888889,3,2,0.666666666666667,0.479166666666667,0.520833333333333
30__NQ_ONLY__xgb_d2__0.0050,2023,TRUE,30,NQ_ONLY,xgb_d2,2,0.005,0.0835335040092468,1,17,0.000821256038647343,9,0.529411764705882,9,0.529411764705882,0,0,7,9,0.294117647058824,0.764705882352941,15,0.882352941176471,17,9,0.529411764705882,0,0,,0.529411764705882,0.470588235294118
30__NQ_ONLY__xgb_d3__0.5000,2023,TRUE,30,NQ_ONLY,xgb_d3,3,0.5,0.0232918858528137,1,10054,0.485700483091787,5342,0.531330813606525,5347,0.531828128108216,-0.000497314501690869,0.00765864332603939,52,308,0.00626616272130495,0.0307340362044957,6139,0.610602745176049,9447,5044,0.5339261141103,607,298,0.490939044481054,0.531828128108216,0.460513228565745
30__NQ_ONLY__xgb_d3__0.2000,2023,TRUE,30,NQ_ONLY,xgb_d3,3,0.2,0.0450636565685272,1,3595,0.173671497584541,1915,0.532684283727399,1905,0.52990264255911,0.00278164116828929,0.00528511821974965,52,284,0.0111265646731572,0.0492350486787205,2545,0.707927677329625,3476,1851,0.532508630609896,119,64,0.53781512605042,0.52990264255911,0.464812239221141
30__NQ_ONLY__xgb_d3__0.1000,2023,TRUE,30,NQ_ONLY,xgb_d3,3,0.1,0.0574857234954834,1,1515,0.0731884057971015,816,0.538613861386139,808,0.533333333333333,0.00528052805280528,0.00264026402640264,52,258,0.0171617161716172,0.0765676567656766,1187,0.783498349834984,1452,781,0.537878787878788,63,35,0.555555555555556,0.533333333333333,0.464026402640264
30__NQ_ONLY__xgb_d3__0.0500,2023,TRUE,30,NQ_ONLY,xgb_d3,3,0.05,0.0681777834892273,1,601,0.0290338164251208,318,0.529118136439268,316,0.525790349417637,0.00332778702163062,0.00332778702163062,52,190,0.0316139767054908,0.13477537437604,497,0.826955074875208,564,299,0.530141843971631,37,19,0.513513513513514,0.525790349417637,0.470881863560732
30__NQ_ONLY__xgb_d3__0.0200,2023,TRUE,30,NQ_ONLY,xgb_d3,3,0.02,0.0827178955078125,1,169,0.00816425120772947,91,0.538461538461538,90,0.532544378698225,0.00591715976331361,0,44,89,0.0710059171597633,0.254437869822485,144,0.85207100591716,156,84,0.538461538461538,13,7,0.538461538461538,0.532544378698225,0.467455621301775
30__NQ_ONLY__xgb_d3__0.0100,2023,TRUE,30,NQ_ONLY,xgb_d3,3,0.01,0.0933655405044556,1,57,0.0027536231884058,29,0.508771929824562,28,0.491228070175439,0.0175438596491228,0,28,39,0.105263157894737,0.350877192982456,52,0.912280701754386,48,24,0.5,9,5,0.555555555555556,0.491228070175439,0.508771929824562
30__NQ_ONLY__xgb_d3__0.0050,2023,TRUE,30,NQ_ONLY,xgb_d3,3,0.005,0.103309376239776,1,22,0.00106280193236715,11,0.5,10,0.454545454545455,0.0454545454545455,0,14,17,0.136363636363636,0.454545454545455,21,0.954545454545455,15,7,0.466666666666667,7,4,0.571428571428571,0.454545454545455,0.545454545454545
30__NQ_ONLY__xgb_d4__0.5000,2023,TRUE,30,NQ_ONLY,xgb_d4,4,0.5,0.0248406529426575,1,9433,0.455700483091787,5022,0.532386303402947,4989,0.52888794657055,0.0034983568323969,0.00763277854341143,52,309,0.006678681225485,0.0319092547439839,5912,0.626735927064561,8646,4615,0.533772842933148,787,407,0.51715374841169,0.52888794657055,0.463479274886038
30__NQ_ONLY__xgb_d4__0.2000,2023,TRUE,30,NQ_ONLY,xgb_d4,4,0.2,0.0495010018348694,1,3334,0.161062801932367,1752,0.525494901019796,1747,0.523995200959808,0.001499700059988,0.00659868026394721,52,284,0.010497900419916,0.0476904619076185,2413,0.72375524895021,3179,1673,0.526266121421831,155,79,0.509677419354839,0.523995200959808,0.469406118776245
30__NQ_ONLY__xgb_d4__0.1000,2023,TRUE,30,NQ_ONLY,xgb_d4,4,0.1,0.0645947337150574,1,1387,0.0670048309178744,733,0.528478731074261,725,0.522710886806056,0.00576784426820476,0.00576784426820476,52,247,0.0158615717375631,0.0720980533525595,1096,0.790194664744052,1328,700,0.52710843373494,59,33,0.559322033898305,0.522710886806056,0.471521268925739
30__NQ_ONLY__xgb_d4__0.0500,2023,TRUE,30,NQ_ONLY,xgb_d4,4,0.05,0.0790025472640991,1,560,0.0270531400966184,308,0.55,302,0.539285714285714,0.0107142857142857,0.00357142857142857,51,183,0.0339285714285714,0.125,463,0.826785714285714,532,291,0.546992481203008,28,17,0.607142857142857,0.539285714285714,0.457142857142857
30__NQ_ONLY__xgb_d4__0.0200,2023,TRUE,30,NQ_ONLY,xgb_d4,4,0.02,0.0973472642898561,1,154,0.00743961352657005,78,0.506493506493507,75,0.487012987012987,0.0194805194805195,0,45,88,0.0779220779220779,0.233766233766234,137,0.88961038961039,139,69,0.496402877697842,15,9,0.6,0.487012987012987,0.512987012987013
30__NQ_ONLY__xgb_d4__0.0100,2023,TRUE,30,NQ_ONLY,xgb_d4,4,0.01,0.111510577201843,1,57,0.0027536231884058,30,0.526315789473684,29,0.508771929824562,0.0175438596491228,0,27,44,0.087719298245614,0.298245614035088,53,0.929824561403509,50,26,0.52,7,4,0.571428571428571,0.508771929824562,0.491228070175439
30__NQ_ONLY__xgb_d4__0.0050,2023,TRUE,30,NQ_ONLY,xgb_d4,4,0.005,0.122617161273956,1,22,0.00106280193236715,11,0.5,9,0.409090909090909,0.0909090909090909,0,14,17,0.136363636363636,0.454545454545455,20,0.909090909090909,20,9,0.45,2,2,1,0.409090909090909,0.590909090909091
30__NQ_ONLY__xgb_d5__0.5000,2023,TRUE,30,NQ_ONLY,xgb_d5,5,0.5,0.0272232890129089,1,9046,0.437004830917874,4813,0.532058368339598,4784,0.528852531505638,0.00320583683395976,0.00851204952465178,52,310,0.00652221976564227,0.0300685385805881,5804,0.641609551182843,8040,4299,0.534701492537313,1006,514,0.510934393638171,0.528852531505638,0.46263541896971
30__NQ_ONLY__xgb_d5__0.2000,2023,TRUE,30,NQ_ONLY,xgb_d5,5,0.2,0.0552488803863525,1,2972,0.143574879227053,1561,0.525235531628533,1555,0.52321668909825,0.00201884253028264,0.00672947510094213,52,280,0.0117765814266487,0.0491251682368775,2204,0.741588156123822,2788,1467,0.526183644189383,184,94,0.510869565217391,0.52321668909825,0.470053835800808
30__NQ_ONLY__xgb_d5__0.1000,2023,TRUE,30,NQ_ONLY,xgb_d5,5,0.1,0.0729564785957337,1,1269,0.061304347826087,667,0.525610717100079,670,0.527974783293932,-0.00236406619385343,0.00709219858156028,52,252,0.0181245074862096,0.0740740740740741,1020,0.803782505910166,1199,634,0.528773978315263,70,33,0.471428571428571,0.527974783293932,0.464933018124508
30__NQ_ONLY__xgb_d5__0.0500,2023,TRUE,30,NQ_ONLY,xgb_d5,5,0.05,0.0903814196586608,1,451,0.0217874396135266,236,0.523281596452328,237,0.52549889135255,-0.00221729490022173,0.00443458980044346,52,169,0.0266075388026608,0.130820399113082,390,0.864745011086475,413,218,0.527845036319613,38,18,0.473684210526316,0.52549889135255,0.470066518847007
30__NQ_ONLY__xgb_d5__0.0200,2023,TRUE,30,NQ_ONLY,xgb_d5,5,0.02,0.109377915859222,1,152,0.00734299516908213,73,0.480263157894737,70,0.460526315789474,0.0197368421052632,0.00657894736842105,46,88,0.0460526315789474,0.184210526315789,138,0.907894736842105,134,63,0.470149253731343,18,10,0.555555555555556,0.460526315789474,0.532894736842105
30__NQ_ONLY__xgb_d5__0.0100,2023,TRUE,30,NQ_ONLY,xgb_d5,5,0.01,0.124166767597199,1,69,0.00333333333333333,37,0.536231884057971,32,0.463768115942029,0.072463768115942,0.0144927536231884,30,49,0.072463768115942,0.260869565217391,65,0.942028985507246,57,29,0.508771929824562,12,8,0.666666666666667,0.463768115942029,0.521739130434783
30__NQ_ONLY__xgb_d5__0.0050,2023,TRUE,30,NQ_ONLY,xgb_d5,5,0.005,0.136026413440704,1,30,0.00144927536231884,15,0.5,13,0.433333333333333,0.0666666666666667,0,21,24,0.1,0.366666666666667,28,0.933333333333333,24,11,0.458333333333333,6,4,0.666666666666667,0.433333333333333,0.566666666666667
30__NQ_ES__logit__0.5000,2023,TRUE,30,NQ_ES,logit,,0.5,0.0230274678425502,1,10236,0.494492753623188,5467,0.534095349745995,5417,0.529210629152013,0.00488472059398202,0.00742477530285268,52,310,0.00595935912465807,0.0291129347401329,6563,0.641168425166081,8983,4820,0.536569074919292,1253,647,0.516360734237829,0.529210629152013,0.463364595545135
30__NQ_ES__logit__0.2000,2023,TRUE,30,NQ_ES,logit,,0.2,0.0440233395290105,1,3690,0.178260869565217,1978,0.536043360433604,1958,0.530623306233062,0.00542005420054201,0.0043360433604336,52,300,0.010840108401084,0.0487804878048781,2715,0.735772357723577,3387,1817,0.536462946560378,303,161,0.531353135313531,0.530623306233062,0.465040650406504
30__NQ_ES__logit__0.1000,2023,TRUE,30,NQ_ES,logit,,0.1,0.0568655800889151,1,1658,0.0800966183574879,900,0.542822677925211,884,0.533172496984319,0.00965018094089264,0.0060313630880579,52,279,0.0132689987937274,0.0615199034981906,1319,0.795536791314837,1522,824,0.541392904073588,136,76,0.558823529411765,0.533172496984319,0.460796139927624
30__NQ_ES__logit__0.0500,2023,TRUE,30,NQ_ES,logit,,0.05,0.0691170224567484,1,682,0.0329468599033816,372,0.545454545454545,364,0.533724340175953,0.0117302052785924,0.00439882697947214,52,211,0.0219941348973607,0.092375366568915,572,0.838709677419355,610,332,0.544262295081967,72,40,0.555555555555556,0.533724340175953,0.461876832844575
30__NQ_ES__logit__0.0200,2023,TRUE,30,NQ_ES,logit,,0.02,0.0849684554844109,1,187,0.00903381642512077,90,0.481283422459893,83,0.443850267379679,0.0374331550802139,0,49,104,0.0320855614973262,0.13903743315508,168,0.898395721925134,152,69,0.453947368421053,35,21,0.6,0.443850267379679,0.556149732620321
30__NQ_ES__logit__0.0100,2023,TRUE,30,NQ_ES,logit,,0.01,0.100111966299606,1,56,0.00270531400966184,32,0.571428571428571,28,0.5,0.0714285714285714,0,31,45,0.0535714285714286,0.232142857142857,54,0.964285714285714,34,19,0.558823529411765,22,13,0.590909090909091,0.5,0.5
30__NQ_ES__logit__0.0050,2023,TRUE,30,NQ_ES,logit,,0.005,0.11593808965121,1,19,0.000917874396135266,15,0.789473684210526,9,0.473684210526316,0.315789473684211,0,17,17,0.105263157894737,0.368421052631579,18,0.947368421052632,11,8,0.727272727272727,8,7,0.875,0.473684210526316,0.526315789473684
30__NQ_ES__ranger__0.5000,2023,TRUE,30,NQ_ES,ranger,,0.5,0.0186961573173743,1,10652,0.514589371980676,5685,0.533702591062711,5666,0.531918888471649,0.00178370259106271,0.00779196395043184,52,309,0.00582050319188885,0.0285392414570034,6328,0.594066841907623,10403,5552,0.533692204171874,249,133,0.534136546184739,0.531918888471649,0.46028914757792
30__NQ_ES__ranger__0.2000,2023,TRUE,30,NQ_ES,ranger,,0.2,0.0390902225805796,1,3932,0.189951690821256,2046,0.520345879959308,2043,0.519582909460834,0.000762970498474059,0.00635808748728383,52,296,0.00940996948118006,0.0412004069175992,2704,0.687690742624619,3892,2025,0.520298047276465,40,21,0.525,0.519582909460834,0.474059003051882
30__NQ_ES__ranger__0.1000,2023,TRUE,30,NQ_ES,ranger,,0.1,0.0495601775128669,1,1997,0.0964734299516908,1032,0.516775162744116,1024,0.512769153730596,0.00400600901352028,0.00500751126690035,52,278,0.0130195292939409,0.057085628442664,1510,0.756134201301953,1975,1017,0.51493670886076,22,15,0.681818181818182,0.512769153730596,0.482223335002504
30__NQ_ES__ranger__0.0500,2023,TRUE,30,NQ_ES,ranger,,0.05,0.0576120466169178,1,940,0.0454106280193237,473,0.503191489361702,470,0.5,0.00319148936170213,0.00212765957446809,52,249,0.0180851063829787,0.0819148936170213,786,0.836170212765958,927,465,0.501618122977346,13,8,0.615384615384615,0.5,0.497872340425532
30__NQ_ES__ranger__0.0200,2023,TRUE,30,NQ_ES,ranger,,0.02,0.0660374394334585,1,360,0.0173913043478261,187,0.519444444444445,186,0.516666666666667,0.00277777777777778,0.00277777777777778,51,173,0.0305555555555556,0.116666666666667,314,0.872222222222222,349,181,0.518624641833811,11,6,0.545454545454545,0.516666666666667,0.480555555555556
30__NQ_ES__ranger__0.0100,2023,TRUE,30,NQ_ES,ranger,,0.01,0.0717341515200615,1,161,0.00777777777777778,77,0.478260869565217,78,0.484472049689441,-0.0062111801242236,0.0062111801242236,47,109,0.031055900621118,0.130434782608696,147,0.91304347826087,152,73,0.480263157894737,9,4,0.444444444444444,0.484472049689441,0.509316770186335
30__NQ_ES__ranger__0.0050,2023,TRUE,30,NQ_ES,ranger,,0.005,0.0781671403661239,1,77,0.00371980676328502,36,0.467532467532468,38,0.493506493506494,-0.025974025974026,0,38,59,0.051948051948052,0.194805194805195,73,0.948051948051948,69,33,0.478260869565217,8,3,0.375,0.493506493506494,0.506493506493507
30__NQ_ES__xgb_d2__0.5000,2023,TRUE,30,NQ_ES,xgb_d2,2,0.5,0.0199338793754578,1,10425,0.503623188405797,5561,0.533429256594724,5512,0.528729016786571,0.00470023980815348,0.0075779376498801,52,309,0.00633093525179856,0.0295443645083933,6284,0.602781774580336,9863,5259,0.533204907229038,562,302,0.537366548042705,0.528729016786571,0.463693045563549
30__NQ_ES__xgb_d2__0.2000,2023,TRUE,30,NQ_ES,xgb_d2,2,0.2,0.0412863850593567,1,3953,0.190966183574879,2061,0.52137616999747,2055,0.519858335441437,0.00151783455603339,0.0065772830761447,52,291,0.00885403491019479,0.0432582848469517,2694,0.681507715658993,3911,2038,0.521094349271286,42,23,0.547619047619048,0.519858335441437,0.473564381482419
30__NQ_ES__xgb_d2__0.1000,2023,TRUE,30,NQ_ES,xgb_d2,2,0.1,0.051817786693573,1,1930,0.0932367149758454,1004,0.52020725388601,1002,0.519170984455959,0.00103626943005181,0.00569948186528497,52,261,0.0150259067357513,0.0637305699481865,1462,0.757512953367876,1922,999,0.519771071800208,8,5,0.625,0.519170984455959,0.475129533678757
30__NQ_ES__xgb_d2__0.0500,2023,TRUE,30,NQ_ES,xgb_d2,2,0.05,0.0591261148452759,1,946,0.0457004830917874,496,0.52431289640592,494,0.522198731501057,0.00211416490486258,0.00528541226215645,52,226,0.0200845665961945,0.0909090909090909,780,0.824524312896406,944,494,0.523305084745763,2,2,1,0.522198731501057,0.472515856236787
30__NQ_ES__xgb_d2__0.0200,2023,TRUE,30,NQ_ES,xgb_d2,2,0.02,0.0673047542572022,1,361,0.01743961352657,191,0.529085872576177,191,0.529085872576177,0,0,51,151,0.0470914127423823,0.14404432132964,317,0.878116343490305,361,191,0.529085872576177,0,0,,0.529085872576177,0.470914127423823
30__NQ_ES__xgb_d2__0.0100,2023,TRUE,30,NQ_ES,xgb_d2,2,0.01,0.0727493047714234,1,152,0.00734299516908213,82,0.539473684210526,82,0.539473684210526,0,0,45,90,0.0789473684210526,0.197368421052632,137,0.901315789473684,152,82,0.539473684210526,0,0,,0.539473684210526,0.460526315789474
30__NQ_ES__xgb_d2__0.0050,2023,TRUE,30,NQ_ES,xgb_d2,2,0.005,0.0780338311195373,1,67,0.00323671497584541,31,0.462686567164179,31,0.462686567164179,0,0,29,42,0.164179104477612,0.343283582089552,61,0.91044776119403,67,31,0.462686567164179,0,0,,0.462686567164179,0.537313432835821
30__NQ_ES__xgb_d3__0.5000,2023,TRUE,30,NQ_ES,xgb_d3,3,0.5,0.0225403904914856,1,9975,0.481884057971015,5292,0.530526315789474,5253,0.526616541353383,0.00390977443609023,0.00741854636591479,52,310,0.00631578947368421,0.0302756892230576,6168,0.618345864661654,8975,4776,0.532144846796657,1000,516,0.516,0.526616541353383,0.465964912280702
30__NQ_ES__xgb_d3__0.2000,2023,TRUE,30,NQ_ES,xgb_d3,3,0.2,0.0459312915802002,1,3666,0.177101449275362,1916,0.522640480087289,1874,0.511183851609384,0.0114566284779051,0.00654664484451719,52,291,0.00927441352973268,0.044189852700491,2587,0.705673758865248,3513,1820,0.518075718758896,153,96,0.627450980392157,0.511183851609384,0.482269503546099
30__NQ_ES__xgb_d3__0.1000,2023,TRUE,30,NQ_ES,xgb_d3,3,0.1,0.0587222456932068,1,1691,0.0816908212560387,877,0.518628030751035,861,0.50916617386162,0.00946185688941455,0.00532229450029568,52,262,0.0136014192785334,0.0603193376700178,1312,0.775872264931993,1637,842,0.51435552840562,54,35,0.648148148148148,0.50916617386162,0.485511531638084
30__NQ_ES__xgb_d3__0.0500,2023,TRUE,30,NQ_ES,xgb_d3,3,0.05,0.0691536068916321,1,776,0.037487922705314,411,0.529639175257732,408,0.525773195876289,0.0038659793814433,0.0077319587628866,52,220,0.0257731958762887,0.0979381443298969,650,0.837628865979382,751,397,0.528628495339547,25,14,0.56,0.525773195876289,0.466494845360825
30__NQ_ES__xgb_d3__0.0200,2023,TRUE,30,NQ_ES,xgb_d3,3,0.02,0.0809764623641968,1,244,0.0117874396135266,131,0.536885245901639,129,0.528688524590164,0.00819672131147541,0.00819672131147541,50,131,0.0491803278688525,0.139344262295082,218,0.89344262295082,232,124,0.53448275862069,12,7,0.583333333333333,0.528688524590164,0.463114754098361
30__NQ_ES__xgb_d3__0.0100,2023,TRUE,30,NQ_ES,xgb_d3,3,0.01,0.088933253288269,1,107,0.00516908212560387,57,0.532710280373832,58,0.542056074766355,-0.00934579439252336,0.00934579439252336,42,76,0.0560747663551402,0.186915887850467,98,0.91588785046729,104,56,0.538461538461538,3,1,0.333333333333333,0.542056074766355,0.448598130841121
30__NQ_ES__xgb_d3__0.0050,2023,TRUE,30,NQ_ES,xgb_d3,3,0.005,0.0972451424598692,1,38,0.00183574879227053,20,0.526315789473684,19,0.5,0.0263157894736842,0,23,31,0.105263157894737,0.315789473684211,35,0.921052631578947,37,19,0.513513513513514,1,1,1,0.5,0.5
30__NQ_ES__xgb_d4__0.5000,2023,TRUE,30,NQ_ES,xgb_d4,4,0.5,0.0245252251625061,1,9746,0.470821256038647,5137,0.527088036117382,5117,0.525035912169095,0.00205212394828648,0.00892673917504617,52,310,0.00615637184485943,0.0293453724604966,6132,0.629181202544634,8369,4445,0.531126777392759,1377,692,0.502541757443718,0.525035912169095,0.466037348655859
30__NQ_ES__xgb_d4__0.2000,2023,TRUE,30,NQ_ES,xgb_d4,4,0.2,0.0503332257270813,1,3286,0.158743961352657,1695,0.515824710894705,1700,0.517346317711503,-0.00152160681679854,0.00699939135727328,52,291,0.00943396226415094,0.0435179549604382,2413,0.734327449786975,3054,1583,0.51833660772757,232,112,0.482758620689655,0.517346317711503,0.475654290931223
30__NQ_ES__xgb_d4__0.1000,2023,TRUE,30,NQ_ES,xgb_d4,4,0.1,0.0651315808296204,1,1469,0.0709661835748792,772,0.525527569775357,761,0.518039482641253,0.00748808713410483,0.00748808713410483,52,261,0.0156569094622192,0.0673927842069435,1163,0.791695030633084,1384,725,0.523843930635838,85,47,0.552941176470588,0.518039482641253,0.474472430224643
30__NQ_ES__xgb_d4__0.0500,2023,TRUE,30,NQ_ES,xgb_d4,4,0.05,0.0777812957763672,1,639,0.0308695652173913,341,0.533646322378717,337,0.527386541471048,0.00625978090766823,0.00625978090766823,52,207,0.0297339593114241,0.0985915492957746,541,0.846635367762128,593,316,0.532883642495784,46,25,0.543478260869565,0.527386541471048,0.466353677621283
30__NQ_ES__xgb_d4__0.0200,2023,TRUE,30,NQ_ES,xgb_d4,4,0.02,0.0931335139274598,1,194,0.0093719806763285,103,0.530927835051546,101,0.520618556701031,0.0103092783505155,0,49,108,0.0824742268041237,0.201030927835052,170,0.876288659793815,182,96,0.527472527472528,12,7,0.583333333333333,0.520618556701031,0.479381443298969
30__NQ_ES__xgb_d4__0.0100,2023,TRUE,30,NQ_ES,xgb_d4,4,0.01,0.104270005226135,1,76,0.00367149758454106,33,0.434210526315789,31,0.407894736842105,0.0263157894736842,0,33,50,0.118421052631579,0.302631578947368,70,0.921052631578947,72,30,0.416666666666667,4,3,0.75,0.407894736842105,0.592105263157895
30__NQ_ES__xgb_d4__0.0050,2023,TRUE,30,NQ_ES,xgb_d4,4,0.005,0.11545884847641,1,34,0.00164251207729469,16,0.470588235294118,14,0.411764705882353,0.0588235294117647,0,23,26,0.147058823529412,0.382352941176471,32,0.941176470588235,30,13,0.433333333333333,4,3,0.75,0.411764705882353,0.588235294117647
30__NQ_ES__xgb_d5__0.5000,2023,TRUE,30,NQ_ES,xgb_d5,5,0.5,0.0269375443458557,1,9620,0.464734299516908,5025,0.522349272349272,5021,0.521933471933472,0.000415800415800416,0.0079002079002079,52,309,0.00613305613305613,0.0293139293139293,6220,0.646569646569647,7884,4160,0.527650938609843,1736,865,0.498271889400922,0.521933471933472,0.47016632016632
30__NQ_ES__xgb_d5__0.2000,2023,TRUE,30,NQ_ES,xgb_d5,5,0.2,0.0549456655979157,1,3260,0.157487922705314,1699,0.521165644171779,1702,0.522085889570552,-0.000920245398773006,0.00582822085889571,52,291,0.0119631901840491,0.047239263803681,2441,0.748773006134969,2940,1542,0.524489795918367,320,157,0.490625,0.522085889570552,0.472085889570552
30__NQ_ES__xgb_d5__0.1000,2023,TRUE,30,NQ_ES,xgb_d5,5,0.1,0.0710566163063049,1,1490,0.0719806763285024,794,0.532885906040268,783,0.525503355704698,0.00738255033557047,0.00335570469798658,52,260,0.0167785234899329,0.0691275167785235,1205,0.808724832214765,1373,731,0.532410779315368,117,63,0.538461538461538,0.525503355704698,0.471140939597315
30__NQ_ES__xgb_d5__0.0500,2023,TRUE,30,NQ_ES,xgb_d5,5,0.05,0.0859188675880432,1,651,0.0314492753623188,334,0.513056835637481,330,0.506912442396313,0.00614439324116743,0.00307219662058372,52,212,0.021505376344086,0.0998463901689708,558,0.857142857142857,600,307,0.511666666666667,51,27,0.529411764705882,0.506912442396313,0.490015360983103
30__NQ_ES__xgb_d5__0.0200,2023,TRUE,30,NQ_ES,xgb_d5,5,0.02,0.102486608028412,1,212,0.0102415458937198,116,0.547169811320755,120,0.566037735849057,-0.0188679245283019,0,51,118,0.0424528301886792,0.136792452830189,195,0.919811320754717,192,108,0.5625,20,8,0.4,0.566037735849057,0.433962264150943
30__NQ_ES__xgb_d5__0.0100,2023,TRUE,30,NQ_ES,xgb_d5,5,0.01,0.114660878181458,1,101,0.0048792270531401,54,0.534653465346535,55,0.544554455445545,-0.0099009900990099,0,40,70,0.0594059405940594,0.198019801980198,96,0.95049504950495,90,49,0.544444444444444,11,5,0.454545454545455,0.544554455445545,0.455445544554456
30__NQ_ES__xgb_d5__0.0050,2023,TRUE,30,NQ_ES,xgb_d5,5,0.005,0.126118228435516,1,52,0.00251207729468599,26,0.5,25,0.480769230769231,0.0192307692307692,0,26,38,0.0961538461538462,0.307692307692308,49,0.942307692307692,43,21,0.488372093023256,9,5,0.555555555555556,0.480769230769231,0.519230769230769
60__NQ_ONLY__logit__0.5000,2023,TRUE,60,NQ_ONLY,logit,,0.5,0.0267576233801903,1,10612,0.530732683170793,5740,0.54089709762533,5735,0.540425932906144,0.000471164719185827,0.00424048247267245,52,309,0.00697323784395025,0.0346777233320769,3557,0.335186581228798,10410,5637,0.54149855907781,202,103,0.50990099009901,0.540425932906144,0.455333584621184
60__NQ_ONLY__logit__0.2000,2023,TRUE,60,NQ_ONLY,logit,,0.2,0.0478963711029666,1,3474,0.173743435858965,1957,0.563327576280944,1956,0.563039723661485,0.000287852619458837,0.00287852619458837,52,281,0.0118019573978123,0.0538284398388025,1395,0.401554404145078,3433,1936,0.563938246431692,41,21,0.51219512195122,0.563039723661485,0.434081750143926
60__NQ_ONLY__logit__0.1000,2023,TRUE,60,NQ_ONLY,logit,,0.1,0.0606431118886529,1,1625,0.0812703175793948,933,0.574153846153846,928,0.571076923076923,0.00307692307692308,0.00246153846153846,52,214,0.0147692307692308,0.072,697,0.428923076923077,1602,919,0.573657927590512,23,14,0.608695652173913,0.571076923076923,0.426461538461538
60__NQ_ONLY__logit__0.0500,2023,TRUE,60,NQ_ONLY,logit,,0.05,0.0727354465363531,1,662,0.0331082770692673,376,0.56797583081571,374,0.564954682779456,0.00302114803625378,0.00453172205438067,50,142,0.027190332326284,0.129909365558912,335,0.506042296072508,652,370,0.567484662576687,10,6,0.6,0.564954682779456,0.430513595166163
60__NQ_ONLY__logit__0.0200,2023,TRUE,60,NQ_ONLY,logit,,0.02,0.0896316438471968,1,130,0.00650162540635159,85,0.653846153846154,84,0.646153846153846,0.00769230769230769,0.00769230769230769,38,58,0.0615384615384615,0.269230769230769,89,0.684615384615385,127,83,0.653543307086614,3,2,0.666666666666667,0.646153846153846,0.346153846153846
60__NQ_ONLY__logit__0.0100,2023,TRUE,60,NQ_ONLY,logit,,0.01,0.101633681641692,1,31,0.00155038759689922,17,0.548387096774194,18,0.580645161290323,-0.032258064516129,0,20,23,0.161290322580645,0.419354838709677,26,0.838709677419355,30,17,0.566666666666667,1,0,0,0.580645161290323,0.419354838709677
60__NQ_ONLY__logit__0.0050,2023,TRUE,60,NQ_ONLY,logit,,0.005,0.115799918991685,1,9,0.000450112528132033,4,0.444444444444444,5,0.555555555555556,-0.111111111111111,0,7,8,0.222222222222222,0.666666666666667,8,0.888888888888889,8,4,0.5,1,0,0,0.555555555555556,0.444444444444444
60__NQ_ONLY__ranger__0.5000,2023,TRUE,60,NQ_ONLY,ranger,,0.5,0.0271120718355246,1,10390,0.519629907476869,5614,0.540327237728585,5617,0.540615976900866,-0.000288739172281039,0.00490856592877767,52,301,0.00702598652550529,0.0326275264677575,3386,0.325890279114533,10327,5584,0.540718504890094,63,30,0.476190476190476,0.540615976900866,0.454475457170356
60__NQ_ONLY__ranger__0.2000,2023,TRUE,60,NQ_ONLY,ranger,,0.2,0.041777524766639,1,4120,0.20605151287822,2287,0.555097087378641,2283,0.554126213592233,0.000970873786407767,0.00339805825242718,52,256,0.00898058252427184,0.0398058252427184,1440,0.349514563106796,4100,2275,0.554878048780488,20,12,0.6,0.554126213592233,0.44247572815534
60__NQ_ONLY__ranger__0.1000,2023,TRUE,60,NQ_ONLY,ranger,,0.1,0.0509875559071354,1,2402,0.120130032508127,1344,0.559533721898418,1341,0.558284762697752,0.00124895920066611,0.00374687760199834,52,242,0.0120732722731057,0.0537052456286428,921,0.383430474604496,2391,1337,0.55918025930573,11,7,0.636363636363636,0.558284762697752,0.43796835970025
60__NQ_ONLY__ranger__0.0500,2023,TRUE,60,NQ_ONLY,ranger,,0.05,0.0603852116760772,1,1155,0.0577644411102776,622,0.538528138528139,622,0.538528138528139,0,0.00346320346320346,52,199,0.0199134199134199,0.0883116883116883,502,0.434632034632035,1151,620,0.53866203301477,4,2,0.5,0.538528138528139,0.458008658008658
60__NQ_ONLY__ranger__0.0200,2023,TRUE,60,NQ_ONLY,ranger,,0.02,0.0747061715265044,1,321,0.0160540135033758,161,0.501557632398754,161,0.501557632398754,0,0.00311526479750779,45,67,0.0623052959501558,0.246105919003115,136,0.423676012461059,321,161,0.501557632398754,0,0,,0.501557632398754,0.495327102803738
60__NQ_ONLY__ranger__0.0100,2023,TRUE,60,NQ_ONLY,ranger,,0.01,0.0904890269635761,1,115,0.00575143785946487,58,0.504347826086957,58,0.504347826086957,0,0,23,28,0.130434782608696,0.426086956521739,48,0.417391304347826,115,58,0.504347826086957,0,0,,0.504347826086957,0.495652173913044
60__NQ_ONLY__ranger__0.0050,2023,TRUE,60,NQ_ONLY,ranger,,0.005,0.106214185959429,1,39,0.00195048762190548,20,0.512820512820513,20,0.512820512820513,0,0,11,11,0.205128205128205,0.692307692307692,16,0.41025641025641,39,20,0.512820512820513,0,0,,0.512820512820513,0.487179487179487
60__NQ_ONLY__xgb_d2__0.5000,2023,TRUE,60,NQ_ONLY,xgb_d2,2,0.5,0.0270215272903442,1,10634,0.53183295823956,5744,0.540154222305812,5733,0.539119804400978,0.00103441790483355,0.00536016550686477,52,300,0.00714688734248636,0.0346059808162498,3404,0.32010532255031,10527,5685,0.540039897406669,107,59,0.551401869158879,0.539119804400978,0.455520030092157
60__NQ_ONLY__xgb_d2__0.2000,2023,TRUE,60,NQ_ONLY,xgb_d2,2,0.2,0.0450283885002136,1,3792,0.189647411852963,2137,0.563554852320675,2133,0.5625,0.00105485232067511,0.00316455696202532,52,248,0.0102848101265823,0.04957805907173,1360,0.358649789029536,3750,2114,0.563733333333333,42,23,0.547619047619048,0.5625,0.434335443037975
60__NQ_ONLY__xgb_d2__0.1000,2023,TRUE,60,NQ_ONLY,xgb_d2,2,0.1,0.0554901361465454,1,1935,0.0967741935483871,1109,0.57312661498708,1105,0.571059431524548,0.0020671834625323,0.00258397932816537,52,204,0.013953488372093,0.0671834625322997,730,0.377260981912145,1917,1098,0.572769953051643,18,11,0.611111111111111,0.571059431524548,0.426356589147287
60__NQ_ONLY__xgb_d2__0.0500,2023,TRUE,60,NQ_ONLY,xgb_d2,2,0.05,0.0647886991500855,1,955,0.0477619404851213,521,0.545549738219895,520,0.544502617801047,0.00104712041884817,0.00209424083769634,51,148,0.025130890052356,0.124607329842932,412,0.431413612565445,948,517,0.54535864978903,7,4,0.571428571428571,0.544502617801047,0.453403141361257
60__NQ_ONLY__xgb_d2__0.0200,2023,TRUE,60,NQ_ONLY,xgb_d2,2,0.02,0.0775477290153503,1,303,0.0151537884471118,150,0.495049504950495,152,0.501650165016502,-0.0066006600660066,0.0066006600660066,40,63,0.066006600660066,0.306930693069307,126,0.415841584158416,301,150,0.498338870431894,2,0,0,0.501650165016502,0.491749174917492
60__NQ_ONLY__xgb_d2__0.0100,2023,TRUE,60,NQ_ONLY,xgb_d2,2,0.01,0.0874061584472656,1,140,0.0070017504376094,60,0.428571428571429,60,0.428571428571429,0,0.00714285714285714,17,21,0.128571428571429,0.528571428571429,53,0.378571428571429,140,60,0.428571428571429,0,0,,0.428571428571429,0.564285714285714
60__NQ_ONLY__xgb_d2__0.0050,2023,TRUE,60,NQ_ONLY,xgb_d2,2,0.005,0.0967452377080917,1,64,0.00320080020005001,26,0.40625,26,0.40625,0,0,13,14,0.25,0.75,29,0.453125,64,26,0.40625,0,0,,0.40625,0.59375
60__NQ_ONLY__xgb_d3__0.5000,2023,TRUE,60,NQ_ONLY,xgb_d3,3,0.5,0.0293511748313904,1,9374,0.468817204301075,5090,0.542991252400256,5078,0.541711115852358,0.00128013654789844,0.00512054619159377,52,301,0.00768081928739066,0.0375506720716876,3190,0.340302965649669,9141,4968,0.543485395470955,233,122,0.523605150214592,0.541711115852358,0.453168337956049
60__NQ_ONLY__xgb_d3__0.2000,2023,TRUE,60,NQ_ONLY,xgb_d3,3,0.2,0.0506085157394409,1,3362,0.168142035508877,1872,0.556811421772754,1873,0.557108863771565,-0.000297441998810232,0.00446162998215348,52,253,0.0130874479476502,0.0559190957763236,1281,0.381023200475907,3252,1818,0.559040590405904,110,54,0.490909090909091,0.557108863771565,0.438429506246282
60__NQ_ONLY__xgb_d3__0.1000,2023,TRUE,60,NQ_ONLY,xgb_d3,3,0.1,0.0642077326774597,1,1621,0.0810702675668917,890,0.549043800123381,893,0.550894509561999,-0.00185070943861814,0.00308451573103023,52,208,0.0172732880937693,0.0801974090067859,675,0.416409623689081,1552,857,0.552190721649485,69,33,0.478260869565217,0.550894509561999,0.446020974706971
60__NQ_ONLY__xgb_d3__0.0500,2023,TRUE,60,NQ_ONLY,xgb_d3,3,0.05,0.0774000287055969,1,753,0.0376594148537134,392,0.52058432934927,396,0.52589641434263,-0.00531208499335989,0.00398406374501992,51,138,0.0318725099601594,0.151394422310757,336,0.446215139442231,705,370,0.524822695035461,48,22,0.458333333333333,0.52589641434263,0.470119521912351
60__NQ_ONLY__xgb_d3__0.0200,2023,TRUE,60,NQ_ONLY,xgb_d3,3,0.02,0.0957657694816589,1,230,0.0115028757189297,108,0.469565217391304,111,0.482608695652174,-0.0130434782608696,0.00434782608695652,36,55,0.0869565217391304,0.369565217391304,105,0.456521739130435,221,105,0.475113122171946,9,3,0.333333333333333,0.482608695652174,0.51304347826087
60__NQ_ONLY__xgb_d3__0.0100,2023,TRUE,60,NQ_ONLY,xgb_d3,3,0.01,0.10949581861496,1,91,0.00455113778444611,39,0.428571428571429,41,0.450549450549451,-0.021978021978022,0,20,24,0.186813186813187,0.582417582417583,44,0.483516483516484,89,39,0.438202247191011,2,0,0,0.450549450549451,0.54945054945055
60__NQ_ONLY__xgb_d3__0.0050,2023,TRUE,60,NQ_ONLY,xgb_d3,3,0.005,0.12029042840004,1,40,0.00200050012503126,15,0.375,16,0.4,-0.025,0,11,12,0.325,0.8,20,0.5,39,15,0.384615384615385,1,0,0,0.4,0.6
60__NQ_ONLY__xgb_d4__0.5000,2023,TRUE,60,NQ_ONLY,xgb_d4,4,0.5,0.0308037996292114,1,9083,0.454263565891473,4960,0.546075085324232,4947,0.544643840140923,0.00143124518330948,0.00517450181658043,52,306,0.00770670483320489,0.0356710337994055,3214,0.353847847627436,8786,4806,0.547006601411336,297,154,0.518518518518519,0.544643840140923,0.450181658042497
60__NQ_ONLY__xgb_d4__0.2000,2023,TRUE,60,NQ_ONLY,xgb_d4,4,0.2,0.0568875074386597,1,3057,0.152888222055514,1675,0.547922800130847,1674,0.547595682041217,0.000327118089630357,0.00359829898593392,52,261,0.0134118416748446,0.0582270199542035,1231,0.402682368334969,2953,1623,0.549610565526583,104,52,0.5,0.547595682041217,0.448806018972849
60__NQ_ONLY__xgb_d4__0.1000,2023,TRUE,60,NQ_ONLY,xgb_d4,4,0.1,0.0741696953773499,1,1489,0.0744686171542886,794,0.533243787777032,787,0.528542646071189,0.00470114170584285,0.00402955003357958,52,210,0.0194761584956347,0.0886501007387508,651,0.437206178643385,1430,761,0.532167832167832,59,33,0.559322033898305,0.528542646071189,0.467427803895232
60__NQ_ONLY__xgb_d4__0.0500,2023,TRUE,60,NQ_ONLY,xgb_d4,4,0.05,0.0910028219223022,1,634,0.0317079269817454,340,0.536277602523659,332,0.523659305993691,0.0126182965299685,0.00315457413249211,51,134,0.0347003154574132,0.15615141955836,303,0.477917981072555,602,320,0.53156146179402,32,20,0.625,0.523659305993691,0.473186119873817
60__NQ_ONLY__xgb_d4__0.0200,2023,TRUE,60,NQ_ONLY,xgb_d4,4,0.02,0.111938655376434,1,183,0.009152288072018,84,0.459016393442623,85,0.46448087431694,-0.00546448087431694,0,36,58,0.0983606557377049,0.311475409836066,97,0.530054644808743,176,81,0.460227272727273,7,3,0.428571428571429,0.46448087431694,0.53551912568306
60__NQ_ONLY__xgb_d4__0.0100,2023,TRUE,60,NQ_ONLY,xgb_d4,4,0.01,0.128499090671539,1,79,0.00395098774693673,38,0.481012658227848,38,0.481012658227848,0,0,22,26,0.189873417721519,0.531645569620253,41,0.518987341772152,75,36,0.48,4,2,0.5,0.481012658227848,0.518987341772152
60__NQ_ONLY__xgb_d4__0.0050,2023,TRUE,60,NQ_ONLY,xgb_d4,4,0.005,0.142540365457535,1,26,0.00130032508127032,14,0.538461538461538,14,0.538461538461538,0,0,8,9,0.423076923076923,0.846153846153846,13,0.5,26,14,0.538461538461538,0,0,,0.538461538461538,0.461538461538462
60__NQ_ONLY__xgb_d5__0.5000,2023,TRUE,60,NQ_ONLY,xgb_d5,5,0.5,0.0333846807479858,1,8487,0.424456114028507,4597,0.541651938258513,4600,0.542005420054201,-0.000353481795687522,0.00518439967008366,52,304,0.00765877223989631,0.0362907976905856,3153,0.371509367267586,8057,4386,0.544371354102023,430,211,0.490697674418605,0.542005420054201,0.452810180275716
60__NQ_ONLY__xgb_d5__0.2000,2023,TRUE,60,NQ_ONLY,xgb_d5,5,0.2,0.0632162690162659,1,2970,0.148537134283571,1613,0.543097643097643,1603,0.53973063973064,0.00336700336700337,0.00538720538720539,52,260,0.0131313131313131,0.061952861952862,1265,0.425925925925926,2827,1537,0.543685886098337,143,76,0.531468531468532,0.53973063973064,0.454882154882155
60__NQ_ONLY__xgb_d5__0.1000,2023,TRUE,60,NQ_ONLY,xgb_d5,5,0.1,0.0848929882049561,1,1318,0.06591647911978,707,0.536418816388467,702,0.532625189681335,0.00379362670713202,0.00531107738998483,52,200,0.0257966616084977,0.0993930197268589,605,0.459028831562974,1260,676,0.536507936507937,58,31,0.53448275862069,0.532625189681335,0.46206373292868
60__NQ_ONLY__xgb_d5__0.0500,2023,TRUE,60,NQ_ONLY,xgb_d5,5,0.05,0.105417609214783,1,567,0.0283570892723181,303,0.534391534391534,292,0.514991181657848,0.0194003527336861,0.00529100529100529,50,135,0.0352733686067019,0.162257495590829,288,0.507936507936508,536,282,0.526119402985075,31,21,0.67741935483871,0.514991181657848,0.479717813051146
60__NQ_ONLY__xgb_d5__0.0200,2023,TRUE,60,NQ_ONLY,xgb_d5,5,0.02,0.131665170192719,1,152,0.00760190047511878,75,0.493421052631579,72,0.473684210526316,0.0197368421052632,0,37,58,0.105263157894737,0.375,94,0.618421052631579,143,69,0.482517482517483,9,6,0.666666666666667,0.473684210526316,0.526315789473684
60__NQ_ONLY__xgb_d5__0.0100,2023,TRUE,60,NQ_ONLY,xgb_d5,5,0.01,0.146737992763519,1,71,0.00355088772193048,30,0.422535211267606,32,0.450704225352113,-0.028169014084507,0,24,27,0.197183098591549,0.577464788732394,39,0.549295774647887,67,29,0.432835820895522,4,1,0.25,0.450704225352113,0.549295774647887
60__NQ_ONLY__xgb_d5__0.0050,2023,TRUE,60,NQ_ONLY,xgb_d5,5,0.005,0.163346469402313,1,31,0.00155038759689922,11,0.354838709677419,12,0.387096774193548,-0.032258064516129,0,12,12,0.387096774193548,0.774193548387097,17,0.548387096774194,30,11,0.366666666666667,1,0,0,0.387096774193548,0.612903225806452
60__NQ_ES__logit__0.5000,2023,TRUE,60,NQ_ES,logit,,0.5,0.0249252337692965,1,10844,0.542335583895974,5836,0.538177794171892,5821,0.536794540759867,0.00138325341202508,0.00424197713021025,52,308,0.00719291774253043,0.0344891184064921,3744,0.345260051641461,10427,5621,0.539081231418433,417,215,0.515587529976019,0.536794540759867,0.458963482109923
60__NQ_ES__logit__0.2000,2023,TRUE,60,NQ_ES,logit,,0.2,0.0455509181531528,1,4098,0.204951237809452,2300,0.561249389946315,2292,0.559297218155198,0.00195217179111762,0.00341630063445583,52,293,0.0129331381161542,0.0558809175207418,1693,0.413128355295266,4002,2248,0.561719140429785,96,52,0.541666666666667,0.559297218155198,0.437286481210347
60__NQ_ES__logit__0.1000,2023,TRUE,60,NQ_ES,logit,,0.1,0.0586326340325765,1,2036,0.101825456364091,1165,0.572200392927308,1155,0.567288801571709,0.00491159135559921,0.00442043222003929,52,246,0.0176817288801572,0.0766208251473477,913,0.448428290766208,1998,1141,0.571071071071071,38,24,0.631578947368421,0.567288801571709,0.428290766208252
60__NQ_ES__logit__0.0500,2023,TRUE,60,NQ_ES,logit,,0.05,0.0712029086107633,1,919,0.0459614903725932,522,0.568008705114255,519,0.56474428726877,0.00326441784548422,0.00217627856365615,52,173,0.0261153427638738,0.116430903155604,464,0.504896626768226,902,512,0.567627494456763,17,10,0.588235294117647,0.56474428726877,0.433079434167573
60__NQ_ES__logit__0.0200,2023,TRUE,60,NQ_ES,logit,,0.02,0.0874543552775161,1,287,0.0143535883970993,164,0.571428571428571,162,0.564459930313589,0.00696864111498258,0,45,89,0.0592334494773519,0.236933797909408,163,0.56794425087108,277,158,0.570397111913357,10,6,0.6,0.564459930313589,0.435540069686411
60__NQ_ES__logit__0.0100,2023,TRUE,60,NQ_ES,logit,,0.01,0.10155722144016,1,97,0.0048512128032008,65,0.670103092783505,62,0.639175257731959,0.0309278350515464,0,28,42,0.134020618556701,0.391752577319588,65,0.670103092783505,90,60,0.666666666666667,7,5,0.714285714285714,0.639175257731959,0.360824742268041
60__NQ_ES__logit__0.0050,2023,TRUE,60,NQ_ES,logit,,0.005,0.115114275815338,1,25,0.00125031257814454,15,0.6,14,0.56,0.04,0,13,15,0.2,0.6,17,0.68,20,12,0.6,5,3,0.6,0.56,0.44
60__NQ_ES__ranger__0.5000,2023,TRUE,60,NQ_ES,ranger,,0.5,0.0262577346643581,1,10904,0.545336334083521,5917,0.542644900953778,5911,0.542094644167278,0.000550256786500367,0.00476889214966985,52,297,0.00696991929567131,0.0331071166544387,3455,0.316856199559795,10856,5890,0.542557111274871,48,27,0.5625,0.542094644167278,0.453136463683052
60__NQ_ES__ranger__0.2000,2023,TRUE,60,NQ_ES,ranger,,0.2,0.0434866781311623,1,3913,0.195698924731183,2194,0.560695118834654,2192,0.560184002044467,0.000511116790186558,0.00383337592639918,52,255,0.0112445693841043,0.0488116534628163,1468,0.375159723996933,3903,2188,0.560594414552908,10,6,0.6,0.560184002044467,0.435982622029134
60__NQ_ES__ranger__0.1000,2023,TRUE,60,NQ_ES,ranger,,0.1,0.0532069641088981,1,1932,0.0966241560390097,1049,0.54296066252588,1050,0.543478260869565,-0.0005175983436853,0.0020703933747412,52,229,0.0170807453416149,0.0693581780538302,786,0.406832298136646,1931,1049,0.54324184360435,1,0,0,0.543478260869565,0.454451345755694
60__NQ_ES__ranger__0.0500,2023,TRUE,60,NQ_ES,ranger,,0.05,0.0623337221378292,1,895,0.0447611902975744,473,0.528491620111732,473,0.528491620111732,0,0.00223463687150838,52,174,0.0256983240223464,0.119553072625698,392,0.437988826815642,895,473,0.528491620111732,0,0,,0.528491620111732,0.46927374301676
60__NQ_ES__ranger__0.0200,2023,TRUE,60,NQ_ES,ranger,,0.02,0.0750029404195826,1,259,0.0129532383095774,132,0.50965250965251,132,0.50965250965251,0,0.00386100386100386,39,60,0.0656370656370656,0.293436293436293,118,0.455598455598456,259,132,0.50965250965251,0,0,,0.50965250965251,0.486486486486487
60__NQ_ES__ranger__0.0100,2023,TRUE,60,NQ_ES,ranger,,0.01,0.0879001338419947,1,97,0.0048512128032008,49,0.505154639175258,49,0.505154639175258,0,0,17,17,0.134020618556701,0.54639175257732,36,0.371134020618557,97,49,0.505154639175258,0,0,,0.505154639175258,0.494845360824742
60__NQ_ES__ranger__0.0050,2023,TRUE,60,NQ_ES,ranger,,0.005,0.10232381978823,1,40,0.00200050012503126,20,0.5,20,0.5,0,0,12,12,0.175,0.675,17,0.425,40,20,0.5,0,0,,0.5,0.5
60__NQ_ES__xgb_d2__0.5000,2023,TRUE,60,NQ_ES,xgb_d2,2,0.5,0.0265963077545166,1,10710,0.535633908477119,5725,0.534547152194211,5711,0.533239962651727,0.00130718954248366,0.00541549953314659,52,299,0.00709617180205416,0.0339869281045752,3448,0.321942110177404,10642,5684,0.534110129674873,68,41,0.602941176470588,0.533239962651727,0.461344537815126
60__NQ_ES__xgb_d2__0.2000,2023,TRUE,60,NQ_ES,xgb_d2,2,0.2,0.0450198650360107,1,4126,0.206351587896974,2322,0.562772661173049,2317,0.561560833737276,0.00121182743577315,0.0041202132816287,52,256,0.0109064469219583,0.0513814832767814,1571,0.380756180319922,4105,2309,0.562484774665043,21,13,0.619047619047619,0.561560833737276,0.434318952981096
60__NQ_ES__xgb_d2__0.1000,2023,TRUE,60,NQ_ES,xgb_d2,2,0.1,0.0550220608711243,1,1973,0.0986746686671668,1108,0.56158134820071,1103,0.559047136340598,0.00253421186011151,0.00304105423213381,52,210,0.0182463253928028,0.0800810947795236,771,0.390775468829194,1964,1101,0.560590631364562,9,7,0.777777777777778,0.559047136340598,0.437911809427268
60__NQ_ES__xgb_d2__0.0500,2023,TRUE,60,NQ_ES,xgb_d2,2,0.05,0.0643779635429382,1,1013,0.0506626656664166,535,0.528134254689042,534,0.527147087857848,0.000987166831194472,0.00394866732477789,51,143,0.0306021717670286,0.135241855873643,397,0.391905231984205,1008,532,0.527777777777778,5,3,0.6,0.527147087857848,0.468904244817374
60__NQ_ES__xgb_d2__0.0200,2023,TRUE,60,NQ_ES,xgb_d2,2,0.02,0.0772191286087036,1,357,0.017854463615904,183,0.512605042016807,184,0.515406162464986,-0.00280112044817927,0.00280112044817927,40,58,0.0644257703081232,0.274509803921569,139,0.389355742296919,356,183,0.514044943820225,1,0,0,0.515406162464986,0.481792717086835
60__NQ_ES__xgb_d2__0.0100,2023,TRUE,60,NQ_ES,xgb_d2,2,0.01,0.0856781005859375,1,178,0.0089022255563891,84,0.471910112359551,85,0.477528089887641,-0.00561797752808989,0,27,31,0.112359550561798,0.466292134831461,72,0.404494382022472,177,84,0.474576271186441,1,0,0,0.477528089887641,0.52247191011236
60__NQ_ES__xgb_d2__0.0050,2023,TRUE,60,NQ_ES,xgb_d2,2,0.005,0.0938993692398071,1,68,0.00340085021255314,28,0.411764705882353,28,0.411764705882353,0,0,14,15,0.235294117647059,0.75,28,0.411764705882353,68,28,0.411764705882353,0,0,,0.411764705882353,0.588235294117647
60__NQ_ES__xgb_d3__0.5000,2023,TRUE,60,NQ_ES,xgb_d3,3,0.5,0.0281029641628265,1,9889,0.494573643410853,5340,0.539993932652442,5320,0.537971483466478,0.0020224491859642,0.00515724542420872,52,301,0.00768530690666397,0.0352917382950753,3360,0.339771463241986,9678,5225,0.53988427361025,211,115,0.545023696682464,0.537971483466478,0.456871271109313
60__NQ_ES__xgb_d3__0.2000,2023,TRUE,60,NQ_ES,xgb_d3,3,0.2,0.0503807067871094,1,3615,0.1807951987997,2002,0.553803596127248,1987,0.549654218533887,0.004149377593361,0.00359612724757953,52,258,0.0143845089903181,0.0597510373443983,1453,0.401936376210235,3532,1953,0.552944507361269,83,49,0.590361445783133,0.549654218533887,0.446749654218534
60__NQ_ES__xgb_d3__0.1000,2023,TRUE,60,NQ_ES,xgb_d3,3,0.1,0.0655399858951569,1,1540,0.0770192548137034,835,0.542207792207792,830,0.538961038961039,0.00324675324675325,0.0025974025974026,52,199,0.0227272727272727,0.0941558441558442,665,0.431818181818182,1515,820,0.541254125412541,25,15,0.6,0.538961038961039,0.458441558441558
60__NQ_ES__xgb_d3__0.0500,2023,TRUE,60,NQ_ES,xgb_d3,3,0.05,0.0801551938056946,1,590,0.0295073768442111,322,0.545762711864407,323,0.547457627118644,-0.00169491525423729,0,50,109,0.0440677966101695,0.191525423728814,265,0.449152542372881,583,319,0.547169811320755,7,3,0.428571428571429,0.547457627118644,0.452542372881356
60__NQ_ES__xgb_d3__0.0200,2023,TRUE,60,NQ_ES,xgb_d3,3,0.02,0.0983214378356934,1,183,0.009152288072018,98,0.53551912568306,98,0.53551912568306,0,0,32,39,0.092896174863388,0.426229508196721,77,0.420765027322404,181,97,0.535911602209945,2,1,0.5,0.53551912568306,0.46448087431694
60__NQ_ES__xgb_d3__0.0100,2023,TRUE,60,NQ_ES,xgb_d3,3,0.01,0.111965417861938,1,67,0.00335083770942736,33,0.492537313432836,32,0.477611940298507,0.0149253731343284,0,18,18,0.194029850746269,0.716417910447761,30,0.447761194029851,66,32,0.484848484848485,1,1,1,0.477611940298507,0.522388059701493
60__NQ_ES__xgb_d3__0.0050,2023,TRUE,60,NQ_ES,xgb_d3,3,0.005,0.125702202320099,1,25,0.00125031257814454,12,0.48,11,0.44,0.04,0,8,8,0.28,0.88,13,0.52,24,11,0.458333333333333,1,1,1,0.44,0.56
60__NQ_ES__xgb_d4__0.5000,2023,TRUE,60,NQ_ES,xgb_d4,4,0.5,0.0299964547157288,1,9121,0.456164041010253,4899,0.537112158754523,4914,0.538756715272448,-0.00164455651792567,0.00526258085736213,52,301,0.00866133099440851,0.0377151628110953,3261,0.35752658699704,8785,4739,0.539442231075697,336,160,0.476190476190476,0.538756715272448,0.45598070387019
60__NQ_ES__xgb_d4__0.2000,2023,TRUE,60,NQ_ES,xgb_d4,4,0.2,0.0568162202835083,1,3257,0.16289072268067,1788,0.548971446116058,1766,0.542216763893153,0.00675468222290451,0.00460546515198035,52,263,0.0181148295977894,0.0647835431378569,1388,0.426159042063248,3163,1730,0.546949098956687,94,58,0.617021276595745,0.542216763893153,0.453177770954866
60__NQ_ES__xgb_d4__0.1000,2023,TRUE,60,NQ_ES,xgb_d4,4,0.1,0.0751047730445862,1,1409,0.0704676169042261,743,0.527324343506033,733,0.520227111426544,0.007097232079489,0.0042583392476934,52,217,0.0227111426543648,0.105039034776437,655,0.464868701206529,1363,715,0.524578136463683,46,28,0.608695652173913,0.520227111426544,0.475514549325763
60__NQ_ES__xgb_d4__0.0500,2023,TRUE,60,NQ_ES,xgb_d4,4,0.05,0.0929778218269348,1,595,0.02975743935984,318,0.534453781512605,314,0.527731092436975,0.00672268907563025,0.00168067226890756,50,124,0.0420168067226891,0.184873949579832,292,0.490756302521008,579,308,0.531951640759931,16,10,0.625,0.527731092436975,0.470588235294118
60__NQ_ES__xgb_d4__0.0200,2023,TRUE,60,NQ_ES,xgb_d4,4,0.02,0.115481704473495,1,182,0.00910227556889222,91,0.5,90,0.494505494505495,0.0054945054945055,0,33,45,0.104395604395604,0.395604395604396,90,0.494505494505495,179,89,0.497206703910615,3,2,0.666666666666667,0.494505494505495,0.505494505494506
60__NQ_ES__xgb_d4__0.0100,2023,TRUE,60,NQ_ES,xgb_d4,4,0.01,0.131473898887634,1,73,0.00365091272818205,35,0.479452054794521,35,0.479452054794521,0,0,20,21,0.150684931506849,0.506849315068493,35,0.479452054794521,71,34,0.47887323943662,2,1,0.5,0.479452054794521,0.520547945205479
60__NQ_ES__xgb_d4__0.0050,2023,TRUE,60,NQ_ES,xgb_d4,4,0.005,0.144925802946091,1,32,0.00160040010002501,18,0.5625,19,0.59375,-0.03125,0,13,13,0.15625,0.6875,18,0.5625,31,18,0.580645161290323,1,0,0,0.59375,0.40625
60__NQ_ES__xgb_d5__0.5000,2023,TRUE,60,NQ_ES,xgb_d5,5,0.5,0.0316192209720612,1,9038,0.452013003250813,4863,0.538061518034963,4861,0.537840230139411,0.000221287895552113,0.00531090949325072,52,304,0.00785572029210002,0.0362912148705466,3365,0.372316884266431,8525,4607,0.540410557184751,513,256,0.499025341130604,0.537840230139411,0.456848860367338
60__NQ_ES__xgb_d5__0.2000,2023,TRUE,60,NQ_ES,xgb_d5,5,0.2,0.0638118982315064,1,2956,0.14783695923981,1603,0.542286874154263,1609,0.544316644113667,-0.0020297699594046,0.0060893098782138,52,273,0.013531799729364,0.0629228687415426,1321,0.446887686062246,2811,1534,0.545713269299182,145,69,0.475862068965517,0.544316644113667,0.449594046008119
60__NQ_ES__xgb_d5__0.1000,2023,TRUE,60,NQ_ES,xgb_d5,5,0.1,0.085629403591156,1,1278,0.0639159789947487,687,0.537558685446009,683,0.534428794992175,0.00312989045383412,0.00704225352112676,52,209,0.0250391236306729,0.110328638497653,611,0.478090766823161,1218,655,0.537766830870279,60,32,0.533333333333333,0.534428794992175,0.458528951486698
60__NQ_ES__xgb_d5__0.0500,2023,TRUE,60,NQ_ES,xgb_d5,5,0.05,0.105792284011841,1,555,0.0277569392348087,298,0.536936936936937,298,0.536936936936937,0,0.00540540540540541,51,134,0.0414414414414414,0.174774774774775,285,0.513513513513514,537,289,0.538175046554935,18,9,0.5,0.536936936936937,0.457657657657658
60__NQ_ES__xgb_d5__0.0200,2023,TRUE,60,NQ_ES,xgb_d5,5,0.02,0.13091379404068,1,152,0.00760190047511878,83,0.546052631578947,84,0.552631578947369,-0.00657894736842105,0,33,45,0.0986842105263158,0.289473684210526,80,0.526315789473684,149,82,0.550335570469799,3,1,0.333333333333333,0.552631578947369,0.447368421052632
60__NQ_ES__xgb_d5__0.0100,2023,TRUE,60,NQ_ES,xgb_d5,5,0.01,0.147841215133667,1,60,0.00300075018754689,37,0.616666666666667,37,0.616666666666667,0,0,21,24,0.183333333333333,0.5,33,0.55,58,36,0.620689655172414,2,1,0.5,0.616666666666667,0.383333333333333
60__NQ_ES__xgb_d5__0.0050,2023,TRUE,60,NQ_ES,xgb_d5,5,0.005,0.162662625312805,1,29,0.00145036259064766,16,0.551724137931035,17,0.586206896551724,-0.0344827586206897,0,11,12,0.275862068965517,0.758620689655172,15,0.517241379310345,28,16,0.571428571428571,1,0,0,0.586206896551724,0.413793103448276
1__NQ_ONLY__logit__0.5000,2024,TRUE,1,NQ_ONLY,logit,,0.5,0.0337240628021807,1,10765,0.500674387237803,5647,0.524570366929865,5264,0.488992104040873,0.0355782628889921,0.0349280074314909,53,313,0.00510915002322341,0.0245239201114724,10765,1,6357,3322,0.522573540978449,4408,2325,0.527450090744102,0.488992104040873,0.476079888527636
1__NQ_ONLY__logit__0.2000,2024,TRUE,1,NQ_ONLY,logit,,0.2,0.0593569930483934,1,4143,0.192688712152923,2260,0.545498431088583,2034,0.490948587979725,0.0545498431088583,0.0376538740043447,53,312,0.00724112961622013,0.0330678252474053,4143,1,2591,1395,0.538402161327673,1552,865,0.557345360824742,0.490948587979725,0.471397538015931
1__NQ_ONLY__logit__0.1000,2024,TRUE,1,NQ_ONLY,logit,,0.1,0.0725977125180779,1,2143,0.0996697828008,1193,0.556696220251983,1040,0.485300979934671,0.0713952403173122,0.0391973868408773,53,300,0.00886607559496034,0.0405972935137658,2143,1,1320,719,0.54469696969697,823,474,0.575941676792224,0.485300979934671,0.475501633224452
1__NQ_ONLY__logit__0.0500,2024,TRUE,1,NQ_ONLY,logit,,0.05,0.0833642066810168,1,1096,0.0509743732849635,599,0.546532846715328,531,0.484489051094891,0.062043795620438,0.041970802919708,53,273,0.0118613138686131,0.0538321167883212,1096,1,641,345,0.538221528861155,455,254,0.558241758241758,0.484489051094891,0.473540145985402
1__NQ_ONLY__logit__0.0200,2024,TRUE,1,NQ_ONLY,logit,,0.02,0.0953876471606335,1,413,0.0192084089112134,240,0.581113801452784,204,0.493946731234867,0.0871670702179177,0.026634382566586,53,201,0.0169491525423729,0.0726392251815981,413,1,213,123,0.577464788732394,200,117,0.585,0.493946731234867,0.479418886198547
1__NQ_ONLY__logit__0.0100,2024,TRUE,1,NQ_ONLY,logit,,0.01,0.102614727728062,1,204,0.00948793079391656,115,0.563725490196078,98,0.480392156862745,0.0833333333333333,0.0245098039215686,52,132,0.0245098039215686,0.0980392156862745,204,1,85,48,0.564705882352941,119,67,0.563025210084034,0.480392156862745,0.495098039215686
1__NQ_ONLY__logit__0.0050,2024,TRUE,1,NQ_ONLY,logit,,0.005,0.11056416102126,1,96,0.00446490860890191,52,0.541666666666667,45,0.46875,0.0729166666666667,0.0104166666666667,40,76,0.0520833333333333,0.177083333333333,96,1,37,19,0.513513513513514,59,33,0.559322033898305,0.46875,0.520833333333333
1__NQ_ONLY__ranger__0.5000,2024,TRUE,1,NQ_ONLY,ranger,,0.5,0.0250509829755189,1,10941,0.50886005302079,5752,0.525728909606069,5377,0.491454163239192,0.0342747463668769,0.035645736221552,53,313,0.00520976144776529,0.0249520153550864,10941,1,6622,3484,0.526125037752945,4319,2268,0.525121555915721,0.491454163239192,0.472900100539256
1__NQ_ONLY__ranger__0.2000,2024,TRUE,1,NQ_ONLY,ranger,,0.2,0.0498660918833385,1,4447,0.206827589414446,2415,0.543062738925118,2160,0.48572071059141,0.0573420283337081,0.037778277490443,53,313,0.00652125028108837,0.0294580616145716,4447,1,2815,1500,0.532859680284192,1632,915,0.560661764705882,0.48572071059141,0.476501011918147
1__NQ_ONLY__ranger__0.1000,2024,TRUE,1,NQ_ONLY,ranger,,0.1,0.0615812272614204,1,2260,0.105111390167899,1262,0.558407079646018,1107,0.489823008849558,0.0685840707964602,0.0402654867256637,53,307,0.00707964601769912,0.034070796460177,2260,1,1397,766,0.548317823908375,863,496,0.574739281575898,0.489823008849558,0.469911504424779
1__NQ_ONLY__ranger__0.0500,2024,TRUE,1,NQ_ONLY,ranger,,0.05,0.0700944701330953,1,1132,0.0526487140133017,639,0.564487632508834,534,0.471731448763251,0.092756183745583,0.0477031802120141,53,284,0.00971731448763251,0.0424028268551237,1132,1,598,328,0.548494983277592,534,311,0.582397003745318,0.471731448763251,0.480565371024735
1__NQ_ONLY__ranger__0.0200,2024,TRUE,1,NQ_ONLY,ranger,,0.02,0.0807938385412064,1,480,0.0223245430445096,263,0.547916666666667,224,0.466666666666667,0.08125,0.0583333333333333,53,222,0.0145833333333333,0.0666666666666667,480,1,191,105,0.549738219895288,289,158,0.546712802768166,0.466666666666667,0.475
1__NQ_ONLY__ranger__0.0100,2024,TRUE,1,NQ_ONLY,ranger,,0.01,0.087917084389311,1,241,0.0112087809869308,139,0.576763485477178,111,0.460580912863071,0.116182572614108,0.037344398340249,53,156,0.016597510373444,0.0829875518672199,241,1,75,44,0.586666666666667,166,95,0.572289156626506,0.460580912863071,0.502074688796681
1__NQ_ONLY__ranger__0.0050,2024,TRUE,1,NQ_ONLY,ranger,,0.005,0.0959530515892675,1,99,0.0046044370029301,58,0.585858585858586,37,0.373737373737374,0.212121212121212,0.0505050505050505,47,84,0.0303030303030303,0.111111111111111,99,1,24,11,0.458333333333333,75,47,0.626666666666667,0.373737373737374,0.575757575757576
1__NQ_ONLY__xgb_d2__0.5000,2024,TRUE,1,NQ_ONLY,xgb_d2,2,0.5,0.0285852700471878,1,10780,0.501372029207944,5694,0.528200371057514,5260,0.487940630797774,0.0402597402597403,0.0350649350649351,53,313,0.0051948051948052,0.0247680890538033,10780,1,6476,3399,0.524861025324274,4304,2295,0.533224907063197,0.487940630797774,0.476994434137291
1__NQ_ONLY__xgb_d2__0.2000,2024,TRUE,1,NQ_ONLY,xgb_d2,2,0.2,0.0551695227622986,1,4312,0.200548811683178,2359,0.547077922077922,2109,0.489100185528757,0.0579777365491651,0.036873840445269,53,313,0.00602968460111317,0.0294526901669759,4312,1,2664,1437,0.539414414414414,1648,922,0.559466019417476,0.489100185528757,0.474025974025974
1__NQ_ONLY__xgb_d2__0.1000,2024,TRUE,1,NQ_ONLY,xgb_d2,2,0.1,0.069239541888237,1,2199,0.102274312822659,1218,0.553888130968622,1065,0.48431105047749,0.0695770804911323,0.0395634379263302,53,310,0.00864029104138245,0.0381991814461119,2199,1,1382,744,0.5383502170767,817,474,0.580171358629131,0.48431105047749,0.47612551159618
1__NQ_ONLY__xgb_d2__0.0500,2024,TRUE,1,NQ_ONLY,xgb_d2,2,0.05,0.0813516393303871,1,1104,0.051346449002372,605,0.548007246376812,531,0.480978260869565,0.0670289855072464,0.0416666666666667,53,288,0.00905797101449275,0.0434782608695652,1104,1,624,336,0.538461538461538,480,269,0.560416666666667,0.480978260869565,0.477355072463768
1__NQ_ONLY__xgb_d2__0.0200,2024,TRUE,1,NQ_ONLY,xgb_d2,2,0.02,0.0939329910278321,1,460,0.0213943537509883,242,0.526086956521739,214,0.465217391304348,0.0608695652173913,0.0434782608695652,53,225,0.0152173913043478,0.0608695652173913,460,1,206,106,0.514563106796117,254,136,0.535433070866142,0.465217391304348,0.491304347826087
1__NQ_ONLY__xgb_d2__0.0100,2024,TRUE,1,NQ_ONLY,xgb_d2,2,0.01,0.102472259700298,1,240,0.0111622715222548,122,0.508333333333333,105,0.4375,0.0708333333333333,0.05,52,156,0.0166666666666667,0.0791666666666667,240,1,100,46,0.46,140,76,0.542857142857143,0.4375,0.5125
1__NQ_ONLY__xgb_d2__0.0050,2024,TRUE,1,NQ_ONLY,xgb_d2,2,0.005,0.110361625701189,1,113,0.00525556950839496,64,0.566371681415929,47,0.415929203539823,0.150442477876106,0.0442477876106195,47,89,0.0265486725663717,0.115044247787611,113,1,49,24,0.489795918367347,64,40,0.625,0.415929203539823,0.539823008849558
1__NQ_ONLY__xgb_d3__0.5000,2024,TRUE,1,NQ_ONLY,xgb_d3,3,0.5,0.0299268513917923,1,10841,0.504209106553184,5720,0.527626602711927,5322,0.49091412231344,0.0367124803984872,0.0349598745503182,53,313,0.00544230237063002,0.0256433908311041,10841,1,6492,3420,0.526802218114603,4349,2300,0.52885720855369,0.49091412231344,0.474126003136242
1__NQ_ONLY__xgb_d3__0.2000,2024,TRUE,1,NQ_ONLY,xgb_d3,3,0.2,0.0586773753166199,1,4378,0.203618436351798,2354,0.537688442211055,2143,0.48949291914116,0.0481955230698949,0.0388305162174509,53,313,0.00616719963453632,0.029693924166286,4378,1,2686,1431,0.532762472077439,1692,923,0.545508274231679,0.48949291914116,0.471676564641389
1__NQ_ONLY__xgb_d3__0.1000,2024,TRUE,1,NQ_ONLY,xgb_d3,3,0.1,0.0744581043720246,1,2251,0.104692804985815,1240,0.550866281652599,1083,0.481119502443359,0.0697467792092404,0.0404264771212794,53,310,0.0075521990226566,0.0342070191026211,2251,1,1428,760,0.532212885154062,823,480,0.583232077764277,0.481119502443359,0.478454020435362
1__NQ_ONLY__xgb_d3__0.0500,2024,TRUE,1,NQ_ONLY,xgb_d3,3,0.05,0.0886077195405959,1,1150,0.0534858843774708,632,0.549565217391304,538,0.467826086956522,0.0817391304347826,0.0452173913043478,53,288,0.0104347826086957,0.0469565217391304,1150,1,676,355,0.525147928994083,474,277,0.584388185654008,0.467826086956522,0.486956521739131
1__NQ_ONLY__xgb_d3__0.0200,2024,TRUE,1,NQ_ONLY,xgb_d3,3,0.02,0.104161282777786,1,452,0.0210222780335798,243,0.537610619469027,219,0.484513274336283,0.0530973451327434,0.0486725663716814,53,207,0.0132743362831858,0.0663716814159292,452,1,243,130,0.534979423868313,209,113,0.54066985645933,0.484513274336283,0.466814159292035
1__NQ_ONLY__xgb_d3__0.0100,2024,TRUE,1,NQ_ONLY,xgb_d3,3,0.01,0.114473375678063,1,215,0.00999953490535324,107,0.497674418604651,101,0.469767441860465,0.027906976744186,0.0511627906976744,52,142,0.0232558139534884,0.0837209302325582,215,1,112,54,0.482142857142857,103,53,0.514563106796117,0.469767441860465,0.47906976744186
1__NQ_ONLY__xgb_d3__0.0050,2024,TRUE,1,NQ_ONLY,xgb_d3,3,0.005,0.123253291845321,1,112,0.0052090600437189,60,0.535714285714286,53,0.473214285714286,0.0625,0.0446428571428571,46,84,0.0357142857142857,0.142857142857143,112,1,68,35,0.514705882352941,44,25,0.568181818181818,0.473214285714286,0.482142857142857
1__NQ_ONLY__xgb_d4__0.5000,2024,TRUE,1,NQ_ONLY,xgb_d4,4,0.5,0.0324468463659287,1,10873,0.505697409422818,5724,0.526441644440357,5317,0.48900947300653,0.0374321714338269,0.0363285201876207,53,313,0.00533431435666329,0.025108065851191,10873,1,6559,3440,0.524470193627077,4314,2284,0.529439035697728,0.48900947300653,0.474662006805849
1__NQ_ONLY__xgb_d4__0.2000,2024,TRUE,1,NQ_ONLY,xgb_d4,4,0.2,0.0623141765594483,1,4383,0.203850983675178,2388,0.544832306639288,2162,0.4932694501483,0.0515628564909879,0.0390143737166324,53,313,0.00730093543235227,0.0303445128907141,4383,1,2689,1457,0.541837114168836,1694,931,0.549586776859504,0.4932694501483,0.467716176135067
1__NQ_ONLY__xgb_d4__0.1000,2024,TRUE,1,NQ_ONLY,xgb_d4,4,0.1,0.079519334435463,1,2178,0.101297614064462,1202,0.55188246097337,1052,0.483011937557392,0.068870523415978,0.0390266299357209,53,305,0.00826446280991736,0.0376492194674013,2178,1,1321,709,0.536714610143831,857,493,0.575262543757293,0.483011937557392,0.477961432506887
1__NQ_ONLY__xgb_d4__0.0500,2024,TRUE,1,NQ_ONLY,xgb_d4,4,0.05,0.0954482272267341,1,1030,0.0479047486163434,556,0.539805825242719,474,0.460194174757282,0.0796116504854369,0.0475728155339806,53,288,0.0106796116504854,0.0475728155339806,1030,1,583,298,0.51114922813036,447,258,0.577181208053691,0.460194174757282,0.492233009708738
1__NQ_ONLY__xgb_d4__0.0200,2024,TRUE,1,NQ_ONLY,xgb_d4,4,0.02,0.111493319272995,1,414,0.0192549183758895,228,0.550724637681159,193,0.466183574879227,0.0845410628019324,0.0410628019323672,53,210,0.0169082125603865,0.0676328502415459,414,1,230,122,0.530434782608696,184,106,0.576086956521739,0.466183574879227,0.492753623188406
1__NQ_ONLY__xgb_d4__0.0100,2024,TRUE,1,NQ_ONLY,xgb_d4,4,0.01,0.123626806735992,1,199,0.00925538347053626,104,0.522613065326633,94,0.472361809045226,0.050251256281407,0.0452261306532663,50,129,0.0251256281407035,0.100502512562814,199,1,120,61,0.508333333333333,79,43,0.544303797468355,0.472361809045226,0.482412060301508
1__NQ_ONLY__xgb_d4__0.0050,2024,TRUE,1,NQ_ONLY,xgb_d4,4,0.005,0.136658784300089,1,86,0.0039998139621413,39,0.453488372093023,39,0.453488372093023,0,0.0813953488372093,42,73,0.0348837209302326,0.13953488372093,86,1,56,25,0.446428571428571,30,14,0.466666666666667,0.453488372093023,0.465116279069768
1__NQ_ONLY__xgb_d5__0.5000,2024,TRUE,1,NQ_ONLY,xgb_d5,5,0.5,0.0335320979356766,1,10837,0.504023068694479,5701,0.526068100027683,5292,0.488327027775215,0.0377410722524684,0.0361723724277937,53,313,0.00544431115622405,0.0260219617975455,10837,1,6555,3429,0.523112128146453,4282,2272,0.530593180756656,0.488327027775215,0.475500599796992
1__NQ_ONLY__xgb_d5__0.2000,2024,TRUE,1,NQ_ONLY,xgb_d5,5,0.2,0.0656722784042358,1,4238,0.197107111297149,2288,0.539877300613497,2068,0.487966021708353,0.0519112789051439,0.038933459178858,53,313,0.00637092968381312,0.0318546484190656,4238,1,2611,1391,0.532746074301034,1627,897,0.551321450522434,0.487966021708353,0.473100519112789
1__NQ_ONLY__xgb_d5__0.1000,2024,TRUE,1,NQ_ONLY,xgb_d5,5,0.1,0.0842408418655396,1,2135,0.0992977070833915,1162,0.544262295081967,1023,0.479156908665105,0.0651053864168618,0.0402810304449649,53,307,0.00936768149882904,0.0388758782201405,2135,1,1327,700,0.52750565184627,808,462,0.571782178217822,0.479156908665105,0.48056206088993
1__NQ_ONLY__xgb_d5__0.0500,2024,TRUE,1,NQ_ONLY,xgb_d5,5,0.05,0.100809308886528,1,1078,0.0501372029207944,583,0.540816326530612,522,0.484230055658627,0.0565862708719852,0.0473098330241187,53,284,0.0120593692022263,0.0528756957328386,1078,1,644,341,0.529503105590062,434,242,0.557603686635945,0.484230055658627,0.468460111317254
1__NQ_ONLY__xgb_d5__0.0200,2024,TRUE,1,NQ_ONLY,xgb_d5,5,0.02,0.119906347990036,1,399,0.0185572764057486,214,0.536340852130326,189,0.473684210526316,0.06265664160401,0.0451127819548872,52,194,0.0225563909774436,0.087719298245614,399,1,251,131,0.52191235059761,148,83,0.560810810810811,0.473684210526316,0.481203007518797
1__NQ_ONLY__xgb_d5__0.0100,2024,TRUE,1,NQ_ONLY,xgb_d5,5,0.01,0.131838994622231,1,201,0.00934840239988838,110,0.54726368159204,98,0.487562189054726,0.0597014925373134,0.0447761194029851,48,125,0.0348258706467662,0.129353233830846,201,1,135,73,0.540740740740741,66,37,0.560606060606061,0.487562189054726,0.467661691542289
1__NQ_ONLY__xgb_d5__0.0050,2024,TRUE,1,NQ_ONLY,xgb_d5,5,0.005,0.146838005930185,1,90,0.00418585182084554,49,0.544444444444444,48,0.533333333333333,0.0111111111111111,0.0666666666666667,41,69,0.0444444444444444,0.188888888888889,90,1,60,34,0.566666666666667,30,15,0.5,0.533333333333333,0.4
1__NQ_ES__logit__0.5000,2024,TRUE,1,NQ_ES,logit,,0.5,0.0336253946649663,1,10643,0.495000232547323,5600,0.526167433994175,5241,0.492436343136334,0.0337310908578408,0.0351404679131824,53,313,0.00516771586958564,0.0248050361740111,10643,1,6066,3207,0.528684470820969,4577,2393,0.522831549049596,0.492436343136334,0.472423188950484
1__NQ_ES__logit__0.2000,2024,TRUE,1,NQ_ES,logit,,0.2,0.0597361716440052,1,4064,0.189014464443514,2208,0.543307086614173,2013,0.495324803149606,0.0479822834645669,0.0396161417322835,53,313,0.00713582677165354,0.0322342519685039,4064,1,2434,1323,0.54354971240756,1630,885,0.542944785276074,0.495324803149606,0.46505905511811
1__NQ_ES__logit__0.1000,2024,TRUE,1,NQ_ES,logit,,0.1,0.0734661244150822,1,1981,0.092135249523278,1080,0.545179202423019,951,0.480060575466936,0.0651186269560828,0.0403836446239273,53,302,0.00807672892478546,0.0368500757193337,1981,1,1137,606,0.532981530343008,844,474,0.561611374407583,0.480060575466936,0.479555779909137
1__NQ_ES__logit__0.0500,2024,TRUE,1,NQ_ES,logit,,0.05,0.0850425464925553,1,973,0.0452537091298079,512,0.526207605344296,465,0.477903391572456,0.0483042137718397,0.0339157245632066,53,275,0.0123329907502569,0.0503597122302158,973,1,525,269,0.512380952380952,448,243,0.542410714285714,0.477903391572456,0.488180883864337
1__NQ_ES__logit__0.0200,2024,TRUE,1,NQ_ES,logit,,0.02,0.0974824304596085,1,390,0.018138691223664,207,0.530769230769231,183,0.469230769230769,0.0615384615384615,0.0333333333333333,53,202,0.0179487179487179,0.0769230769230769,390,1,167,85,0.508982035928144,223,122,0.547085201793722,0.469230769230769,0.497435897435897
1__NQ_ES__logit__0.0100,2024,TRUE,1,NQ_ES,logit,,0.01,0.105613817581392,1,199,0.00925538347053626,106,0.532663316582915,92,0.462311557788945,0.0703517587939699,0.0452261306532663,53,142,0.0251256281407035,0.0954773869346734,199,1,77,39,0.506493506493507,122,67,0.549180327868853,0.462311557788945,0.492462311557789
1__NQ_ES__logit__0.0050,2024,TRUE,1,NQ_ES,logit,,0.005,0.111614099920057,1,112,0.0052090600437189,62,0.553571428571429,55,0.491071428571429,0.0625,0.0267857142857143,50,92,0.0446428571428571,0.133928571428571,112,1,38,22,0.578947368421053,74,40,0.540540540540541,0.491071428571429,0.482142857142857
1__NQ_ES__ranger__0.5000,2024,TRUE,1,NQ_ES,ranger,,0.5,0.0245730569185973,1,11034,0.513185433235663,5782,0.524016675729563,5409,0.49021207177814,0.0338046039514229,0.03552655428675,53,313,0.00507522204096429,0.0245604495196665,11034,1,6510,3418,0.525038402457757,4524,2364,0.522546419098143,0.49021207177814,0.47426137393511
1__NQ_ES__ranger__0.2000,2024,TRUE,1,NQ_ES,ranger,,0.2,0.047130857106721,1,4589,0.213431933398447,2483,0.541076487252125,2240,0.488123774242754,0.0529527130093702,0.0366092830682066,53,313,0.00631945957724995,0.0296360862933101,4589,1,2795,1496,0.535241502683363,1794,987,0.550167224080268,0.488123774242754,0.475266942689039
1__NQ_ES__ranger__0.1000,2024,TRUE,1,NQ_ES,ranger,,0.1,0.058071357612526,1,2400,0.111622715222548,1308,0.545,1146,0.4775,0.0675,0.0404166666666667,53,307,0.00791666666666667,0.0341666666666667,2400,1,1373,732,0.533139111434814,1027,576,0.560856864654333,0.4775,0.482083333333333
1__NQ_ES__ranger__0.0500,2024,TRUE,1,NQ_ES,ranger,,0.05,0.0660416799671878,1,1253,0.0582763592391052,689,0.549880287310455,582,0.464485235434956,0.0853950518754988,0.043096568236233,53,293,0.00957701516360734,0.0415003990422985,1253,1,616,327,0.530844155844156,637,362,0.56828885400314,0.464485235434956,0.492418196328811
1__NQ_ES__ranger__0.0200,2024,TRUE,1,NQ_ES,ranger,,0.02,0.0753332796943212,1,523,0.0243244500255802,288,0.550669216061186,230,0.439770554493308,0.110898661567878,0.0554493307839388,53,238,0.011472275334608,0.0554493307839388,523,1,200,104,0.52,323,184,0.569659442724458,0.439770554493308,0.504780114722753
1__NQ_ES__ranger__0.0100,2024,TRUE,1,NQ_ES,ranger,,0.01,0.0821441834416817,1,261,0.0121389702804521,143,0.547892720306513,110,0.421455938697318,0.126436781609195,0.0421455938697318,53,163,0.0153256704980843,0.0727969348659004,261,1,78,38,0.487179487179487,183,105,0.573770491803279,0.421455938697318,0.53639846743295
1__NQ_ES__ranger__0.0050,2024,TRUE,1,NQ_ES,ranger,,0.005,0.0885242708824178,1,125,0.0058136830845077,77,0.616,45,0.36,0.256,0.032,48,97,0.024,0.104,125,1,22,11,0.5,103,66,0.640776699029126,0.36,0.608
1__NQ_ES__xgb_d2__0.5000,2024,TRUE,1,NQ_ES,xgb_d2,2,0.5,0.0286243855953217,1,10800,0.502302218501465,5715,0.529166666666667,5289,0.489722222222222,0.0394444444444444,0.035,53,313,0.00537037037037037,0.0249074074074074,10800,1,6491,3422,0.527191495917424,4309,2293,0.532142028312834,0.489722222222222,0.475277777777778
1__NQ_ES__xgb_d2__0.2000,2024,TRUE,1,NQ_ES,xgb_d2,2,0.2,0.0549865961074829,1,4325,0.201153434723966,2359,0.545433526011561,2119,0.489942196531792,0.0554913294797688,0.0367630057803468,53,313,0.00601156069364162,0.0289017341040462,4325,1,2618,1415,0.540488922841864,1707,944,0.553016988869362,0.489942196531792,0.473294797687861
1__NQ_ES__xgb_d2__0.1000,2024,TRUE,1,NQ_ES,xgb_d2,2,0.1,0.0683221578598023,1,2210,0.102785916934096,1196,0.541176470588235,1076,0.486877828054299,0.0542986425339367,0.0434389140271493,53,307,0.00769230769230769,0.0352941176470588,2210,1,1383,737,0.532899493853941,827,459,0.555018137847642,0.486877828054299,0.469683257918552
1__NQ_ES__xgb_d2__0.0500,2024,TRUE,1,NQ_ES,xgb_d2,2,0.05,0.0792448043823242,1,1132,0.0526487140133017,622,0.549469964664311,537,0.474381625441696,0.0750883392226149,0.0468197879858657,53,285,0.00971731448763251,0.0424028268551237,1132,1,649,347,0.534668721109399,483,275,0.56935817805383,0.474381625441696,0.478798586572438
1__NQ_ES__xgb_d2__0.0200,2024,TRUE,1,NQ_ES,xgb_d2,2,0.02,0.0908065152168275,1,436,0.0202781265987628,243,0.557339449541284,205,0.470183486238532,0.0871559633027523,0.036697247706422,53,217,0.0137614678899083,0.0596330275229358,436,1,191,105,0.549738219895288,245,138,0.563265306122449,0.470183486238532,0.493119266055046
1__NQ_ES__xgb_d2__0.0100,2024,TRUE,1,NQ_ES,xgb_d2,2,0.01,0.0973579403758049,1,241,0.0112087809869308,133,0.551867219917012,99,0.410788381742739,0.141078838174274,0.029045643153527,53,158,0.016597510373444,0.0829875518672199,241,1,81,38,0.469135802469136,160,95,0.59375,0.410788381742739,0.560165975103734
1__NQ_ES__xgb_d2__0.0050,2024,TRUE,1,NQ_ES,xgb_d2,2,0.005,0.103926545530557,1,132,0.00613924933724013,66,0.5,55,0.416666666666667,0.0833333333333333,0.053030303030303,49,103,0.0303030303030303,0.128787878787879,132,1,39,16,0.41025641025641,93,50,0.537634408602151,0.416666666666667,0.53030303030303
1__NQ_ES__xgb_d3__0.5000,2024,TRUE,1,NQ_ES,xgb_d3,3,0.5,0.0307252258062363,1,10922,0.507976373191945,5755,0.52691814685955,5374,0.492034425929317,0.0348837209302326,0.0351583958981871,53,313,0.00521882439113715,0.0251785387291705,10922,1,6570,3463,0.527092846270929,4352,2292,0.526654411764706,0.492034425929317,0.472807178172496
1__NQ_ES__xgb_d3__0.2000,2024,TRUE,1,NQ_ES,xgb_d3,3,0.2,0.0589664697647095,1,4381,0.203757964745826,2383,0.543939739785437,2142,0.488929468157955,0.0550102716274823,0.0383474092672906,53,313,0.00707601004336909,0.0305866240584341,4381,1,2541,1376,0.541519086973632,1840,1007,0.547282608695652,0.488929468157955,0.472723122574755
1__NQ_ES__xgb_d3__0.1000,2024,TRUE,1,NQ_ES,xgb_d3,3,0.1,0.0743794977664948,1,2250,0.104646295521139,1234,0.548444444444444,1075,0.477777777777778,0.0706666666666667,0.0444444444444444,53,310,0.00711111111111111,0.0337777777777778,2250,1,1265,678,0.53596837944664,985,556,0.564467005076142,0.477777777777778,0.477777777777778
1__NQ_ES__xgb_d3__0.0500,2024,TRUE,1,NQ_ES,xgb_d3,3,0.05,0.0866497918963432,1,1155,0.0537184317008511,631,0.546320346320346,545,0.471861471861472,0.0744588744588745,0.0536796536796537,53,290,0.0112554112554113,0.0458874458874459,1155,1,613,326,0.531810766721044,542,305,0.562730627306273,0.471861471861472,0.474458874458875
1__NQ_ES__xgb_d3__0.0200,2024,TRUE,1,NQ_ES,xgb_d3,3,0.02,0.100339589118958,1,444,0.0206502023161713,234,0.527027027027027,203,0.457207207207207,0.0698198198198198,0.0427927927927928,53,217,0.0135135135135135,0.0585585585585586,444,1,183,93,0.508196721311475,261,141,0.540229885057471,0.457207207207207,0.5
1__NQ_ES__xgb_d3__0.0100,2024,TRUE,1,NQ_ES,xgb_d3,3,0.01,0.109397249221802,1,235,0.0109297241988745,122,0.519148936170213,95,0.404255319148936,0.114893617021277,0.0468085106382979,53,149,0.0212765957446809,0.0936170212765957,235,1,77,33,0.428571428571429,158,89,0.563291139240506,0.404255319148936,0.548936170212766
1__NQ_ES__xgb_d3__0.0050,2024,TRUE,1,NQ_ES,xgb_d3,3,0.005,0.118490575402975,1,111,0.00516255057904284,61,0.54954954954955,43,0.387387387387387,0.162162162162162,0.0540540540540541,46,84,0.036036036036036,0.162162162162162,111,1,38,17,0.447368421052632,73,44,0.602739726027397,0.387387387387387,0.558558558558559
1__NQ_ES__xgb_d4__0.5000,2024,TRUE,1,NQ_ES,xgb_d4,4,0.5,0.031982958316803,1,10924,0.508069392121297,5716,0.523251556206518,5337,0.488557305016478,0.0346942511900403,0.0358842914683266,53,313,0.00540095203222263,0.0254485536433541,10924,1,6386,3337,0.522549326652051,4538,2379,0.52423975319524,0.488557305016478,0.475558403515196
1__NQ_ES__xgb_d4__0.2000,2024,TRUE,1,NQ_ES,xgb_d4,4,0.2,0.0620460271835327,1,4474,0.2080833449607,2391,0.534421099687081,2202,0.492177022798391,0.0422440768886902,0.0400089405453733,53,313,0.00670540902995083,0.0319624497094323,4474,1,2546,1368,0.537313432835821,1928,1023,0.530601659751037,0.492177022798391,0.467814036656236
1__NQ_ES__xgb_d4__0.1000,2024,TRUE,1,NQ_ES,xgb_d4,4,0.1,0.0789426654577255,1,2308,0.10734384447235,1251,0.542027729636049,1114,0.482668977469671,0.0593587521663778,0.0411611785095321,53,310,0.00866551126516464,0.0376949740034662,2308,1,1285,688,0.535408560311284,1023,563,0.550342130987292,0.482668977469671,0.476169844020797
1__NQ_ES__xgb_d4__0.0500,2024,TRUE,1,NQ_ES,xgb_d4,4,0.05,0.0936208486557006,1,1181,0.0549276777824287,647,0.547840812870449,557,0.471634208298053,0.0762066045723963,0.0414902624894158,53,287,0.00931414055884843,0.0448772226926334,1181,1,608,325,0.534539473684211,573,322,0.56195462478185,0.471634208298053,0.486875529212532
1__NQ_ES__xgb_d4__0.0200,2024,TRUE,1,NQ_ES,xgb_d4,4,0.02,0.109559164047241,1,462,0.0214873726803404,246,0.532467532467532,218,0.471861471861472,0.0606060606060606,0.0346320346320346,53,214,0.012987012987013,0.0606060606060606,462,1,212,111,0.523584905660377,250,135,0.54,0.471861471861472,0.493506493506494
1__NQ_ES__xgb_d4__0.0100,2024,TRUE,1,NQ_ES,xgb_d4,4,0.01,0.120742945075035,1,226,0.0105111390167899,119,0.526548672566372,106,0.469026548672566,0.0575221238938053,0.0442477876106195,52,145,0.0221238938053097,0.0884955752212389,226,1,97,51,0.525773195876289,129,68,0.527131782945737,0.469026548672566,0.486725663716814
1__NQ_ES__xgb_d4__0.0050,2024,TRUE,1,NQ_ES,xgb_d4,4,0.005,0.130630085319281,1,110,0.00511604111436677,54,0.490909090909091,47,0.427272727272727,0.0636363636363636,0.0454545454545455,47,84,0.0272727272727273,0.118181818181818,110,1,50,22,0.44,60,32,0.533333333333333,0.427272727272727,0.527272727272727
1__NQ_ES__xgb_d5__0.5000,2024,TRUE,1,NQ_ES,xgb_d5,5,0.5,0.0335268974304199,1,10964,0.509929770708339,5720,0.521707406056184,5403,0.492794600510763,0.0289128055454214,0.0363006202116016,53,313,0.00529004013133893,0.0253557095950383,10964,1,6360,3342,0.525471698113208,4604,2378,0.516507384882711,0.492794600510763,0.470904779277636
1__NQ_ES__xgb_d5__0.2000,2024,TRUE,1,NQ_ES,xgb_d5,5,0.2,0.0653814911842346,1,4527,0.210548346588531,2417,0.533907665120389,2208,0.487740225314778,0.0461674398056108,0.0408659156174067,53,313,0.00728959575878065,0.0304837640821736,4527,1,2576,1373,0.532996894409938,1951,1044,0.535110199897488,0.487740225314778,0.471393859067815
1__NQ_ES__xgb_d5__0.1000,2024,TRUE,1,NQ_ES,xgb_d5,5,0.1,0.0843237370252609,1,2244,0.104367238733082,1198,0.533868092691622,1086,0.483957219251337,0.0499108734402852,0.0423351158645276,53,311,0.0071301247771836,0.0334224598930481,2244,1,1248,662,0.530448717948718,996,536,0.538152610441767,0.483957219251337,0.473707664884136
1__NQ_ES__xgb_d5__0.0500,2024,TRUE,1,NQ_ES,xgb_d5,5,0.05,0.0998142182826995,1,1145,0.0532533370540905,613,0.535371179039301,546,0.476855895196507,0.0585152838427948,0.0358078602620087,53,290,0.00960698689956332,0.0445414847161572,1145,1,609,319,0.523809523809524,536,294,0.548507462686567,0.476855895196507,0.487336244541485
1__NQ_ES__xgb_d5__0.0200,2024,TRUE,1,NQ_ES,xgb_d5,5,0.02,0.117761901021004,1,491,0.0228361471559462,260,0.529531568228106,229,0.466395112016293,0.0631364562118126,0.0325865580448065,53,220,0.0142566191446029,0.0631364562118126,491,1,224,115,0.513392857142857,267,145,0.543071161048689,0.466395112016293,0.5010183299389
1__NQ_ES__xgb_d5__0.0100,2024,TRUE,1,NQ_ES,xgb_d5,5,0.01,0.131748306155205,1,209,0.00972047811729687,104,0.497607655502392,89,0.425837320574163,0.0717703349282297,0.0334928229665072,52,137,0.0191387559808612,0.0861244019138756,209,1,96,43,0.447916666666667,113,61,0.539823008849558,0.425837320574163,0.54066985645933
1__NQ_ES__xgb_d5__0.0050,2024,TRUE,1,NQ_ES,xgb_d5,5,0.005,0.142641079127788,1,108,0.00502302218501465,54,0.5,48,0.444444444444444,0.0555555555555556,0.0462962962962963,47,85,0.037037037037037,0.12962962962963,108,1,48,23,0.479166666666667,60,31,0.516666666666667,0.444444444444444,0.509259259259259
3__NQ_ONLY__logit__0.5000,2024,TRUE,3,NQ_ONLY,logit,,0.5,0.0280113636424301,1,10949,0.509635077266803,5745,0.524705452552745,5425,0.49547903918166,0.0292264133710841,0.0207324869851128,53,313,0.00520595488172436,0.0248424513654215,10949,1,7094,3703,0.521990414434734,3855,2042,0.52970168612192,0.49547903918166,0.483788473833227
3__NQ_ONLY__logit__0.2000,2024,TRUE,3,NQ_ONLY,logit,,0.2,0.0524815102838129,1,4457,0.2074567119717,2395,0.537356966569441,2206,0.4949517612744,0.0424052052950415,0.0206416872335652,53,310,0.00695535113304914,0.0325330940094234,4457,1,2955,1565,0.529610829103215,1502,830,0.552596537949401,0.4949517612744,0.484406551492035
3__NQ_ONLY__logit__0.1000,2024,TRUE,3,NQ_ONLY,logit,,0.1,0.067354958243121,1,2233,0.103937814187302,1225,0.54858934169279,1114,0.498880429914913,0.0497089117778773,0.0161218092252575,53,295,0.00806090461262875,0.0371697268248992,2233,1,1453,785,0.540261527873366,780,440,0.564102564102564,0.498880429914913,0.48499776085983
3__NQ_ONLY__logit__0.0500,2024,TRUE,3,NQ_ONLY,logit,,0.05,0.0797441554063619,1,1145,0.0532954757028486,654,0.57117903930131,577,0.503930131004367,0.0672489082969432,0.011353711790393,53,281,0.011353711790393,0.0489082969432314,1145,1,731,411,0.562243502051984,414,243,0.586956521739131,0.503930131004367,0.48471615720524
3__NQ_ONLY__logit__0.0200,2024,TRUE,3,NQ_ONLY,logit,,0.02,0.0941880757234394,1,470,0.0218767454850121,270,0.574468085106383,237,0.504255319148936,0.0702127659574468,0.0148936170212766,53,232,0.0127659574468085,0.0595744680851064,470,1,296,167,0.564189189189189,174,103,0.591954022988506,0.504255319148936,0.480851063829787
3__NQ_ONLY__logit__0.0100,2024,TRUE,3,NQ_ONLY,logit,,0.01,0.103170406790597,1,247,0.0114969279463787,145,0.587044534412955,124,0.502024291497976,0.0850202429149798,0.0121457489878543,52,168,0.0242914979757085,0.0809716599190283,247,1,154,88,0.571428571428571,93,57,0.612903225806452,0.502024291497976,0.48582995951417
3__NQ_ONLY__logit__0.0050,2024,TRUE,3,NQ_ONLY,logit,,0.005,0.111853380439176,1,118,0.00549245950474772,62,0.525423728813559,53,0.449152542372881,0.076271186440678,0.00847457627118644,45,100,0.0423728813559322,0.110169491525424,118,1,67,32,0.477611940298507,51,30,0.588235294117647,0.449152542372881,0.542372881355932
3__NQ_ONLY__ranger__0.5000,2024,TRUE,3,NQ_ONLY,ranger,,0.5,0.024507614114465,1,10805,0.502932414820331,5670,0.524757056918094,5362,0.496251735307728,0.0285053216103656,0.0190652475705692,53,313,0.005090236001851,0.024525682554373,10805,1,7456,3882,0.520654506437768,3349,1788,0.533890713645865,0.496251735307728,0.484683017121703
3__NQ_ONLY__ranger__0.2000,2024,TRUE,3,NQ_ONLY,ranger,,0.2,0.0456227507204685,1,4399,0.204757028486315,2400,0.545578540577404,2188,0.497385769493067,0.0481927710843374,0.0184132757444874,53,312,0.00681973175721755,0.0311434416912935,4399,1,3052,1636,0.536041939711665,1347,764,0.567186340014848,0.497385769493067,0.484200954762446
3__NQ_ONLY__ranger__0.1000,2024,TRUE,3,NQ_ONLY,ranger,,0.1,0.0569902130932371,1,2194,0.102122509774716,1238,0.564266180492252,1093,0.498176845943482,0.0660893345487694,0.0186873290793072,53,306,0.00774840474020055,0.0346399270738377,2194,1,1383,770,0.556760665220535,811,468,0.577065351418002,0.498176845943482,0.483135824977211
3__NQ_ONLY__ranger__0.0500,2024,TRUE,3,NQ_ONLY,ranger,,0.05,0.0688282933765525,1,1073,0.0499441444796127,613,0.571295433364399,520,0.484622553588071,0.0866728797763281,0.0205032618825722,53,292,0.00931966449207829,0.0410065237651445,1073,1,628,350,0.557324840764331,445,263,0.591011235955056,0.484622553588071,0.494874184529357
3__NQ_ONLY__ranger__0.0200,2024,TRUE,3,NQ_ONLY,ranger,,0.02,0.0819855079866371,1,435,0.0202476261403835,258,0.593103448275862,193,0.44367816091954,0.149425287356322,0.0206896551724138,53,223,0.0160919540229885,0.0666666666666667,435,1,227,124,0.54625550660793,208,134,0.644230769230769,0.44367816091954,0.535632183908046
3__NQ_ONLY__ranger__0.0100,2024,TRUE,3,NQ_ONLY,ranger,,0.01,0.0891348543184942,1,236,0.0109849190094954,140,0.593220338983051,101,0.427966101694915,0.165254237288136,0.0169491525423729,53,165,0.0169491525423729,0.0720338983050848,236,1,111,59,0.531531531531532,125,81,0.648,0.427966101694915,0.555084745762712
3__NQ_ONLY__ranger__0.0050,2024,TRUE,3,NQ_ONLY,ranger,,0.005,0.0970226609798416,1,107,0.00498045056786446,56,0.523364485981308,47,0.439252336448598,0.0841121495327103,0.0186915887850467,48,89,0.0280373831775701,0.121495327102804,107,1,40,18,0.45,67,38,0.567164179104478,0.439252336448598,0.542056074766355
3__NQ_ONLY__xgb_d2__0.5000,2024,TRUE,3,NQ_ONLY,xgb_d2,2,0.5,0.027586817741394,1,10779,0.501722211878607,5650,0.524167362464051,5327,0.494201688468318,0.0299656739957324,0.019946191668986,53,313,0.00491696817886631,0.0245848408943316,10779,1,7383,3834,0.519301097114994,3396,1816,0.534746760895171,0.494201688468318,0.485852119862696
3__NQ_ONLY__xgb_d2__0.2000,2024,TRUE,3,NQ_ONLY,xgb_d2,2,0.2,0.0482755422592163,1,4298,0.200055855520387,2334,0.543043275942299,2091,0.486505351326198,0.0565379246161005,0.0197766402978129,53,313,0.00651465798045603,0.0309446254071661,4298,1,2752,1460,0.530523255813954,1546,874,0.565329883570505,0.486505351326198,0.493718008375989
3__NQ_ONLY__xgb_d2__0.1000,2024,TRUE,3,NQ_ONLY,xgb_d2,2,0.1,0.0588345527648926,1,2169,0.100958853099981,1221,0.562932226832642,1041,0.479944674965422,0.0829875518672199,0.0179806362378976,53,307,0.00737667127708621,0.0355002305209774,2169,1,1234,675,0.547001620745543,935,546,0.583957219251337,0.479944674965422,0.502074688796681
3__NQ_ONLY__xgb_d2__0.0500,2024,TRUE,3,NQ_ONLY,xgb_d2,2,0.05,0.0709168314933777,1,1099,0.0511543474213368,618,0.562329390354868,539,0.490445859872612,0.0718835304822566,0.0145586897179254,53,292,0.0100090991810737,0.0445859872611465,1099,1,631,349,0.553090332805071,468,269,0.574786324786325,0.490445859872612,0.494995450409463
3__NQ_ONLY__xgb_d2__0.0200,2024,TRUE,3,NQ_ONLY,xgb_d2,2,0.02,0.0853512501716613,1,414,0.0192701545336064,229,0.553140096618358,211,0.509661835748792,0.0434782608695652,0.0144927536231884,53,215,0.0144927536231884,0.0603864734299517,414,1,253,141,0.557312252964427,161,88,0.546583850931677,0.509661835748792,0.475845410628019
3__NQ_ONLY__xgb_d2__0.0100,2024,TRUE,3,NQ_ONLY,xgb_d2,2,0.01,0.092965543270111,1,198,0.00921616086389872,117,0.590909090909091,98,0.494949494949495,0.095959595959596,0.0101010101010101,52,147,0.0202020202020202,0.0808080808080808,198,1,111,64,0.576576576576577,87,53,0.609195402298851,0.494949494949495,0.494949494949495
3__NQ_ONLY__xgb_d2__0.0050,2024,TRUE,3,NQ_ONLY,xgb_d2,2,0.005,0.0981903541088104,1,110,0.00512008936883262,62,0.563636363636364,56,0.509090909090909,0.0545454545454545,0.00909090909090909,51,100,0.0272727272727273,0.1,110,1,52,30,0.576923076923077,58,32,0.551724137931035,0.509090909090909,0.481818181818182
3__NQ_ONLY__xgb_d3__0.5000,2024,TRUE,3,NQ_ONLY,xgb_d3,3,0.5,0.0282377600669861,1,10788,0.502141128281512,5640,0.522803114571746,5325,0.493604004449388,0.0291991101223582,0.0197441601779755,53,313,0.00509825732295143,0.024842417500927,10788,1,7350,3807,0.517959183673469,3438,1833,0.533158813263525,0.493604004449388,0.486651835372636
3__NQ_ONLY__xgb_d3__0.2000,2024,TRUE,3,NQ_ONLY,xgb_d3,3,0.2,0.0503581762313843,1,4314,0.200800595792217,2362,0.547519703291609,2089,0.484237366713027,0.0632823365785814,0.0187760778859527,53,313,0.00695410292072323,0.0319888734353268,4314,1,2744,1459,0.531705539358601,1570,903,0.57515923566879,0.484237366713027,0.49698655540102
3__NQ_ONLY__xgb_d3__0.1000,2024,TRUE,3,NQ_ONLY,xgb_d3,3,0.1,0.0638527393341065,1,2117,0.0985384472165332,1180,0.557392536608408,1022,0.482758620689655,0.074633915918753,0.0174775625885687,53,306,0.00708549834671705,0.0354274917335853,2117,1,1240,674,0.543548387096774,877,506,0.5769669327252,0.482758620689655,0.499763816721776
3__NQ_ONLY__xgb_d3__0.0500,2024,TRUE,3,NQ_ONLY,xgb_d3,3,0.05,0.0777519583702087,1,1113,0.0518059951591882,629,0.565139263252471,534,0.479784366576819,0.0853548966756514,0.0134770889487871,53,295,0.0107816711590297,0.0440251572327044,1113,1,659,359,0.544764795144158,454,270,0.594713656387665,0.479784366576819,0.506738544474394
3__NQ_ONLY__xgb_d3__0.0200,2024,TRUE,3,NQ_ONLY,xgb_d3,3,0.02,0.0953692603111267,1,400,0.018618506795755,230,0.575,194,0.485,0.09,0.0175,53,220,0.015,0.055,400,1,237,132,0.556962025316456,163,98,0.601226993865031,0.485,0.4975
3__NQ_ONLY__xgb_d3__0.0100,2024,TRUE,3,NQ_ONLY,xgb_d3,3,0.01,0.106008317470551,1,200,0.00930925339787749,111,0.555,99,0.495,0.06,0.005,52,152,0.02,0.075,200,1,110,60,0.545454545454545,90,51,0.566666666666667,0.495,0.5
3__NQ_ONLY__xgb_d3__0.0050,2024,TRUE,3,NQ_ONLY,xgb_d3,3,0.005,0.117440449595451,1,105,0.00488735803388568,59,0.561904761904762,53,0.504761904761905,0.0571428571428571,0,46,91,0.0190476190476191,0.0952380952380952,105,1,45,26,0.577777777777778,60,33,0.55,0.504761904761905,0.495238095238095
3__NQ_ONLY__xgb_d4__0.5000,2024,TRUE,3,NQ_ONLY,xgb_d4,4,0.5,0.0291191339492798,1,10821,0.503677155092162,5711,0.527770076702708,5378,0.496996580722669,0.0307734959800388,0.0200535994824878,53,313,0.00535994824877553,0.0253211348304223,10821,1,7416,3884,0.523732470334412,3405,1827,0.536563876651982,0.496996580722669,0.482949819794843
3__NQ_ONLY__xgb_d4__0.2000,2024,TRUE,3,NQ_ONLY,xgb_d4,4,0.2,0.0528169691562653,1,4312,0.200707503258239,2333,0.541048237476809,2070,0.480055658627087,0.0609925788497217,0.0217996289424861,53,312,0.00742115027829314,0.0329313543599258,4312,1,2753,1441,0.523428986560116,1559,892,0.572161642078255,0.480055658627087,0.498144712430427
3__NQ_ONLY__xgb_d4__0.1000,2024,TRUE,3,NQ_ONLY,xgb_d4,4,0.1,0.0682657957077026,1,2155,0.10030720536213,1215,0.563805104408353,1045,0.48491879350348,0.0788863109048724,0.0180974477958237,53,308,0.00928074245939675,0.0385150812064965,2155,1,1254,691,0.55103668261563,901,524,0.58157602663707,0.48491879350348,0.496983758700696
3__NQ_ONLY__xgb_d4__0.0500,2024,TRUE,3,NQ_ONLY,xgb_d4,4,0.05,0.0832285284996033,1,1115,0.051899087693167,628,0.56322869955157,539,0.483408071748879,0.0798206278026906,0.0161434977578475,53,296,0.010762331838565,0.0439461883408072,1115,1,636,350,0.550314465408805,479,278,0.580375782881002,0.483408071748879,0.500448430493274
3__NQ_ONLY__xgb_d4__0.0200,2024,TRUE,3,NQ_ONLY,xgb_d4,4,0.02,0.102502422332764,1,398,0.0185254142617762,232,0.582914572864322,187,0.469849246231156,0.113065326633166,0.0201005025125628,53,220,0.0125628140703518,0.0628140703517588,398,1,210,117,0.557142857142857,188,115,0.611702127659575,0.469849246231156,0.510050251256281
3__NQ_ONLY__xgb_d4__0.0100,2024,TRUE,3,NQ_ONLY,xgb_d4,4,0.01,0.114246206283569,1,205,0.00954198473282443,113,0.551219512195122,96,0.468292682926829,0.0829268292682927,0.00487804878048781,53,146,0.0195121951219512,0.0829268292682927,205,1,94,49,0.521276595744681,111,64,0.576576576576577,0.468292682926829,0.526829268292683
3__NQ_ONLY__xgb_d4__0.0050,2024,TRUE,3,NQ_ONLY,xgb_d4,4,0.005,0.126703188419342,1,103,0.00479426549990691,60,0.58252427184466,44,0.427184466019417,0.155339805825243,0,46,84,0.029126213592233,0.106796116504854,103,1,41,21,0.51219512195122,62,39,0.629032258064516,0.427184466019417,0.572815533980583
3__NQ_ONLY__xgb_d5__0.5000,2024,TRUE,3,NQ_ONLY,xgb_d5,5,0.5,0.0296345353126526,1,10888,0.506795754980451,5767,0.529665686994857,5401,0.496050698016165,0.0336149889786921,0.0202057310800882,53,313,0.00569434239529758,0.0258082292432035,10888,1,7332,3850,0.525095471903983,3556,1917,0.539088863892014,0.496050698016165,0.483743570903747
3__NQ_ONLY__xgb_d5__0.2000,2024,TRUE,3,NQ_ONLY,xgb_d5,5,0.2,0.0549174666404724,1,4386,0.204151927015453,2420,0.551755585955312,2125,0.484496124031008,0.0672594619243046,0.0202918376652987,53,312,0.00706794345645235,0.0321477428180575,4386,1,2775,1485,0.535135135135135,1611,935,0.580384854127871,0.484496124031008,0.495212038303694
3__NQ_ONLY__xgb_d5__0.1000,2024,TRUE,3,NQ_ONLY,xgb_d5,5,0.1,0.0713204264640809,1,2185,0.101703593371812,1222,0.559267734553776,1074,0.491533180778032,0.0677345537757437,0.0192219679633867,53,311,0.00869565217391304,0.0384439359267735,2185,1,1281,706,0.551131928181109,904,516,0.570796460176991,0.491533180778032,0.489244851258581
3__NQ_ONLY__xgb_d5__0.0500,2024,TRUE,3,NQ_ONLY,xgb_d5,5,0.05,0.0877663493156433,1,1078,0.0501768758145597,608,0.564007421150278,517,0.479591836734694,0.0844155844155844,0.0194805194805195,53,290,0.0102040816326531,0.0454545454545455,1078,1,614,336,0.547231270358306,464,272,0.586206896551724,0.479591836734694,0.500927643784787
3__NQ_ONLY__xgb_d5__0.0200,2024,TRUE,3,NQ_ONLY,xgb_d5,5,0.02,0.107292637825012,1,426,0.0198287097374791,239,0.561032863849765,206,0.483568075117371,0.0774647887323944,0.0187793427230047,53,218,0.0140845070422535,0.0610328638497653,426,1,216,120,0.555555555555556,210,119,0.566666666666667,0.483568075117371,0.497652582159624
3__NQ_ONLY__xgb_d5__0.0100,2024,TRUE,3,NQ_ONLY,xgb_d5,5,0.01,0.120875813961029,1,212,0.00986780860175014,117,0.55188679245283,95,0.44811320754717,0.10377358490566,0.0141509433962264,51,143,0.0188679245283019,0.0849056603773585,212,1,102,52,0.509803921568627,110,65,0.590909090909091,0.44811320754717,0.537735849056604
3__NQ_ONLY__xgb_d5__0.0050,2024,TRUE,3,NQ_ONLY,xgb_d5,5,0.005,0.13617739200592,1,104,0.0048408117668963,55,0.528846153846154,41,0.394230769230769,0.134615384615385,0,43,86,0.0288461538461538,0.125,104,1,38,15,0.394736842105263,66,40,0.606060606060606,0.394230769230769,0.605769230769231
3__NQ_ES__logit__0.5000,2024,TRUE,3,NQ_ES,logit,,0.5,0.028416403448401,1,10806,0.502978961087321,5676,0.525263742365353,5367,0.496668517490283,0.0285952248750694,0.0199888950583009,53,313,0.00518230612622617,0.0249861188228762,10806,1,6986,3654,0.523046092184369,3820,2022,0.529319371727749,0.496668517490283,0.483342587451416
3__NQ_ES__logit__0.2000,2024,TRUE,3,NQ_ES,logit,,0.2,0.0534753987829938,1,4323,0.201219512195122,2328,0.538514920194309,2142,0.495489243580847,0.0430256766134629,0.0198935924126764,53,310,0.00717094610224381,0.0337728429331483,4323,1,2848,1513,0.53125,1475,815,0.552542372881356,0.495489243580847,0.484617164006477
3__NQ_ES__logit__0.1000,2024,TRUE,3,NQ_ES,logit,,0.1,0.0681951654638922,1,2186,0.101750139638801,1194,0.546203110704483,1091,0.499085086916743,0.0471180237877402,0.0155535224153705,53,299,0.00960658737419945,0.040256175663312,2186,1,1421,767,0.539760731878959,765,427,0.558169934640523,0.499085086916743,0.485361390667887
3__NQ_ES__logit__0.0500,2024,TRUE,3,NQ_ES,logit,,0.05,0.0815869952397247,1,1092,0.0508285235524111,606,0.554945054945055,537,0.491758241758242,0.0631868131868132,0.0119047619047619,53,278,0.0155677655677656,0.0494505494505495,1092,1,704,379,0.538352272727273,388,227,0.585051546391753,0.491758241758242,0.496336996336996
3__NQ_ES__logit__0.0200,2024,TRUE,3,NQ_ES,logit,,0.02,0.0968255077308885,1,449,0.020899273878235,250,0.556792873051225,227,0.505567928730512,0.0512249443207127,0.0111358574610245,53,224,0.022271714922049,0.0623608017817372,449,1,295,162,0.549152542372881,154,88,0.571428571428571,0.505567928730512,0.483296213808463
3__NQ_ES__logit__0.0100,2024,TRUE,3,NQ_ES,logit,,0.01,0.107126365295671,1,228,0.0106125488735803,126,0.552631578947369,112,0.491228070175439,0.0614035087719298,0.0087719298245614,52,158,0.0394736842105263,0.0964912280701754,228,1,144,77,0.534722222222222,84,49,0.583333333333333,0.491228070175439,0.5
3__NQ_ES__logit__0.0050,2024,TRUE,3,NQ_ES,logit,,0.005,0.115332117234942,1,120,0.00558555203872649,58,0.483333333333333,49,0.408333333333333,0.075,0.0166666666666667,47,103,0.0583333333333333,0.133333333333333,120,1,75,31,0.413333333333333,45,27,0.6,0.408333333333333,0.575
3__NQ_ES__ranger__0.5000,2024,TRUE,3,NQ_ES,ranger,,0.5,0.0241305279410513,1,10815,0.503397877490225,5670,0.524271844660194,5379,0.497364771151179,0.0269070735090153,0.018955154877485,53,313,0.00508552935737402,0.0246879334257975,10815,1,7295,3805,0.521590130226182,3520,1865,0.529829545454545,0.497364771151179,0.483680073971336
3__NQ_ES__ranger__0.2000,2024,TRUE,3,NQ_ES,ranger,,0.2,0.0448677448658129,1,4431,0.206246509029976,2418,0.545700744752877,2216,0.500112841345069,0.0455879034078086,0.0178289325208757,53,312,0.00631911532385466,0.0293387497178966,4431,1,3091,1662,0.537690067939178,1340,756,0.564179104477612,0.500112841345069,0.482058226134056
3__NQ_ES__ranger__0.1000,2024,TRUE,3,NQ_ES,ranger,,0.1,0.0563007668223463,1,2263,0.105334202196984,1265,0.558992487847989,1125,0.49712770658418,0.0618647812638091,0.0150243040212108,53,305,0.00795404330534688,0.037560760053027,2263,1,1494,818,0.547523427041499,769,447,0.581274382314694,0.49712770658418,0.487847989394609
3__NQ_ES__ranger__0.0500,2024,TRUE,3,NQ_ES,ranger,,0.05,0.0679408448342563,1,1076,0.0500837832805809,610,0.566914498141264,530,0.492565055762082,0.0743494423791822,0.0157992565055762,53,287,0.0111524163568773,0.0473977695167286,1076,1,676,374,0.553254437869823,400,236,0.59,0.492565055762082,0.491635687732342
3__NQ_ES__ranger__0.0200,2024,TRUE,3,NQ_ES,ranger,,0.02,0.0808429550192499,1,424,0.0197356172035003,246,0.580188679245283,207,0.488207547169811,0.0919811320754717,0.0165094339622642,53,223,0.0141509433962264,0.0589622641509434,424,1,262,147,0.561068702290076,162,99,0.611111111111111,0.488207547169811,0.495283018867925
3__NQ_ES__ranger__0.0100,2024,TRUE,3,NQ_ES,ranger,,0.01,0.0881166262060556,1,217,0.0101005399366971,126,0.580645161290323,99,0.456221198156682,0.124423963133641,0.0230414746543779,53,154,0.0184331797235023,0.0829493087557604,217,1,128,69,0.5390625,89,57,0.640449438202247,0.456221198156682,0.52073732718894
3__NQ_ES__ranger__0.0050,2024,TRUE,3,NQ_ES,ranger,,0.005,0.0945250554550575,1,108,0.00502699683485384,63,0.583333333333333,49,0.453703703703704,0.12962962962963,0.00925925925925926,46,86,0.0277777777777778,0.111111111111111,108,1,56,30,0.535714285714286,52,33,0.634615384615385,0.453703703703704,0.537037037037037
3__NQ_ES__xgb_d2__0.5000,2024,TRUE,3,NQ_ES,xgb_d2,2,0.5,0.0272717475891113,1,10804,0.502885868553342,5662,0.524065161051462,5334,0.493706034801925,0.0303591262495372,0.0196223620881155,53,313,0.00518326545723806,0.0248056275453536,10804,1,7297,3788,0.519117445525559,3507,1874,0.534359851725121,0.493706034801925,0.486671603109959
3__NQ_ES__xgb_d2__0.2000,2024,TRUE,3,NQ_ES,xgb_d2,2,0.2,0.0483279466629028,1,4392,0.20443120461739,2403,0.547131147540984,2159,0.491575591985428,0.0555555555555556,0.0186703096539162,53,312,0.0063752276867031,0.0300546448087432,4392,1,2891,1548,0.535454859910066,1501,855,0.569620253164557,0.491575591985428,0.489754098360656
3__NQ_ES__xgb_d2__0.1000,2024,TRUE,3,NQ_ES,xgb_d2,2,0.1,0.0591416418552399,1,2176,0.101284676968907,1202,0.552389705882353,1038,0.477022058823529,0.0753676470588235,0.0165441176470588,53,309,0.00827205882352941,0.0358455882352941,2176,1,1327,705,0.531273549359458,849,497,0.585394581861013,0.477022058823529,0.506433823529412
3__NQ_ES__xgb_d2__0.0500,2024,TRUE,3,NQ_ES,xgb_d2,2,0.05,0.0694180965423584,1,1101,0.0512474399553156,601,0.545867393278837,543,0.493188010899183,0.0526793823796549,0.0145322434150772,53,290,0.00908265213442325,0.0435967302452316,1101,1,679,365,0.537555228276878,422,236,0.559241706161138,0.493188010899183,0.49227974568574
3__NQ_ES__xgb_d2__0.0200,2024,TRUE,3,NQ_ES,xgb_d2,2,0.02,0.0829305291175841,1,446,0.0207596350772668,261,0.585201793721973,238,0.533632286995516,0.0515695067264574,0.00896860986547085,53,221,0.015695067264574,0.0560538116591928,446,1,308,181,0.587662337662338,138,80,0.579710144927536,0.533632286995516,0.457399103139013
3__NQ_ES__xgb_d2__0.0100,2024,TRUE,3,NQ_ES,xgb_d2,2,0.01,0.0913355231285095,1,216,0.0100539936697077,126,0.583333333333333,117,0.541666666666667,0.0416666666666667,0.0138888888888889,52,145,0.0185185185185185,0.0833333333333333,216,1,155,91,0.587096774193548,61,35,0.573770491803279,0.541666666666667,0.444444444444444
3__NQ_ES__xgb_d2__0.0050,2024,TRUE,3,NQ_ES,xgb_d2,2,0.005,0.0979344367980957,1,108,0.00502699683485384,56,0.518518518518519,52,0.481481481481482,0.037037037037037,0.0185185185185185,43,85,0.0277777777777778,0.12037037037037,108,1,76,38,0.5,32,18,0.5625,0.481481481481482,0.5
3__NQ_ES__xgb_d3__0.5000,2024,TRUE,3,NQ_ES,xgb_d3,3,0.5,0.0282758474349976,1,10857,0.50535282070378,5699,0.524914801510546,5378,0.495348623008198,0.0295661785023487,0.0195265727180621,53,313,0.00497374965460072,0.0243161094224924,10857,1,7341,3824,0.520909957771421,3516,1875,0.533276450511945,0.495348623008198,0.485124804273741
3__NQ_ES__xgb_d3__0.2000,2024,TRUE,3,NQ_ES,xgb_d3,3,0.2,0.0509278416633606,1,4379,0.203826103146528,2393,0.546471797213976,2159,0.4930349394839,0.0534368577300754,0.0207810002283626,53,313,0.00662251655629139,0.0315140443023521,4379,1,2811,1514,0.538598363571683,1568,879,0.560586734693878,0.4930349394839,0.486184060287737
3__NQ_ES__xgb_d3__0.1000,2024,TRUE,3,NQ_ES,xgb_d3,3,0.1,0.063655173778534,1,2164,0.100726121765034,1191,0.550369685767098,1047,0.483826247689464,0.066543438077634,0.0189463955637708,53,308,0.00831792975970425,0.0369685767097967,2164,1,1276,687,0.538401253918495,888,504,0.567567567567568,0.483826247689464,0.497227356746765
3__NQ_ES__xgb_d3__0.0500,2024,TRUE,3,NQ_ES,xgb_d3,3,0.05,0.0761419475078583,1,1094,0.0509216160863899,610,0.557586837294333,524,0.478976234003656,0.0786106032906764,0.0127970749542962,53,293,0.010054844606947,0.046617915904936,1094,1,627,338,0.539074960127592,467,272,0.582441113490364,0.478976234003656,0.508226691042048
3__NQ_ES__xgb_d3__0.0200,2024,TRUE,3,NQ_ES,xgb_d3,3,0.02,0.0914120817184448,1,414,0.0192701545336064,236,0.570048309178744,204,0.492753623188406,0.0772946859903382,0.00483091787439614,53,214,0.0144927536231884,0.0652173913043478,414,1,245,136,0.555102040816327,169,100,0.591715976331361,0.492753623188406,0.502415458937198
3__NQ_ES__xgb_d3__0.0100,2024,TRUE,3,NQ_ES,xgb_d3,3,0.01,0.101083533763885,1,200,0.00930925339787749,117,0.585,96,0.48,0.105,0,53,146,0.025,0.09,200,1,115,64,0.556521739130435,85,53,0.623529411764706,0.48,0.52
3__NQ_ES__xgb_d3__0.0050,2024,TRUE,3,NQ_ES,xgb_d3,3,0.005,0.109671268463135,1,106,0.00493390430087507,61,0.575471698113208,54,0.509433962264151,0.0660377358490566,0,45,91,0.0377358490566038,0.122641509433962,106,1,47,28,0.595744680851064,59,33,0.559322033898305,0.509433962264151,0.490566037735849
3__NQ_ES__xgb_d4__0.5000,2024,TRUE,3,NQ_ES,xgb_d4,4,0.5,0.0295720994472504,1,10811,0.503211692422268,5700,0.527240773286468,5388,0.498381278327629,0.0288594949588382,0.0195171584497271,53,313,0.00527240773286468,0.0247895661825918,10811,1,7296,3828,0.524671052631579,3515,1872,0.532574679943101,0.498381278327629,0.482101563222644
3__NQ_ES__xgb_d4__0.2000,2024,TRUE,3,NQ_ES,xgb_d4,4,0.2,0.0534120559692383,1,4308,0.200521318190281,2344,0.544103992571959,2129,0.494196843082637,0.0499071494893222,0.0197307335190344,53,311,0.00673166202414113,0.0308727948003714,4308,1,2765,1483,0.536347197106691,1543,861,0.55800388852884,0.494196843082637,0.486072423398329
3__NQ_ES__xgb_d4__0.1000,2024,TRUE,3,NQ_ES,xgb_d4,4,0.1,0.0674508571624756,1,2178,0.101377769502886,1215,0.557851239669422,1070,0.49127640036731,0.066574839302112,0.0174471992653811,53,307,0.00826446280991736,0.0371900826446281,2178,1,1285,707,0.550194552529183,893,508,0.568868980963046,0.49127640036731,0.49127640036731
3__NQ_ES__xgb_d4__0.0500,2024,TRUE,3,NQ_ES,xgb_d4,4,0.05,0.0809476852416992,1,1067,0.0496648668776764,600,0.56232427366448,506,0.474226804123711,0.0880974695407685,0.0159325210871603,53,289,0.0112464854732896,0.0459231490159325,1067,1,601,325,0.540765391014975,466,275,0.590128755364807,0.474226804123711,0.509840674789128
3__NQ_ES__xgb_d4__0.0200,2024,TRUE,3,NQ_ES,xgb_d4,4,0.02,0.0981190168857574,1,442,0.0205734500093093,259,0.585972850678733,216,0.48868778280543,0.0972850678733032,0.0135746606334842,53,214,0.0158371040723982,0.0656108597285068,442,1,248,142,0.57258064516129,194,117,0.603092783505155,0.48868778280543,0.497737556561086
3__NQ_ES__xgb_d4__0.0100,2024,TRUE,3,NQ_ES,xgb_d4,4,0.01,0.110601260662079,1,197,0.00916961459690933,110,0.558375634517767,90,0.456852791878173,0.101522842639594,0,52,143,0.0203045685279188,0.0812182741116751,197,1,99,51,0.515151515151515,98,59,0.602040816326531,0.456852791878173,0.543147208121827
3__NQ_ES__xgb_d4__0.0050,2024,TRUE,3,NQ_ES,xgb_d4,4,0.005,0.121447003483772,1,101,0.00470117296592813,53,0.524752475247525,43,0.425742574257426,0.099009900990099,0,47,85,0.0297029702970297,0.118811881188119,101,1,43,19,0.441860465116279,58,34,0.586206896551724,0.425742574257426,0.574257425742574
3__NQ_ES__xgb_d5__0.5000,2024,TRUE,3,NQ_ES,xgb_d5,5,0.5,0.0309303104877472,1,10722,0.499069074660212,5677,0.529472113411677,5307,0.494963626189144,0.0345084872225331,0.0206118261518373,53,313,0.00522290617422123,0.0250886028725984,10722,1,7212,3778,0.523849140321686,3510,1899,0.541025641025641,0.494963626189144,0.484424547659019
3__NQ_ES__xgb_d5__0.2000,2024,TRUE,3,NQ_ES,xgb_d5,5,0.2,0.0559047102928162,1,4484,0.208713461180413,2441,0.544380017841213,2210,0.492863514719001,0.0515165031222123,0.0223015165031222,53,313,0.00669045495093666,0.0305530776092774,4484,1,2908,1558,0.53576341127923,1576,883,0.560279187817259,0.492863514719001,0.484834968777877
3__NQ_ES__xgb_d5__0.1000,2024,TRUE,3,NQ_ES,xgb_d5,5,0.1,0.0723192095756531,1,2189,0.101889778439769,1226,0.560073092736409,1069,0.488350845134765,0.0717222476016446,0.022384650525354,53,307,0.00822293284604842,0.0374600274097762,2189,1,1315,723,0.549809885931559,874,503,0.575514874141876,0.488350845134765,0.489264504339881
3__NQ_ES__xgb_d5__0.0500,2024,TRUE,3,NQ_ES,xgb_d5,5,0.05,0.0867334008216858,1,1158,0.0539005771737107,640,0.552677029360967,555,0.479274611398964,0.0734024179620035,0.0172711571675302,53,296,0.0103626943005181,0.042314335060449,1158,1,673,361,0.536404160475483,485,279,0.575257731958763,0.479274611398964,0.503454231433506
3__NQ_ES__xgb_d5__0.0200,2024,TRUE,3,NQ_ES,xgb_d5,5,0.02,0.105506565570831,1,449,0.020899273878235,267,0.594654788418708,213,0.474387527839644,0.120267260579065,0.0200445434298441,53,227,0.0155902004454343,0.066815144766147,449,1,250,143,0.572,199,124,0.623115577889447,0.474387527839644,0.505567928730512
3__NQ_ES__xgb_d5__0.0100,2024,TRUE,3,NQ_ES,xgb_d5,5,0.01,0.119842402935028,1,205,0.00954198473282443,122,0.595121951219512,85,0.414634146341463,0.180487804878049,0.00975609756097561,52,146,0.0195121951219512,0.0780487804878049,205,1,97,50,0.515463917525773,108,72,0.666666666666667,0.414634146341463,0.575609756097561
3__NQ_ES__xgb_d5__0.0050,2024,TRUE,3,NQ_ES,xgb_d5,5,0.005,0.133127747774124,1,98,0.00456153416495997,59,0.602040816326531,39,0.397959183673469,0.204081632653061,0.0102040816326531,44,79,0.0306122448979592,0.13265306122449,98,1,37,19,0.513513513513514,61,40,0.655737704918033,0.397959183673469,0.591836734693878
5__NQ_ONLY__logit__0.5000,2024,TRUE,5,NQ_ONLY,logit,,0.5,0.0234980729756507,1,10855,0.505589194224499,5638,0.519391985260249,5466,0.503546752648549,0.0158452326116997,0.0154767388300322,53,313,0.00506678949792722,0.0249654537079687,10855,1,7133,3726,0.522360857984018,3722,1912,0.513702310585707,0.503546752648549,0.480976508521419
5__NQ_ONLY__logit__0.2000,2024,TRUE,5,NQ_ONLY,logit,,0.2,0.0441673764220088,1,4456,0.207545412203074,2404,0.539497307001795,2278,0.511220825852783,0.0282764811490126,0.0152603231597846,53,309,0.00673249551166966,0.0316427289048474,4456,1,2986,1619,0.542196918955124,1470,785,0.534013605442177,0.511220825852783,0.473518850987433
5__NQ_ONLY__logit__0.1000,2024,TRUE,5,NQ_ONLY,logit,,0.1,0.0567025044241199,1,2274,0.105915230554262,1256,0.552330694810906,1180,0.518909410729991,0.0334212840809147,0.0136323658751099,53,300,0.00835532102022867,0.0378188214599824,2274,1,1511,842,0.557246856386499,763,414,0.54259501965924,0.518909410729991,0.467458223394899
5__NQ_ONLY__logit__0.0500,2024,TRUE,5,NQ_ONLY,logit,,0.05,0.0677598364029909,1,1114,0.0518863530507685,635,0.570017953321364,581,0.521543985637343,0.0484739676840215,0.0125673249551167,53,280,0.0125673249551167,0.0493716337522442,1114,1,720,414,0.575,394,221,0.560913705583756,0.521543985637343,0.46588868940754
5__NQ_ONLY__logit__0.0200,2024,TRUE,5,NQ_ONLY,logit,,0.02,0.0802259726916387,1,478,0.0222636236609222,264,0.552301255230126,232,0.485355648535565,0.0669456066945607,0.0104602510460251,53,233,0.0188284518828452,0.0627615062761506,478,1,295,158,0.535593220338983,183,106,0.579234972677596,0.485355648535565,0.50418410041841
5__NQ_ONLY__logit__0.0100,2024,TRUE,5,NQ_ONLY,logit,,0.01,0.0898900302860062,1,222,0.0103400093153237,123,0.554054054054054,111,0.5,0.0540540540540541,0.0135135135135135,52,156,0.0315315315315315,0.0990990990990991,222,1,140,77,0.55,82,46,0.560975609756098,0.5,0.486486486486487
5__NQ_ONLY__logit__0.0050,2024,TRUE,5,NQ_ONLY,logit,,0.005,0.0978019690036903,1,112,0.00521658127619935,58,0.517857142857143,57,0.508928571428571,0.00892857142857143,0.0178571428571429,49,91,0.0357142857142857,0.116071428571429,112,1,65,35,0.538461538461538,47,23,0.48936170212766,0.508928571428571,0.473214285714286
5__NQ_ONLY__ranger__0.5000,2024,TRUE,5,NQ_ONLY,ranger,,0.5,0.0207785812947001,1,10761,0.501210992081975,5588,0.519282594554409,5405,0.502276740079918,0.0170058544744912,0.0154260756435276,53,313,0.00511104915900009,0.0250906049623641,10761,1,7550,3924,0.519735099337748,3211,1664,0.518218623481781,0.502276740079918,0.482297184276554
5__NQ_ONLY__ranger__0.2000,2024,TRUE,5,NQ_ONLY,ranger,,0.2,0.0396560519357058,1,4284,0.199534233814625,2313,0.539915966386555,2204,0.514472455648926,0.0254435107376284,0.0137721755368814,53,312,0.00630252100840336,0.0298786181139122,4284,1,3079,1667,0.541409548554726,1205,646,0.536099585062241,0.514472455648926,0.471755368814192
5__NQ_ONLY__ranger__0.1000,2024,TRUE,5,NQ_ONLY,ranger,,0.1,0.0499457541122945,1,2129,0.0991616208663251,1183,0.555659934241428,1086,0.510098637858149,0.0455612963832785,0.0145608266791921,53,306,0.00751526538280883,0.0352278064819164,2129,1,1517,835,0.550428477257746,612,348,0.568627450980392,0.510098637858149,0.475340535462659
5__NQ_ONLY__ranger__0.0500,2024,TRUE,5,NQ_ONLY,ranger,,0.05,0.0584573202821973,1,1056,0.0491849091755939,611,0.578598484848485,542,0.513257575757576,0.0653409090909091,0.0160984848484848,53,294,0.0104166666666667,0.0464015151515152,1056,1,731,418,0.571819425444596,325,193,0.593846153846154,0.513257575757576,0.470643939393939
5__NQ_ONLY__ranger__0.0200,2024,TRUE,5,NQ_ONLY,ranger,,0.02,0.0686459345890283,1,426,0.0198416394969725,248,0.582159624413146,219,0.514084507042254,0.068075117370892,0.0211267605633803,53,205,0.0140845070422535,0.0610328638497653,426,1,267,155,0.580524344569288,159,93,0.584905660377359,0.514084507042254,0.464788732394366
5__NQ_ONLY__ranger__0.0100,2024,TRUE,5,NQ_ONLY,ranger,,0.01,0.0765487569578141,1,216,0.0100605496040987,118,0.546296296296296,113,0.523148148148148,0.0231481481481482,0.0185185185185185,51,139,0.0185185185185185,0.0833333333333333,216,1,136,76,0.558823529411765,80,42,0.525,0.523148148148148,0.458333333333333
5__NQ_ONLY__ranger__0.0050,2024,TRUE,5,NQ_ONLY,ranger,,0.005,0.0834834416366459,1,117,0.00544946436888682,60,0.512820512820513,67,0.572649572649573,-0.0598290598290598,0,48,90,0.0256410256410256,0.102564102564103,117,1,70,40,0.571428571428571,47,20,0.425531914893617,0.572649572649573,0.427350427350427
5__NQ_ONLY__xgb_d2__0.5000,2024,TRUE,5,NQ_ONLY,xgb_d2,2,0.5,0.0226754546165466,1,10767,0.5014904517932,5580,0.518250208971859,5415,0.50292560601839,0.0153246029534689,0.0154174793350051,53,313,0.00510820098448965,0.0250766230147673,10767,1,7534,3913,0.519378816033979,3233,1667,0.515620167027529,0.50292560601839,0.481656914646605
5__NQ_ONLY__xgb_d2__0.2000,2024,TRUE,5,NQ_ONLY,xgb_d2,2,0.2,0.0417865395545959,1,4282,0.19944108057755,2271,0.530359645025689,2156,0.503503035964503,0.0268566090611864,0.0149462867818776,53,311,0.00653900046707146,0.0301261092947221,4282,1,3117,1644,0.527430221366699,1165,627,0.538197424892704,0.503503035964503,0.48155067725362
5__NQ_ONLY__xgb_d2__0.1000,2024,TRUE,5,NQ_ONLY,xgb_d2,2,0.1,0.0516057252883911,1,2121,0.0987890079180251,1158,0.545968882602546,1082,0.51013672795851,0.0358321546440358,0.0165016501650165,53,305,0.00848656294200849,0.0372465818010372,2121,1,1502,818,0.544607190412783,619,340,0.549273021001616,0.51013672795851,0.473361621876473
5__NQ_ONLY__xgb_d2__0.0500,2024,TRUE,5,NQ_ONLY,xgb_d2,2,0.05,0.0597354054450989,1,1078,0.0502095947834187,607,0.563079777365492,559,0.518552875695733,0.0445269016697588,0.0157699443413729,53,288,0.0111317254174397,0.0454545454545455,1078,1,743,419,0.56393001345895,335,188,0.561194029850746,0.518552875695733,0.465677179962894
5__NQ_ONLY__xgb_d2__0.0200,2024,TRUE,5,NQ_ONLY,xgb_d2,2,0.02,0.0694905489683151,1,433,0.020167675826735,250,0.577367205542725,235,0.542725173210162,0.0346420323325635,0.0161662817551963,53,230,0.0138568129330254,0.0554272517321016,433,1,298,176,0.590604026845638,135,74,0.548148148148148,0.542725173210162,0.441108545034642
5__NQ_ONLY__xgb_d2__0.0100,2024,TRUE,5,NQ_ONLY,xgb_d2,2,0.01,0.0752034235000609,1,234,0.0108989287377736,131,0.55982905982906,127,0.542735042735043,0.0170940170940171,0.0128205128205128,52,160,0.0170940170940171,0.0811965811965812,234,1,138,82,0.594202898550725,96,49,0.510416666666667,0.542735042735043,0.444444444444444
5__NQ_ONLY__xgb_d2__0.0050,2024,TRUE,5,NQ_ONLY,xgb_d2,2,0.005,0.0813125953078267,1,125,0.00582207731718677,73,0.584,68,0.544,0.04,0.016,49,97,0.024,0.12,125,1,52,35,0.673076923076923,73,38,0.520547945205479,0.544,0.44
5__NQ_ONLY__xgb_d3__0.5000,2024,TRUE,5,NQ_ONLY,xgb_d3,3,0.5,0.0235864669084549,1,10715,0.49906846762925,5586,0.521325244983668,5393,0.503313112459169,0.0180121325244984,0.0164255716285581,53,313,0.0053196453569762,0.025664955669622,10715,1,7572,3953,0.522054939249868,3143,1633,0.5195672923958,0.503313112459169,0.480261315912273
5__NQ_ONLY__xgb_d3__0.2000,2024,TRUE,5,NQ_ONLY,xgb_d3,3,0.2,0.0442815899848938,1,4249,0.197904052165813,2267,0.533537302894799,2125,0.500117674746999,0.0334196281477995,0.0152977171099082,53,310,0.00658978583196046,0.0313014827018122,4249,1,2959,1564,0.528556944913822,1290,703,0.544961240310078,0.500117674746999,0.484584608143093
5__NQ_ONLY__xgb_d3__0.1000,2024,TRUE,5,NQ_ONLY,xgb_d3,3,0.1,0.056585168838501,1,2120,0.0987424312994877,1159,0.546698113207547,1067,0.503301886792453,0.0433962264150943,0.0165094339622642,53,302,0.00849056603773585,0.0386792452830189,2120,1,1409,765,0.542938254080909,711,394,0.554149085794655,0.503301886792453,0.480188679245283
5__NQ_ONLY__xgb_d3__0.0500,2024,TRUE,5,NQ_ONLY,xgb_d3,3,0.05,0.0681258350610733,1,1031,0.0480204937121565,580,0.562560620756547,524,0.508244422890398,0.0543161978661494,0.0155189136760427,53,286,0.0106692531522793,0.046556741028128,1031,1,664,372,0.560240963855422,367,208,0.566757493188011,0.508244422890398,0.47623666343356
5__NQ_ONLY__xgb_d3__0.0200,2024,TRUE,5,NQ_ONLY,xgb_d3,3,0.02,0.0808736646175385,1,395,0.0183977643223102,236,0.59746835443038,198,0.50126582278481,0.0962025316455696,0.0126582278481013,53,208,0.0151898734177215,0.0658227848101266,395,1,230,136,0.591304347826087,165,100,0.606060606060606,0.50126582278481,0.486075949367089
5__NQ_ONLY__xgb_d3__0.0100,2024,TRUE,5,NQ_ONLY,xgb_d3,3,0.01,0.0890412062406537,1,210,0.00978108989287378,120,0.571428571428571,108,0.514285714285714,0.0571428571428571,0.0142857142857143,52,146,0.0190476190476191,0.0857142857142857,210,1,110,65,0.590909090909091,100,55,0.55,0.514285714285714,0.471428571428571
5__NQ_ONLY__xgb_d3__0.0050,2024,TRUE,5,NQ_ONLY,xgb_d3,3,0.005,0.0983677566051482,1,97,0.00451793199813694,58,0.597938144329897,53,0.54639175257732,0.0515463917525773,0.0103092783505155,45,85,0.0309278350515464,0.123711340206186,97,1,37,26,0.702702702702703,60,32,0.533333333333333,0.54639175257732,0.443298969072165
5__NQ_ONLY__xgb_d4__0.5000,2024,TRUE,5,NQ_ONLY,xgb_d4,4,0.5,0.0247472077608109,1,10528,0.490358639962739,5441,0.516812310030395,5285,0.501994680851064,0.0148176291793313,0.0163373860182371,53,313,0.00550911854103344,0.026120820668693,10528,1,7404,3835,0.517963263101026,3124,1606,0.514084507042254,0.501994680851064,0.481667933130699
5__NQ_ONLY__xgb_d4__0.2000,2024,TRUE,5,NQ_ONLY,xgb_d4,4,0.2,0.0464507818222046,1,4289,0.199767116907313,2283,0.532291909536022,2123,0.494987176498018,0.0373047330380042,0.0156213569596643,53,310,0.00699463744462579,0.0335742597342038,4289,1,2991,1566,0.523570712136409,1298,717,0.552388289676425,0.494987176498018,0.489391466542318
5__NQ_ONLY__xgb_d4__0.1000,2024,TRUE,5,NQ_ONLY,xgb_d4,4,0.1,0.0602459251880646,1,2127,0.0990684676292501,1174,0.551951104842501,1084,0.509637987776211,0.0423131170662905,0.0183356840620592,53,299,0.00893276915843912,0.0409026798307475,2127,1,1436,792,0.551532033426184,691,382,0.552821997105644,0.509637987776211,0.47202632816173
5__NQ_ONLY__xgb_d4__0.0500,2024,TRUE,5,NQ_ONLY,xgb_d4,4,0.05,0.0731411099433898,1,1034,0.048160223567769,572,0.553191489361702,532,0.514506769825919,0.0386847195357834,0.0212765957446809,53,284,0.0106382978723404,0.0454545454545455,1034,1,666,373,0.56006006006006,368,199,0.540760869565217,0.514506769825919,0.4642166344294
5__NQ_ONLY__xgb_d4__0.0200,2024,TRUE,5,NQ_ONLY,xgb_d4,4,0.02,0.0880520910024643,1,414,0.0192827200745226,241,0.582125603864734,206,0.497584541062802,0.0845410628019324,0.0193236714975845,53,206,0.0144927536231884,0.0652173913043478,414,1,229,133,0.580786026200873,185,108,0.583783783783784,0.497584541062802,0.483091787439614
5__NQ_ONLY__xgb_d4__0.0100,2024,TRUE,5,NQ_ONLY,xgb_d4,4,0.01,0.0984690272808073,1,206,0.0095947834187238,121,0.587378640776699,110,0.533980582524272,0.0533980582524272,0.0194174757281553,51,136,0.0242718446601942,0.0970873786407767,206,1,109,68,0.623853211009174,97,53,0.54639175257732,0.533980582524272,0.446601941747573
5__NQ_ONLY__xgb_d4__0.0050,2024,TRUE,5,NQ_ONLY,xgb_d4,4,0.005,0.108119974583387,1,114,0.00530973451327434,71,0.62280701754386,61,0.535087719298246,0.087719298245614,0.0263157894736842,45,90,0.0350877192982456,0.140350877192982,114,1,49,34,0.693877551020408,65,37,0.569230769230769,0.535087719298246,0.43859649122807
5__NQ_ONLY__xgb_d5__0.5000,2024,TRUE,5,NQ_ONLY,xgb_d5,5,0.5,0.0261624157428741,1,10585,0.493013507219376,5468,0.516580066131318,5304,0.50108644307983,0.015493623051488,0.0162494095418044,53,313,0.00557392536608408,0.0266414737836561,10585,1,7319,3789,0.51769367399918,3266,1679,0.514084507042254,0.50108644307983,0.482664147378366
5__NQ_ONLY__xgb_d5__0.2000,2024,TRUE,5,NQ_ONLY,xgb_d5,5,0.2,0.0497368335723877,1,4308,0.200652072659525,2269,0.52669452181987,2151,0.499303621169917,0.0273909006499536,0.015552460538533,53,312,0.00789229340761374,0.0348189415041783,4308,1,2993,1565,0.522886735716672,1315,704,0.535361216730038,0.499303621169917,0.485143918291551
5__NQ_ONLY__xgb_d5__0.1000,2024,TRUE,5,NQ_ONLY,xgb_d5,5,0.1,0.0646048337221146,1,2124,0.0989287377736376,1153,0.542843691148776,1078,0.507532956685499,0.0353107344632768,0.0155367231638418,53,302,0.00988700564971752,0.0437853107344633,2124,1,1432,777,0.542597765363129,692,376,0.543352601156069,0.507532956685499,0.476930320150659
5__NQ_ONLY__xgb_d5__0.0500,2024,TRUE,5,NQ_ONLY,xgb_d5,5,0.05,0.078208489716053,1,1078,0.0502095947834187,591,0.548237476808905,548,0.50834879406308,0.0398886827458256,0.0166975881261596,53,281,0.0120593692022263,0.051948051948052,1078,1,706,388,0.54957507082153,372,203,0.545698924731183,0.50834879406308,0.474953617810761
5__NQ_ONLY__xgb_d5__0.0200,2024,TRUE,5,NQ_ONLY,xgb_d5,5,0.02,0.0950783675909043,1,448,0.0208663251047974,245,0.546875,231,0.515625,0.03125,0.0178571428571429,53,207,0.0200892857142857,0.0736607142857143,448,1,270,151,0.559259259259259,178,94,0.528089887640449,0.515625,0.466517857142857
5__NQ_ONLY__xgb_d5__0.0100,2024,TRUE,5,NQ_ONLY,xgb_d5,5,0.01,0.108263252675533,1,203,0.00945505356311132,113,0.556650246305419,102,0.502463054187192,0.0541871921182266,0.0246305418719212,50,135,0.0197044334975369,0.0886699507389163,203,1,106,60,0.566037735849057,97,53,0.54639175257732,0.502463054187192,0.472906403940887
5__NQ_ONLY__xgb_d5__0.0050,2024,TRUE,5,NQ_ONLY,xgb_d5,5,0.005,0.119129625856876,1,109,0.00507685142058687,63,0.577981651376147,58,0.532110091743119,0.0458715596330275,0.036697247706422,47,81,0.0275229357798165,0.128440366972477,109,1,48,31,0.645833333333333,61,32,0.524590163934426,0.532110091743119,0.431192660550459
5__NQ_ES__logit__0.5000,2024,TRUE,5,NQ_ES,logit,,0.5,0.0239583075459604,1,10714,0.499021891010713,5544,0.517453798767967,5423,0.506160164271047,0.0112936344969199,0.0145603882770207,53,313,0.00541347769273847,0.025760686951652,10714,1,6831,3575,0.523349436392915,3883,1969,0.507082152974504,0.506160164271047,0.479279447451932
5__NQ_ES__logit__0.2000,2024,TRUE,5,NQ_ES,logit,,0.2,0.0456379860631548,1,4201,0.195668374476013,2284,0.54368007617234,2161,0.514401333015949,0.0292787431563913,0.0149964294215663,53,309,0.00690311830516544,0.0326112830278505,4201,1,2753,1511,0.548855793679622,1448,773,0.533839779005525,0.514401333015949,0.470602237562485
5__NQ_ES__logit__0.1000,2024,TRUE,5,NQ_ES,logit,,0.1,0.0583663624718791,1,2089,0.0972985561248253,1151,0.550981330780278,1080,0.516993776926759,0.0339875538535184,0.0157970320727621,53,297,0.00813786500718047,0.0359023456199138,2089,1,1341,748,0.55779269202088,748,403,0.538770053475936,0.516993776926759,0.467209191000479
5__NQ_ES__logit__0.0500,2024,TRUE,5,NQ_ES,logit,,0.05,0.0697724466884739,1,1048,0.0488122962272939,595,0.567748091603053,542,0.517175572519084,0.0505725190839695,0.0133587786259542,53,281,0.0114503816793893,0.0477099236641221,1048,1,652,373,0.572085889570552,396,222,0.560606060606061,0.517175572519084,0.469465648854962
5__NQ_ES__logit__0.0200,2024,TRUE,5,NQ_ES,logit,,0.02,0.0836201841377302,1,409,0.0190498369818351,225,0.550122249388753,204,0.49877750611247,0.0513447432762836,0.0146699266503667,53,216,0.0268948655256724,0.078239608801956,409,1,253,138,0.545454545454545,156,87,0.557692307692308,0.49877750611247,0.486552567237164
5__NQ_ES__logit__0.0100,2024,TRUE,5,NQ_ES,logit,,0.01,0.0922660264755206,1,219,0.0102002794597112,119,0.54337899543379,115,0.525114155251142,0.0182648401826484,0.0091324200913242,53,150,0.045662100456621,0.10958904109589,219,1,125,71,0.568,94,48,0.51063829787234,0.525114155251142,0.465753424657534
5__NQ_ES__logit__0.0050,2024,TRUE,5,NQ_ES,logit,,0.005,0.100182765223678,1,122,0.00568234746157429,60,0.491803278688525,63,0.516393442622951,-0.0245901639344262,0.0163934426229508,49,98,0.0573770491803279,0.131147540983607,122,1,67,35,0.522388059701493,55,25,0.454545454545455,0.516393442622951,0.467213114754098
5__NQ_ES__ranger__0.5000,2024,TRUE,5,NQ_ES,ranger,,0.5,0.0198673084240067,1,10808,0.503400093153237,5630,0.520910436713546,5444,0.503700962250185,0.0172094744633605,0.0138786084381939,53,313,0.00499629903774981,0.0247039230199852,10808,1,7464,3892,0.521436227224009,3344,1738,0.519736842105263,0.503700962250185,0.482420429311621
5__NQ_ES__ranger__0.2000,2024,TRUE,5,NQ_ES,ranger,,0.2,0.0386166440714299,1,4276,0.199161620866325,2280,0.533208606173994,2171,0.507717492984097,0.0254911131898971,0.0137979420018709,53,312,0.00631431244153415,0.0301683816651076,4276,1,3068,1634,0.532594524119948,1208,646,0.53476821192053,0.507717492984097,0.478484565014032
5__NQ_ES__ranger__0.1000,2024,TRUE,5,NQ_ES,ranger,,0.1,0.0496921753473629,1,2144,0.0998602701443875,1179,0.54990671641791,1092,0.509328358208955,0.0405783582089552,0.0139925373134328,53,306,0.00792910447761194,0.0349813432835821,2144,1,1567,852,0.543714103382259,577,327,0.566724436741768,0.509328358208955,0.476679104477612
5__NQ_ES__ranger__0.0500,2024,TRUE,5,NQ_ES,ranger,,0.05,0.0584825612720752,1,1028,0.047880763856544,580,0.56420233463035,521,0.506809338521401,0.0573929961089494,0.0184824902723735,53,277,0.0107003891050584,0.0476653696498055,1028,1,740,410,0.554054054054054,288,170,0.590277777777778,0.506809338521401,0.474708171206226
5__NQ_ES__ranger__0.0200,2024,TRUE,5,NQ_ES,ranger,,0.02,0.0674819847570161,1,430,0.0200279459711225,258,0.6,223,0.518604651162791,0.0813953488372093,0.013953488372093,53,217,0.013953488372093,0.0627906976744186,430,1,311,182,0.585209003215434,119,76,0.638655462184874,0.518604651162791,0.467441860465116
5__NQ_ES__ranger__0.0100,2024,TRUE,5,NQ_ES,ranger,,0.01,0.0730609346350158,1,223,0.0103865859338612,144,0.645739910313901,126,0.565022421524664,0.0807174887892377,0.00448430493273543,51,143,0.0269058295964126,0.0986547085201794,223,1,153,100,0.65359477124183,70,44,0.628571428571429,0.565022421524664,0.430493273542601
5__NQ_ES__ranger__0.0050,2024,TRUE,5,NQ_ES,ranger,,0.005,0.0783435536461318,1,122,0.00568234746157429,74,0.60655737704918,66,0.540983606557377,0.0655737704918033,0,46,92,0.0327868852459016,0.131147540983607,122,1,78,48,0.615384615384615,44,26,0.590909090909091,0.540983606557377,0.459016393442623
5__NQ_ES__xgb_d2__0.5000,2024,TRUE,5,NQ_ES,xgb_d2,2,0.5,0.021918386220932,1,10680,0.497438285980438,5529,0.517696629213483,5359,0.501779026217229,0.0159176029962547,0.0154494382022472,53,313,0.00533707865168539,0.0260299625468165,10680,1,7368,3825,0.51913680781759,3312,1704,0.514492753623188,0.501779026217229,0.482771535580524
5__NQ_ES__xgb_d2__0.2000,2024,TRUE,5,NQ_ES,xgb_d2,2,0.2,0.0407628417015076,1,4269,0.198835584536563,2279,0.533848676505036,2176,0.509721246193488,0.0241274303115484,0.014991801358632,53,309,0.00632466619817287,0.0304520965097212,4269,1,3074,1644,0.534808067664281,1195,635,0.531380753138075,0.509721246193488,0.47528695244788
5__NQ_ES__xgb_d2__0.1000,2024,TRUE,5,NQ_ES,xgb_d2,2,0.1,0.0513051152229309,1,2079,0.0968327899394504,1145,0.550745550745551,1070,0.514670514670515,0.0360750360750361,0.0139490139490139,53,304,0.00913900913900914,0.037999037999038,2079,1,1512,830,0.548941798941799,567,315,0.555555555555556,0.514670514670515,0.471380471380471
5__NQ_ES__xgb_d2__0.0500,2024,TRUE,5,NQ_ES,xgb_d2,2,0.05,0.0597863838076592,1,1044,0.0486259897531439,578,0.553639846743295,539,0.516283524904215,0.0373563218390805,0.0134099616858238,53,285,0.010536398467433,0.0450191570881226,1044,1,768,423,0.55078125,276,155,0.561594202898551,0.516283524904215,0.470306513409962
5__NQ_ES__xgb_d2__0.0200,2024,TRUE,5,NQ_ES,xgb_d2,2,0.02,0.0715503776073456,1,390,0.0181648812296227,222,0.569230769230769,209,0.535897435897436,0.0333333333333333,0.0205128205128205,53,205,0.0102564102564103,0.0512820512820513,390,1,301,172,0.571428571428571,89,50,0.561797752808989,0.535897435897436,0.443589743589744
5__NQ_ES__xgb_d2__0.0100,2024,TRUE,5,NQ_ES,xgb_d2,2,0.01,0.0782717084884644,1,213,0.00992081974848626,119,0.55868544600939,111,0.52112676056338,0.0375586854460094,0.0234741784037559,53,153,0.0187793427230047,0.07981220657277,213,1,153,86,0.562091503267974,60,33,0.55,0.52112676056338,0.455399061032864
5__NQ_ES__xgb_d2__0.0050,2024,TRUE,5,NQ_ES,xgb_d2,2,0.005,0.0848731091618538,1,108,0.00503027480204937,65,0.601851851851852,57,0.527777777777778,0.0740740740740741,0.037037037037037,45,89,0.0277777777777778,0.12037037037037,108,1,68,42,0.617647058823529,40,23,0.575,0.527777777777778,0.435185185185185
5__NQ_ES__xgb_d3__0.5000,2024,TRUE,5,NQ_ES,xgb_d3,3,0.5,0.0232952684164047,1,10649,0.495994410805776,5553,0.521457413841675,5347,0.502112874448305,0.0193445393933703,0.015212696027796,53,313,0.00535261526903935,0.0257301155038032,10649,1,7280,3800,0.521978021978022,3369,1753,0.520332442861383,0.502112874448305,0.482674429523899
5__NQ_ES__xgb_d3__0.2000,2024,TRUE,5,NQ_ES,xgb_d3,3,0.2,0.0434807598590851,1,4280,0.199347927340475,2286,0.53411214953271,2163,0.505373831775701,0.0287383177570093,0.0158878504672897,53,309,0.00700934579439252,0.033411214953271,4280,1,2916,1557,0.533950617283951,1364,729,0.534457478005865,0.505373831775701,0.478738317757009
5__NQ_ES__xgb_d3__0.1000,2024,TRUE,5,NQ_ES,xgb_d3,3,0.1,0.0557323664426804,1,2083,0.0970190964136004,1125,0.540086413826212,1048,0.503120499279885,0.0369659145463274,0.0168026884301488,53,301,0.00864138262121939,0.0408065290446471,2083,1,1414,761,0.538189533239038,669,364,0.544095665171898,0.503120499279885,0.480076812289966
5__NQ_ES__xgb_d3__0.0500,2024,TRUE,5,NQ_ES,xgb_d3,3,0.05,0.0667817413806915,1,1019,0.0474615742897066,579,0.568204121687929,522,0.512266928361138,0.055937193326791,0.0157016683022571,53,279,0.0107948969578018,0.0461236506378803,1019,1,693,390,0.562770562770563,326,189,0.579754601226994,0.512266928361138,0.472031403336605
5__NQ_ES__xgb_d3__0.0200,2024,TRUE,5,NQ_ES,xgb_d3,3,0.02,0.0794391316175461,1,406,0.0189101071262226,232,0.571428571428571,208,0.512315270935961,0.0591133004926108,0.0172413793103448,53,207,0.0172413793103448,0.0689655172413793,406,1,253,145,0.573122529644269,153,87,0.568627450980392,0.512315270935961,0.470443349753695
5__NQ_ES__xgb_d3__0.0100,2024,TRUE,5,NQ_ES,xgb_d3,3,0.01,0.0887997314333915,1,177,0.00824406148113647,103,0.581920903954802,94,0.531073446327684,0.0508474576271187,0.0282485875706215,51,126,0.0282485875706215,0.101694915254237,177,1,98,60,0.612244897959184,79,43,0.544303797468355,0.531073446327684,0.440677966101695
5__NQ_ES__xgb_d3__0.0050,2024,TRUE,5,NQ_ES,xgb_d3,3,0.005,0.0966997246444225,1,108,0.00503027480204937,63,0.583333333333333,55,0.509259259259259,0.0740740740740741,0.0277777777777778,46,81,0.037037037037037,0.148148148148148,108,1,53,32,0.60377358490566,55,31,0.563636363636364,0.509259259259259,0.462962962962963
5__NQ_ES__xgb_d4__0.5000,2024,TRUE,5,NQ_ES,xgb_d4,4,0.5,0.0250416547060013,1,10690,0.497904052165813,5568,0.520860617399439,5370,0.502338634237605,0.0185219831618335,0.0151543498596819,53,313,0.00505144995322732,0.0250701590271282,10690,1,7050,3687,0.522978723404255,3640,1881,0.516758241758242,0.502338634237605,0.482507015902713
5__NQ_ES__xgb_d4__0.2000,2024,TRUE,5,NQ_ES,xgb_d4,4,0.2,0.0473067164421082,1,4325,0.201443875174662,2301,0.532023121387283,2169,0.50150289017341,0.0305202312138728,0.016878612716763,53,311,0.00647398843930636,0.0307514450867052,4325,1,2840,1511,0.532042253521127,1485,790,0.531986531986532,0.50150289017341,0.481618497109827
5__NQ_ES__xgb_d4__0.1000,2024,TRUE,5,NQ_ES,xgb_d4,4,0.1,0.0612229585647583,1,2133,0.0993479273404751,1158,0.542897327707454,1044,0.489451476793249,0.0534458509142054,0.0168776371308017,53,306,0.00890764181903422,0.0407876230661041,2133,1,1364,725,0.531524926686217,769,433,0.563068920676203,0.489451476793249,0.493670886075949
5__NQ_ES__xgb_d4__0.0500,2024,TRUE,5,NQ_ES,xgb_d4,4,0.05,0.0751000761985778,1,1039,0.0483931066604565,584,0.562078922040424,496,0.477382098171319,0.0846968238691049,0.0202117420596728,53,288,0.00866217516843118,0.0433108758421559,1039,1,658,354,0.537993920972644,381,230,0.603674540682415,0.477382098171319,0.502406159769009
5__NQ_ES__xgb_d4__0.0200,2024,TRUE,5,NQ_ES,xgb_d4,4,0.02,0.0908231407403946,1,407,0.0189566837447601,234,0.574938574938575,195,0.479115479115479,0.0958230958230958,0.0245700245700246,52,209,0.0147420147420147,0.0638820638820639,407,1,240,133,0.554166666666667,167,101,0.604790419161677,0.479115479115479,0.496314496314496
5__NQ_ES__xgb_d4__0.0100,2024,TRUE,5,NQ_ES,xgb_d4,4,0.01,0.102032770514488,1,196,0.00912901723334886,108,0.551020408163265,97,0.494897959183674,0.0561224489795918,0.0306122448979592,52,139,0.0204081632653061,0.0918367346938776,196,1,108,59,0.546296296296296,88,49,0.556818181818182,0.494897959183674,0.474489795918367
5__NQ_ES__xgb_d4__0.0050,2024,TRUE,5,NQ_ES,xgb_d4,4,0.005,0.110527934134006,1,127,0.00591523055426176,73,0.574803149606299,64,0.503937007874016,0.0708661417322835,0.031496062992126,51,98,0.031496062992126,0.125984251968504,127,1,67,39,0.582089552238806,60,34,0.566666666666667,0.503937007874016,0.464566929133858
5__NQ_ES__xgb_d5__0.5000,2024,TRUE,5,NQ_ES,xgb_d5,5,0.5,0.0258477628231049,1,10691,0.49795062878435,5551,0.51922177532504,5399,0.505004209147881,0.0142175661771584,0.0157141520905434,53,313,0.00523805069684782,0.0256290337667197,10691,1,6875,3607,0.524654545454546,3816,1944,0.509433962264151,0.505004209147881,0.479281638761575
5__NQ_ES__xgb_d5__0.2000,2024,TRUE,5,NQ_ES,xgb_d5,5,0.2,0.0493869185447693,1,4236,0.197298556124825,2287,0.539896128423041,2124,0.501416430594901,0.0384796978281398,0.0155807365439093,53,312,0.00755429650613787,0.0356468366383381,4236,1,2698,1454,0.53891771682728,1538,833,0.541612483745124,0.501416430594901,0.48300283286119
5__NQ_ES__xgb_d5__0.1000,2024,TRUE,5,NQ_ES,xgb_d5,5,0.1,0.0649083346128464,1,2059,0.0959012575687005,1127,0.54735308402137,1014,0.492472073822244,0.0548810101991258,0.0169985429820301,53,305,0.0092277804759592,0.0432248664400194,2059,1,1280,690,0.5390625,779,437,0.560975609756098,0.492472073822244,0.490529383195726
5__NQ_ES__xgb_d5__0.0500,2024,TRUE,5,NQ_ES,xgb_d5,5,0.05,0.0802475705742835,1,951,0.044294364229157,537,0.564668769716088,469,0.4931650893796,0.0715036803364879,0.0189274447949527,53,273,0.0115667718191378,0.0536277602523659,951,1,581,323,0.555938037865749,370,214,0.578378378378378,0.4931650893796,0.487907465825447
5__NQ_ES__xgb_d5__0.0200,2024,TRUE,5,NQ_ES,xgb_d5,5,0.02,0.0977959167957306,1,409,0.0190498369818351,239,0.584352078239609,199,0.486552567237164,0.097799511002445,0.0122249388753056,53,209,0.0171149144254279,0.0733496332518338,409,1,241,136,0.564315352697095,168,103,0.613095238095238,0.486552567237164,0.501222493887531
5__NQ_ES__xgb_d5__0.0100,2024,TRUE,5,NQ_ES,xgb_d5,5,0.01,0.109745965600014,1,207,0.0096413600372613,120,0.579710144927536,103,0.497584541062802,0.0821256038647343,0.0193236714975845,51,134,0.0241545893719807,0.101449275362319,207,1,117,67,0.572649572649573,90,53,0.588888888888889,0.497584541062802,0.483091787439614
5__NQ_ES__xgb_d5__0.0050,2024,TRUE,5,NQ_ES,xgb_d5,5,0.005,0.12106076747179,1,118,0.00549604098742431,70,0.593220338983051,62,0.525423728813559,0.0677966101694915,0.0254237288135593,45,85,0.0423728813559322,0.161016949152542,118,1,65,40,0.615384615384615,53,30,0.566037735849057,0.525423728813559,0.449152542372881
7__NQ_ONLY__logit__0.5000,2024,TRUE,7,NQ_ONLY,logit,,0.5,0.0245464226302439,1,10969,0.511351452146753,5713,0.520831434041389,5570,0.507794694138025,0.013036739903364,0.0115780836904002,53,313,0.00546996079861428,0.0261646458200383,10969,1,7196,3782,0.525569760978321,3773,1931,0.511794328120859,0.507794694138025,0.480627222171574
7__NQ_ONLY__logit__0.2000,2024,TRUE,7,NQ_ONLY,logit,,0.2,0.0468573678257103,1,4469,0.208335275744721,2419,0.541284403669725,2309,0.516670396061759,0.024614007607966,0.0109644215708212,53,308,0.00872678451555158,0.0355784291787872,4469,1,2962,1618,0.546252532072924,1507,801,0.531519575315196,0.516670396061759,0.47236518236742
7__NQ_ONLY__logit__0.1000,2024,TRUE,7,NQ_ONLY,logit,,0.1,0.0602894941695425,1,2243,0.104563889795348,1240,0.552831029870709,1180,0.526081141328578,0.0267498885421311,0.0133749442710655,53,297,0.012037449843959,0.0436914846188141,2243,1,1511,849,0.561879549966909,732,391,0.534153005464481,0.526081141328578,0.460543914400357
7__NQ_ONLY__logit__0.0500,2024,TRUE,7,NQ_ONLY,logit,,0.05,0.0726792784695138,1,1151,0.0536571721598061,653,0.567332754126846,616,0.535186794092094,0.0321459600347524,0.0112945264986968,53,273,0.0130321459600348,0.052997393570808,1151,1,771,446,0.578469520103761,380,207,0.544736842105263,0.535186794092094,0.453518679409209
7__NQ_ONLY__logit__0.0200,2024,TRUE,7,NQ_ONLY,logit,,0.02,0.087017534379161,1,496,0.0231224651531397,273,0.550403225806452,271,0.546370967741936,0.00403225806451613,0.0120967741935484,53,226,0.0181451612903226,0.0705645161290323,496,1,326,188,0.576687116564417,170,85,0.5,0.546370967741936,0.441532258064516
7__NQ_ONLY__logit__0.0100,2024,TRUE,7,NQ_ONLY,logit,,0.01,0.0971533126625613,1,236,0.0110018180970584,138,0.584745762711864,137,0.580508474576271,0.00423728813559322,0.0127118644067797,51,149,0.0254237288135593,0.101694915254237,236,1,163,102,0.625766871165644,73,36,0.493150684931507,0.580508474576271,0.406779661016949
7__NQ_ONLY__logit__0.0050,2024,TRUE,7,NQ_ONLY,logit,,0.005,0.105630209797483,1,107,0.00498811244231038,56,0.523364485981308,58,0.542056074766355,-0.0186915887850467,0.0280373831775701,45,85,0.0373831775700935,0.149532710280374,107,1,71,40,0.563380281690141,36,16,0.444444444444444,0.542056074766355,0.429906542056075
7__NQ_ONLY__ranger__0.5000,2024,TRUE,7,NQ_ONLY,ranger,,0.5,0.0218685705278662,1,10851,0.505850543098224,5602,0.51626578195558,5513,0.508063772924155,0.00820200903142568,0.0135471385125795,53,313,0.00525297207630633,0.0254354437379043,10851,1,7417,3867,0.521369826075233,3434,1735,0.505241700640652,0.508063772924155,0.478389088563266
7__NQ_ONLY__ranger__0.2000,2024,TRUE,7,NQ_ONLY,ranger,,0.2,0.0413518895932929,1,4333,0.201995244976924,2347,0.541657050542349,2216,0.511423955688899,0.0302330948534503,0.0131548580660051,53,311,0.00646203554119548,0.0313870297715209,4333,1,3038,1644,0.541145490454246,1295,703,0.542857142857143,0.511423955688899,0.475421186245096
7__NQ_ONLY__ranger__0.1000,2024,TRUE,7,NQ_ONLY,ranger,,0.1,0.053059471370353,1,2169,0.101114167171694,1205,0.555555555555556,1130,0.520977408944214,0.0345781466113416,0.0152143845089903,53,306,0.00737667127708621,0.0350391885661595,2169,1,1550,863,0.556774193548387,619,342,0.552504038772213,0.520977408944214,0.463808206546796
7__NQ_ONLY__ranger__0.0500,2024,TRUE,7,NQ_ONLY,ranger,,0.05,0.0612316892244124,1,1095,0.0510465712554193,632,0.57716894977169,569,0.519634703196347,0.0575342465753425,0.0164383561643836,53,289,0.0091324200913242,0.0429223744292237,1095,1,762,436,0.572178477690289,333,196,0.588588588588589,0.519634703196347,0.463926940639269
7__NQ_ONLY__ranger__0.0200,2024,TRUE,7,NQ_ONLY,ranger,,0.02,0.0723446253208512,1,450,0.0209780429816792,267,0.593333333333333,244,0.542222222222222,0.0511111111111111,0.0222222222222222,53,215,0.0133333333333333,0.06,450,1,307,185,0.602605863192182,143,82,0.573426573426573,0.542222222222222,0.435555555555556
7__NQ_ONLY__ranger__0.0100,2024,TRUE,7,NQ_ONLY,ranger,,0.01,0.080000011478504,1,230,0.0107221108573027,138,0.6,128,0.556521739130435,0.0434782608695652,0.0173913043478261,52,153,0.0217391304347826,0.0869565217391304,230,1,158,98,0.620253164556962,72,40,0.555555555555556,0.556521739130435,0.426086956521739
7__NQ_ONLY__ranger__0.0050,2024,TRUE,7,NQ_ONLY,ranger,,0.005,0.0881160917875662,1,116,0.00540767330194397,71,0.612068965517241,70,0.603448275862069,0.00862068965517241,0.0258620689655172,49,89,0.0258620689655172,0.129310344827586,116,1,81,54,0.666666666666667,35,17,0.485714285714286,0.603448275862069,0.370689655172414
7__NQ_ONLY__xgb_d2__0.5000,2024,TRUE,7,NQ_ONLY,xgb_d2,2,0.5,0.0238648653030396,1,10899,0.50808820101627,5642,0.517662170841362,5531,0.507477750252317,0.0101844205890449,0.0127534636205156,53,313,0.00513808606294155,0.0248646664831636,10899,1,7425,3875,0.521885521885522,3474,1767,0.508635578583765,0.507477750252317,0.479768786127168
7__NQ_ONLY__xgb_d2__0.2000,2024,TRUE,7,NQ_ONLY,xgb_d2,2,0.2,0.043638002872467,1,4314,0.201109505384364,2310,0.535465924895688,2214,0.513212795549374,0.0222531293463143,0.0120537783959203,53,311,0.00672229949003245,0.0312934631432545,4314,1,3062,1644,0.536903984323971,1252,666,0.531948881789137,0.513212795549374,0.474733426054706
7__NQ_ONLY__xgb_d2__0.1000,2024,TRUE,7,NQ_ONLY,xgb_d2,2,0.1,0.0549199938774109,1,2108,0.0982704769008438,1161,0.550759013282733,1108,0.52561669829222,0.0251423149905123,0.0132827324478178,53,304,0.00759013282732448,0.0370018975332068,2108,1,1475,821,0.556610169491525,633,340,0.537124802527646,0.52561669829222,0.461100569259962
7__NQ_ONLY__xgb_d2__0.0500,2024,TRUE,7,NQ_ONLY,xgb_d2,2,0.05,0.0637146294116974,1,1089,0.0507668640156636,608,0.558310376492195,566,0.519742883379247,0.0385674931129477,0.0192837465564738,53,289,0.00826446280991736,0.039485766758494,1089,1,731,410,0.560875512995896,358,198,0.553072625698324,0.519742883379247,0.460973370064279
7__NQ_ONLY__xgb_d2__0.0200,2024,TRUE,7,NQ_ONLY,xgb_d2,2,0.02,0.0731368410587311,1,432,0.020138921262412,252,0.583333333333333,228,0.527777777777778,0.0555555555555556,0.025462962962963,53,211,0.0138888888888889,0.0601851851851852,432,1,289,169,0.58477508650519,143,83,0.58041958041958,0.527777777777778,0.446759259259259
7__NQ_ONLY__xgb_d2__0.0100,2024,TRUE,7,NQ_ONLY,xgb_d2,2,0.01,0.0803382587432862,1,186,0.00867092443242739,110,0.591397849462366,100,0.537634408602151,0.0537634408602151,0.010752688172043,53,132,0.0161290322580645,0.0806451612903226,186,1,117,71,0.606837606837607,69,39,0.565217391304348,0.537634408602151,0.451612903225806
7__NQ_ONLY__xgb_d2__0.0050,2024,TRUE,7,NQ_ONLY,xgb_d2,2,0.005,0.0882027602195736,1,97,0.00452193370938418,57,0.587628865979382,55,0.567010309278351,0.0206185567010309,0.0103092783505155,47,82,0.0309278350515464,0.123711340206186,97,1,58,37,0.637931034482759,39,20,0.512820512820513,0.567010309278351,0.422680412371134
7__NQ_ONLY__xgb_d3__0.5000,2024,TRUE,7,NQ_ONLY,xgb_d3,3,0.5,0.0248346328735352,1,10965,0.511164980653583,5712,0.52093023255814,5565,0.507523939808482,0.013406292749658,0.0131326949384405,53,313,0.00528955768353853,0.0252621979024168,10965,1,7545,3953,0.523923127899271,3420,1759,0.514327485380117,0.507523939808482,0.479343365253078
7__NQ_ONLY__xgb_d3__0.2000,2024,TRUE,7,NQ_ONLY,xgb_d3,3,0.2,0.0464251637458801,1,4313,0.201062887511072,2320,0.537908648272664,2207,0.51170878738697,0.0261998608856944,0.0129840018548574,53,313,0.00626014375144911,0.0306051472293068,4313,1,2938,1586,0.539823008849558,1375,734,0.533818181818182,0.51170878738697,0.475307210758173
7__NQ_ONLY__xgb_d3__0.1000,2024,TRUE,7,NQ_ONLY,xgb_d3,3,0.1,0.0596396327018738,1,2073,0.0966388513356021,1171,0.56488181379643,1054,0.50844187168355,0.0564399421128799,0.0139893873613121,53,305,0.00723589001447178,0.0361794500723589,2073,1,1341,751,0.560029828486204,732,420,0.573770491803279,0.50844187168355,0.477568740955138
7__NQ_ONLY__xgb_d3__0.0500,2024,TRUE,7,NQ_ONLY,xgb_d3,3,0.05,0.0707682251930237,1,1056,0.0492284741970071,594,0.5625,526,0.498106060606061,0.0643939393939394,0.0179924242424242,53,289,0.00852272727272727,0.0426136363636364,1056,1,657,363,0.552511415525114,399,231,0.578947368421053,0.498106060606061,0.483901515151515
7__NQ_ONLY__xgb_d3__0.0200,2024,TRUE,7,NQ_ONLY,xgb_d3,3,0.02,0.0840638184547424,1,418,0.0194862710363153,242,0.578947368421053,200,0.478468899521531,0.100478468899522,0.0215311004784689,53,209,0.0143540669856459,0.0645933014354067,418,1,243,134,0.551440329218107,175,108,0.617142857142857,0.478468899521531,0.5
7__NQ_ONLY__xgb_d3__0.0100,2024,TRUE,7,NQ_ONLY,xgb_d3,3,0.01,0.093830897808075,1,172,0.00801827420633071,105,0.61046511627907,84,0.488372093023256,0.122093023255814,0.0116279069767442,51,119,0.0174418604651163,0.0872093023255814,172,1,84,51,0.607142857142857,88,54,0.613636363636364,0.488372093023256,0.5
7__NQ_ONLY__xgb_d3__0.0050,2024,TRUE,7,NQ_ONLY,xgb_d3,3,0.005,0.101833621263504,1,79,0.00368281199011701,41,0.518987341772152,33,0.417721518987342,0.10126582278481,0.0253164556962025,42,67,0.0253164556962025,0.126582278481013,79,1,28,12,0.428571428571429,51,29,0.568627450980392,0.417721518987342,0.556962025316456
7__NQ_ONLY__xgb_d4__0.5000,2024,TRUE,7,NQ_ONLY,xgb_d4,4,0.5,0.0263889729976654,1,10767,0.501934641741644,5624,0.52233676975945,5441,0.50534039193833,0.0169963778211201,0.0129098170335284,53,313,0.00510820098448965,0.0250766230147673,10767,1,7365,3856,0.523557365919891,3402,1768,0.519694297472075,0.50534039193833,0.481749791028142
7__NQ_ONLY__xgb_d4__0.2000,2024,TRUE,7,NQ_ONLY,xgb_d4,4,0.2,0.0490008294582367,1,4277,0.199384644072537,2301,0.537993920972644,2154,0.503624035538929,0.0343698854337152,0.0135609071779285,53,313,0.00654664484451719,0.0310965630114566,4277,1,2899,1550,0.534667126595378,1378,751,0.544992743105951,0.503624035538929,0.482815057283142
7__NQ_ONLY__xgb_d4__0.1000,2024,TRUE,7,NQ_ONLY,xgb_d4,4,0.1,0.0630144834518433,1,2132,0.0993893058598667,1188,0.557223264540338,1060,0.49718574108818,0.0600375234521576,0.0140712945590994,53,304,0.00891181988742964,0.0408067542213884,2132,1,1385,755,0.545126353790614,747,433,0.579651941097724,0.49718574108818,0.488742964352721
7__NQ_ONLY__xgb_d4__0.0500,2024,TRUE,7,NQ_ONLY,xgb_d4,4,0.05,0.0755012512207031,1,1124,0.0523984895809053,636,0.565836298932384,562,0.5,0.0658362989323843,0.0151245551601423,53,284,0.0097864768683274,0.0453736654804271,1124,1,717,398,0.555090655509066,407,238,0.584766584766585,0.5,0.484875444839858
7__NQ_ONLY__xgb_d4__0.0200,2024,TRUE,7,NQ_ONLY,xgb_d4,4,0.02,0.0929023814201355,1,405,0.0188802386835113,237,0.585185185185185,207,0.511111111111111,0.0740740740740741,0.017283950617284,53,199,0.0148148148148148,0.0666666666666667,405,1,250,145,0.58,155,92,0.593548387096774,0.511111111111111,0.471604938271605
7__NQ_ONLY__xgb_d4__0.0100,2024,TRUE,7,NQ_ONLY,xgb_d4,4,0.01,0.10408084154129,1,179,0.00834459931937905,111,0.620111731843575,88,0.491620111731844,0.128491620111732,0.0167597765363129,51,124,0.0167597765363129,0.0837988826815642,179,1,101,61,0.603960396039604,78,50,0.641025641025641,0.491620111731844,0.491620111731844
7__NQ_ONLY__xgb_d4__0.0050,2024,TRUE,7,NQ_ONLY,xgb_d4,4,0.005,0.115047581195831,1,85,0.00396251922987273,54,0.635294117647059,44,0.517647058823529,0.117647058823529,0.0117647058823529,44,71,0.0235294117647059,0.117647058823529,85,1,44,29,0.659090909090909,41,25,0.609756097560976,0.517647058823529,0.470588235294118
7__NQ_ONLY__xgb_d5__0.5000,2024,TRUE,7,NQ_ONLY,xgb_d5,5,0.5,0.02726811170578,1,10651,0.4965269684397,5507,0.517040653459769,5372,0.504365787250023,0.0126748662097456,0.0135198572903953,53,313,0.00544549807529809,0.0261947235001408,10651,1,7190,3734,0.519332406119611,3461,1773,0.512279687951459,0.504365787250023,0.482114355459581
7__NQ_ONLY__xgb_d5__0.2000,2024,TRUE,7,NQ_ONLY,xgb_d5,5,0.2,0.0513656139373779,1,4303,0.200596708778146,2300,0.53451080641413,2167,0.503602138043226,0.030908668370904,0.0123169881478039,53,310,0.00697188008366256,0.0341622124099465,4303,1,2885,1533,0.531369150779896,1418,767,0.540902679830748,0.503602138043226,0.484080873808971
7__NQ_ONLY__xgb_d5__0.1000,2024,TRUE,7,NQ_ONLY,xgb_d5,5,0.1,0.0666461110115051,1,2137,0.0996223952263298,1183,0.55357978474497,1082,0.506317267197005,0.0472625175479644,0.013102480112307,53,305,0.00982686008423023,0.0411792232101076,2137,1,1379,758,0.54967367657723,758,425,0.560686015831135,0.506317267197005,0.480580252690688
7__NQ_ONLY__xgb_d5__0.0500,2024,TRUE,7,NQ_ONLY,xgb_d5,5,0.05,0.0813952744007111,1,1077,0.0502074495361522,611,0.567316620241411,546,0.506963788300836,0.0603528319405757,0.0167130919220056,53,284,0.010213556174559,0.0473537604456825,1077,1,662,374,0.564954682779456,415,237,0.571084337349398,0.506963788300836,0.476323119777159
7__NQ_ONLY__xgb_d5__0.0200,2024,TRUE,7,NQ_ONLY,xgb_d5,5,0.02,0.0994708371162414,1,428,0.0199524497692415,248,0.579439252336449,213,0.497663551401869,0.0817757009345794,0.0186915887850467,53,208,0.0163551401869159,0.0700934579439252,428,1,253,145,0.573122529644269,175,103,0.588571428571429,0.497663551401869,0.483644859813084
7__NQ_ONLY__xgb_d5__0.0100,2024,TRUE,7,NQ_ONLY,xgb_d5,5,0.01,0.113794202804565,1,193,0.00899724954547573,109,0.564766839378238,99,0.512953367875648,0.0518134715025907,0.0259067357512953,51,127,0.0362694300518135,0.113989637305699,193,1,109,63,0.577981651376147,84,46,0.547619047619048,0.512953367875648,0.461139896373057
7__NQ_ONLY__xgb_d5__0.0050,2024,TRUE,7,NQ_ONLY,xgb_d5,5,0.005,0.126509840488434,1,92,0.00428884434292108,57,0.619565217391304,50,0.543478260869565,0.0760869565217391,0.0217391304347826,45,75,0.0326086956521739,0.141304347826087,92,1,52,34,0.653846153846154,40,23,0.575,0.543478260869565,0.434782608695652
7__NQ_ES__logit__0.5000,2024,TRUE,7,NQ_ES,logit,,0.5,0.0252387621401731,1,10653,0.496620204186285,5564,0.522294189430208,5432,0.509903313620576,0.0123908758096311,0.0117337839106355,53,313,0.00553834600581996,0.0266591570449639,10653,1,6740,3570,0.529673590504451,3913,1994,0.509583439815998,0.509903313620576,0.478362902468788
7__NQ_ES__logit__0.2000,2024,TRUE,7,NQ_ES,logit,,0.2,0.048357203073841,1,4160,0.193930352897301,2235,0.537259615384615,2153,0.517548076923077,0.0197115384615385,0.0125,53,311,0.00793269230769231,0.0382211538461539,4160,1,2654,1451,0.546721929163527,1506,784,0.52058432934927,0.517548076923077,0.469951923076923
7__NQ_ES__logit__0.1000,2024,TRUE,7,NQ_ES,logit,,0.1,0.0619617705863333,1,2121,0.0988765092536478,1175,0.553983969825554,1120,0.528052805280528,0.0259311645450259,0.0136727958510137,53,299,0.00942951438000943,0.0433757661480434,2121,1,1364,773,0.566715542521994,757,402,0.531043593130779,0.528052805280528,0.458274398868458
7__NQ_ES__logit__0.0500,2024,TRUE,7,NQ_ES,logit,,0.05,0.0746757645815203,1,1036,0.0482961167311547,566,0.546332046332046,541,0.522200772200772,0.0241312741312741,0.0135135135135135,53,277,0.0115830115830116,0.0521235521235521,1036,1,654,364,0.556574923547401,382,202,0.528795811518325,0.522200772200772,0.464285714285714
7__NQ_ES__logit__0.0200,2024,TRUE,7,NQ_ES,logit,,0.02,0.0897339557314549,1,445,0.0207449536152161,245,0.550561797752809,245,0.550561797752809,0,0.0157303370786517,53,213,0.0157303370786517,0.0674157303370787,445,1,269,158,0.587360594795539,176,87,0.494318181818182,0.550561797752809,0.433707865168539
7__NQ_ES__logit__0.0100,2024,TRUE,7,NQ_ES,logit,,0.01,0.100092063332213,1,195,0.00909048529206098,110,0.564102564102564,105,0.538461538461538,0.0256410256410256,0.0205128205128205,51,139,0.0205128205128205,0.0974358974358974,195,1,118,70,0.593220338983051,77,40,0.51948051948052,0.538461538461538,0.441025641025641
7__NQ_ES__logit__0.0050,2024,TRUE,7,NQ_ES,logit,,0.005,0.109164013300951,1,91,0.00424222646962846,50,0.54945054945055,47,0.516483516483517,0.032967032967033,0.021978021978022,42,74,0.043956043956044,0.164835164835165,91,1,51,29,0.568627450980392,40,21,0.525,0.516483516483517,0.461538461538462
7__NQ_ES__ranger__0.5000,2024,TRUE,7,NQ_ES,ranger,,0.5,0.0214629425197963,1,10912,0.508694233369074,5639,0.516770527859238,5522,0.506048387096774,0.0107221407624633,0.0140212609970674,53,313,0.00531524926686217,0.0251099706744868,10912,1,7351,3829,0.520881512719358,3561,1810,0.508284189834316,0.506048387096774,0.479930351906158
7__NQ_ES__ranger__0.2000,2024,TRUE,7,NQ_ES,ranger,,0.2,0.0406963501339021,1,4421,0.206097617826675,2371,0.536304003619091,2244,0.507577471160371,0.0287265324587197,0.0126668174621126,53,312,0.00678579506898892,0.031214657317349,4421,1,3086,1649,0.534348671419313,1335,722,0.540823970037453,0.507577471160371,0.479755711377516
7__NQ_ES__ranger__0.1000,2024,TRUE,7,NQ_ES,ranger,,0.1,0.0525503816102332,1,2147,0.100088573959256,1190,0.554261760596181,1107,0.515603167210061,0.0386585933861202,0.0139729855612483,53,306,0.00791802515137401,0.0372612948299953,2147,1,1540,849,0.551298701298701,607,341,0.561779242174629,0.515603167210061,0.470423847228691
7__NQ_ES__ranger__0.0500,2024,TRUE,7,NQ_ES,ranger,,0.05,0.0602561489533318,1,1137,0.0530045219337094,625,0.549692172383465,582,0.511873350923483,0.0378188214599824,0.0175901495162709,53,292,0.00879507475813545,0.040457343887423,1137,1,801,438,0.546816479400749,336,187,0.556547619047619,0.511873350923483,0.470536499560246
7__NQ_ES__ranger__0.0200,2024,TRUE,7,NQ_ES,ranger,,0.02,0.0688155932691072,1,456,0.0212577502214349,268,0.587719298245614,239,0.524122807017544,0.0635964912280702,0.0263157894736842,53,219,0.0131578947368421,0.0570175438596491,456,1,299,177,0.591973244147157,157,91,0.579617834394905,0.524122807017544,0.449561403508772
7__NQ_ES__ranger__0.0100,2024,TRUE,7,NQ_ES,ranger,,0.01,0.0756432257539785,1,220,0.0102559321243765,137,0.622727272727273,127,0.577272727272727,0.0454545454545455,0.0181818181818182,53,150,0.0181818181818182,0.0818181818181818,220,1,140,93,0.664285714285714,80,44,0.55,0.577272727272727,0.404545454545455
7__NQ_ES__ranger__0.0050,2024,TRUE,7,NQ_ES,ranger,,0.005,0.0807552048613919,1,126,0.00587385203487017,76,0.603174603174603,71,0.563492063492063,0.0396825396825397,0.0158730158730159,48,96,0.0238095238095238,0.119047619047619,126,1,79,51,0.645569620253165,47,25,0.531914893617021,0.563492063492063,0.420634920634921
7__NQ_ES__xgb_d2__0.5000,2024,TRUE,7,NQ_ES,xgb_d2,2,0.5,0.0238402187824249,1,10774,0.502260966854692,5610,0.520697976610358,5454,0.506218674586969,0.0144793020233896,0.0134583255986634,53,313,0.00529051420085391,0.0254315945795433,10774,1,7187,3766,0.524001669681369,3587,1844,0.514078617228882,0.506218674586969,0.480322999814368
7__NQ_ES__xgb_d2__0.2000,2024,TRUE,7,NQ_ES,xgb_d2,2,0.2,0.0437719225883484,1,4335,0.202088480723509,2327,0.53679354094579,2205,0.508650519031142,0.0281430219146482,0.0122260668973472,53,312,0.00645905420991926,0.0299884659746251,4335,1,3002,1608,0.53564290473018,1333,719,0.539384846211553,0.508650519031142,0.479123414071511
7__NQ_ES__xgb_d2__0.1000,2024,TRUE,7,NQ_ES,xgb_d2,2,0.1,0.0555010557174683,1,2169,0.101114167171694,1215,0.560165975103734,1136,0.523743660673121,0.0364223144306132,0.012448132780083,53,304,0.00691562932226833,0.0345781466113416,2169,1,1501,845,0.562958027981346,668,370,0.553892215568862,0.523743660673121,0.463808206546796
7__NQ_ES__xgb_d2__0.0500,2024,TRUE,7,NQ_ES,xgb_d2,2,0.05,0.0646341323852539,1,1060,0.0494149456901776,599,0.565094339622642,555,0.523584905660377,0.0415094339622642,0.0141509433962264,53,289,0.00943396226415094,0.0452830188679245,1060,1,713,406,0.569424964936887,347,193,0.556195965417867,0.523584905660377,0.462264150943396
7__NQ_ES__xgb_d2__0.0200,2024,TRUE,7,NQ_ES,xgb_d2,2,0.02,0.0743262672424316,1,449,0.0209314251083866,257,0.572383073496659,251,0.55902004454343,0.0133630289532294,0.0133630289532294,53,226,0.0155902004454343,0.0623608017817372,449,1,312,186,0.596153846153846,137,71,0.518248175182482,0.55902004454343,0.427616926503341
7__NQ_ES__xgb_d2__0.0100,2024,TRUE,7,NQ_ES,xgb_d2,2,0.01,0.0806277585029602,1,236,0.0110018180970584,141,0.597457627118644,143,0.605932203389831,-0.00847457627118644,0.00847457627118644,53,161,0.0211864406779661,0.0889830508474576,236,1,165,107,0.648484848484848,71,34,0.47887323943662,0.605932203389831,0.385593220338983
7__NQ_ES__xgb_d2__0.0050,2024,TRUE,7,NQ_ES,xgb_d2,2,0.005,0.0863839054107666,1,113,0.0052678196820661,65,0.575221238938053,71,0.628318584070796,-0.0530973451327434,0.00884955752212389,44,92,0.0353982300884956,0.115044247787611,113,1,78,51,0.653846153846154,35,14,0.4,0.628318584070796,0.36283185840708
7__NQ_ES__xgb_d3__0.5000,2024,TRUE,7,NQ_ES,xgb_d3,3,0.5,0.0248296856880188,1,10703,0.498951097850916,5567,0.520134541717276,5388,0.503410258805942,0.0167242829113333,0.0139213304680931,53,313,0.00532560964215641,0.025974025974026,10703,1,7060,3685,0.521954674220963,3643,1882,0.516607191874828,0.503410258805942,0.482668410725965
7__NQ_ES__xgb_d3__0.2000,2024,TRUE,7,NQ_ES,xgb_d3,3,0.2,0.0467311322689056,1,4280,0.199524497692415,2313,0.540420560747664,2151,0.502570093457944,0.0378504672897196,0.0107476635514019,53,313,0.00630841121495327,0.0303738317757009,4280,1,2856,1529,0.535364145658263,1424,784,0.550561797752809,0.502570093457944,0.486682242990654
7__NQ_ES__xgb_d3__0.1000,2024,TRUE,7,NQ_ES,xgb_d3,3,0.1,0.0590978980064392,1,2151,0.100275045452426,1167,0.542538354253836,1106,0.514179451417945,0.0283589028358903,0.0148768014876802,53,307,0.00790330079033008,0.0353324035332404,2151,1,1412,773,0.547450424929179,739,394,0.533152909336942,0.514179451417945,0.470943747094375
7__NQ_ES__xgb_d3__0.0500,2024,TRUE,7,NQ_ES,xgb_d3,3,0.05,0.0692378580570221,1,1068,0.0497878886765186,613,0.573970037453184,561,0.525280898876405,0.048689138576779,0.0149812734082397,53,286,0.0112359550561798,0.051498127340824,1068,1,673,392,0.582466567607727,395,221,0.559493670886076,0.525280898876405,0.459737827715356
7__NQ_ES__xgb_d3__0.0200,2024,TRUE,7,NQ_ES,xgb_d3,3,0.02,0.0802978086471557,1,448,0.0208848072350939,262,0.584821428571429,229,0.511160714285714,0.0736607142857143,0.0178571428571429,53,222,0.0200892857142857,0.0714285714285714,448,1,274,159,0.58029197080292,174,103,0.591954022988506,0.511160714285714,0.470982142857143
7__NQ_ES__xgb_d3__0.0100,2024,TRUE,7,NQ_ES,xgb_d3,3,0.01,0.0899555230140686,1,190,0.00885739592559787,105,0.552631578947369,96,0.505263157894737,0.0473684210526316,0.0157894736842105,51,125,0.0263157894736842,0.110526315789474,190,1,114,63,0.552631578947369,76,42,0.552631578947369,0.505263157894737,0.478947368421053
7__NQ_ES__xgb_d3__0.0050,2024,TRUE,7,NQ_ES,xgb_d3,3,0.005,0.0984479391574859,1,95,0.00442869796279894,51,0.536842105263158,48,0.505263157894737,0.0315789473684211,0.0105263157894737,45,72,0.0315789473684211,0.157894736842105,95,1,57,31,0.543859649122807,38,20,0.526315789473684,0.505263157894737,0.48421052631579
7__NQ_ES__xgb_d4__0.5000,2024,TRUE,7,NQ_ES,xgb_d4,4,0.5,0.0261985063552856,1,10791,0.503053470700667,5604,0.519321656936336,5433,0.503475118154017,0.0158465387823186,0.0143638217032712,53,313,0.00509683995922528,0.0250208507089241,10791,1,7012,3660,0.521962350256703,3779,1944,0.514421804710241,0.503475118154017,0.482161060142712
7__NQ_ES__xgb_d4__0.2000,2024,TRUE,7,NQ_ES,xgb_d4,4,0.2,0.049726927280426,1,4302,0.200550090904853,2282,0.530450953045095,2167,0.50371920037192,0.0267317526731753,0.0132496513249651,53,313,0.00697350069735007,0.0313807531380753,4302,1,2792,1479,0.529727793696275,1510,803,0.531788079470199,0.50371920037192,0.483031148303115
7__NQ_ES__xgb_d4__0.1000,2024,TRUE,7,NQ_ES,xgb_d4,4,0.1,0.0637094497680664,1,2151,0.100275045452426,1179,0.548117154811716,1075,0.499767549976755,0.0483496048349605,0.0139470013947001,53,308,0.00697350069735007,0.0344026034402603,2151,1,1358,737,0.542709867452135,793,442,0.557377049180328,0.499767549976755,0.486285448628545
7__NQ_ES__xgb_d4__0.0500,2024,TRUE,7,NQ_ES,xgb_d4,4,0.05,0.0758455634117127,1,1092,0.0509067176355415,607,0.555860805860806,558,0.510989010989011,0.0448717948717949,0.0146520146520147,53,293,0.0100732600732601,0.0457875457875458,1092,1,637,358,0.562009419152276,455,249,0.547252747252747,0.510989010989011,0.474358974358974
7__NQ_ES__xgb_d4__0.0200,2024,TRUE,7,NQ_ES,xgb_d4,4,0.02,0.0911353325843811,1,441,0.0205584821220456,257,0.582766439909297,224,0.507936507936508,0.0748299319727891,0.0226757369614512,53,222,0.0158730158730159,0.0702947845804989,441,1,248,146,0.588709677419355,193,111,0.575129533678757,0.507936507936508,0.469387755102041
7__NQ_ES__xgb_d4__0.0100,2024,TRUE,7,NQ_ES,xgb_d4,4,0.01,0.101464762687683,1,222,0.0103491678709617,127,0.572072072072072,116,0.522522522522523,0.0495495495495496,0.018018018018018,50,149,0.0225225225225225,0.0945945945945946,222,1,123,73,0.59349593495935,99,54,0.545454545454545,0.522522522522523,0.45945945945946
7__NQ_ES__xgb_d4__0.0050,2024,TRUE,7,NQ_ES,xgb_d4,4,0.005,0.112370756864548,1,92,0.00428884434292108,50,0.543478260869565,39,0.423913043478261,0.119565217391304,0.0217391304347826,44,76,0.0326086956521739,0.130434782608696,92,1,50,24,0.48,42,26,0.619047619047619,0.423913043478261,0.554347826086957
7__NQ_ES__xgb_d5__0.5000,2024,TRUE,7,NQ_ES,xgb_d5,5,0.5,0.0275931358337402,1,10644,0.496200643326651,5489,0.515689590379557,5336,0.501315295001879,0.0143742953776776,0.0123074032318677,53,313,0.00526118000751597,0.0257422021796317,10644,1,6823,3529,0.517221163710978,3821,1960,0.512954723894269,0.501315295001879,0.486377301766253
7__NQ_ES__xgb_d5__0.2000,2024,TRUE,7,NQ_ES,xgb_d5,5,0.2,0.0523284792900085,1,4281,0.199571115565708,2250,0.525578135949545,2126,0.496612940901659,0.028965195047886,0.0116795141322121,53,313,0.00747488904461574,0.0336370007007709,4281,1,2754,1434,0.520697167755991,1527,816,0.534381139489195,0.496612940901659,0.491707544966129
7__NQ_ES__xgb_d5__0.1000,2024,TRUE,7,NQ_ES,xgb_d5,5,0.1,0.0671053767204285,1,2195,0.102326231877302,1200,0.546697038724374,1089,0.496127562642369,0.0505694760820046,0.0123006833712984,53,304,0.00865603644646925,0.0396355353075171,2195,1,1353,729,0.53880266075388,842,471,0.55938242280285,0.496127562642369,0.491571753986333
7__NQ_ES__xgb_d5__0.0500,2024,TRUE,7,NQ_ES,xgb_d5,5,0.05,0.0808237791061402,1,1093,0.0509533355088341,591,0.540713632204941,555,0.507776761207685,0.0329368709972553,0.00914913083257091,53,285,0.00914913083257091,0.0448307410795974,1093,1,668,362,0.541916167664671,425,229,0.538823529411765,0.507776761207685,0.483074107959744
7__NQ_ES__xgb_d5__0.0200,2024,TRUE,7,NQ_ES,xgb_d5,5,0.02,0.099051752090454,1,411,0.019159945923267,232,0.564476885644769,211,0.51338199513382,0.0510948905109489,0.0145985401459854,53,201,0.0170316301703163,0.0802919708029197,411,1,248,141,0.568548387096774,163,91,0.558282208588957,0.51338199513382,0.472019464720195
7__NQ_ES__xgb_d5__0.0100,2024,TRUE,7,NQ_ES,xgb_d5,5,0.01,0.111747279167175,1,200,0.00932357465852408,106,0.53,98,0.49,0.04,0.025,50,138,0.02,0.085,200,1,118,62,0.525423728813559,82,44,0.536585365853659,0.49,0.485
7__NQ_ES__xgb_d5__0.0050,2024,TRUE,7,NQ_ES,xgb_d5,5,0.005,0.122708487510681,1,110,0.00512796606218824,58,0.527272727272727,55,0.5,0.0272727272727273,0.0181818181818182,42,89,0.0363636363636364,0.145454545454545,110,1,70,37,0.528571428571429,40,21,0.525,0.5,0.481818181818182
10__NQ_ONLY__logit__0.5000,2024,TRUE,10,NQ_ONLY,logit,,0.5,0.0217410044638038,1,11144,0.520067201792048,5874,0.527099784637473,5873,0.527010050251256,8.97343862167983e-05,0.00969131371141421,53,313,0.00574300071787509,0.0261127063890883,11144,1,8576,4605,0.536963619402985,2568,1269,0.494158878504673,0.527010050251256,0.46329863603733
10__NQ_ONLY__logit__0.2000,2024,TRUE,10,NQ_ONLY,logit,,0.2,0.0408428670535624,1,4541,0.211918984506254,2410,0.53072010570359,2410,0.53072010570359,0,0.00990971151728694,53,312,0.00858841664831535,0.035674961462233,4541,1,3601,1948,0.540960844209942,940,462,0.491489361702128,0.53072010570359,0.459370182779124
10__NQ_ONLY__logit__0.1000,2024,TRUE,10,NQ_ONLY,logit,,0.1,0.0518328104063962,1,2403,0.112142990479746,1297,0.539741989180191,1299,0.540574282147316,-0.000832292967124428,0.0112359550561798,53,301,0.00998751560549313,0.042863087806908,2403,1,1913,1057,0.552535284892838,490,240,0.489795918367347,0.540574282147316,0.448189762796504
10__NQ_ONLY__logit__0.0500,2024,TRUE,10,NQ_ONLY,logit,,0.05,0.0625253612047618,1,1182,0.0551614709725593,624,0.527918781725888,613,0.518612521150592,0.00930626057529611,0.00930626057529611,53,284,0.0152284263959391,0.050761421319797,1182,1,940,499,0.530851063829787,242,125,0.516528925619835,0.518612521150592,0.472081218274112
10__NQ_ONLY__logit__0.0200,2024,TRUE,10,NQ_ONLY,logit,,0.02,0.0760622435196378,1,454,0.0211872316595109,224,0.493392070484582,232,0.511013215859031,-0.0176211453744493,0.0066079295154185,53,214,0.0242290748898678,0.0704845814977974,454,1,371,187,0.504043126684636,83,37,0.445783132530121,0.511013215859031,0.482378854625551
10__NQ_ONLY__logit__0.0100,2024,TRUE,10,NQ_ONLY,logit,,0.01,0.0844821355168743,1,234,0.0109202912077655,105,0.448717948717949,120,0.512820512820513,-0.0641025641025641,0.00427350427350427,53,150,0.0299145299145299,0.102564102564103,234,1,195,93,0.476923076923077,39,12,0.307692307692308,0.512820512820513,0.482905982905983
10__NQ_ONLY__logit__0.0050,2024,TRUE,10,NQ_ONLY,logit,,0.005,0.0922567842854913,1,97,0.00452678738099683,48,0.494845360824742,49,0.505154639175258,-0.0103092783505155,0,42,84,0.0412371134020619,0.134020618556701,97,1,82,41,0.5,15,7,0.466666666666667,0.505154639175258,0.494845360824742
10__NQ_ONLY__ranger__0.5000,2024,TRUE,10,NQ_ONLY,ranger,,0.5,0.0198182223738766,1,10746,0.501493373156618,5611,0.52214777591662,5581,0.519356039456542,0.00279173646007817,0.0107947143123023,53,313,0.00539735715615113,0.0263353806067374,10746,1,8499,4489,0.52817978585716,2247,1122,0.499332443257677,0.519356039456542,0.469849246231156
10__NQ_ONLY__ranger__0.2000,2024,TRUE,10,NQ_ONLY,ranger,,0.2,0.0348628089060121,1,4342,0.202632070188538,2305,0.530861354214648,2280,0.525103638876094,0.00575771533855366,0.0131275909719024,53,312,0.00667894979272225,0.0320128972823584,4342,1,3564,1911,0.536195286195286,778,394,0.506426735218509,0.525103638876094,0.461768770152004
10__NQ_ONLY__ranger__0.1000,2024,TRUE,10,NQ_ONLY,ranger,,0.1,0.0458660776965289,1,2025,0.0945025200672018,1105,0.545679012345679,1070,0.528395061728395,0.017283950617284,0.011358024691358,53,300,0.00839506172839506,0.0390123456790123,2025,1,1739,946,0.543990799309948,286,159,0.555944055944056,0.528395061728395,0.460246913580247
10__NQ_ONLY__ranger__0.0500,2024,TRUE,10,NQ_ONLY,ranger,,0.05,0.0555192020371332,1,1022,0.0476946051894717,561,0.548923679060665,553,0.541095890410959,0.00782778864970646,0.0117416829745597,53,280,0.00978473581213307,0.0479452054794521,1022,1,907,500,0.551267916207277,115,61,0.530434782608696,0.541095890410959,0.447162426614481
10__NQ_ONLY__ranger__0.0200,2024,TRUE,10,NQ_ONLY,ranger,,0.02,0.0644368533514158,1,400,0.0186671644577189,205,0.5125,219,0.5475,-0.035,0.01,53,216,0.015,0.0575,400,1,358,191,0.533519553072626,42,14,0.333333333333333,0.5475,0.4425
10__NQ_ONLY__ranger__0.0100,2024,TRUE,10,NQ_ONLY,ranger,,0.01,0.0707042945861431,1,194,0.00905357476199365,94,0.484536082474227,104,0.536082474226804,-0.0515463917525773,0.0103092783505155,51,144,0.0154639175257732,0.0721649484536082,194,1,172,88,0.511627906976744,22,6,0.272727272727273,0.536082474226804,0.45360824742268
10__NQ_ONLY__ranger__0.0050,2024,TRUE,10,NQ_ONLY,ranger,,0.005,0.0749030012455132,1,109,0.00508680231472839,52,0.477064220183486,60,0.55045871559633,-0.073394495412844,0,43,90,0.0275229357798165,0.100917431192661,109,1,93,48,0.516129032258065,16,4,0.25,0.55045871559633,0.44954128440367
10__NQ_ONLY__xgb_d2__0.5000,2024,TRUE,10,NQ_ONLY,xgb_d2,2,0.5,0.0195229649543762,1,10776,0.502893410490946,5649,0.524220489977728,5580,0.517817371937639,0.00640311804008909,0.0106718634001485,53,313,0.00528953229398664,0.0252412769116555,10776,1,8324,4406,0.529312830370014,2452,1243,0.506933115823817,0.517817371937639,0.471510764662212
10__NQ_ONLY__xgb_d2__0.2000,2024,TRUE,10,NQ_ONLY,xgb_d2,2,0.2,0.0364102721214294,1,4334,0.202258726899384,2290,0.528380249192432,2275,0.524919243193355,0.00346100599907707,0.012921089063221,53,312,0.00646054453161052,0.03068758652515,4334,1,3467,1857,0.535621574848572,867,433,0.499423298731257,0.524919243193355,0.462159667743424
10__NQ_ONLY__xgb_d2__0.1000,2024,TRUE,10,NQ_ONLY,xgb_d2,2,0.1,0.04734206199646,1,2124,0.0991226432704872,1141,0.537193973634652,1130,0.532015065913371,0.0051789077212806,0.013653483992467,53,304,0.00847457627118644,0.0419020715630885,2124,1,1796,974,0.542316258351893,328,167,0.509146341463415,0.532015065913371,0.454331450094162
10__NQ_ONLY__xgb_d2__0.0500,2024,TRUE,10,NQ_ONLY,xgb_d2,2,0.05,0.0572124719619751,1,1021,0.0476479372783274,544,0.53281096963761,549,0.537708129285015,-0.00489715964740451,0.0146914789422135,53,281,0.0137120470127326,0.0519098922624878,1021,1,902,488,0.541019955654102,119,56,0.470588235294118,0.537708129285015,0.447600391772772
10__NQ_ONLY__xgb_d2__0.0200,2024,TRUE,10,NQ_ONLY,xgb_d2,2,0.02,0.0665577769279479,1,377,0.0175938025014,205,0.543766578249337,207,0.549071618037135,-0.00530503978779841,0.00795755968169761,53,203,0.0159151193633952,0.0716180371352785,377,1,336,186,0.553571428571429,41,19,0.463414634146342,0.549071618037135,0.442970822281167
10__NQ_ONLY__xgb_d2__0.0100,2024,TRUE,10,NQ_ONLY,xgb_d2,2,0.01,0.0720622330904007,1,226,0.0105469479186112,108,0.47787610619469,111,0.491150442477876,-0.0132743362831858,0.00884955752212389,53,156,0.0221238938053097,0.084070796460177,226,1,198,96,0.484848484848485,28,12,0.428571428571429,0.491150442477876,0.5
10__NQ_ONLY__xgb_d2__0.0050,2024,TRUE,10,NQ_ONLY,xgb_d2,2,0.005,0.0770487040281295,1,112,0.00522680604816129,49,0.4375,53,0.473214285714286,-0.0357142857142857,0,45,90,0.0267857142857143,0.116071428571429,112,1,96,43,0.447916666666667,16,6,0.375,0.473214285714286,0.526785714285714
10__NQ_ONLY__xgb_d3__0.5000,2024,TRUE,10,NQ_ONLY,xgb_d3,3,0.5,0.0220421850681305,1,10821,0.50499346649244,5674,0.524350799371592,5632,0.520469457536272,0.00388134183532021,0.0102578319933463,53,313,0.00526753534793457,0.0257831993346271,10821,1,8248,4386,0.53176527643065,2573,1288,0.500582977069569,0.520469457536272,0.469272710470382
10__NQ_ONLY__xgb_d3__0.2000,2024,TRUE,10,NQ_ONLY,xgb_d3,3,0.2,0.040586519241333,1,4354,0.20319208512227,2315,0.531694993109784,2260,0.519062930638493,0.0126320624712908,0.0117133670188333,53,312,0.00734956361966008,0.032843362425356,4354,1,3411,1823,0.53444737613603,943,492,0.521739130434783,0.519062930638493,0.469223702342673
10__NQ_ONLY__xgb_d3__0.1000,2024,TRUE,10,NQ_ONLY,xgb_d3,3,0.1,0.052828049659729,1,2127,0.0992626470039201,1140,0.535966149506347,1133,0.53267512929008,0.00329102021626704,0.0145745181006112,53,303,0.00893276915843912,0.0423131170662905,2127,1,1723,938,0.544399303540337,404,202,0.5,0.53267512929008,0.452750352609309
10__NQ_ONLY__xgb_d3__0.0500,2024,TRUE,10,NQ_ONLY,xgb_d3,3,0.05,0.0636586189270019,1,1033,0.048207952212059,559,0.541142303969022,541,0.523717328170378,0.0174249757986447,0.0145208131655373,53,285,0.00968054211035818,0.0454985479186835,1033,1,857,463,0.540256709451575,176,96,0.545454545454545,0.523717328170378,0.461761858664085
10__NQ_ONLY__xgb_d3__0.0200,2024,TRUE,10,NQ_ONLY,xgb_d3,3,0.02,0.0759315538406372,1,394,0.0183871569908531,216,0.548223350253807,207,0.525380710659898,0.0228426395939086,0.0126903553299492,53,208,0.0177664974619289,0.0685279187817259,394,1,317,174,0.548895899053628,77,42,0.545454545454545,0.525380710659898,0.461928934010152
10__NQ_ONLY__xgb_d3__0.0100,2024,TRUE,10,NQ_ONLY,xgb_d3,3,0.01,0.0844387769699097,1,205,0.00956692178458092,103,0.502439024390244,102,0.497560975609756,0.00487804878048781,0.00975609756097561,52,148,0.0292682926829268,0.102439024390244,205,1,166,83,0.5,39,20,0.512820512820513,0.497560975609756,0.492682926829268
10__NQ_ONLY__xgb_d3__0.0050,2024,TRUE,10,NQ_ONLY,xgb_d3,3,0.005,0.0906096547842024,1,107,0.0049934664924398,48,0.448598130841121,48,0.448598130841121,0,0.00934579439252336,45,89,0.0280373831775701,0.11214953271028,107,1,81,35,0.432098765432099,26,13,0.5,0.448598130841121,0.542056074766355
10__NQ_ONLY__xgb_d4__0.5000,2024,TRUE,10,NQ_ONLY,xgb_d4,4,0.5,0.0234277248382568,1,10634,0.496266567108456,5579,0.524637953733308,5579,0.524637953733308,0,0.0103441790483355,53,313,0.00545420349821328,0.0262365995862328,10634,1,8020,4292,0.535162094763092,2614,1287,0.492348890589136,0.524637953733308,0.465017867218356
10__NQ_ONLY__xgb_d4__0.2000,2024,TRUE,10,NQ_ONLY,xgb_d4,4,0.2,0.0439489483833313,1,4344,0.202725406010827,2303,0.530156537753223,2275,0.523710865561694,0.00644567219152855,0.0105893186003683,53,310,0.00736648250460405,0.0343001841620626,4344,1,3311,1781,0.537903956508608,1033,522,0.505324298160697,0.523710865561694,0.465699815837937
10__NQ_ONLY__xgb_d4__0.1000,2024,TRUE,10,NQ_ONLY,xgb_d4,4,0.1,0.0571372985839844,1,2115,0.0987026320701885,1129,0.533806146572104,1128,0.533333333333333,0.000472813238770686,0.0099290780141844,53,299,0.00945626477541371,0.0425531914893617,2115,1,1624,886,0.545566502463054,491,243,0.494908350305499,0.533333333333333,0.456737588652482
10__NQ_ONLY__xgb_d4__0.0500,2024,TRUE,10,NQ_ONLY,xgb_d4,4,0.05,0.0686404258012772,1,1029,0.0480212805674818,564,0.548104956268222,534,0.518950437317784,0.0291545189504373,0.0087463556851312,53,280,0.0116618075801749,0.0534499514091351,1029,1,805,438,0.544099378881988,224,126,0.5625,0.518950437317784,0.472303206997085
10__NQ_ONLY__xgb_d4__0.0200,2024,TRUE,10,NQ_ONLY,xgb_d4,4,0.02,0.0827880501747131,1,413,0.0192738473025947,218,0.527845036319613,206,0.498789346246973,0.0290556900726392,0.0121065375302663,53,211,0.0145278450363196,0.0677966101694915,413,1,314,163,0.519108280254777,99,55,0.555555555555556,0.498789346246973,0.48910411622276
10__NQ_ONLY__xgb_d4__0.0100,2024,TRUE,10,NQ_ONLY,xgb_d4,4,0.01,0.0925115144252777,1,180,0.00840022400597349,96,0.533333333333333,96,0.533333333333333,0,0.0222222222222222,50,128,0.0277777777777778,0.0944444444444444,180,1,132,72,0.545454545454545,48,24,0.5,0.533333333333333,0.444444444444444
10__NQ_ONLY__xgb_d4__0.0050,2024,TRUE,10,NQ_ONLY,xgb_d4,4,0.005,0.101166271567345,1,92,0.00429344782527534,51,0.554347826086957,47,0.510869565217391,0.0434782608695652,0.0108695652173913,45,80,0.0217391304347826,0.108695652173913,92,1,58,32,0.551724137931035,34,19,0.558823529411765,0.510869565217391,0.478260869565217
10__NQ_ONLY__xgb_d5__0.5000,2024,TRUE,10,NQ_ONLY,xgb_d5,5,0.5,0.0246168971061707,1,10801,0.504060108269554,5635,0.521710952689566,5577,0.516341079529673,0.0053698731598926,0.0109249143597815,53,313,0.0055550411998889,0.0265716137394686,10801,1,7976,4216,0.528585757271816,2825,1419,0.502300884955752,0.516341079529673,0.472734006110545
10__NQ_ONLY__xgb_d5__0.2000,2024,TRUE,10,NQ_ONLY,xgb_d5,5,0.2,0.0471353173255921,1,4319,0.20155870823222,2277,0.5272053716138,2240,0.518638573743922,0.00856679786987729,0.0118082889557768,53,309,0.00717758740449178,0.0340356564019449,4319,1,3298,1757,0.532747119466343,1021,520,0.509304603330069,0.518638573743922,0.469553137300301
10__NQ_ONLY__xgb_d5__0.1000,2024,TRUE,10,NQ_ONLY,xgb_d5,5,0.1,0.0614698886871339,1,2133,0.0995426544707859,1150,0.539146741678387,1135,0.532114392873887,0.0070323488045007,0.0126582278481013,53,299,0.0107829348335677,0.0459446788560713,2133,1,1630,895,0.549079754601227,503,255,0.506958250497018,0.532114392873887,0.455227379278012
10__NQ_ONLY__xgb_d5__0.0500,2024,TRUE,10,NQ_ONLY,xgb_d5,5,0.05,0.0745909333229065,1,1068,0.0498413291021094,584,0.546816479400749,564,0.528089887640449,0.0187265917602996,0.0121722846441948,53,283,0.0140449438202247,0.051498127340824,1068,1,831,457,0.549939831528279,237,127,0.535864978902954,0.528089887640449,0.459737827715356
10__NQ_ONLY__xgb_d5__0.0200,2024,TRUE,10,NQ_ONLY,xgb_d5,5,0.02,0.0906810235977172,1,390,0.0182004853462759,208,0.533333333333333,194,0.497435897435897,0.0358974358974359,0.0128205128205128,53,205,0.0179487179487179,0.0743589743589744,390,1,301,157,0.521594684385382,89,51,0.573033707865169,0.497435897435897,0.48974358974359
10__NQ_ONLY__xgb_d5__0.0100,2024,TRUE,10,NQ_ONLY,xgb_d5,5,0.01,0.100528302192688,1,201,0.00938025014000373,101,0.502487562189055,99,0.492537313432836,0.0099502487562189,0.00497512437810945,51,133,0.0248756218905473,0.0945273631840796,201,1,157,78,0.496815286624204,44,23,0.522727272727273,0.492537313432836,0.502487562189055
10__NQ_ONLY__xgb_d5__0.0050,2024,TRUE,10,NQ_ONLY,xgb_d5,5,0.005,0.111502514481544,1,88,0.00410677618069815,48,0.545454545454545,46,0.522727272727273,0.0227272727272727,0,43,75,0.0340909090909091,0.136363636363636,88,1,64,35,0.546875,24,13,0.541666666666667,0.522727272727273,0.477272727272727
10__NQ_ES__logit__0.5000,2024,TRUE,10,NQ_ES,logit,,0.5,0.0226945094461635,1,10731,0.500793354489453,5616,0.523343584008946,5624,0.524089087689871,-0.000745503680924425,0.0107166154132886,53,313,0.00568446556704874,0.0273040723138571,10731,1,7970,4257,0.534127979924718,2761,1359,0.492212966316552,0.524089087689871,0.465194296896841
10__NQ_ES__logit__0.2000,2024,TRUE,10,NQ_ES,logit,,0.2,0.0425966992575793,1,4300,0.200672017920478,2291,0.532790697674419,2305,0.536046511627907,-0.00325581395348837,0.00930232558139535,53,310,0.00930232558139535,0.042093023255814,4300,1,3321,1815,0.546522131887986,979,476,0.486210418794688,0.536046511627907,0.454651162790698
10__NQ_ES__logit__0.1000,2024,TRUE,10,NQ_ES,logit,,0.1,0.0543109835049357,1,2213,0.10327608736233,1181,0.533664708540443,1183,0.534568459105287,-0.000903750564844103,0.0103931314957072,53,303,0.0131043831902395,0.0533212833258021,2213,1,1699,929,0.546792230723955,514,252,0.490272373540856,0.534568459105287,0.455038409399006
10__NQ_ES__logit__0.0500,2024,TRUE,10,NQ_ES,logit,,0.05,0.0655896395672911,1,1050,0.049001306701512,562,0.535238095238095,563,0.536190476190476,-0.000952380952380952,0.0104761904761905,53,273,0.0152380952380952,0.0638095238095238,1050,1,794,436,0.54911838790932,256,126,0.4921875,0.536190476190476,0.453333333333333
10__NQ_ES__logit__0.0200,2024,TRUE,10,NQ_ES,logit,,0.02,0.0790094379317834,1,432,0.0201605376143364,218,0.50462962962963,229,0.530092592592593,-0.025462962962963,0.00925925925925926,53,207,0.025462962962963,0.087962962962963,432,1,332,174,0.524096385542169,100,44,0.44,0.530092592592593,0.460648148148148
10__NQ_ES__logit__0.0100,2024,TRUE,10,NQ_ES,logit,,0.01,0.0883250181488161,1,183,0.00854022773940639,90,0.491803278688525,99,0.540983606557377,-0.0491803278688525,0.0109289617486339,50,125,0.0546448087431694,0.12568306010929,183,1,142,74,0.52112676056338,41,16,0.390243902439024,0.540983606557377,0.448087431693989
10__NQ_ES__logit__0.0050,2024,TRUE,10,NQ_ES,logit,,0.005,0.0952739797574,1,95,0.00443345155870823,44,0.463157894736842,52,0.547368421052632,-0.0842105263157895,0.0105263157894737,43,78,0.0631578947368421,0.157894736842105,95,1,75,38,0.506666666666667,20,6,0.3,0.547368421052632,0.442105263157895
10__NQ_ES__ranger__0.5000,2024,TRUE,10,NQ_ES,ranger,,0.5,0.0188538068258255,1,10945,0.510780287474333,5725,0.523069894929192,5686,0.519506624029237,0.00356327089995432,0.0107811786203746,53,313,0.00529922338967565,0.02603928734582,10945,1,8327,4416,0.530323045514591,2618,1309,0.5,0.519506624029237,0.469712197350388
10__NQ_ES__ranger__0.2000,2024,TRUE,10,NQ_ES,ranger,,0.2,0.0341995599736005,1,4407,0.205665484412918,2338,0.530519627864761,2284,0.518266394372589,0.0122532334921715,0.0124801452235081,53,311,0.0068073519400953,0.0326752893124575,4407,1,3438,1835,0.533740546829552,969,503,0.519091847265222,0.518266394372589,0.469253460403903
10__NQ_ES__ranger__0.1000,2024,TRUE,10,NQ_ES,ranger,,0.1,0.0450458337798468,1,2144,0.100056001493373,1162,0.541977611940299,1118,0.521455223880597,0.0205223880597015,0.0107276119402985,53,302,0.0083955223880597,0.0382462686567164,2144,1,1754,947,0.539908779931585,390,215,0.551282051282051,0.521455223880597,0.467817164179104
10__NQ_ES__ranger__0.0500,2024,TRUE,10,NQ_ES,ranger,,0.05,0.0545665770039493,1,1040,0.0485346275900691,555,0.533653846153846,544,0.523076923076923,0.0105769230769231,0.0125,53,279,0.0115384615384615,0.0471153846153846,1040,1,893,477,0.534154535274356,147,78,0.530612244897959,0.523076923076923,0.464423076923077
10__NQ_ES__ranger__0.0200,2024,TRUE,10,NQ_ES,ranger,,0.02,0.0639202440635706,1,414,0.019320515213739,230,0.555555555555556,232,0.560386473429952,-0.00483091787439614,0.00966183574879227,53,209,0.0144927536231884,0.0603864734299517,414,1,356,202,0.567415730337079,58,28,0.482758620689655,0.560386473429952,0.429951690821256
10__NQ_ES__ranger__0.0100,2024,TRUE,10,NQ_ES,ranger,,0.01,0.0683279691619426,1,211,0.0098469292514467,118,0.559241706161138,121,0.57345971563981,-0.014218009478673,0.004739336492891,52,145,0.018957345971564,0.0853080568720379,211,1,180,104,0.577777777777778,31,14,0.451612903225806,0.57345971563981,0.421800947867299
10__NQ_ES__ranger__0.0050,2024,TRUE,10,NQ_ES,ranger,,0.005,0.0724315714436069,1,117,0.00546014560388277,69,0.58974358974359,69,0.58974358974359,0,0.00854700854700855,48,93,0.0256410256410256,0.094017094017094,117,1,99,60,0.606060606060606,18,9,0.5,0.58974358974359,0.401709401709402
10__NQ_ES__xgb_d2__0.5000,2024,TRUE,10,NQ_ES,xgb_d2,2,0.5,0.0200541913509369,1,10765,0.502380063468359,5658,0.52559219693451,5609,0.521040408732002,0.00455178820250813,0.0104969809568045,53,313,0.00538783093358105,0.0259173246632606,10765,1,7788,4165,0.534797123780175,2977,1493,0.501511588847833,0.521040408732002,0.468462610311194
10__NQ_ES__xgb_d2__0.2000,2024,TRUE,10,NQ_ES,xgb_d2,2,0.2,0.036268413066864,1,4273,0.199411984319582,2263,0.529604493330213,2218,0.519073250643576,0.010531242686637,0.0131055464544816,53,312,0.00702082845775802,0.0325298385209455,4273,1,3164,1696,0.536030341340076,1109,567,0.511271415689811,0.519073250643576,0.467821202901942
10__NQ_ES__xgb_d2__0.1000,2024,TRUE,10,NQ_ES,xgb_d2,2,0.1,0.0466174960136414,1,2125,0.0991693111816315,1128,0.530823529411765,1093,0.514352941176471,0.0164705882352941,0.0150588235294118,53,304,0.00894117647058824,0.0404705882352941,2125,1,1620,863,0.532716049382716,505,265,0.524752475247525,0.514352941176471,0.470588235294118
10__NQ_ES__xgb_d2__0.0500,2024,TRUE,10,NQ_ES,xgb_d2,2,0.05,0.0551463425159454,1,1062,0.0495613216352436,578,0.544256120527307,559,0.526365348399247,0.0178907721280603,0.0131826741996234,53,283,0.0112994350282486,0.0480225988700565,1062,1,844,461,0.546208530805687,218,117,0.536697247706422,0.526365348399247,0.46045197740113
10__NQ_ES__xgb_d2__0.0200,2024,TRUE,10,NQ_ES,xgb_d2,2,0.02,0.063475329875946,1,414,0.019320515213739,222,0.536231884057971,223,0.538647342995169,-0.00241545893719807,0.0072463768115942,53,217,0.0169082125603865,0.0652173913043478,414,1,324,178,0.549382716049383,90,44,0.488888888888889,0.538647342995169,0.454106280193237
10__NQ_ES__xgb_d2__0.0100,2024,TRUE,10,NQ_ES,xgb_d2,2,0.01,0.0691061270236969,1,204,0.00952025387343662,97,0.475490196078431,101,0.495098039215686,-0.0196078431372549,0.00980392156862745,52,147,0.0245098039215686,0.0980392156862745,204,1,161,78,0.484472049689441,43,19,0.441860465116279,0.495098039215686,0.495098039215686
10__NQ_ES__xgb_d2__0.0050,2024,TRUE,10,NQ_ES,xgb_d2,2,0.005,0.0728673243522644,1,113,0.00527347395930558,54,0.47787610619469,57,0.504424778761062,-0.0265486725663717,0.00884955752212389,48,93,0.0265486725663717,0.106194690265487,113,1,92,45,0.489130434782609,21,9,0.428571428571429,0.504424778761062,0.486725663716814
10__NQ_ES__xgb_d3__0.5000,2024,TRUE,10,NQ_ES,xgb_d3,3,0.5,0.0217655897140503,1,10761,0.502193391823782,5588,0.519282594554409,5578,0.518353312889137,0.000929281665272744,0.0105938109841093,53,313,0.00548276182510919,0.0268562401263823,10761,1,7604,4027,0.529589689637033,3157,1561,0.494456762749446,0.518353312889137,0.471052876126754
10__NQ_ES__xgb_d3__0.2000,2024,TRUE,10,NQ_ES,xgb_d3,3,0.2,0.0397869467735291,1,4362,0.203565428411424,2293,0.525676295277396,2251,0.516047684548372,0.00962861072902338,0.0128381476386978,53,312,0.0073360843649702,0.0343878954607978,4362,1,3148,1675,0.532083862770013,1214,618,0.509060955518946,0.516047684548372,0.47111416781293
10__NQ_ES__xgb_d3__0.1000,2024,TRUE,10,NQ_ES,xgb_d3,3,0.1,0.0515476405620575,1,2134,0.0995893223819302,1151,0.539362699156514,1097,0.514058106841612,0.0253045923149016,0.014058106841612,53,301,0.00890346766635427,0.0417057169634489,2134,1,1559,842,0.540089801154586,575,309,0.537391304347826,0.514058106841612,0.471883786316776
10__NQ_ES__xgb_d3__0.0500,2024,TRUE,10,NQ_ES,xgb_d3,3,0.05,0.0615640461444855,1,1093,0.0510080268807168,601,0.549862763037512,566,0.517840805123513,0.0320219579139982,0.0118938700823422,53,284,0.0109789569990851,0.0494053064958829,1093,1,816,447,0.547794117647059,277,154,0.555956678700361,0.517840805123513,0.470265324794145
10__NQ_ES__xgb_d3__0.0200,2024,TRUE,10,NQ_ES,xgb_d3,3,0.02,0.0728493428230286,1,421,0.0196471905917491,239,0.567695961995249,220,0.522565320665083,0.0451306413301663,0.0118764845605701,53,213,0.0166270783847981,0.0712589073634204,421,1,325,182,0.56,96,57,0.59375,0.522565320665083,0.465558194774347
10__NQ_ES__xgb_d3__0.0100,2024,TRUE,10,NQ_ES,xgb_d3,3,0.01,0.0807597345113754,1,188,0.00877356729512787,100,0.531914893617021,92,0.48936170212766,0.0425531914893617,0.0106382978723404,51,131,0.0265957446808511,0.0957446808510638,188,1,146,75,0.513698630136986,42,25,0.595238095238095,0.48936170212766,0.5
10__NQ_ES__xgb_d3__0.0050,2024,TRUE,10,NQ_ES,xgb_d3,3,0.005,0.0865696251392363,1,97,0.00452678738099683,54,0.556701030927835,52,0.536082474226804,0.0206185567010309,0,43,75,0.0309278350515464,0.144329896907216,97,1,77,43,0.558441558441558,20,11,0.55,0.536082474226804,0.463917525773196
10__NQ_ES__xgb_d4__0.5000,2024,TRUE,10,NQ_ES,xgb_d4,4,0.5,0.0229675769805908,1,10770,0.502613403024081,5587,0.518755803156917,5555,0.515784586815228,0.00297121634168988,0.0104921077065924,53,313,0.00547818012999072,0.0262766945218199,10770,1,7411,3917,0.528538658750506,3359,1670,0.497171777314677,0.515784586815228,0.47372330547818
10__NQ_ES__xgb_d4__0.2000,2024,TRUE,10,NQ_ES,xgb_d4,4,0.2,0.0427288770675659,1,4377,0.204265447078589,2318,0.529586474754398,2277,0.52021932830706,0.00936714644733836,0.0121087502855837,53,311,0.00731094356865433,0.0338131140050263,4377,1,3000,1619,0.539666666666667,1377,699,0.507625272331155,0.52021932830706,0.467671921407357
10__NQ_ES__xgb_d4__0.1000,2024,TRUE,10,NQ_ES,xgb_d4,4,0.1,0.0554745316505432,1,2177,0.101596042561135,1154,0.530087276067984,1121,0.514928801102435,0.0151584749655489,0.0114836931557189,53,306,0.0091869545245751,0.0422599908130455,2177,1,1478,792,0.535859269282815,699,362,0.517882689556509,0.514928801102435,0.473587505741847
10__NQ_ES__xgb_d4__0.0500,2024,TRUE,10,NQ_ES,xgb_d4,4,0.05,0.06719850897789,1,1095,0.0511013627030054,603,0.550684931506849,557,0.508675799086758,0.0420091324200913,0.010958904109589,53,289,0.0100456621004566,0.0484018264840183,1095,1,713,391,0.548387096774194,382,212,0.554973821989529,0.508675799086758,0.480365296803653
10__NQ_ES__xgb_d4__0.0200,2024,TRUE,10,NQ_ES,xgb_d4,4,0.02,0.0809645915031433,1,403,0.0188071681911518,229,0.568238213399504,200,0.496277915632754,0.0719602977667494,0.00744416873449132,52,214,0.0198511166253102,0.0744416873449131,403,1,255,141,0.552941176470588,148,88,0.594594594594595,0.496277915632754,0.496277915632754
10__NQ_ES__xgb_d4__0.0100,2024,TRUE,10,NQ_ES,xgb_d4,4,0.01,0.0902705860137939,1,210,0.00980026134030241,123,0.585714285714286,101,0.480952380952381,0.104761904761905,0.00476190476190476,52,142,0.0285714285714286,0.0857142857142857,210,1,120,67,0.558333333333333,90,56,0.622222222222222,0.480952380952381,0.514285714285714
10__NQ_ES__xgb_d4__0.0050,2024,TRUE,10,NQ_ES,xgb_d4,4,0.005,0.0971173274517059,1,121,0.00564681724845996,71,0.586776859504132,58,0.479338842975207,0.107438016528926,0,45,91,0.0413223140495868,0.115702479338843,121,1,66,37,0.560606060606061,55,34,0.618181818181818,0.479338842975207,0.520661157024794
10__NQ_ES__xgb_d5__0.5000,2024,TRUE,10,NQ_ES,xgb_d5,5,0.5,0.0249031782150269,1,10785,0.503313421691245,5628,0.521835883171071,5553,0.514881780250348,0.00695410292072323,0.010477515067223,53,313,0.00537783959202596,0.0261474269819193,10785,1,7191,3816,0.530663329161452,3594,1812,0.504173622704508,0.514881780250348,0.474640704682429
10__NQ_ES__xgb_d5__0.2000,2024,TRUE,10,NQ_ES,xgb_d5,5,0.2,0.0470431327819824,1,4346,0.202818741833116,2256,0.519098021168891,2229,0.512885411872987,0.00621260929590428,0.0119650253106305,53,311,0.00759318913943856,0.0354348826507133,4346,1,2916,1538,0.527434842249657,1430,718,0.502097902097902,0.512885411872987,0.475149562816383
10__NQ_ES__xgb_d5__0.1000,2024,TRUE,10,NQ_ES,xgb_d5,5,0.1,0.0614981532096863,1,2158,0.100709352249393,1158,0.53660797034291,1122,0.519925857275255,0.0166821130676552,0.0125115848007414,53,307,0.0106580166821131,0.0449490268767377,2158,1,1429,782,0.547235829251225,729,376,0.515775034293553,0.519925857275255,0.467562557924004
10__NQ_ES__xgb_d5__0.0500,2024,TRUE,10,NQ_ES,xgb_d5,5,0.05,0.0746425986289978,1,1071,0.0499813328355423,582,0.543417366946779,561,0.523809523809524,0.0196078431372549,0.0177404295051354,53,284,0.0130718954248366,0.0569561157796452,1071,1,718,399,0.555710306406685,353,183,0.518413597733711,0.523809523809524,0.458450046685341
10__NQ_ES__xgb_d5__0.0200,2024,TRUE,10,NQ_ES,xgb_d5,5,0.02,0.0909816598892211,1,413,0.0192738473025947,239,0.578692493946731,214,0.5181598062954,0.0605326876513317,0.0121065375302663,53,214,0.0193704600484262,0.0702179176755448,413,1,261,152,0.582375478927203,152,87,0.572368421052632,0.5181598062954,0.469733656174334
10__NQ_ES__xgb_d5__0.0100,2024,TRUE,10,NQ_ES,xgb_d5,5,0.01,0.100946828126907,1,209,0.00975359342915811,124,0.593301435406699,109,0.521531100478469,0.0717703349282297,0.00956937799043062,52,139,0.0191387559808612,0.0956937799043062,209,1,128,77,0.6015625,81,47,0.580246913580247,0.521531100478469,0.468899521531101
10__NQ_ES__xgb_d5__0.0050,2024,TRUE,10,NQ_ES,xgb_d5,5,0.005,0.111126280426979,1,99,0.00462012320328542,59,0.595959595959596,54,0.545454545454545,0.0505050505050505,0,45,81,0.0303030303030303,0.121212121212121,99,1,64,39,0.609375,35,20,0.571428571428571,0.545454545454545,0.454545454545455
15__NQ_ONLY__logit__0.5000,2024,TRUE,15,NQ_ONLY,logit,,0.5,0.020600057960635,1,11007,0.521016756603238,5900,0.536022531116562,5819,0.528663577723267,0.00735895339329518,0.0098119378577269,53,313,0.00563277914054693,0.026982829108749,11007,1,9083,4906,0.540129913024331,1924,994,0.516632016632017,0.528663577723267,0.461524484419006
15__NQ_ONLY__logit__0.2000,2024,TRUE,15,NQ_ONLY,logit,,0.2,0.0383675679179894,1,4598,0.217646501940737,2466,0.536320139190953,2434,0.529360591561549,0.00695954762940409,0.00848194867333623,53,313,0.00913440626359287,0.0397999130056546,4598,1,4005,2157,0.538576779026217,593,309,0.521079258010118,0.529360591561549,0.462157459765115
15__NQ_ONLY__logit__0.1000,2024,TRUE,15,NQ_ONLY,logit,,0.1,0.0485724017122832,1,2384,0.112846729148916,1278,0.536073825503356,1272,0.533557046979866,0.00251677852348993,0.00964765100671141,53,308,0.0113255033557047,0.0503355704697987,2384,1,2131,1150,0.539652745190052,253,128,0.505928853754941,0.533557046979866,0.456795302013423
15__NQ_ONLY__logit__0.0500,2024,TRUE,15,NQ_ONLY,logit,,0.05,0.0577455781639126,1,1186,0.0561393543500899,639,0.538785834738617,640,0.539629005059022,-0.000843170320404722,0.0118043844856661,53,281,0.0185497470489039,0.0716694772344014,1186,1,1077,586,0.544103992571959,109,53,0.486238532110092,0.539629005059022,0.448566610455312
15__NQ_ONLY__logit__0.0200,2024,TRUE,15,NQ_ONLY,logit,,0.02,0.0695575847721513,1,463,0.0219161223137366,230,0.496760259179266,236,0.509719222462203,-0.0129589632829374,0.0172786177105832,53,208,0.0323974082073434,0.107991360691145,463,1,432,218,0.50462962962963,31,12,0.387096774193548,0.509719222462203,0.473002159827214
15__NQ_ONLY__logit__0.0100,2024,TRUE,15,NQ_ONLY,logit,,0.01,0.0771143370538576,1,234,0.011076398750355,116,0.495726495726496,118,0.504273504273504,-0.00854700854700855,0.0170940170940171,52,142,0.047008547008547,0.132478632478632,234,1,218,109,0.5,16,7,0.4375,0.504273504273504,0.478632478632479
15__NQ_ONLY__logit__0.0050,2024,TRUE,15,NQ_ONLY,logit,,0.005,0.0840353247081573,1,104,0.00492284388904667,50,0.480769230769231,53,0.509615384615385,-0.0288461538461538,0.00961538461538462,43,82,0.0576923076923077,0.153846153846154,104,1,99,49,0.494949494949495,5,1,0.2,0.509615384615385,0.480769230769231
15__NQ_ONLY__ranger__0.5000,2024,TRUE,15,NQ_ONLY,ranger,,0.5,0.0195240512028344,1,10681,0.505585534412572,5652,0.529163935961052,5617,0.525887089223855,0.00327684673719689,0.0091751708641513,53,313,0.00589832412695441,0.0279936335549106,10681,1,9503,5052,0.531621593181101,1178,600,0.509337860780985,0.525887089223855,0.464937739911993
15__NQ_ONLY__ranger__0.2000,2024,TRUE,15,NQ_ONLY,ranger,,0.2,0.0336714665742447,1,4248,0.201079238852599,2278,0.536252354048964,2228,0.524482109227872,0.0117702448210923,0.00988700564971752,53,308,0.00870998116760829,0.0383709981167608,4248,1,3969,2116,0.533131771227009,279,162,0.580645161290323,0.524482109227872,0.465630885122411
15__NQ_ONLY__ranger__0.1000,2024,TRUE,15,NQ_ONLY,ranger,,0.1,0.0412844472177705,1,2132,0.100918299725457,1161,0.544559099437148,1142,0.535647279549719,0.00891181988742964,0.0103189493433396,53,294,0.0103189493433396,0.0469043151969981,2132,1,2014,1093,0.542701092353525,118,68,0.576271186440678,0.535647279549719,0.454033771106942
15__NQ_ONLY__ranger__0.0500,2024,TRUE,15,NQ_ONLY,ranger,,0.05,0.0479169636917133,1,1086,0.051405850610622,593,0.546040515653775,589,0.542357274401473,0.00368324125230203,0.0119705340699816,53,273,0.0147329650092081,0.0543278084714549,1086,1,1028,562,0.546692607003891,58,31,0.53448275862069,0.542357274401473,0.445672191528545
15__NQ_ONLY__ranger__0.0200,2024,TRUE,15,NQ_ONLY,ranger,,0.02,0.0560612915861262,1,433,0.0204960711918962,243,0.561200923787529,241,0.556581986143187,0.0046189376443418,0.0115473441108545,53,209,0.0138568129330254,0.0623556581986143,433,1,405,228,0.562962962962963,28,15,0.535714285714286,0.556581986143187,0.431870669745958
15__NQ_ONLY__ranger__0.0100,2024,TRUE,15,NQ_ONLY,ranger,,0.01,0.0618191706034494,1,209,0.00989302281548802,111,0.5311004784689,111,0.5311004784689,0,0.0143540669856459,51,142,0.0239234449760766,0.0861244019138756,209,1,189,101,0.534391534391534,20,10,0.5,0.5311004784689,0.454545454545455
15__NQ_ONLY__ranger__0.0050,2024,TRUE,15,NQ_ONLY,ranger,,0.005,0.0676436534761893,1,103,0.00487550885165199,52,0.504854368932039,57,0.553398058252427,-0.0485436893203884,0.00970873786407767,44,87,0.029126213592233,0.116504854368932,103,1,88,47,0.534090909090909,15,5,0.333333333333333,0.553398058252427,0.436893203883495
15__NQ_ONLY__xgb_d2__0.5000,2024,TRUE,15,NQ_ONLY,xgb_d2,2,0.5,0.0192529559135437,1,10617,0.502556092019313,5591,0.526608269756052,5570,0.524630309880381,0.00197795987567109,0.00988979937835547,53,313,0.00593387962701328,0.026843741169822,10617,1,9252,4906,0.530263726761781,1365,685,0.501831501831502,0.524630309880381,0.465479890741264
15__NQ_ONLY__xgb_d2__0.2000,2024,TRUE,15,NQ_ONLY,xgb_d2,2,0.2,0.0354961276054382,1,4237,0.200558553441257,2309,0.5449610573519,2268,0.535284399339155,0.00967665801274487,0.00944064196365353,53,305,0.00849657776728818,0.0375265518055228,4237,1,3937,2140,0.543561087122174,300,169,0.563333333333333,0.535284399339155,0.455274958697191
15__NQ_ONLY__xgb_d2__0.1000,2024,TRUE,15,NQ_ONLY,xgb_d2,2,0.1,0.0432950019836426,1,2160,0.102243680772508,1179,0.545833333333333,1166,0.539814814814815,0.00601851851851852,0.0125,53,296,0.0134259259259259,0.0527777777777778,2160,1,2057,1122,0.545454545454545,103,57,0.553398058252427,0.539814814814815,0.447685185185185
15__NQ_ONLY__xgb_d2__0.0500,2024,TRUE,15,NQ_ONLY,xgb_d2,2,0.05,0.0495718419551849,1,1080,0.0511218403862539,600,0.555555555555556,592,0.548148148148148,0.00740740740740741,0.00925925925925926,53,264,0.0175925925925926,0.062962962962963,1080,1,1028,570,0.554474708171206,52,30,0.576923076923077,0.548148148148148,0.442592592592593
15__NQ_ONLY__xgb_d2__0.0200,2024,TRUE,15,NQ_ONLY,xgb_d2,2,0.02,0.0569947791099548,1,426,0.0201647259301335,232,0.544600938967136,235,0.551643192488263,-0.00704225352112676,0.0117370892018779,53,197,0.0305164319248826,0.0892018779342723,426,1,403,222,0.550868486352357,23,10,0.434782608695652,0.551643192488263,0.436619718309859
15__NQ_ONLY__xgb_d2__0.0100,2024,TRUE,15,NQ_ONLY,xgb_d2,2,0.01,0.061685380935669,1,216,0.0102243680772508,120,0.555555555555556,121,0.560185185185185,-0.00462962962962963,0.0138888888888889,51,130,0.037037037037037,0.125,216,1,201,113,0.562189054726368,15,7,0.466666666666667,0.560185185185185,0.425925925925926
15__NQ_ONLY__xgb_d2__0.0050,2024,TRUE,15,NQ_ONLY,xgb_d2,2,0.005,0.0661039239168166,1,113,0.00534885922559879,68,0.601769911504425,67,0.592920353982301,0.00884955752212389,0.00884955752212389,45,85,0.0353982300884956,0.141592920353982,113,1,106,64,0.60377358490566,7,4,0.571428571428571,0.592920353982301,0.398230088495575
15__NQ_ONLY__xgb_d3__0.5000,2024,TRUE,15,NQ_ONLY,xgb_d3,3,0.5,0.0206170678138733,1,10569,0.500284010224368,5573,0.527296811429653,5534,0.523606774529284,0.003690036900369,0.00946163307786924,53,313,0.00605544516983631,0.0272495032642634,10569,1,8912,4734,0.531193895870736,1657,839,0.506336753168377,0.523606774529284,0.466931592392847
15__NQ_ONLY__xgb_d3__0.2000,2024,TRUE,15,NQ_ONLY,xgb_d3,3,0.2,0.0378481268882752,1,4238,0.200605888478652,2291,0.540585181689476,2247,0.530202925908447,0.0103822557810288,0.00873053327041057,53,307,0.00920245398773006,0.0424728645587541,4238,1,3800,2052,0.54,438,239,0.545662100456621,0.530202925908447,0.461066540821142
15__NQ_ONLY__xgb_d3__0.1000,2024,TRUE,15,NQ_ONLY,xgb_d3,3,0.1,0.047713702917099,1,2064,0.0976995171826186,1127,0.546027131782946,1097,0.531492248062015,0.0145348837209302,0.00968992248062015,53,293,0.0145348837209302,0.061531007751938,2064,1,1882,1022,0.543039319872476,182,105,0.576923076923077,0.531492248062015,0.458817829457364
15__NQ_ONLY__xgb_d3__0.0500,2024,TRUE,15,NQ_ONLY,xgb_d3,3,0.05,0.0559228301048279,1,1071,0.0506958250497018,579,0.540616246498599,566,0.528478057889823,0.0121381886087768,0.0112044817927171,53,264,0.0205415499533147,0.0765639589169001,1071,1,984,529,0.53760162601626,87,50,0.574712643678161,0.528478057889823,0.46031746031746
15__NQ_ONLY__xgb_d3__0.0200,2024,TRUE,15,NQ_ONLY,xgb_d3,3,0.02,0.0648111510276794,1,456,0.0215847770519739,256,0.56140350877193,249,0.546052631578947,0.0153508771929825,0.0109649122807018,53,199,0.0307017543859649,0.107456140350877,456,1,421,235,0.558194774346793,35,21,0.6,0.546052631578947,0.442982456140351
15__NQ_ONLY__xgb_d3__0.0100,2024,TRUE,15,NQ_ONLY,xgb_d3,3,0.01,0.071260199546814,1,230,0.0108870586007763,135,0.586956521739131,135,0.586956521739131,0,0.0130434782608696,52,140,0.0391304347826087,0.121739130434783,230,1,208,124,0.596153846153846,22,11,0.5,0.586956521739131,0.4
15__NQ_ONLY__xgb_d3__0.0050,2024,TRUE,15,NQ_ONLY,xgb_d3,3,0.005,0.077024062871933,1,116,0.00549086433778283,66,0.568965517241379,68,0.586206896551724,-0.0172413793103448,0.0172413793103448,45,90,0.0344827586206897,0.137931034482759,116,1,104,61,0.586538461538462,12,5,0.416666666666667,0.586206896551724,0.396551724137931
15__NQ_ONLY__xgb_d4__0.5000,2024,TRUE,15,NQ_ONLY,xgb_d4,4,0.5,0.0214207768440247,1,10657,0.5044494935151,5646,0.529792624566013,5603,0.525757717931876,0.00403490663413719,0.00994651402833818,53,313,0.0058177723561978,0.0266491507929061,10657,1,8812,4713,0.534838856105311,1845,933,0.505691056910569,0.525757717931876,0.464295768039786
15__NQ_ONLY__xgb_d4__0.2000,2024,TRUE,15,NQ_ONLY,xgb_d4,4,0.2,0.0403439640998841,1,4280,0.202593960049228,2285,0.533878504672897,2256,0.527102803738318,0.00677570093457944,0.00934579439252336,53,309,0.00957943925233645,0.0392523364485981,4280,1,3777,2023,0.535610272703204,503,262,0.520874751491054,0.527102803738318,0.463551401869159
15__NQ_ONLY__xgb_d4__0.1000,2024,TRUE,15,NQ_ONLY,xgb_d4,4,0.1,0.0511700391769409,1,2192,0.103758401969138,1167,0.532390510948905,1140,0.52007299270073,0.0123175182481752,0.010492700729927,53,299,0.0141423357664234,0.0561131386861314,2192,1,1973,1046,0.530157121135327,219,121,0.552511415525114,0.52007299270073,0.469434306569343
15__NQ_ONLY__xgb_d4__0.0500,2024,TRUE,15,NQ_ONLY,xgb_d4,4,0.05,0.0608763754367828,1,1135,0.0537252674429613,604,0.53215859030837,588,0.518061674008811,0.0140969162995595,0.0105726872246696,53,269,0.0176211453744493,0.0713656387665198,1135,1,1028,543,0.528210116731518,107,61,0.570093457943925,0.518061674008811,0.47136563876652
15__NQ_ONLY__xgb_d4__0.0200,2024,TRUE,15,NQ_ONLY,xgb_d4,4,0.02,0.0725511956214904,1,479,0.0226734829120515,247,0.515657620041754,247,0.515657620041754,0,0.0125260960334029,53,208,0.0271398747390397,0.0939457202505219,479,1,433,224,0.517321016166282,46,23,0.5,0.515657620041754,0.471816283924843
15__NQ_ONLY__xgb_d4__0.0100,2024,TRUE,15,NQ_ONLY,xgb_d4,4,0.01,0.0817650043964386,1,224,0.0106030483764082,115,0.513392857142857,117,0.522321428571429,-0.00892857142857143,0.0133928571428571,52,137,0.0357142857142857,0.120535714285714,224,1,204,106,0.519607843137255,20,9,0.45,0.522321428571429,0.464285714285714
15__NQ_ONLY__xgb_d4__0.0050,2024,TRUE,15,NQ_ONLY,xgb_d4,4,0.005,0.0886598938703536,1,129,0.00610621982391366,63,0.488372093023256,64,0.496124031007752,-0.00775193798449612,0.00775193798449612,44,92,0.0232558139534884,0.116279069767442,129,1,114,56,0.491228070175439,15,7,0.466666666666667,0.496124031007752,0.496124031007752
15__NQ_ONLY__xgb_d5__0.5000,2024,TRUE,15,NQ_ONLY,xgb_d5,5,0.5,0.022966742515564,1,10648,0.504023478178548,5563,0.522445529676935,5498,0.516341096919609,0.00610443275732532,0.00939143501126972,53,313,0.00591660405709993,0.0272351615326822,10648,1,8485,4459,0.525515615792575,2163,1104,0.510402219140083,0.516341096919609,0.474267468069121
15__NQ_ONLY__xgb_d5__0.2000,2024,TRUE,15,NQ_ONLY,xgb_d5,5,0.2,0.0444628953933716,1,4296,0.203351320647543,2291,0.53328677839851,2249,0.523510242085661,0.00977653631284916,0.00861266294227188,53,311,0.00931098696461825,0.0388733705772812,4296,1,3611,1932,0.535031847133758,685,359,0.524087591240876,0.523510242085661,0.467877094972067
15__NQ_ONLY__xgb_d5__0.1000,2024,TRUE,15,NQ_ONLY,xgb_d5,5,0.1,0.0577653527259827,1,2135,0.101060304837641,1151,0.539110070257611,1124,0.526463700234192,0.0126463700234192,0.00843091334894614,53,301,0.0135831381733021,0.0519906323185012,2135,1,1846,995,0.539003250270856,289,156,0.539792387543253,0.526463700234192,0.465105386416862
15__NQ_ONLY__xgb_d5__0.0500,2024,TRUE,15,NQ_ONLY,xgb_d5,5,0.05,0.0688111722469328,1,1106,0.0523525513585156,611,0.55244122965642,589,0.53254972875226,0.0198915009041591,0.0108499095840868,53,277,0.0162748643761302,0.0650994575045208,1106,1,947,521,0.550158394931362,159,90,0.566037735849057,0.53254972875226,0.456600361663653
15__NQ_ONLY__xgb_d5__0.0200,2024,TRUE,15,NQ_ONLY,xgb_d5,5,0.02,0.0831488490104675,1,424,0.0200700558553441,238,0.561320754716981,237,0.558962264150943,0.00235849056603774,0.00707547169811321,53,203,0.0212264150943396,0.0943396226415094,424,1,375,213,0.568,49,25,0.510204081632653,0.558962264150943,0.433962264150943
15__NQ_ONLY__xgb_d5__0.0100,2024,TRUE,15,NQ_ONLY,xgb_d5,5,0.01,0.0921865272521973,1,223,0.0105557133390135,122,0.547085201793722,124,0.556053811659193,-0.00896860986547085,0.00448430493273543,51,138,0.0269058295964126,0.116591928251121,223,1,193,108,0.559585492227979,30,14,0.466666666666667,0.556053811659193,0.439461883408072
15__NQ_ONLY__xgb_d5__0.0050,2024,TRUE,15,NQ_ONLY,xgb_d5,5,0.005,0.100619324445724,1,115,0.00544352930038815,58,0.504347826086957,63,0.547826086956522,-0.0434782608695652,0.00869565217391304,47,82,0.0434782608695652,0.173913043478261,115,1,98,52,0.530612244897959,17,6,0.352941176470588,0.547826086956522,0.443478260869565
15__NQ_ES__logit__0.5000,2024,TRUE,15,NQ_ES,logit,,0.5,0.0210889034660325,1,10576,0.500615355486131,5614,0.530824508320726,5527,0.522598335854766,0.00822617246596067,0.010590015128593,53,313,0.0056732223903177,0.0279878971255673,10576,1,8345,4464,0.534931096464949,2231,1150,0.515463917525773,0.522598335854766,0.466811649016642
15__NQ_ES__logit__0.2000,2024,TRUE,15,NQ_ES,logit,,0.2,0.0394667138731972,1,4309,0.203966676133674,2338,0.542585286609422,2288,0.530981666279879,0.0116036203295428,0.00858667904386168,53,313,0.00928289626363425,0.0427013228127176,4309,1,3607,1965,0.544774050457444,702,373,0.531339031339031,0.530981666279879,0.460431654676259
15__NQ_ES__logit__0.1000,2024,TRUE,15,NQ_ES,logit,,0.1,0.050277321791623,1,2206,0.104421092492663,1167,0.529011786038078,1166,0.528558476881233,0.000453309156844968,0.0099728014505893,53,305,0.0131459655485041,0.0562103354487761,2206,1,1887,1008,0.534181240063593,319,159,0.498432601880878,0.528558476881233,0.461468721668178
15__NQ_ES__logit__0.0500,2024,TRUE,15,NQ_ES,logit,,0.05,0.0601708155273333,1,1099,0.0520212060967528,576,0.524112829845314,576,0.524112829845314,0,0.0145586897179254,53,279,0.0181983621474067,0.0764331210191083,1099,1,949,502,0.528977871443625,150,74,0.493333333333333,0.524112829845314,0.461328480436761
15__NQ_ES__logit__0.0200,2024,TRUE,15,NQ_ES,logit,,0.02,0.0718969869462992,1,414,0.0195967054813973,207,0.5,214,0.516908212560387,-0.0169082125603865,0.0193236714975845,53,192,0.0338164251207729,0.111111111111111,414,1,367,187,0.509536784741144,47,20,0.425531914893617,0.516908212560387,0.463768115942029
15__NQ_ES__logit__0.0100,2024,TRUE,15,NQ_ES,logit,,0.01,0.0800656882150027,1,204,0.00965634762851463,105,0.514705882352941,116,0.568627450980392,-0.053921568627451,0.00980392156862745,48,124,0.0637254901960784,0.156862745098039,204,1,177,97,0.548022598870056,27,8,0.296296296296296,0.568627450980392,0.42156862745098
15__NQ_ES__logit__0.0050,2024,TRUE,15,NQ_ES,logit,,0.005,0.08827102341582,1,102,0.00482817381425731,51,0.5,57,0.558823529411765,-0.0588235294117647,0.00980392156862745,39,76,0.0686274509803922,0.176470588235294,102,1,90,48,0.533333333333333,12,3,0.25,0.558823529411765,0.431372549019608
15__NQ_ES__ranger__0.5000,2024,TRUE,15,NQ_ES,ranger,,0.5,0.0190518970563262,1,10552,0.499479314588659,5548,0.525777103866566,5507,0.521891584533738,0.0038855193328279,0.00995072024260804,53,313,0.00597043214556482,0.0270090978013647,10552,1,8982,4753,0.529169450011133,1570,795,0.506369426751592,0.521891584533738,0.468157695223654
15__NQ_ES__ranger__0.2000,2024,TRUE,15,NQ_ES,ranger,,0.2,0.0333565231586062,1,4293,0.203209315535359,2294,0.534358257628698,2278,0.530631260191009,0.00372699743768926,0.00908455625436758,53,311,0.00931749359422315,0.0395993477754484,4293,1,3882,2083,0.536579082946935,411,211,0.51338199513382,0.530631260191009,0.460284183554624
15__NQ_ES__ranger__0.1000,2024,TRUE,15,NQ_ES,ranger,,0.1,0.0413059993566881,1,2146,0.101580990248982,1164,0.542404473438956,1132,0.527493010251631,0.0149114631873253,0.00931966449207829,53,295,0.0125815470643057,0.0503261882572227,2146,1,1981,1067,0.538616860171631,165,97,0.587878787878788,0.527493010251631,0.463187325256291
15__NQ_ES__ranger__0.0500,2024,TRUE,15,NQ_ES,ranger,,0.05,0.0477992848544472,1,1052,0.0497964593392029,579,0.550380228136882,577,0.548479087452472,0.00190114068441065,0.0104562737642586,53,264,0.0152091254752852,0.0560836501901141,1052,1,971,538,0.554067971163749,81,41,0.506172839506173,0.548479087452472,0.44106463878327
15__NQ_ES__ranger__0.0200,2024,TRUE,15,NQ_ES,ranger,,0.02,0.0550279542758157,1,393,0.0186026696961091,219,0.557251908396947,213,0.541984732824428,0.0152671755725191,0.0152671755725191,52,190,0.0203562340966921,0.0763358778625954,393,1,353,196,0.555240793201133,40,23,0.575,0.541984732824428,0.442748091603053
15__NQ_ES__ranger__0.0100,2024,TRUE,15,NQ_ES,ranger,,0.01,0.0591069510514043,1,200,0.00946700747893591,112,0.56,115,0.575,-0.015,0.01,51,126,0.025,0.095,200,1,173,100,0.578034682080925,27,12,0.444444444444444,0.575,0.415
15__NQ_ES__ranger__0.0050,2024,TRUE,15,NQ_ES,ranger,,0.005,0.0626991920892748,1,103,0.00487550885165199,57,0.553398058252427,63,0.611650485436893,-0.058252427184466,0.00970873786407767,46,78,0.0388349514563107,0.145631067961165,103,1,87,52,0.597701149425287,16,5,0.3125,0.611650485436893,0.378640776699029
15__NQ_ES__xgb_d2__0.5000,2024,TRUE,15,NQ_ES,xgb_d2,2,0.5,0.0188671350479126,1,10644,0.503834138028969,5583,0.524520856820744,5542,0.520668921458099,0.00385193536264562,0.00958286358511838,53,313,0.00610672679443818,0.0279030439684329,10644,1,8707,4605,0.528884805329046,1937,978,0.504904491481673,0.520668921458099,0.469748214956783
15__NQ_ES__xgb_d2__0.2000,2024,TRUE,15,NQ_ES,xgb_d2,2,0.2,0.0348374724388123,1,4277,0.202451954937044,2328,0.544306757072715,2276,0.532148702361468,0.0121580547112462,0.00911854103343465,53,309,0.00911854103343465,0.0427870002338087,4277,1,3787,2059,0.543702138896224,490,269,0.548979591836735,0.532148702361468,0.458732756605097
15__NQ_ES__xgb_d2__0.1000,2024,TRUE,15,NQ_ES,xgb_d2,2,0.1,0.043334949016571,1,2086,0.0987408880053015,1124,0.538830297219559,1095,0.524928092042186,0.013902205177373,0.0100671140939597,53,299,0.013902205177373,0.0594439117929051,2086,1,1882,1009,0.536131774707758,204,115,0.563725490196078,0.524928092042186,0.465004793863854
15__NQ_ES__xgb_d2__0.0500,2024,TRUE,15,NQ_ES,xgb_d2,2,0.05,0.0497960746288299,1,1019,0.0482344031051785,542,0.53189401373896,538,0.527968596663396,0.00392541707556428,0.00785083415112856,53,263,0.0176643768400393,0.0775269872423945,1019,1,927,494,0.532901833872708,92,48,0.521739130434783,0.527968596663396,0.464180569185476
15__NQ_ES__xgb_d2__0.0200,2024,TRUE,15,NQ_ES,xgb_d2,2,0.02,0.0565703439712524,1,399,0.0188866799204771,229,0.573934837092732,224,0.56140350877193,0.012531328320802,0.0075187969924812,53,178,0.0300751879699248,0.112781954887218,399,1,362,208,0.574585635359116,37,21,0.567567567567568,0.56140350877193,0.431077694235589
15__NQ_ES__xgb_d2__0.0100,2024,TRUE,15,NQ_ES,xgb_d2,2,0.01,0.0612821519374847,1,193,0.00913566221717315,104,0.538860103626943,106,0.549222797927461,-0.0103626943005181,0.00518134715025907,52,117,0.0310880829015544,0.139896373056995,193,1,173,95,0.549132947976879,20,9,0.45,0.549222797927461,0.44559585492228
15__NQ_ES__xgb_d2__0.0050,2024,TRUE,15,NQ_ES,xgb_d2,2,0.005,0.0649356245994568,1,100,0.00473350373946795,53,0.53,55,0.55,-0.02,0,40,72,0.05,0.18,100,1,88,48,0.545454545454545,12,5,0.416666666666667,0.55,0.45
15__NQ_ES__xgb_d3__0.5000,2024,TRUE,15,NQ_ES,xgb_d3,3,0.5,0.0202422142028809,1,10758,0.509230332291963,5592,0.519799219185722,5594,0.519985127347091,-0.000185908161368284,0.0107826733593605,53,313,0.00576315300241681,0.0274214538018219,10758,1,8403,4432,0.527430679519219,2355,1160,0.492569002123142,0.519985127347091,0.469232199293549
15__NQ_ES__xgb_d3__0.2000,2024,TRUE,15,NQ_ES,xgb_d3,3,0.2,0.0379260540008545,1,4301,0.203587995834517,2310,0.537084398976982,2258,0.52499418739828,0.0120902115787026,0.0106951871657754,53,312,0.00883515461520577,0.0404557079748896,4301,1,3597,1937,0.538504309146511,704,373,0.529829545454545,0.52499418739828,0.464310625435945
15__NQ_ES__xgb_d3__0.1000,2024,TRUE,15,NQ_ES,xgb_d3,3,0.1,0.0474991679191589,1,2230,0.105557133390135,1168,0.523766816143498,1155,0.517937219730942,0.00582959641255605,0.0112107623318386,53,302,0.0103139013452915,0.0484304932735426,2230,1,1886,991,0.525450689289502,344,177,0.51453488372093,0.517937219730942,0.47085201793722
15__NQ_ES__xgb_d3__0.0500,2024,TRUE,15,NQ_ES,xgb_d3,3,0.05,0.0554940700531006,1,1130,0.0534885922559879,610,0.539823008849558,606,0.536283185840708,0.00353982300884956,0.0106194690265487,53,276,0.0150442477876106,0.0619469026548673,1130,1,943,515,0.546129374337222,187,95,0.508021390374332,0.536283185840708,0.453097345132743
15__NQ_ES__xgb_d3__0.0200,2024,TRUE,15,NQ_ES,xgb_d3,3,0.02,0.0650615787506103,1,422,0.0199753857805548,235,0.556872037914692,237,0.561611374407583,-0.004739336492891,0.0118483412322275,53,195,0.0165876777251185,0.0758293838862559,422,1,349,200,0.573065902578797,73,35,0.479452054794521,0.561611374407583,0.42654028436019
15__NQ_ES__xgb_d3__0.0100,2024,TRUE,15,NQ_ES,xgb_d3,3,0.01,0.0710632371902466,1,212,0.0100350279276721,116,0.547169811320755,114,0.537735849056604,0.00943396226415094,0.0188679245283019,50,131,0.0235849056603774,0.117924528301887,212,1,169,94,0.556213017751479,43,22,0.511627906976744,0.537735849056604,0.443396226415094
15__NQ_ES__xgb_d3__0.0050,2024,TRUE,15,NQ_ES,xgb_d3,3,0.005,0.0760364961624145,1,123,0.00582220959954558,70,0.569105691056911,62,0.504065040650406,0.0650406504065041,0,43,87,0.032520325203252,0.154471544715447,123,1,95,52,0.547368421052632,28,18,0.642857142857143,0.504065040650406,0.495934959349594
15__NQ_ES__xgb_d4__0.5000,2024,TRUE,15,NQ_ES,xgb_d4,4,0.5,0.0219658613204956,1,10785,0.510508378301619,5634,0.522392211404729,5606,0.519796012980992,0.00259619842373667,0.0108484005563282,53,313,0.00547056096430227,0.0268891979601298,10785,1,8078,4285,0.53045308244615,2707,1349,0.498337643147396,0.519796012980992,0.46935558646268
15__NQ_ES__xgb_d4__0.2000,2024,TRUE,15,NQ_ES,xgb_d4,4,0.2,0.0409326910972595,1,4338,0.20533939221812,2307,0.531811894882434,2288,0.527431996311664,0.00437989857076994,0.0110650069156293,53,311,0.00945136007376671,0.0419548178884278,4338,1,3433,1850,0.538887270608797,905,457,0.504972375690608,0.527431996311664,0.461502996772706
15__NQ_ES__xgb_d4__0.1000,2024,TRUE,15,NQ_ES,xgb_d4,4,0.1,0.0516081690788269,1,2187,0.103521726782164,1141,0.521719250114312,1129,0.51623228166438,0.00548696844993141,0.0123456790123457,53,299,0.0137174211248285,0.056241426611797,2187,1,1743,915,0.524956970740103,444,226,0.509009009009009,0.51623228166438,0.471422039323274
15__NQ_ES__xgb_d4__0.0500,2024,TRUE,15,NQ_ES,xgb_d4,4,0.05,0.0604974001646042,1,1130,0.0534885922559879,608,0.538053097345133,593,0.524778761061947,0.0132743362831858,0.0115044247787611,53,273,0.0194690265486726,0.0743362831858407,1130,1,888,480,0.540540540540541,242,128,0.528925619834711,0.524778761061947,0.463716814159292
15__NQ_ES__xgb_d4__0.0200,2024,TRUE,15,NQ_ES,xgb_d4,4,0.02,0.0710577583312987,1,474,0.0224368077250781,259,0.546413502109705,259,0.546413502109705,0,0.0126582278481013,53,210,0.0232067510548523,0.0928270042194093,474,1,353,199,0.563739376770538,121,60,0.495867768595041,0.546413502109705,0.440928270042194
15__NQ_ES__xgb_d4__0.0100,2024,TRUE,15,NQ_ES,xgb_d4,4,0.01,0.0785024130344391,1,249,0.0117864243112752,146,0.586345381526104,136,0.546184738955823,0.0401606425702811,0.0160642570281124,53,142,0.0281124497991968,0.120481927710843,249,1,166,100,0.602409638554217,83,46,0.55421686746988,0.546184738955823,0.437751004016064
15__NQ_ES__xgb_d4__0.0050,2024,TRUE,15,NQ_ES,xgb_d4,4,0.005,0.0861144697666167,1,124,0.00586954463694026,70,0.564516129032258,68,0.548387096774194,0.0161290322580645,0,48,90,0.0403225806451613,0.145161290322581,124,1,80,47,0.5875,44,23,0.522727272727273,0.548387096774194,0.451612903225806
15__NQ_ES__xgb_d5__0.5000,2024,TRUE,15,NQ_ES,xgb_d5,5,0.5,0.0226212739944458,1,10903,0.516093912714191,5696,0.522425020636522,5660,0.519123177107218,0.00330184352930386,0.0110061450976795,53,313,0.00632853343116573,0.0286159772539668,10903,1,7953,4224,0.531120331950207,2950,1472,0.498983050847458,0.519123177107218,0.469870677795102
15__NQ_ES__xgb_d5__0.2000,2024,TRUE,15,NQ_ES,xgb_d5,5,0.2,0.0440205216407776,1,4449,0.210593581368929,2362,0.530905821532929,2330,0.523713193976175,0.00719262755675433,0.00966509327938863,53,311,0.00944032366824005,0.0422566868959317,4449,1,3397,1827,0.537827494848396,1052,535,0.508555133079848,0.523713193976175,0.466621712744437
15__NQ_ES__xgb_d5__0.1000,2024,TRUE,15,NQ_ES,xgb_d5,5,0.1,0.0569431066513062,1,2209,0.104563097604847,1191,0.539157990040742,1155,0.52286102308737,0.0162969669533726,0.009506564056134,53,302,0.012675418741512,0.0534178361249434,2209,1,1708,925,0.541569086651054,501,266,0.530938123752495,0.52286102308737,0.467632412856496
15__NQ_ES__xgb_d5__0.0500,2024,TRUE,15,NQ_ES,xgb_d5,5,0.05,0.068544065952301,1,1096,0.0518792009845688,595,0.542883211678832,568,0.518248175182482,0.0246350364963504,0.010036496350365,53,285,0.0164233576642336,0.0702554744525547,1096,1,838,454,0.541766109785203,258,141,0.546511627906977,0.518248175182482,0.471715328467153
15__NQ_ES__xgb_d5__0.0200,2024,TRUE,15,NQ_ES,xgb_d5,5,0.02,0.081422643661499,1,452,0.0213954369023952,262,0.579646017699115,241,0.533185840707965,0.0464601769911505,0.00884955752212389,53,219,0.0199115044247788,0.0884955752212389,452,1,332,192,0.578313253012048,120,70,0.583333333333333,0.533185840707965,0.457964601769912
15__NQ_ES__xgb_d5__0.0100,2024,TRUE,15,NQ_ES,xgb_d5,5,0.01,0.090449697971344,1,239,0.0113130739373284,136,0.569037656903766,132,0.552301255230126,0.0167364016736402,0.00836820083682008,52,151,0.0292887029288703,0.112970711297071,239,1,175,102,0.582857142857143,64,34,0.53125,0.552301255230126,0.439330543933054
15__NQ_ES__xgb_d5__0.0050,2024,TRUE,15,NQ_ES,xgb_d5,5,0.005,0.0996949219703672,1,116,0.00549086433778283,66,0.568965517241379,67,0.577586206896552,-0.00862068965517241,0.0172413793103448,47,91,0.0344827586206897,0.146551724137931,116,1,79,48,0.607594936708861,37,18,0.486486486486487,0.577586206896552,0.405172413793103
30__NQ_ONLY__logit__0.5000,2024,TRUE,30,NQ_ONLY,logit,,0.5,0.0193892460367969,1,10968,0.528578313253012,5802,0.528993435448578,5803,0.529084609773888,-9.11743253099927e-05,0.00665572574762947,53,313,0.00638220277169949,0.0298140043763676,6857,0.62518234865062,10051,5347,0.53198686697841,917,455,0.49618320610687,0.529084609773888,0.464259664478483
30__NQ_ONLY__logit__0.2000,2024,TRUE,30,NQ_ONLY,logit,,0.2,0.0363115889286112,1,4493,0.216530120481928,2438,0.542621856220788,2446,0.54440240373915,-0.0017805475183619,0.00467393723569998,53,309,0.012241264188738,0.0496327620743379,3151,0.701313153794792,4321,2356,0.545244156445267,172,82,0.476744186046512,0.54440240373915,0.45092365902515
30__NQ_ONLY__logit__0.1000,2024,TRUE,30,NQ_ONLY,logit,,0.1,0.0460144577841392,1,2216,0.106795180722892,1228,0.554151624548736,1237,0.558212996389892,-0.00406137184115523,0.0036101083032491,53,276,0.01985559566787,0.0767148014440433,1625,0.733303249097473,2141,1195,0.558150397010743,75,33,0.44,0.558212996389892,0.438176895306859
30__NQ_ONLY__logit__0.0500,2024,TRUE,30,NQ_ONLY,logit,,0.05,0.0545110971848012,1,1093,0.0526746987951807,595,0.544373284537969,600,0.548947849954254,-0.00457456541628545,0.00182982616651418,52,226,0.0283623055809698,0.112534309240622,826,0.755718206770357,1052,577,0.548479087452472,41,18,0.439024390243902,0.548947849954254,0.449222323879232
30__NQ_ONLY__logit__0.0200,2024,TRUE,30,NQ_ONLY,logit,,0.02,0.0649033958441978,1,449,0.0216385542168675,240,0.534521158129176,237,0.527839643652561,0.0066815144766147,0.0044543429844098,50,142,0.0467706013363029,0.193763919821826,352,0.783964365256125,428,228,0.532710280373832,21,12,0.571428571428571,0.527839643652561,0.467706013363029
30__NQ_ONLY__logit__0.0100,2024,TRUE,30,NQ_ONLY,logit,,0.01,0.0723205903605603,1,230,0.0110843373493976,131,0.569565217391304,126,0.547826086956522,0.0217391304347826,0,43,88,0.0695652173913044,0.269565217391304,182,0.791304347826087,215,121,0.562790697674419,15,10,0.666666666666667,0.547826086956522,0.452173913043478
30__NQ_ONLY__logit__0.0050,2024,TRUE,30,NQ_ONLY,logit,,0.005,0.0790344331047083,1,131,0.00631325301204819,74,0.564885496183206,73,0.557251908396947,0.00763358778625954,0,34,58,0.106870229007634,0.343511450381679,110,0.83969465648855,122,69,0.565573770491803,9,5,0.555555555555556,0.557251908396947,0.442748091603053
30__NQ_ONLY__ranger__0.5000,2024,TRUE,30,NQ_ONLY,ranger,,0.5,0.0195804778953941,1,10146,0.488963855421687,5400,0.532229450029568,5389,0.531145278927656,0.00108417110191208,0.00591366055588409,53,311,0.00601222156514883,0.0287798147053026,6017,0.59304159274591,9837,5240,0.532682728474128,309,160,0.517799352750809,0.531145278927656,0.46294106051646
30__NQ_ONLY__ranger__0.2000,2024,TRUE,30,NQ_ONLY,ranger,,0.2,0.0334866870579116,1,4324,0.208385542168675,2380,0.550416281221092,2374,0.549028677150786,0.00138760407030527,0.00508788159111933,53,297,0.00971322849213691,0.0402405180388529,2954,0.683163737280296,4224,2327,0.550899621212121,100,53,0.53,0.549028677150786,0.445883441258094
30__NQ_ONLY__ranger__0.1000,2024,TRUE,30,NQ_ONLY,ranger,,0.1,0.0409867137641587,1,2063,0.099421686746988,1129,0.547261269995153,1129,0.547261269995153,0,0.0058167716917111,53,274,0.015026660203587,0.0668928744546777,1548,0.750363548230732,2011,1103,0.548483341621084,52,26,0.5,0.547261269995153,0.446921958313136
30__NQ_ONLY__ranger__0.0500,2024,TRUE,30,NQ_ONLY,ranger,,0.05,0.0481797748038453,1,1017,0.0490120481927711,574,0.56440511307768,577,0.567354965585054,-0.00294985250737463,0.00688298918387414,53,244,0.0235988200589971,0.105211406096362,794,0.780727630285153,982,558,0.568228105906314,35,16,0.457142857142857,0.567354965585054,0.425762045231072
30__NQ_ONLY__ranger__0.0200,2024,TRUE,30,NQ_ONLY,ranger,,0.02,0.0576940907827841,1,389,0.0187469879518072,229,0.588688946015424,229,0.588688946015424,0,0.0051413881748072,49,148,0.0437017994858612,0.182519280205656,313,0.804627249357326,369,219,0.59349593495935,20,10,0.5,0.588688946015424,0.406169665809769
30__NQ_ONLY__ranger__0.0100,2024,TRUE,30,NQ_ONLY,ranger,,0.01,0.0647529833179448,1,185,0.00891566265060241,101,0.545945945945946,101,0.545945945945946,0,0.00540540540540541,45,91,0.0648648648648649,0.232432432432432,153,0.827027027027027,169,93,0.550295857988166,16,8,0.5,0.545945945945946,0.448648648648649
30__NQ_ONLY__ranger__0.0050,2024,TRUE,30,NQ_ONLY,ranger,,0.005,0.0716810145466718,1,94,0.00453012048192771,52,0.553191489361702,51,0.542553191489362,0.0106382978723404,0,35,60,0.074468085106383,0.25531914893617,83,0.882978723404255,79,44,0.556962025316456,15,8,0.533333333333333,0.542553191489362,0.457446808510638
30__NQ_ONLY__xgb_d2__0.5000,2024,TRUE,30,NQ_ONLY,xgb_d2,2,0.5,0.0198931396007538,1,10203,0.491710843373494,5475,0.536606880329315,5457,0.534842693325493,0.00176418700382241,0.00646868568068215,53,311,0.00627266490247966,0.0292070959521709,6008,0.588846417720278,9783,5256,0.537258509659614,420,219,0.521428571428571,0.534842693325493,0.458688620993825
30__NQ_ONLY__xgb_d2__0.2000,2024,TRUE,30,NQ_ONLY,xgb_d2,2,0.2,0.0346366286277771,1,4271,0.205831325301205,2342,0.548349332708968,2324,0.544134863029735,0.00421446967923203,0.00515101849683915,53,298,0.0112385858112854,0.0461250292671506,2971,0.695621634277687,4127,2261,0.547855585170826,144,81,0.5625,0.544134863029735,0.450714118473425
30__NQ_ONLY__xgb_d2__0.1000,2024,TRUE,30,NQ_ONLY,xgb_d2,2,0.1,0.0433556735515595,1,2130,0.102650602409639,1194,0.56056338028169,1181,0.554460093896714,0.00610328638497653,0.00375586854460094,53,290,0.0169014084507042,0.0699530516431925,1648,0.773708920187794,2065,1155,0.559322033898305,65,39,0.6,0.554460093896714,0.441784037558685
30__NQ_ONLY__xgb_d2__0.0500,2024,TRUE,30,NQ_ONLY,xgb_d2,2,0.05,0.0501631438732147,1,1094,0.0527228915662651,614,0.561243144424132,608,0.555758683729433,0.00548446069469835,0.00548446069469835,53,252,0.0246800731261426,0.110603290676417,884,0.808043875685558,1056,592,0.560606060606061,38,22,0.578947368421053,0.555758683729433,0.438756855575868
30__NQ_ONLY__xgb_d2__0.0200,2024,TRUE,30,NQ_ONLY,xgb_d2,2,0.02,0.0576639592647553,1,423,0.0203855421686747,244,0.576832151300236,244,0.576832151300236,0,0.00472813238770686,52,167,0.0401891252955083,0.1725768321513,361,0.853427895981088,403,234,0.580645161290323,20,10,0.5,0.576832151300236,0.418439716312057
30__NQ_ONLY__xgb_d2__0.0100,2024,TRUE,30,NQ_ONLY,xgb_d2,2,0.01,0.0617753434181213,1,224,0.0107951807228916,123,0.549107142857143,124,0.553571428571429,-0.00446428571428571,0,47,106,0.0625,0.214285714285714,200,0.892857142857143,211,117,0.554502369668246,13,6,0.461538461538462,0.553571428571429,0.446428571428571
30__NQ_ONLY__xgb_d2__0.0050,2024,TRUE,30,NQ_ONLY,xgb_d2,2,0.005,0.0661017832159997,1,119,0.00573493975903614,61,0.512605042016807,63,0.529411764705882,-0.0168067226890756,0,34,64,0.0672268907563025,0.252100840336134,104,0.873949579831933,113,59,0.52212389380531,6,2,0.333333333333333,0.529411764705882,0.470588235294118
30__NQ_ONLY__xgb_d3__0.5000,2024,TRUE,30,NQ_ONLY,xgb_d3,3,0.5,0.0201112329959869,1,10404,0.501397590361446,5525,0.531045751633987,5548,0.533256439830834,-0.00221068819684737,0.0066320645905421,53,312,0.0063437139561707,0.0298923490965013,6307,0.606209150326797,9519,5096,0.535350351927724,885,429,0.484745762711864,0.533256439830834,0.460111495578624
30__NQ_ONLY__xgb_d3__0.2000,2024,TRUE,30,NQ_ONLY,xgb_d3,3,0.2,0.0372907757759094,1,4306,0.207518072289157,2347,0.545053413841152,2344,0.544356711565258,0.000696702275894101,0.00603808639108221,53,298,0.0111472364143056,0.0462145843009754,3000,0.696702275894101,4069,2227,0.547308921110838,237,120,0.506329113924051,0.544356711565258,0.44960520204366
30__NQ_ONLY__xgb_d3__0.1000,2024,TRUE,30,NQ_ONLY,xgb_d3,3,0.1,0.0475435554981232,1,2198,0.105927710843373,1217,0.55368516833485,1212,0.551410373066424,0.00227479526842584,0.00454959053685168,53,279,0.0172884440400364,0.0673339399454049,1651,0.751137397634213,2075,1153,0.55566265060241,123,64,0.520325203252033,0.551410373066424,0.444040036396724
30__NQ_ONLY__xgb_d3__0.0500,2024,TRUE,30,NQ_ONLY,xgb_d3,3,0.05,0.0563345342874527,1,1104,0.0532048192771084,614,0.556159420289855,608,0.550724637681159,0.00543478260869565,0.0036231884057971,53,241,0.0226449275362319,0.105978260869565,881,0.798007246376812,1026,572,0.557504873294347,78,42,0.538461538461538,0.550724637681159,0.445652173913043
30__NQ_ONLY__xgb_d3__0.0200,2024,TRUE,30,NQ_ONLY,xgb_d3,3,0.02,0.0668543004989624,1,447,0.0215421686746988,260,0.58165548098434,256,0.572706935123042,0.00894854586129754,0.00447427293064877,53,161,0.0447427293064877,0.192393736017897,368,0.823266219239374,405,237,0.585185185185185,42,23,0.547619047619048,0.572706935123042,0.422818791946309
30__NQ_ONLY__xgb_d3__0.0100,2024,TRUE,30,NQ_ONLY,xgb_d3,3,0.01,0.0743743872642517,1,202,0.00973493975903614,119,0.589108910891089,117,0.579207920792079,0.0099009900990099,0.00495049504950495,45,92,0.0742574257425743,0.287128712871287,173,0.856435643564356,174,104,0.597701149425287,28,15,0.535714285714286,0.579207920792079,0.415841584158416
30__NQ_ONLY__xgb_d3__0.0050,2024,TRUE,30,NQ_ONLY,xgb_d3,3,0.005,0.0795755872130397,1,110,0.00530120481927711,64,0.581818181818182,62,0.563636363636364,0.0181818181818182,0,37,59,0.0727272727272727,0.3,94,0.854545454545455,88,52,0.590909090909091,22,12,0.545454545454545,0.563636363636364,0.436363636363636
30__NQ_ONLY__xgb_d4__0.5000,2024,TRUE,30,NQ_ONLY,xgb_d4,4,0.5,0.0207152664661407,1,10398,0.50110843373494,5481,0.527120600115407,5447,0.523850740527024,0.00326985958838238,0.00663589151759954,53,313,0.00586651279092133,0.0288517022504328,6431,0.618484323908444,9155,4845,0.529219006007646,1243,636,0.511665325824618,0.523850740527024,0.469513367955376
30__NQ_ONLY__xgb_d4__0.2000,2024,TRUE,30,NQ_ONLY,xgb_d4,4,0.2,0.0398254632949829,1,4361,0.210168674698795,2359,0.540930979133226,2350,0.538867232286173,0.00206374684705343,0.00642054574638844,53,301,0.00940151341435451,0.0405870213253841,3052,0.69983948635634,4065,2207,0.542927429274293,296,152,0.513513513513514,0.538867232286173,0.454712221967439
30__NQ_ONLY__xgb_d4__0.1000,2024,TRUE,30,NQ_ONLY,xgb_d4,4,0.1,0.0520402193069458,1,2136,0.102939759036145,1182,0.553370786516854,1176,0.550561797752809,0.00280898876404494,0.00655430711610487,53,284,0.0135767790262172,0.0622659176029963,1624,0.760299625468165,1987,1105,0.556114745848012,149,77,0.516778523489933,0.550561797752809,0.442883895131086
30__NQ_ONLY__xgb_d4__0.0500,2024,TRUE,30,NQ_ONLY,xgb_d4,4,0.05,0.0624874591827392,1,1067,0.051421686746988,634,0.5941893158388,627,0.587628865979382,0.00656044985941893,0.0028116213683224,53,243,0.0224929709465792,0.101218369259606,855,0.801312089971884,984,589,0.598577235772358,83,45,0.542168674698795,0.587628865979382,0.409559512652296
30__NQ_ONLY__xgb_d4__0.0200,2024,TRUE,30,NQ_ONLY,xgb_d4,4,0.02,0.0765214693546295,1,405,0.0195180722891566,247,0.609876543209877,234,0.577777777777778,0.0320987654320988,0.00246913580246914,53,149,0.037037037037037,0.167901234567901,341,0.841975308641975,356,216,0.606741573033708,49,31,0.63265306122449,0.577777777777778,0.419753086419753
30__NQ_ONLY__xgb_d4__0.0100,2024,TRUE,30,NQ_ONLY,xgb_d4,4,0.01,0.0860833925008774,1,186,0.00896385542168675,112,0.602150537634409,108,0.580645161290323,0.021505376344086,0,44,91,0.0537634408602151,0.21505376344086,165,0.887096774193548,158,96,0.607594936708861,28,16,0.571428571428571,0.580645161290323,0.419354838709677
30__NQ_ONLY__xgb_d4__0.0050,2024,TRUE,30,NQ_ONLY,xgb_d4,4,0.005,0.0942478784918787,1,90,0.00433734939759036,53,0.588888888888889,55,0.611111111111111,-0.0222222222222222,0,37,61,0.0555555555555556,0.2,85,0.944444444444444,76,47,0.618421052631579,14,6,0.428571428571429,0.611111111111111,0.388888888888889
30__NQ_ONLY__xgb_d5__0.5000,2024,TRUE,30,NQ_ONLY,xgb_d5,5,0.5,0.0217949748039246,1,10406,0.501493975903614,5506,0.529117816644244,5523,0.530751489525274,-0.00163367288103018,0.00711128195271959,53,313,0.00634249471458774,0.029982702287142,6537,0.628195271958485,8810,4720,0.535754824063564,1596,786,0.492481203007519,0.530751489525274,0.462137228522007
30__NQ_ONLY__xgb_d5__0.2000,2024,TRUE,30,NQ_ONLY,xgb_d5,5,0.2,0.0428016185760498,1,4338,0.209060240963855,2337,0.538727524204703,2345,0.540571692023974,-0.00184416781927155,0.00599354541263255,53,300,0.00945136007376671,0.0410327339787921,3131,0.721761180267404,3903,2124,0.544196771714066,435,213,0.489655172413793,0.540571692023974,0.453434762563393
30__NQ_ONLY__xgb_d5__0.1000,2024,TRUE,30,NQ_ONLY,xgb_d5,5,0.1,0.0568518519401551,1,2112,0.10178313253012,1175,0.556344696969697,1164,0.551136363636364,0.00520833333333333,0.00473484848484849,53,283,0.0123106060606061,0.0568181818181818,1655,0.783617424242424,1908,1068,0.559748427672956,204,107,0.524509803921569,0.551136363636364,0.444128787878788
30__NQ_ONLY__xgb_d5__0.0500,2024,TRUE,30,NQ_ONLY,xgb_d5,5,0.05,0.06886186003685,1,1058,0.0509879518072289,601,0.568052930056711,586,0.553875236294896,0.0141776937618147,0.00756143667296786,53,242,0.0217391304347826,0.0916824196597354,885,0.83648393194707,944,537,0.56885593220339,114,64,0.56140350877193,0.553875236294896,0.438563327032136
30__NQ_ONLY__xgb_d5__0.0200,2024,TRUE,30,NQ_ONLY,xgb_d5,5,0.02,0.0836607444286347,1,438,0.0211084337349398,246,0.561643835616438,235,0.536529680365297,0.0251141552511416,0.0045662100456621,53,162,0.0365296803652968,0.141552511415525,378,0.863013698630137,387,215,0.555555555555556,51,31,0.607843137254902,0.536529680365297,0.458904109589041
30__NQ_ONLY__xgb_d5__0.0100,2024,TRUE,30,NQ_ONLY,xgb_d5,5,0.01,0.0941185745596884,1,221,0.0106506024096386,124,0.561085972850679,120,0.542986425339367,0.0180995475113122,0.00452488687782806,49,106,0.0407239819004525,0.171945701357466,196,0.886877828054299,189,106,0.560846560846561,32,18,0.5625,0.542986425339367,0.452488687782805
30__NQ_ONLY__xgb_d5__0.0050,2024,TRUE,30,NQ_ONLY,xgb_d5,5,0.005,0.106399045586586,1,98,0.00472289156626506,50,0.510204081632653,52,0.530612244897959,-0.0204081632653061,0,42,67,0.0612244897959184,0.23469387755102,94,0.959183673469388,82,43,0.524390243902439,16,7,0.4375,0.530612244897959,0.469387755102041
30__NQ_ES__logit__0.5000,2024,TRUE,30,NQ_ES,logit,,0.5,0.0197982501099967,1,10351,0.498843373493976,5475,0.528934402473191,5461,0.527581876147232,0.00135252632595884,0.00550671432711815,53,313,0.00666602260651145,0.030431842334074,6573,0.635011110037678,9096,4844,0.532541776605101,1255,631,0.502788844621514,0.527581876147232,0.46691140952565
30__NQ_ES__logit__0.2000,2024,TRUE,30,NQ_ES,logit,,0.2,0.0378845009330391,1,4131,0.199084337349398,2267,0.54877753570564,2276,0.550956184943113,-0.00217864923747277,0.00338900992495764,53,303,0.0108932461873638,0.0501089324618736,2971,0.71919632050351,3846,2129,0.5535621424857,285,138,0.48421052631579,0.550956184943113,0.445654805131929
30__NQ_ES__logit__0.1000,2024,TRUE,30,NQ_ES,logit,,0.1,0.0490978120498715,1,1893,0.0912289156626506,1038,0.548335974643423,1046,0.55256207078711,-0.00422609614368727,0.00316957210776545,53,278,0.01743264659271,0.0723718964606445,1430,0.755414685684099,1777,984,0.55374226223973,116,54,0.46551724137931,0.55256207078711,0.444268357105124
30__NQ_ES__logit__0.0500,2024,TRUE,30,NQ_ES,logit,,0.05,0.0584158462287368,1,925,0.0445783132530121,504,0.544864864864865,506,0.547027027027027,-0.00216216216216216,0.00216216216216216,53,219,0.0227027027027027,0.100540540540541,731,0.79027027027027,867,476,0.549019607843137,58,28,0.482758620689655,0.547027027027027,0.450810810810811
30__NQ_ES__logit__0.0200,2024,TRUE,30,NQ_ES,logit,,0.02,0.0700615296890536,1,344,0.0165783132530121,189,0.549418604651163,194,0.563953488372093,-0.0145348837209302,0.00581395348837209,50,131,0.0406976744186047,0.162790697674419,285,0.828488372093023,313,176,0.562300319488818,31,13,0.419354838709677,0.563953488372093,0.430232558139535
30__NQ_ES__logit__0.0100,2024,TRUE,30,NQ_ES,logit,,0.01,0.0778674958641508,1,175,0.00843373493975904,91,0.52,90,0.514285714285714,0.00571428571428571,0,41,86,0.0571428571428571,0.205714285714286,156,0.891428571428572,156,81,0.519230769230769,19,10,0.526315789473684,0.514285714285714,0.485714285714286
30__NQ_ES__logit__0.0050,2024,TRUE,30,NQ_ES,logit,,0.005,0.0856906353143041,1,81,0.00390361445783133,44,0.54320987654321,44,0.54320987654321,0,0,36,54,0.0740740740740741,0.271604938271605,76,0.938271604938272,69,38,0.550724637681159,12,6,0.5,0.54320987654321,0.45679012345679
30__NQ_ES__ranger__0.5000,2024,TRUE,30,NQ_ES,ranger,,0.5,0.016770852693807,1,9888,0.476530120481928,5285,0.534486245954693,5275,0.533474919093851,0.00101132686084142,0.0059668284789644,53,310,0.00647249190938511,0.0286205501618123,5918,0.598503236245955,9394,5033,0.535767511177347,494,252,0.510121457489879,0.533474919093851,0.460558252427185
30__NQ_ES__ranger__0.2000,2024,TRUE,30,NQ_ES,ranger,,0.2,0.0331635433698575,1,3899,0.187903614457831,2146,0.550397537830213,2148,0.550910489869197,-0.000512952038984355,0.00538599640933573,53,293,0.0107719928186715,0.0451397794306232,2637,0.676327263400872,3835,2115,0.551499348109518,64,31,0.484375,0.550910489869197,0.443703513721467
30__NQ_ES__ranger__0.1000,2024,TRUE,30,NQ_ES,ranger,,0.1,0.0428856962579427,1,1920,0.0925301204819277,1062,0.553125,1067,0.555729166666667,-0.00260416666666667,0.00520833333333333,53,277,0.0166666666666667,0.0729166666666667,1449,0.7546875,1891,1050,0.555261766261237,29,12,0.413793103448276,0.555729166666667,0.4390625
30__NQ_ES__ranger__0.0500,2024,TRUE,30,NQ_ES,ranger,,0.05,0.0506487558786014,1,954,0.0459759036144578,515,0.539832285115304,514,0.538784067085954,0.0010482180293501,0.00628930817610063,53,241,0.0262054507337526,0.109014675052411,777,0.814465408805032,939,507,0.539936102236422,15,8,0.533333333333333,0.538784067085954,0.454926624737946
30__NQ_ES__ranger__0.0200,2024,TRUE,30,NQ_ES,ranger,,0.02,0.0593126515110628,1,379,0.0182650602409639,222,0.585751978891821,220,0.580474934036939,0.00527704485488127,0.0105540897097625,52,161,0.0527704485488127,0.205804749340369,324,0.854881266490765,371,217,0.584905660377359,8,5,0.625,0.580474934036939,0.408970976253298
30__NQ_ES__ranger__0.0100,2024,TRUE,30,NQ_ES,ranger,,0.01,0.0644500608125833,1,197,0.00949397590361446,112,0.568527918781726,110,0.558375634517767,0.0101522842639594,0,47,109,0.0812182741116751,0.253807106598985,174,0.883248730964467,191,108,0.565445026178011,6,4,0.666666666666667,0.558375634517767,0.441624365482233
30__NQ_ES__ranger__0.0050,2024,TRUE,30,NQ_ES,ranger,,0.005,0.0700940443801661,1,96,0.00462650602409639,60,0.625,59,0.614583333333333,0.0104166666666667,0,37,63,0.114583333333333,0.28125,87,0.90625,95,59,0.621052631578947,1,1,1,0.614583333333333,0.385416666666667
30__NQ_ES__xgb_d2__0.5000,2024,TRUE,30,NQ_ES,xgb_d2,2,0.5,0.0179534107446671,1,10208,0.491951807228916,5405,0.529486677115988,5447,0.533601097178683,-0.00411442006269593,0.00626959247648903,53,313,0.00626959247648903,0.0288009404388715,6208,0.608150470219436,8818,4736,0.537083238829667,1390,669,0.481294964028777,0.533601097178683,0.460129310344828
30__NQ_ES__xgb_d2__0.2000,2024,TRUE,30,NQ_ES,xgb_d2,2,0.2,0.0348382830619812,1,3994,0.192481927710843,2187,0.547571357035553,2196,0.549824737105659,-0.00225338007010516,0.0042563845768653,53,299,0.0100150225338007,0.0453179769654482,2744,0.687030545818728,3829,2109,0.550796552624706,165,78,0.472727272727273,0.549824737105659,0.445918878317476
30__NQ_ES__xgb_d2__0.1000,2024,TRUE,30,NQ_ES,xgb_d2,2,0.1,0.0439844846725464,1,1958,0.0943614457831325,1069,0.545965270684372,1067,0.544943820224719,0.00102145045965271,0.00408580183861083,53,278,0.0163432073544433,0.0740551583248213,1471,0.751276813074566,1890,1034,0.547089947089947,68,35,0.514705882352941,0.544943820224719,0.45097037793667
30__NQ_ES__xgb_d2__0.0500,2024,TRUE,30,NQ_ES,xgb_d2,2,0.05,0.0513160169124603,1,1024,0.0493493975903614,552,0.5390625,559,0.5458984375,-0.0068359375,0.0048828125,53,241,0.025390625,0.11328125,809,0.7900390625,993,540,0.54380664652568,31,12,0.387096774193548,0.5458984375,0.44921875
30__NQ_ES__xgb_d2__0.0200,2024,TRUE,30,NQ_ES,xgb_d2,2,0.02,0.0595425188541412,1,402,0.0193734939759036,219,0.544776119402985,226,0.562189054726368,-0.0174129353233831,0.00248756218905473,53,170,0.0472636815920398,0.17910447761194,344,0.855721393034826,393,218,0.55470737913486,9,1,0.111111111111111,0.562189054726368,0.435323383084577
30__NQ_ES__xgb_d2__0.0100,2024,TRUE,30,NQ_ES,xgb_d2,2,0.01,0.0647248798608779,1,220,0.0106024096385542,124,0.563636363636364,126,0.572727272727273,-0.00909090909090909,0.00454545454545455,49,110,0.0545454545454545,0.204545454545455,191,0.868181818181818,216,123,0.569444444444445,4,1,0.25,0.572727272727273,0.422727272727273
30__NQ_ES__xgb_d2__0.0050,2024,TRUE,30,NQ_ES,xgb_d2,2,0.005,0.069427188038826,1,113,0.00544578313253012,59,0.52212389380531,61,0.539823008849558,-0.0176991150442478,0,39,68,0.0442477876106195,0.194690265486726,100,0.88495575221239,111,59,0.531531531531532,2,0,0,0.539823008849558,0.460176991150443
30__NQ_ES__xgb_d3__0.5000,2024,TRUE,30,NQ_ES,xgb_d3,3,0.5,0.0191664546728134,1,10449,0.503566265060241,5522,0.528471624078859,5555,0.531629821035506,-0.00315819695664657,0.00641209685137334,53,313,0.00622069097521294,0.0294765049287013,6420,0.614412862474878,8449,4544,0.53781512605042,2000,978,0.489,0.531629821035506,0.461958082113121
30__NQ_ES__xgb_d3__0.2000,2024,TRUE,30,NQ_ES,xgb_d3,3,0.2,0.0374512910842896,1,4151,0.200048192771084,2260,0.54444712117562,2256,0.543483497952301,0.000963623223319682,0.00505902192242833,53,300,0.0105998554565165,0.0467357263310046,2914,0.701999518188388,3709,2037,0.549204637368563,442,223,0.504524886877828,0.543483497952301,0.451457480125271
30__NQ_ES__xgb_d3__0.1000,2024,TRUE,30,NQ_ES,xgb_d3,3,0.1,0.0482622742652893,1,1962,0.0945542168674699,1060,0.54026503567788,1060,0.54026503567788,0,0.00509683995922528,53,276,0.0158002038735984,0.0693170234454638,1497,0.762996941896025,1802,980,0.543840177580466,160,80,0.5,0.54026503567788,0.454638124362895
30__NQ_ES__xgb_d3__0.0500,2024,TRUE,30,NQ_ES,xgb_d3,3,0.05,0.0567495435476303,1,1062,0.0511807228915663,597,0.562146892655367,597,0.562146892655367,0,0.00564971751412429,53,245,0.0244821092278719,0.0998116760828625,857,0.806967984934087,976,554,0.567622950819672,86,43,0.5,0.562146892655367,0.432203389830509
30__NQ_ES__xgb_d3__0.0200,2024,TRUE,30,NQ_ES,xgb_d3,3,0.02,0.0665023970603943,1,424,0.020433734939759,242,0.570754716981132,248,0.584905660377359,-0.0141509433962264,0.00235849056603774,52,171,0.0377358490566038,0.150943396226415,367,0.865566037735849,390,228,0.584615384615385,34,14,0.411764705882353,0.584905660377359,0.412735849056604
30__NQ_ES__xgb_d3__0.0100,2024,TRUE,30,NQ_ES,xgb_d3,3,0.01,0.073582152724266,1,234,0.0112771084337349,132,0.564102564102564,135,0.576923076923077,-0.0128205128205128,0.00427350427350427,51,126,0.047008547008547,0.175213675213675,207,0.884615384615385,215,124,0.576744186046512,19,8,0.421052631578947,0.576923076923077,0.418803418803419
30__NQ_ES__xgb_d3__0.0050,2024,TRUE,30,NQ_ES,xgb_d3,3,0.005,0.079174144268036,1,147,0.00708433734939759,87,0.591836734693878,90,0.612244897959184,-0.0204081632653061,0,47,91,0.0476190476190476,0.17687074829932,134,0.91156462585034,136,83,0.610294117647059,11,4,0.363636363636364,0.612244897959184,0.387755102040816
30__NQ_ES__xgb_d4__0.5000,2024,TRUE,30,NQ_ES,xgb_d4,4,0.5,0.0209430456161499,1,10668,0.514120481927711,5614,0.526246719160105,5666,0.531121109861267,-0.00487439070116236,0.00693663292088489,53,313,0.00590551181102362,0.0281214848143982,6710,0.628983877015373,8005,4319,0.539537788881949,2663,1295,0.486293653773939,0.531121109861267,0.461942257217848
30__NQ_ES__xgb_d4__0.2000,2024,TRUE,30,NQ_ES,xgb_d4,4,0.2,0.0407577037811279,1,4178,0.201349397590361,2218,0.530876017233126,2217,0.530636668262327,0.000239348970799426,0.00622307324078506,53,302,0.0100526567735759,0.0447582575394926,3022,0.723312589755864,3498,1879,0.537164093767867,680,339,0.498529411764706,0.530636668262327,0.463140258496888
30__NQ_ES__xgb_d4__0.1000,2024,TRUE,30,NQ_ES,xgb_d4,4,0.1,0.0527984142303467,1,2008,0.0967710843373494,1100,0.547808764940239,1106,0.550796812749004,-0.00298804780876494,0.00697211155378486,53,279,0.0164342629482072,0.0697211155378486,1565,0.779382470119522,1747,973,0.55695477962221,261,127,0.486590038314176,0.550796812749004,0.442231075697211
30__NQ_ES__xgb_d4__0.0500,2024,TRUE,30,NQ_ES,xgb_d4,4,0.05,0.0630423992872238,1,995,0.0479518072289157,535,0.537688442211055,543,0.54572864321608,-0.00804020100502513,0.00603015075376884,53,249,0.0271356783919598,0.110552763819095,821,0.825125628140704,877,480,0.547320410490308,118,55,0.466101694915254,0.54572864321608,0.448241206030151
30__NQ_ES__xgb_d4__0.0200,2024,TRUE,30,NQ_ES,xgb_d4,4,0.02,0.0760648190975189,1,427,0.020578313253012,231,0.540983606557377,242,0.566744730679157,-0.0257611241217799,0.00468384074941452,53,186,0.0562060889929742,0.175644028103045,370,0.866510538641686,376,211,0.561170212765958,51,20,0.392156862745098,0.566744730679157,0.428571428571429
30__NQ_ES__xgb_d4__0.0100,2024,TRUE,30,NQ_ES,xgb_d4,4,0.01,0.0869269198179243,1,212,0.0102168674698795,125,0.589622641509434,126,0.59433962264151,-0.00471698113207547,0,49,115,0.080188679245283,0.216981132075472,188,0.886792452830189,187,113,0.60427807486631,25,12,0.48,0.59433962264151,0.405660377358491
30__NQ_ES__xgb_d4__0.0050,2024,TRUE,30,NQ_ES,xgb_d4,4,0.005,0.0969224318861962,1,95,0.00457831325301205,56,0.589473684210526,56,0.589473684210526,0,0,40,61,0.105263157894737,0.294736842105263,85,0.894736842105263,85,51,0.6,10,5,0.5,0.589473684210526,0.410526315789474
30__NQ_ES__xgb_d5__0.5000,2024,TRUE,30,NQ_ES,xgb_d5,5,0.5,0.0225827395915985,1,10859,0.523325301204819,5647,0.520029468643522,5679,0.522976332995672,-0.00294686435215029,0.00635417625932406,53,313,0.00589372870430058,0.02882401694447,6845,0.630352702827148,7862,4177,0.531289748155686,2997,1470,0.490490490490491,0.522976332995672,0.470669490745004
30__NQ_ES__xgb_d5__0.2000,2024,TRUE,30,NQ_ES,xgb_d5,5,0.2,0.0444546818733215,1,4379,0.211036144578313,2344,0.535282027860242,2344,0.535282027860242,0,0.00593742863667504,53,304,0.00981959351450103,0.0445307147750628,3191,0.728705183831925,3484,1900,0.545350172215844,895,444,0.49608938547486,0.535282027860242,0.458780543503083
30__NQ_ES__xgb_d5__0.1000,2024,TRUE,30,NQ_ES,xgb_d5,5,0.1,0.0581294298171997,1,2176,0.104867469879518,1167,0.536305147058824,1167,0.536305147058824,0,0.00689338235294118,53,286,0.0142463235294118,0.0625,1723,0.791819852941177,1785,972,0.54453781512605,391,195,0.498721227621483,0.536305147058824,0.456801470588235
30__NQ_ES__xgb_d5__0.0500,2024,TRUE,30,NQ_ES,xgb_d5,5,0.05,0.0701158285140991,1,1089,0.0524819277108434,578,0.530762167125804,592,0.543617998163453,-0.0128558310376492,0.00550964187327824,53,251,0.0229568411386593,0.0918273645546373,920,0.844811753902663,899,490,0.545050055617353,190,88,0.463157894736842,0.543617998163453,0.450872359963269
30__NQ_ES__xgb_d5__0.0200,2024,TRUE,30,NQ_ES,xgb_d5,5,0.02,0.0852642333507538,1,423,0.0203855421686747,241,0.569739952718676,236,0.557919621749409,0.0118203309692671,0.00472813238770686,53,171,0.0472813238770686,0.156028368794326,370,0.874704491725768,350,202,0.577142857142857,73,39,0.534246575342466,0.557919621749409,0.437352245862884
30__NQ_ES__xgb_d5__0.0100,2024,TRUE,30,NQ_ES,xgb_d5,5,0.01,0.0957089930772781,1,215,0.0103614457831325,117,0.544186046511628,116,0.53953488372093,0.00465116279069768,0.00465116279069768,51,117,0.0651162790697674,0.190697674418605,194,0.902325581395349,186,102,0.548387096774194,29,15,0.517241379310345,0.53953488372093,0.455813953488372
30__NQ_ES__xgb_d5__0.0050,2024,TRUE,30,NQ_ES,xgb_d5,5,0.005,0.107406605184078,1,103,0.00496385542168675,60,0.58252427184466,60,0.58252427184466,0,0,41,67,0.0970873786407767,0.252427184466019,92,0.893203883495146,91,54,0.593406593406593,12,6,0.5,0.58252427184466,0.41747572815534
60__NQ_ONLY__logit__0.5000,2024,TRUE,60,NQ_ONLY,logit,,0.5,0.0243728483991068,1,10969,0.547519217330538,5853,0.533594675904823,5856,0.533868173944753,-0.000273498039930714,0.00410247059896071,53,312,0.00656395295833713,0.0309964445254809,3702,0.337496581274501,10580,5660,0.534971644612476,389,193,0.496143958868895,0.533868173944753,0.462029355456286
60__NQ_ONLY__logit__0.2000,2024,TRUE,60,NQ_ONLY,logit,,0.2,0.041758445127206,1,4511,0.225167215733253,2443,0.541565063178896,2445,0.542008423852804,-0.000443360673908224,0.00221680336954112,53,302,0.013744180891155,0.0498780758146752,1819,0.40323653291953,4385,2381,0.542987457240593,126,62,0.492063492063492,0.542008423852804,0.455774772777655
60__NQ_ONLY__logit__0.1000,2024,TRUE,60,NQ_ONLY,logit,,0.1,0.0541278322302768,1,2138,0.106718578416692,1185,0.554256314312442,1180,0.551917680074836,0.00233863423760524,0.00233863423760524,53,243,0.0219831618334892,0.0776426566884939,876,0.409728718428438,2065,1146,0.554963680387409,73,39,0.534246575342466,0.551917680074836,0.445743685687558
60__NQ_ONLY__logit__0.0500,2024,TRUE,60,NQ_ONLY,logit,,0.05,0.0659407551241054,1,993,0.0495657382449835,563,0.566968781470292,559,0.56294058408862,0.0040281973816717,0.00302114803625378,53,155,0.0312185297079557,0.127895266868077,456,0.459214501510574,947,538,0.568109820485744,46,25,0.543478260869565,0.56294058408862,0.434038267875126
60__NQ_ONLY__logit__0.0200,2024,TRUE,60,NQ_ONLY,logit,,0.02,0.0788715826578196,1,392,0.0195667365478686,220,0.561224489795918,222,0.566326530612245,-0.00510204081632653,0.00255102040816327,45,83,0.0561224489795918,0.24234693877551,189,0.482142857142857,370,210,0.567567567567568,22,10,0.454545454545455,0.566326530612245,0.431122448979592
60__NQ_ONLY__logit__0.0100,2024,TRUE,60,NQ_ONLY,logit,,0.01,0.0870974988228073,1,211,0.0105320954377558,122,0.578199052132701,126,0.597156398104265,-0.018957345971564,0.004739336492891,34,57,0.0853080568720379,0.336492890995261,112,0.530805687203792,195,116,0.594871794871795,16,6,0.375,0.597156398104265,0.398104265402844
60__NQ_ONLY__logit__0.0050,2024,TRUE,60,NQ_ONLY,logit,,0.005,0.094041107095919,1,119,0.00593990216631726,73,0.613445378151261,72,0.605042016806723,0.00840336134453782,0,27,37,0.117647058823529,0.453781512605042,62,0.521008403361345,108,67,0.62037037037037,11,6,0.545454545454545,0.605042016806723,0.394957983193277
60__NQ_ONLY__ranger__0.5000,2024,TRUE,60,NQ_ONLY,ranger,,0.5,0.0253743073459659,1,10043,0.501297793750624,5392,0.536891367121378,5377,0.535397789505128,0.00149357761625012,0.00368415812008364,53,310,0.00677088519366723,0.031763417305586,3423,0.340834412028278,9922,5324,0.536585365853659,121,68,0.56198347107438,0.535397789505128,0.460918052374788
60__NQ_ONLY__ranger__0.2000,2024,TRUE,60,NQ_ONLY,ranger,,0.2,0.0354436588283354,1,3928,0.196066686632724,2168,0.55193482688391,2153,0.548116089613035,0.00381873727087576,0.00254582484725051,53,276,0.00992871690427699,0.0442973523421589,1516,0.385947046843177,3859,2126,0.550919927442343,69,42,0.608695652173913,0.548116089613035,0.449338085539715
60__NQ_ONLY__ranger__0.1000,2024,TRUE,60,NQ_ONLY,ranger,,0.1,0.0441428322729465,1,1885,0.0940900469202356,1074,0.569761273209549,1070,0.56763925729443,0.00212201591511936,0.00371352785145889,53,208,0.0137931034482759,0.0647214854111406,709,0.376127320954907,1845,1052,0.570189701897019,40,22,0.55,0.56763925729443,0.428647214854111
60__NQ_ONLY__ranger__0.0500,2024,TRUE,60,NQ_ONLY,ranger,,0.05,0.0559866451290409,1,963,0.0480682839173405,558,0.579439252336449,557,0.578400830737279,0.00103842159916926,0.00726895119418484,52,129,0.0249221183800623,0.121495327102804,359,0.372793354101765,954,553,0.579664570230608,9,5,0.555555555555556,0.578400830737279,0.414330218068536
60__NQ_ONLY__ranger__0.0200,2024,TRUE,60,NQ_ONLY,ranger,,0.02,0.0735888635358785,1,398,0.0198662274133972,236,0.592964824120603,237,0.595477386934673,-0.00251256281407035,0.00753768844221106,42,70,0.050251256281407,0.241206030150754,171,0.42964824120603,397,236,0.594458438287154,1,0,0,0.595477386934673,0.396984924623116
60__NQ_ONLY__ranger__0.0100,2024,TRUE,60,NQ_ONLY,ranger,,0.01,0.0846384356131254,1,202,0.0100828591394629,121,0.599009900990099,121,0.599009900990099,0,0.00495049504950495,36,47,0.0841584158415842,0.371287128712871,96,0.475247524752475,202,121,0.599009900990099,0,0,,0.599009900990099,0.396039603960396
60__NQ_ONLY__ranger__0.0050,2024,TRUE,60,NQ_ONLY,ranger,,0.005,0.0926816094691784,1,108,0.00539083557951483,60,0.555555555555556,60,0.555555555555556,0,0.00925925925925926,22,27,0.148148148148148,0.481481481481482,52,0.481481481481482,108,60,0.555555555555556,0,0,,0.555555555555556,0.435185185185185
60__NQ_ONLY__xgb_d2__0.5000,2024,TRUE,60,NQ_ONLY,xgb_d2,2,0.5,0.0257747173309326,1,10147,0.50648896875312,5466,0.538681383660195,5473,0.539371242731842,-0.000689859071646792,0.00374494924608259,53,308,0.00689859071646792,0.0326204789592983,3382,0.33330048290135,9943,5368,0.539877300613497,204,98,0.480392156862745,0.539371242731842,0.456883808022076
60__NQ_ONLY__xgb_d2__0.2000,2024,TRUE,60,NQ_ONLY,xgb_d2,2,0.2,0.0383930444717407,1,3996,0.199460916442049,2198,0.55005005005005,2205,0.551801801801802,-0.00175175175175175,0.0035035035035035,53,257,0.0112612612612613,0.0503003003003003,1431,0.358108108108108,3895,2151,0.552246469833119,101,47,0.465346534653465,0.551801801801802,0.444694694694695
60__NQ_ONLY__xgb_d2__0.1000,2024,TRUE,60,NQ_ONLY,xgb_d2,2,0.1,0.0496881246566773,1,1954,0.0975341918738145,1096,0.560900716479017,1101,0.56345957011259,-0.00255885363357216,0.00409416581371546,53,189,0.0179119754350051,0.0777891504605937,708,0.362333674513818,1895,1069,0.564116094986807,59,27,0.457627118644068,0.56345957011259,0.432446264073695
60__NQ_ONLY__xgb_d2__0.0500,2024,TRUE,60,NQ_ONLY,xgb_d2,2,0.05,0.059957081079483,1,1046,0.0522112408904862,599,0.572657743785851,593,0.566921606118547,0.00573613766730402,0.00573613766730402,49,109,0.0248565965583174,0.115678776290631,359,0.34321223709369,1022,584,0.571428571428571,24,15,0.625,0.566921606118547,0.427342256214149
60__NQ_ONLY__xgb_d2__0.0200,2024,TRUE,60,NQ_ONLY,xgb_d2,2,0.02,0.0721380066871643,1,515,0.025706299291205,300,0.58252427184466,297,0.576699029126214,0.0058252427184466,0.00970873786407767,38,60,0.0466019417475728,0.219417475728155,186,0.361165048543689,508,295,0.580708661417323,7,5,0.714285714285714,0.576699029126214,0.413592233009709
60__NQ_ONLY__xgb_d2__0.0100,2024,TRUE,60,NQ_ONLY,xgb_d2,2,0.01,0.0808539950847626,1,280,0.0139762403913347,169,0.603571428571429,167,0.596428571428571,0.00714285714285714,0.00714285714285714,30,40,0.0821428571428571,0.371428571428571,111,0.396428571428571,278,167,0.600719424460432,2,2,1,0.596428571428571,0.396428571428571
60__NQ_ONLY__xgb_d2__0.0050,2024,TRUE,60,NQ_ONLY,xgb_d2,2,0.005,0.0881057560443877,1,162,0.00808625336927224,91,0.561728395061729,91,0.561728395061729,0,0.00617283950617284,20,23,0.12962962962963,0.518518518518519,63,0.388888888888889,162,91,0.561728395061729,0,0,,0.561728395061729,0.432098765432099
60__NQ_ONLY__xgb_d3__0.5000,2024,TRUE,60,NQ_ONLY,xgb_d3,3,0.5,0.0255188941955566,1,10251,0.511680143755616,5499,0.536435469710272,5502,0.536728124085455,-0.000292654375182909,0.00380450687737782,53,311,0.00712125646278412,0.0341430104380061,3482,0.339674178128963,9885,5318,0.537986848760749,366,181,0.494535519125683,0.536728124085455,0.459467369037167
60__NQ_ONLY__xgb_d3__0.2000,2024,TRUE,60,NQ_ONLY,xgb_d3,3,0.2,0.0411883473396301,1,3984,0.198861934710991,2171,0.544929718875502,2164,0.543172690763052,0.0017570281124498,0.0035140562248996,53,272,0.0128012048192771,0.0532128514056225,1538,0.386044176706827,3788,2070,0.546462513199578,196,101,0.51530612244898,0.543172690763052,0.453313253012048
60__NQ_ONLY__xgb_d3__0.1000,2024,TRUE,60,NQ_ONLY,xgb_d3,3,0.1,0.0530595660209656,1,2083,0.103973245482679,1146,0.550168026884301,1146,0.550168026884301,0,0.00480076812289966,53,219,0.0196831493038886,0.0816130580892943,832,0.399423907825252,1964,1087,0.553462321792261,119,59,0.495798319327731,0.550168026884301,0.445031204992799
60__NQ_ONLY__xgb_d3__0.0500,2024,TRUE,60,NQ_ONLY,xgb_d3,3,0.05,0.0641736596822739,1,1120,0.0559049615653389,628,0.560714285714286,620,0.553571428571429,0.00714285714285714,0.00714285714285714,52,162,0.0241071428571429,0.107142857142857,462,0.4125,1049,589,0.561487130600572,71,39,0.549295774647887,0.553571428571429,0.439285714285714
60__NQ_ONLY__xgb_d3__0.0200,2024,TRUE,60,NQ_ONLY,xgb_d3,3,0.02,0.077341477870941,1,489,0.024408505540581,292,0.597137014314928,286,0.584867075664622,0.0122699386503067,0.00613496932515337,49,85,0.0470347648261759,0.220858895705521,214,0.437627811860941,459,274,0.596949891067538,30,18,0.6,0.584867075664622,0.408997955010225
60__NQ_ONLY__xgb_d3__0.0100,2024,TRUE,60,NQ_ONLY,xgb_d3,3,0.01,0.0860317480564118,1,274,0.0136767495258061,178,0.64963503649635,168,0.613138686131387,0.0364963503649635,0.0072992700729927,34,49,0.0839416058394161,0.35036496350365,127,0.463503649635037,258,165,0.63953488372093,16,13,0.8125,0.613138686131387,0.37956204379562
60__NQ_ONLY__xgb_d3__0.0050,2024,TRUE,60,NQ_ONLY,xgb_d3,3,0.005,0.095404142141342,1,150,0.00748727163821504,98,0.653333333333333,94,0.626666666666667,0.0266666666666667,0,21,27,0.133333333333333,0.513333333333333,69,0.46,142,92,0.647887323943662,8,6,0.75,0.626666666666667,0.373333333333333
60__NQ_ONLY__xgb_d4__0.5000,2024,TRUE,60,NQ_ONLY,xgb_d4,4,0.5,0.0255587100982666,1,10448,0.521513427173805,5614,0.537327718223584,5598,0.535796324655436,0.00153139356814701,0.00334992343032159,53,311,0.00689127105666156,0.03302067381317,3642,0.348583460949464,9909,5337,0.538601271571299,539,277,0.5139146567718,0.535796324655436,0.460853751914242
60__NQ_ONLY__xgb_d4__0.2000,2024,TRUE,60,NQ_ONLY,xgb_d4,4,0.2,0.0439719796180725,1,4352,0.217230707796746,2358,0.541819852941177,2341,0.537913602941177,0.00390625,0.00390625,53,282,0.0105698529411765,0.0496323529411765,1798,0.413143382352941,4114,2231,0.54229460379193,238,127,0.533613445378151,0.537913602941177,0.458180147058824
60__NQ_ONLY__xgb_d4__0.1000,2024,TRUE,60,NQ_ONLY,xgb_d4,4,0.1,0.0568718552589417,1,2276,0.113606868323849,1244,0.546572934973638,1234,0.542179261862917,0.00439367311072056,0.00483304042179262,53,239,0.0140597539543058,0.0659050966608084,999,0.438927943760984,2139,1171,0.547452080411407,137,73,0.532846715328467,0.542179261862917,0.45298769771529
60__NQ_ONLY__xgb_d4__0.0500,2024,TRUE,60,NQ_ONLY,xgb_d4,4,0.05,0.0695520937442779,1,1156,0.0577019067585105,633,0.54757785467128,627,0.542387543252595,0.00519031141868512,0.0069204152249135,53,182,0.0216262975778547,0.10121107266436,529,0.457612456747405,1075,590,0.548837209302326,81,43,0.530864197530864,0.542387543252595,0.450692041522491
60__NQ_ONLY__xgb_d4__0.0200,2024,TRUE,60,NQ_ONLY,xgb_d4,4,0.02,0.0859368896484374,1,509,0.0254068084256764,290,0.569744597249509,286,0.56188605108055,0.00785854616895874,0.00785854616895874,49,100,0.0432220039292731,0.204322200392927,236,0.463654223968566,467,267,0.571734475374732,42,23,0.547619047619048,0.56188605108055,0.430255402750491
60__NQ_ONLY__xgb_d4__0.0100,2024,TRUE,60,NQ_ONLY,xgb_d4,4,0.01,0.0985628211498264,1,260,0.0129779375062394,162,0.623076923076923,164,0.630769230769231,-0.00769230769230769,0.00384615384615385,37,58,0.0807692307692308,0.334615384615385,124,0.476923076923077,232,149,0.642241379310345,28,13,0.464285714285714,0.630769230769231,0.365384615384615
60__NQ_ONLY__xgb_d4__0.0050,2024,TRUE,60,NQ_ONLY,xgb_d4,4,0.005,0.10854876101017,1,143,0.00713786562843167,94,0.657342657342657,90,0.629370629370629,0.027972027972028,0.00699300699300699,26,32,0.13986013986014,0.475524475524476,72,0.503496503496504,131,86,0.656488549618321,12,8,0.666666666666667,0.629370629370629,0.363636363636364
60__NQ_ONLY__xgb_d5__0.5000,2024,TRUE,60,NQ_ONLY,xgb_d5,5,0.5,0.0261797308921814,1,10278,0.513027852650494,5480,0.533177661023546,5483,0.533469546604398,-0.000291885580852306,0.00359992216384511,53,311,0.00690795874683791,0.0328857754426931,3668,0.356878770188753,9521,5105,0.536183174036341,757,375,0.495376486129458,0.533469546604398,0.462930531231757
60__NQ_ONLY__xgb_d5__0.2000,2024,TRUE,60,NQ_ONLY,xgb_d5,5,0.2,0.0470775008201599,1,4345,0.216881301786962,2321,0.534177215189873,2334,0.53716915995397,-0.00299194476409666,0.00345224395857307,53,284,0.0133486766398159,0.0579976985040276,1899,0.437054085155351,4041,2176,0.538480574115318,304,145,0.476973684210526,0.53716915995397,0.459378596087457
60__NQ_ONLY__xgb_d5__0.1000,2024,TRUE,60,NQ_ONLY,xgb_d5,5,0.1,0.0619440078735352,1,2262,0.112908056304283,1211,0.535366931918656,1220,0.539345711759505,-0.00397877984084881,0.00353669319186561,53,249,0.0185676392572944,0.0817860300618921,1063,0.469938107869142,2096,1133,0.540553435114504,166,78,0.469879518072289,0.539345711759505,0.45711759504863
60__NQ_ONLY__xgb_d5__0.0500,2024,TRUE,60,NQ_ONLY,xgb_d5,5,0.05,0.0762394547462463,1,1237,0.0617450334431467,672,0.543249797898141,664,0.536782538399353,0.00646725949878739,0.00485044462409054,53,199,0.0226354082457559,0.105901374292644,620,0.501212611156023,1146,623,0.543630017452007,91,49,0.538461538461538,0.536782538399353,0.458367016976556
60__NQ_ONLY__xgb_d5__0.0200,2024,TRUE,60,NQ_ONLY,xgb_d5,5,0.02,0.0943933546543121,1,526,0.0262553658780074,288,0.547528517110266,280,0.532319391634981,0.0152091254752852,0.00190114068441065,51,120,0.0437262357414449,0.180608365019011,277,0.526615969581749,476,259,0.544117647058824,50,29,0.58,0.532319391634981,0.465779467680608
60__NQ_ONLY__xgb_d5__0.0100,2024,TRUE,60,NQ_ONLY,xgb_d5,5,0.01,0.106609003543854,1,283,0.014125985824099,161,0.568904593639576,151,0.53356890459364,0.0353356890459364,0.00353356890459364,37,65,0.0777385159010601,0.286219081272085,144,0.508833922261484,251,140,0.557768924302789,32,21,0.65625,0.53356890459364,0.462897526501767
60__NQ_ONLY__xgb_d5__0.0050,2024,TRUE,60,NQ_ONLY,xgb_d5,5,0.005,0.11926048874855,1,141,0.00703803533992213,87,0.617021276595745,85,0.602836879432624,0.0141843971631206,0.00709219858156028,30,42,0.148936170212766,0.390070921985816,81,0.574468085106383,131,81,0.618320610687023,10,6,0.6,0.602836879432624,0.390070921985816
60__NQ_ES__logit__0.5000,2024,TRUE,60,NQ_ES,logit,,0.5,0.0243529049533386,1,10012,0.499750424278726,5362,0.535557331202557,5360,0.535357570914902,0.000199760287654814,0.00409508589692369,53,312,0.00689172992409109,0.0330603276068718,3561,0.355673192169397,9425,5068,0.537718832891247,587,294,0.500851788756388,0.535357570914902,0.460547343188174
60__NQ_ES__logit__0.2000,2024,TRUE,60,NQ_ES,logit,,0.2,0.0440758040162992,1,4044,0.201856843366277,2196,0.543026706231454,2205,0.545252225519288,-0.00222551928783383,0.00370919881305638,53,294,0.0113748763600396,0.0524233432245302,1659,0.410237388724036,3843,2100,0.546448087431694,201,96,0.477611940298507,0.545252225519288,0.451038575667656
60__NQ_ES__logit__0.1000,2024,TRUE,60,NQ_ES,logit,,0.1,0.057900883168608,1,1983,0.0989817310572028,1095,0.552193645990923,1108,0.558749369641957,-0.00655572365103379,0.00302571860816944,53,225,0.0206757438224912,0.0902672718103883,827,0.417044881492688,1884,1052,0.558386411889597,99,43,0.434343434343434,0.558749369641957,0.438224911749874
60__NQ_ES__logit__0.0500,2024,TRUE,60,NQ_ES,logit,,0.05,0.0701282475953939,1,994,0.0496156533892383,556,0.559356136820926,561,0.564386317907445,-0.00503018108651911,0.00201207243460765,51,156,0.03420523138833,0.140845070422535,433,0.435613682092555,941,532,0.565356004250797,53,24,0.452830188679245,0.564386317907445,0.433601609657948
60__NQ_ES__logit__0.0200,2024,TRUE,60,NQ_ES,logit,,0.02,0.0845936859421221,1,380,0.0189677548168114,224,0.589473684210526,227,0.597368421052632,-0.00789473684210526,0,44,85,0.068421052631579,0.239473684210526,189,0.497368421052632,357,214,0.599439775910364,23,10,0.434782608695652,0.597368421052632,0.402631578947368
60__NQ_ES__logit__0.0100,2024,TRUE,60,NQ_ES,logit,,0.01,0.0958885133674255,1,167,0.00833582909054607,108,0.646706586826347,109,0.652694610778443,-0.00598802395209581,0,35,51,0.131736526946108,0.389221556886228,95,0.568862275449102,156,103,0.66025641025641,11,5,0.454545454545455,0.652694610778443,0.347305389221557
60__NQ_ES__logit__0.0050,2024,TRUE,60,NQ_ES,logit,,0.005,0.106058976174414,1,69,0.00344414495357892,46,0.666666666666667,44,0.63768115942029,0.0289855072463768,0,25,32,0.159420289855072,0.449275362318841,44,0.63768115942029,63,42,0.666666666666667,6,4,0.666666666666667,0.63768115942029,0.36231884057971
60__NQ_ES__ranger__0.5000,2024,TRUE,60,NQ_ES,ranger,,0.5,0.0243813529231084,1,9625,0.480433263452131,5191,0.539324675324675,5178,0.537974025974026,0.00135064935064935,0.00374025974025974,53,309,0.00716883116883117,0.0333506493506494,3308,0.343688311688312,9510,5127,0.539116719242902,115,64,0.556521739130435,0.537974025974026,0.458285714285714
60__NQ_ES__ranger__0.2000,2024,TRUE,60,NQ_ES,ranger,,0.2,0.0351674562149569,1,3733,0.186333233503045,2103,0.563353870881329,2089,0.559603536030003,0.00375033485132601,0.00267881060809001,53,263,0.011251004553978,0.0490222341280472,1439,0.385480846504152,3687,2073,0.562245728234337,46,30,0.652173913043478,0.559603536030003,0.437717653361907
60__NQ_ES__ranger__0.1000,2024,TRUE,60,NQ_ES,ranger,,0.1,0.042925539243674,1,1838,0.0917440351402615,1060,0.576713819368879,1059,0.576169749727965,0.000544069640914037,0.00380848748639826,53,198,0.0168661588683351,0.0707290533188248,699,0.380304678998912,1819,1050,0.577240241891149,19,10,0.526315789473684,0.576169749727965,0.420021762785637
60__NQ_ES__ranger__0.0500,2024,TRUE,60,NQ_ES,ranger,,0.05,0.0537003173744212,1,904,0.0451232904063093,534,0.59070796460177,533,0.589601769911504,0.00110619469026549,0.00553097345132743,52,119,0.0265486725663717,0.131637168141593,327,0.361725663716814,901,532,0.590455049944506,3,2,0.666666666666667,0.589601769911504,0.404867256637168
60__NQ_ES__ranger__0.0200,2024,TRUE,60,NQ_ES,ranger,,0.02,0.0712169866571222,1,379,0.0189178396725567,215,0.567282321899736,214,0.564643799472296,0.00263852242744063,0.00527704485488127,41,63,0.0633245382585752,0.29023746701847,149,0.393139841688654,378,214,0.566137566137566,1,1,1,0.564643799472296,0.430079155672823
60__NQ_ES__ranger__0.0100,2024,TRUE,60,NQ_ES,ranger,,0.01,0.0816881837972251,1,205,0.0102326045722272,119,0.580487804878049,119,0.580487804878049,0,0.00487804878048781,29,35,0.107317073170732,0.453658536585366,81,0.395121951219512,205,119,0.580487804878049,0,0,,0.580487804878049,0.414634146341463
60__NQ_ES__ranger__0.0050,2024,TRUE,60,NQ_ES,ranger,,0.005,0.0911294961450146,1,99,0.00494159928122192,59,0.595959595959596,59,0.595959595959596,0,0.0101010101010101,18,21,0.181818181818182,0.666666666666667,47,0.474747474747475,99,59,0.595959595959596,0,0,,0.595959595959596,0.393939393939394
60__NQ_ES__xgb_d2__0.5000,2024,TRUE,60,NQ_ES,xgb_d2,2,0.5,0.0250747203826904,1,10415,0.519866227413397,5612,0.538838214114258,5617,0.539318290926548,-0.000480076812289966,0.00384061449831973,53,310,0.00691310609697552,0.0326452232357177,3503,0.33634181469035,10232,5523,0.5397771696638,183,89,0.486338797814208,0.539318290926548,0.456841094575132
60__NQ_ES__xgb_d2__0.2000,2024,TRUE,60,NQ_ES,xgb_d2,2,0.2,0.0389708876609802,1,4151,0.207197763801537,2268,0.54637436762226,2270,0.546856179233919,-0.000481811611659841,0.00264996386412913,53,281,0.0108407612623464,0.0513129366417731,1640,0.39508552156107,4067,2227,0.547578067371527,84,41,0.488095238095238,0.546856179233919,0.450493856901951
60__NQ_ES__xgb_d2__0.1000,2024,TRUE,60,NQ_ES,xgb_d2,2,0.1,0.0490535616874695,1,1983,0.0989817310572028,1119,0.564296520423601,1119,0.564296520423601,0,0.00453857791225416,53,192,0.021684316691881,0.0907715582450832,753,0.379727685325265,1931,1093,0.566027964785086,52,26,0.5,0.564296520423601,0.431164901664145
60__NQ_ES__xgb_d2__0.0500,2024,TRUE,60,NQ_ES,xgb_d2,2,0.05,0.0585411310195923,1,986,0.0492163322352002,549,0.556795131845842,553,0.560851926977688,-0.00405679513184584,0.0050709939148073,51,107,0.039553752535497,0.147058823529412,365,0.370182555780933,962,539,0.56029106029106,24,10,0.416666666666667,0.560851926977688,0.434077079107505
60__NQ_ES__xgb_d2__0.0200,2024,TRUE,60,NQ_ES,xgb_d2,2,0.02,0.071067464351654,1,426,0.0212638514525307,241,0.565727699530516,240,0.563380281690141,0.00234741784037559,0.00704225352112676,39,53,0.0563380281690141,0.262910798122066,155,0.363849765258216,419,237,0.56563245823389,7,4,0.571428571428571,0.563380281690141,0.429577464788732
60__NQ_ES__xgb_d2__0.0100,2024,TRUE,60,NQ_ES,xgb_d2,2,0.01,0.0806597030162813,1,235,0.0117300588998702,142,0.604255319148936,144,0.612765957446809,-0.00851063829787234,0.00425531914893617,23,31,0.0978723404255319,0.425531914893617,90,0.382978723404255,233,142,0.609442060085837,2,0,0,0.612765957446809,0.382978723404255
60__NQ_ES__xgb_d2__0.0050,2024,TRUE,60,NQ_ES,xgb_d2,2,0.005,0.0889333701133726,1,121,0.00603973245482679,70,0.578512396694215,71,0.586776859504132,-0.00826446280991736,0.00826446280991736,15,18,0.190082644628099,0.677685950413223,45,0.371900826446281,120,70,0.583333333333333,1,0,0,0.586776859504132,0.40495867768595
60__NQ_ES__xgb_d3__0.5000,2024,TRUE,60,NQ_ES,xgb_d3,3,0.5,0.0249549150466919,1,10178,0.508036338225018,5483,0.53871094517587,5494,0.539791707604637,-0.00108076242876793,0.00383179406563175,53,310,0.00746708587148752,0.0340931420711338,3534,0.34721949302417,9864,5332,0.540551500405515,314,151,0.480891719745223,0.539791707604637,0.456376498329731
60__NQ_ES__xgb_d3__0.2000,2024,TRUE,60,NQ_ES,xgb_d3,3,0.2,0.0404898881912232,1,4212,0.210242587601078,2277,0.540598290598291,2265,0.537749287749288,0.00284900284900285,0.00379867046533713,53,279,0.0121082621082621,0.0541310541310541,1781,0.422839506172839,4097,2214,0.540395411276544,115,63,0.547826086956522,0.537749287749288,0.458452041785375
60__NQ_ES__xgb_d3__0.1000,2024,TRUE,60,NQ_ES,xgb_d3,3,0.1,0.051546061038971,1,2104,0.10502146351203,1136,0.539923954372624,1132,0.538022813688213,0.00190114068441065,0.00380228136882129,53,214,0.0185361216730038,0.0807984790874525,885,0.420627376425856,2052,1108,0.539961013645224,52,28,0.538461538461538,0.538022813688213,0.458174904942966
60__NQ_ES__xgb_d3__0.0500,2024,TRUE,60,NQ_ES,xgb_d3,3,0.05,0.0634073972702026,1,980,0.0489168413696716,523,0.533673469387755,520,0.530612244897959,0.00306122448979592,0.00612244897959184,51,129,0.0336734693877551,0.13469387755102,407,0.41530612244898,965,514,0.532642487046632,15,9,0.6,0.530612244897959,0.463265306122449
60__NQ_ES__xgb_d3__0.0200,2024,TRUE,60,NQ_ES,xgb_d3,3,0.02,0.0793664503097533,1,414,0.0206648697214735,221,0.533816425120773,220,0.531400966183575,0.00241545893719807,0.00483091787439614,46,70,0.070048309178744,0.289855072463768,172,0.415458937198068,411,219,0.532846715328467,3,2,0.666666666666667,0.531400966183575,0.463768115942029
60__NQ_ES__xgb_d3__0.0100,2024,TRUE,60,NQ_ES,xgb_d3,3,0.01,0.0906484103202822,1,226,0.0112808226015773,129,0.570796460176991,129,0.570796460176991,0,0.00442477876106195,26,33,0.101769911504425,0.464601769911505,90,0.398230088495575,226,129,0.570796460176991,0,0,,0.570796460176991,0.424778761061947
60__NQ_ES__xgb_d3__0.0050,2024,TRUE,60,NQ_ES,xgb_d3,3,0.005,0.100567687749863,1,121,0.00603973245482679,70,0.578512396694215,70,0.578512396694215,0,0.00826446280991736,16,20,0.181818181818182,0.661157024793388,49,0.40495867768595,121,70,0.578512396694215,0,0,,0.578512396694215,0.413223140495868
60__NQ_ES__xgb_d4__0.5000,2024,TRUE,60,NQ_ES,xgb_d4,4,0.5,0.0248546600341797,1,10165,0.507387441349706,5418,0.533005410723069,5438,0.534972946384653,-0.00196753566158387,0.00373831775700935,53,312,0.00757501229709789,0.0342351205115593,3633,0.357402852926709,9551,5121,0.536174222594493,614,297,0.48371335504886,0.534972946384653,0.461288735858337
60__NQ_ES__xgb_d4__0.2000,2024,TRUE,60,NQ_ES,xgb_d4,4,0.2,0.0434264063835144,1,4154,0.207347509234302,2233,0.537554164660568,2255,0.542850264805007,-0.0052961001444391,0.00385170919595571,53,290,0.012518054886856,0.0527202696196437,1871,0.45040924410207,3948,2141,0.542299898682877,206,92,0.446601941747573,0.542850264805007,0.453298025999037
60__NQ_ES__xgb_d4__0.1000,2024,TRUE,60,NQ_ES,xgb_d4,4,0.1,0.056434178352356,1,1955,0.0975841070180693,1024,0.523785166240409,1032,0.527877237851662,-0.0040920716112532,0.00358056265984655,53,241,0.0199488491048593,0.0874680306905371,957,0.489514066496164,1849,975,0.527312060573283,106,49,0.462264150943396,0.527877237851662,0.468542199488491
60__NQ_ES__xgb_d4__0.0500,2024,TRUE,60,NQ_ES,xgb_d4,4,0.05,0.0691978216171265,1,982,0.0490166716581811,530,0.539714867617108,530,0.539714867617108,0,0.00203665987780041,53,163,0.0356415478615071,0.143584521384929,468,0.476578411405295,920,499,0.542391304347826,62,31,0.5,0.539714867617108,0.458248472505092
60__NQ_ES__xgb_d4__0.0200,2024,TRUE,60,NQ_ES,xgb_d4,4,0.02,0.0842332434654235,1,440,0.0219626634720974,242,0.55,242,0.55,0,0.00227272727272727,48,82,0.0613636363636364,0.234090909090909,198,0.45,416,230,0.552884615384615,24,12,0.5,0.55,0.447727272727273
60__NQ_ES__xgb_d4__0.0100,2024,TRUE,60,NQ_ES,xgb_d4,4,0.01,0.0944475388526917,1,253,0.012628531496456,141,0.557312252964427,141,0.557312252964427,0,0,40,50,0.08300395256917,0.347826086956522,117,0.462450592885376,243,136,0.559670781893004,10,5,0.5,0.557312252964427,0.442687747035573
60__NQ_ES__xgb_d4__0.0050,2024,TRUE,60,NQ_ES,xgb_d4,4,0.005,0.105445891618728,1,134,0.00668862933013876,73,0.544776119402985,72,0.537313432835821,0.00746268656716418,0,27,32,0.126865671641791,0.447761194029851,74,0.552238805970149,129,70,0.542635658914729,5,3,0.6,0.537313432835821,0.462686567164179
60__NQ_ES__xgb_d5__0.5000,2024,TRUE,60,NQ_ES,xgb_d5,5,0.5,0.025381326675415,1,9997,0.499001697114905,5278,0.527958387516255,5321,0.532259677903371,-0.00430129038711613,0.00350105031509453,53,311,0.00710213063919176,0.0330099029708913,3704,0.370511153346004,8976,4791,0.533756684491979,1021,487,0.476983349657199,0.532259677903371,0.464239271781534
60__NQ_ES__xgb_d5__0.2000,2024,TRUE,60,NQ_ES,xgb_d5,5,0.2,0.0468043267726898,1,4024,0.200858540481182,2186,0.54324055666004,2193,0.544980119284294,-0.00173956262425447,0.00422465208747515,53,290,0.0114314115308151,0.0531809145129225,1885,0.468439363817098,3668,2012,0.548527808069793,356,174,0.48876404494382,0.544980119284294,0.450795228628231
60__NQ_ES__xgb_d5__0.1000,2024,TRUE,60,NQ_ES,xgb_d5,5,0.1,0.0621056318283081,1,1936,0.0966357192772287,1049,0.541838842975207,1063,0.549070247933884,-0.00723140495867769,0.00361570247933884,53,248,0.0175619834710744,0.077995867768595,980,0.506198347107438,1748,962,0.550343249427918,188,87,0.462765957446809,0.549070247933884,0.447314049586777
60__NQ_ES__xgb_d5__0.0500,2024,TRUE,60,NQ_ES,xgb_d5,5,0.05,0.076242208480835,1,949,0.0473694718977738,515,0.542676501580611,513,0.540569020021075,0.00210748155953635,0.00316122233930453,53,168,0.0284510010537408,0.131717597471022,490,0.516332982086407,847,463,0.546635182998819,102,52,0.509803921568627,0.540569020021075,0.456269757639621
60__NQ_ES__xgb_d5__0.0200,2024,TRUE,60,NQ_ES,xgb_d5,5,0.02,0.0931452226638794,1,372,0.0185684336627733,201,0.540322580645161,206,0.553763440860215,-0.0134408602150538,0,48,92,0.0591397849462366,0.260752688172043,198,0.532258064516129,323,179,0.554179566563468,49,22,0.448979591836735,0.553763440860215,0.446236559139785
60__NQ_ES__xgb_d5__0.0100,2024,TRUE,60,NQ_ES,xgb_d5,5,0.01,0.105080336332321,1,198,0.00988319856244385,108,0.545454545454545,105,0.53030303030303,0.0151515151515152,0,36,52,0.106060606060606,0.383838383838384,105,0.53030303030303,169,92,0.544378698224852,29,16,0.551724137931035,0.53030303030303,0.46969696969697
60__NQ_ES__xgb_d5__0.0050,2024,TRUE,60,NQ_ES,xgb_d5,5,0.005,0.115572488307953,1,116,0.00579015673355296,66,0.568965517241379,59,0.508620689655172,0.0603448275862069,0,25,32,0.181034482758621,0.517241379310345,63,0.543103448275862,99,54,0.545454545454545,17,12,0.705882352941177,0.508620689655172,0.491379310344828
1__NQ_ONLY__logit__0.5000,2025,TRUE,1,NQ_ONLY,logit,,0.5,0.0339787696419395,1,11049,0.505559368565546,5830,0.527649561046249,5550,0.502307901167526,0.0253416598787221,0.0259752013756901,53,312,0.00642592089781881,0.0291429088605304,11049,1,6723,3598,0.535177748029154,4326,2232,0.515950069348128,0.502307901167526,0.471716897456783
1__NQ_ONLY__logit__0.2000,2025,TRUE,1,NQ_ONLY,logit,,0.2,0.0600382256203305,1,4483,0.205124685426676,2405,0.53647111309391,2337,0.521302699085434,0.0151684140084765,0.0276600490742806,53,311,0.0118224403301361,0.0468436314967656,4483,1,2831,1576,0.5566937477923,1652,829,0.50181598062954,0.521302699085434,0.451037251840286
1__NQ_ONLY__logit__0.1000,2025,TRUE,1,NQ_ONLY,logit,,0.1,0.0740064205374723,1,2314,0.105879661404713,1257,0.543215211754538,1179,0.509507346585998,0.0337078651685393,0.0250648228176318,53,303,0.020743301642178,0.0704407951598963,2314,1,1433,793,0.553384508025122,881,464,0.526674233825199,0.509507346585998,0.46542783059637
1__NQ_ONLY__logit__0.0500,2025,TRUE,1,NQ_ONLY,logit,,0.05,0.0858608714313317,1,1152,0.0527110501029513,632,0.548611111111111,594,0.515625,0.0329861111111111,0.0260416666666667,53,283,0.0321180555555556,0.108506944444444,1152,1,703,396,0.563300142247511,449,236,0.525612472160356,0.515625,0.458333333333333
1__NQ_ONLY__logit__0.0200,2025,TRUE,1,NQ_ONLY,logit,,0.02,0.0984025668213382,1,501,0.0229238160603981,273,0.544910179640719,255,0.508982035928144,0.0359281437125749,0.0279441117764471,53,206,0.0598802395209581,0.179640718562874,501,1,300,168,0.56,201,105,0.522388059701493,0.508982035928144,0.463073852295409
1__NQ_ONLY__logit__0.0100,2025,TRUE,1,NQ_ONLY,logit,,0.01,0.105708486296057,1,302,0.0138183482040723,168,0.556291390728477,165,0.54635761589404,0.00993377483443709,0.0198675496688742,49,136,0.076158940397351,0.231788079470199,302,1,181,108,0.596685082872928,121,60,0.495867768595041,0.54635761589404,0.433774834437086
1__NQ_ONLY__logit__0.0050,2025,TRUE,1,NQ_ONLY,logit,,0.005,0.112058516214909,1,198,0.00905971173644475,104,0.525252525252525,111,0.560606060606061,-0.0353535353535354,0.0202020202020202,41,90,0.116161616161616,0.292929292929293,198,1,123,71,0.577235772357724,75,33,0.44,0.560606060606061,0.419191919191919
1__NQ_ONLY__ranger__0.5000,2025,TRUE,1,NQ_ONLY,ranger,,0.5,0.0252863326827193,1,10830,0.495538778311599,5673,0.52382271468144,5425,0.500923361034164,0.0228993536472761,0.0265927977839335,53,312,0.00535549399815328,0.0261311172668513,10830,1,6745,3578,0.530467012601927,4085,2095,0.512851897184823,0.500923361034164,0.472483841181902
1__NQ_ONLY__ranger__0.2000,2025,TRUE,1,NQ_ONLY,ranger,,0.2,0.050834483586071,1,4140,0.189430336307481,2181,0.526811594202899,2034,0.491304347826087,0.0355072463768116,0.0335748792270531,53,312,0.00652173913043478,0.0304347826086957,4140,1,2498,1323,0.529623698959167,1642,858,0.522533495736906,0.491304347826087,0.47512077294686
1__NQ_ONLY__ranger__0.1000,2025,TRUE,1,NQ_ONLY,ranger,,0.1,0.0642914405255524,1,2065,0.0944863875543354,1076,0.521065375302663,1025,0.49636803874092,0.0246973365617433,0.0368038740920097,53,309,0.00871670702179177,0.0397094430992736,2065,1,1141,610,0.534618755477651,924,466,0.504329004329004,0.49636803874092,0.46682808716707
1__NQ_ONLY__ranger__0.0500,2025,TRUE,1,NQ_ONLY,ranger,,0.05,0.0762588957245913,1,988,0.0452070464424617,511,0.517206477732794,483,0.488866396761134,0.0283400809716599,0.0445344129554656,53,285,0.00910931174089069,0.0455465587044534,988,1,456,244,0.535087719298246,532,267,0.50187969924812,0.488866396761134,0.466599190283401
1__NQ_ONLY__ranger__0.0200,2025,TRUE,1,NQ_ONLY,ranger,,0.02,0.0885259711822857,1,383,0.0175245939144361,203,0.530026109660574,188,0.490861618798956,0.0391644908616188,0.0391644908616188,53,204,0.0156657963446475,0.0652741514360313,383,1,132,75,0.568181818181818,251,128,0.50996015936255,0.490861618798956,0.469973890339426
1__NQ_ONLY__ranger__0.0100,2025,TRUE,1,NQ_ONLY,ranger,,0.01,0.0979049254887832,1,185,0.00846488217799131,89,0.481081081081081,97,0.524324324324324,-0.0432432432432432,0.0324324324324324,48,129,0.0216216216216216,0.0864864864864865,185,1,51,28,0.549019607843137,134,61,0.455223880597015,0.524324324324324,0.443243243243243
1__NQ_ONLY__ranger__0.0050,2025,TRUE,1,NQ_ONLY,ranger,,0.005,0.10548150125482,1,95,0.00434683138869824,42,0.442105263157895,50,0.526315789473684,-0.0842105263157895,0.0315789473684211,43,78,0.0315789473684211,0.157894736842105,95,1,28,13,0.464285714285714,67,29,0.432835820895522,0.526315789473684,0.442105263157895
1__NQ_ONLY__xgb_d2__0.5000,2025,TRUE,1,NQ_ONLY,xgb_d2,2,0.5,0.0288803577423096,1,10862,0.497002974147792,5683,0.523200147302523,5424,0.499355551463819,0.0238445958387037,0.0266985822132204,53,312,0.00543178051924139,0.0257779414472473,10862,1,6780,3585,0.528761061946903,4082,2098,0.513963743263106,0.499355551463819,0.473945866322961
1__NQ_ONLY__xgb_d2__0.2000,2025,TRUE,1,NQ_ONLY,xgb_d2,2,0.2,0.0548561811447144,1,4246,0.194280485014871,2266,0.533678756476684,2100,0.494583137070184,0.0390956194065002,0.0306170513424399,53,312,0.00730098916627414,0.0313235986811116,4246,1,2571,1380,0.536756126021004,1675,886,0.528955223880597,0.494583137070184,0.474799811587376
1__NQ_ONLY__xgb_d2__0.1000,2025,TRUE,1,NQ_ONLY,xgb_d2,2,0.1,0.0694637894630432,1,2037,0.0932052161976664,1096,0.538046146293569,1010,0.495827196858125,0.0422189494354443,0.0353460972017673,53,306,0.00981836033382425,0.0363279332351497,2037,1,1129,618,0.547387068201949,908,478,0.526431718061674,0.495827196858125,0.468826705940108
1__NQ_ONLY__xgb_d2__0.0500,2025,TRUE,1,NQ_ONLY,xgb_d2,2,0.05,0.0814669728279114,1,1016,0.0464882177991306,541,0.53248031496063,509,0.500984251968504,0.031496062992126,0.0433070866141732,53,288,0.0118110236220472,0.0433070866141732,1016,1,468,264,0.564102564102564,548,277,0.505474452554745,0.500984251968504,0.455708661417323
1__NQ_ONLY__xgb_d2__0.0200,2025,TRUE,1,NQ_ONLY,xgb_d2,2,0.02,0.0966701507568359,1,384,0.0175703500343171,202,0.526041666666667,188,0.489583333333333,0.0364583333333333,0.046875,53,200,0.015625,0.0677083333333333,384,1,119,70,0.588235294117647,265,132,0.49811320754717,0.489583333333333,0.463541666666667
1__NQ_ONLY__xgb_d2__0.0100,2025,TRUE,1,NQ_ONLY,xgb_d2,2,0.01,0.10678043961525,1,172,0.00787005261953786,89,0.517441860465116,83,0.482558139534884,0.0348837209302326,0.0465116279069768,50,127,0.0232558139534884,0.0988372093023256,172,1,48,27,0.5625,124,62,0.5,0.482558139534884,0.47093023255814
1__NQ_ONLY__xgb_d2__0.0050,2025,TRUE,1,NQ_ONLY,xgb_d2,2,0.005,0.114678844809532,1,92,0.00420956302905514,43,0.467391304347826,43,0.467391304347826,0,0.0434782608695652,43,80,0.0217391304347826,0.108695652173913,92,1,24,10,0.416666666666667,68,33,0.485294117647059,0.467391304347826,0.489130434782609
1__NQ_ONLY__xgb_d3__0.5000,2025,TRUE,1,NQ_ONLY,xgb_d3,3,0.5,0.0306788980960846,1,10936,0.500388927018989,5694,0.520665691294806,5471,0.500274323335772,0.0203913679590344,0.0270665691294806,53,312,0.0056693489392831,0.026609363569861,10936,1,6813,3595,0.527667694114193,4123,2099,0.509095318942518,0.500274323335772,0.472659107534748
1__NQ_ONLY__xgb_d3__0.2000,2025,TRUE,1,NQ_ONLY,xgb_d3,3,0.2,0.059501051902771,1,4255,0.1946922900938,2260,0.531139835487662,2092,0.49165687426557,0.0394829612220917,0.0326674500587544,53,312,0.00681551116333725,0.0314923619271445,4255,1,2561,1365,0.532994923857868,1694,895,0.528335301062574,0.49165687426557,0.475675675675676
1__NQ_ONLY__xgb_d3__0.1000,2025,TRUE,1,NQ_ONLY,xgb_d3,3,0.1,0.0769180953502655,1,2094,0.0958133150308854,1110,0.530085959885387,1040,0.49665711556829,0.0334288443170965,0.0362941738299905,53,307,0.00955109837631328,0.0401146131805158,2094,1,1151,624,0.542137271937446,943,486,0.515376458112407,0.49665711556829,0.467048710601719
1__NQ_ONLY__xgb_d3__0.0500,2025,TRUE,1,NQ_ONLY,xgb_d3,3,0.05,0.0918608009815216,1,1039,0.0475406085563944,546,0.525505293551492,531,0.51106833493744,0.014436958614052,0.0442733397497594,53,282,0.0105871029836381,0.0461982675649663,1039,1,508,286,0.562992125984252,531,260,0.489642184557439,0.51106833493744,0.444658325312801
1__NQ_ONLY__xgb_d3__0.0200,2025,TRUE,1,NQ_ONLY,xgb_d3,3,0.02,0.110119521617889,1,369,0.0168840082361016,186,0.504065040650406,196,0.531165311653117,-0.02710027100271,0.043360433604336,52,199,0.013550135501355,0.0623306233062331,369,1,162,93,0.574074074074074,207,93,0.449275362318841,0.531165311653117,0.425474254742547
1__NQ_ONLY__xgb_d3__0.0100,2025,TRUE,1,NQ_ONLY,xgb_d3,3,0.01,0.120780467987061,1,199,0.00910546785632578,101,0.507537688442211,103,0.517587939698493,-0.0100502512562814,0.0351758793969849,50,141,0.0201005025125628,0.085427135678392,199,1,84,47,0.55952380952381,115,54,0.469565217391304,0.517587939698493,0.447236180904523
1__NQ_ONLY__xgb_d3__0.0050,2025,TRUE,1,NQ_ONLY,xgb_d3,3,0.005,0.133061900734901,1,100,0.00457561198810341,51,0.51,43,0.43,0.08,0.04,45,84,0.03,0.13,100,1,44,20,0.454545454545455,56,31,0.553571428571429,0.43,0.53
1__NQ_ONLY__xgb_d4__0.5000,2025,TRUE,1,NQ_ONLY,xgb_d4,4,0.5,0.0322296023368835,1,10974,0.502127659574468,5741,0.523145616912703,5492,0.500455622380171,0.0226899945325314,0.0256059777656279,53,312,0.00555859303809003,0.0262438490978677,10974,1,6773,3586,0.529455189723904,4201,2155,0.512973101642466,0.500455622380171,0.473938399854201
1__NQ_ONLY__xgb_d4__0.2000,2025,TRUE,1,NQ_ONLY,xgb_d4,4,0.2,0.0624968409538269,1,4276,0.195653168611302,2260,0.528531337698784,2116,0.494855004677268,0.0336763330215154,0.0318054256314312,53,312,0.00654817586529467,0.0315715622076707,4276,1,2543,1355,0.532835233975619,1733,905,0.522215810732833,0.494855004677268,0.4733395696913
1__NQ_ONLY__xgb_d4__0.1000,2025,TRUE,1,NQ_ONLY,xgb_d4,4,0.1,0.0800716280937195,1,2201,0.100709219858156,1180,0.536119945479328,1097,0.498409813721036,0.0377101317582917,0.0354384370740573,53,309,0.00817810086324398,0.0372557928214448,2201,1,1221,669,0.547911547911548,980,511,0.521428571428571,0.498409813721036,0.466151749204907
1__NQ_ONLY__xgb_d4__0.0500,2025,TRUE,1,NQ_ONLY,xgb_d4,4,0.05,0.0967499315738678,1,1024,0.0468542667581789,536,0.5234375,513,0.5009765625,0.0224609375,0.04296875,53,285,0.0126953125,0.048828125,1024,1,529,289,0.546313799621928,495,247,0.498989898989899,0.5009765625,0.4560546875
1__NQ_ONLY__xgb_d4__0.0200,2025,TRUE,1,NQ_ONLY,xgb_d4,4,0.02,0.116439282894135,1,385,0.0176161061541981,191,0.496103896103896,191,0.496103896103896,0,0.0545454545454545,52,203,0.0207792207792208,0.0779220779220779,385,1,186,98,0.526881720430108,199,93,0.467336683417086,0.496103896103896,0.449350649350649
1__NQ_ONLY__xgb_d4__0.0100,2025,TRUE,1,NQ_ONLY,xgb_d4,4,0.01,0.128575444221497,1,198,0.00905971173644475,100,0.505050505050505,105,0.53030303030303,-0.0252525252525253,0.0404040404040404,49,141,0.0252525252525253,0.0909090909090909,198,1,91,52,0.571428571428571,107,48,0.448598130841121,0.53030303030303,0.429292929292929
1__NQ_ONLY__xgb_d4__0.0050,2025,TRUE,1,NQ_ONLY,xgb_d4,4,0.005,0.141505554318428,1,103,0.00471288034774651,53,0.514563106796117,49,0.475728155339806,0.0388349514563107,0.0485436893203884,44,91,0.029126213592233,0.116504854368932,103,1,52,27,0.519230769230769,51,26,0.509803921568627,0.475728155339806,0.475728155339806
1__NQ_ONLY__xgb_d5__0.5000,2025,TRUE,1,NQ_ONLY,xgb_d5,5,0.5,0.0336866974830627,1,11012,0.503866392129947,5715,0.518979295314203,5517,0.500998910279695,0.0179803850345078,0.0264257173992009,53,312,0.00544860152560843,0.0261532873229205,11012,1,6771,3567,0.526805494018609,4241,2148,0.506484319735911,0.500998910279695,0.472575372321104
1__NQ_ONLY__xgb_d5__0.2000,2025,TRUE,1,NQ_ONLY,xgb_d5,5,0.2,0.0649819374084473,1,4419,0.20219629375429,2321,0.525231952930527,2206,0.499207965603078,0.0260239873274497,0.0316813758768952,53,311,0.00678886625933469,0.0312287847929396,4419,1,2627,1400,0.532927293490674,1792,921,0.513950892857143,0.499207965603078,0.469110658520027
1__NQ_ONLY__xgb_d5__0.1000,2025,TRUE,1,NQ_ONLY,xgb_d5,5,0.1,0.0842729806900024,1,2241,0.102539464653397,1184,0.528335564480143,1099,0.490406068719322,0.0379294957608211,0.0312360553324409,53,304,0.00803212851405622,0.0374832663989291,2241,1,1252,664,0.530351437699681,989,520,0.525783619817998,0.490406068719322,0.478357875948237
1__NQ_ONLY__xgb_d5__0.0500,2025,TRUE,1,NQ_ONLY,xgb_d5,5,0.05,0.10143655538559,1,1082,0.0495081217112789,547,0.505545286506469,540,0.499075785582255,0.00646950092421442,0.0471349353049908,53,287,0.0138632162661738,0.0517560073937154,1082,1,567,300,0.529100529100529,515,247,0.479611650485437,0.499075785582255,0.453789279112754
1__NQ_ONLY__xgb_d5__0.0200,2025,TRUE,1,NQ_ONLY,xgb_d5,5,0.02,0.122651696205139,1,409,0.0187142530313429,211,0.515892420537897,209,0.511002444987775,0.00488997555012225,0.0562347188264059,53,214,0.0171149144254279,0.0733496332518338,409,1,204,115,0.563725490196078,205,96,0.468292682926829,0.511002444987775,0.432762836185819
1__NQ_ONLY__xgb_d5__0.0100,2025,TRUE,1,NQ_ONLY,xgb_d5,5,0.01,0.137026906013489,1,237,0.0108442004118051,117,0.493670886075949,117,0.493670886075949,0,0.0590717299578059,51,149,0.0253164556962025,0.105485232067511,237,1,108,58,0.537037037037037,129,59,0.457364341085271,0.493670886075949,0.447257383966245
1__NQ_ONLY__xgb_d5__0.0050,2025,TRUE,1,NQ_ONLY,xgb_d5,5,0.005,0.149425894021988,1,127,0.00581102722489133,61,0.480314960629921,63,0.496062992125984,-0.015748031496063,0.062992125984252,47,91,0.0393700787401575,0.141732283464567,127,1,61,32,0.524590163934426,66,29,0.439393939393939,0.496062992125984,0.440944881889764
1__NQ_ES__logit__0.5000,2025,TRUE,1,NQ_ES,logit,,0.5,0.0335921877298399,1,11254,0.514939373141158,5894,0.523724897814111,5693,0.50586458148214,0.0178603163319709,0.0260351874888928,53,312,0.00648658254842723,0.028523191754043,11254,1,6842,3656,0.53434668225665,4412,2238,0.50725294650952,0.50586458148214,0.468100231028967
1__NQ_ES__logit__0.2000,2025,TRUE,1,NQ_ES,logit,,0.2,0.0600086947637755,1,4690,0.21459620224205,2511,0.535394456289979,2409,0.5136460554371,0.0217484008528785,0.026865671641791,53,310,0.0138592750533049,0.0488272921108742,4690,1,2952,1622,0.549457994579946,1738,889,0.51150747986191,0.5136460554371,0.459488272921109
1__NQ_ES__logit__0.1000,2025,TRUE,1,NQ_ES,logit,,0.1,0.074771688443771,1,2445,0.111873713109128,1317,0.538650306748466,1252,0.512065439672802,0.0265848670756646,0.029038854805726,53,300,0.0233128834355828,0.0756646216768916,2445,1,1537,848,0.551724137931035,908,469,0.516519823788546,0.512065439672802,0.458895705521472
1__NQ_ES__logit__0.0500,2025,TRUE,1,NQ_ES,logit,,0.05,0.0865658636698949,1,1251,0.0572409059711736,669,0.534772182254197,637,0.509192645883293,0.0255795363709033,0.026378896882494,53,282,0.0383693045563549,0.1207034372502,1251,1,770,423,0.549350649350649,481,246,0.511434511434512,0.509192645883293,0.464428457234213
1__NQ_ES__logit__0.0200,2025,TRUE,1,NQ_ES,logit,,0.02,0.099057471834632,1,590,0.0269961107298101,318,0.538983050847458,307,0.520338983050848,0.0186440677966102,0.0220338983050847,53,211,0.0745762711864407,0.198305084745763,590,1,353,197,0.558073654390935,237,121,0.510548523206751,0.520338983050848,0.457627118644068
1__NQ_ES__logit__0.0100,2025,TRUE,1,NQ_ES,logit,,0.01,0.107779764329028,1,329,0.0150537634408602,180,0.547112462006079,175,0.531914893617021,0.0151975683890578,0.0151975683890578,50,140,0.11854103343465,0.288753799392097,329,1,198,113,0.570707070707071,131,67,0.511450381679389,0.531914893617021,0.452887537993921
1__NQ_ES__logit__0.0050,2025,TRUE,1,NQ_ES,logit,,0.005,0.116175677336661,1,193,0.00883093113703958,106,0.549222797927461,110,0.569948186528498,-0.0207253886010363,0.0103626943005181,41,82,0.170984455958549,0.404145077720207,193,1,117,70,0.598290598290598,76,36,0.473684210526316,0.569948186528498,0.419689119170984
1__NQ_ES__ranger__0.5000,2025,TRUE,1,NQ_ES,ranger,,0.5,0.0255429221059139,1,10692,0.489224433768017,5585,0.52235316124205,5357,0.501028806584362,0.021324354657688,0.0270295548073326,53,312,0.00542461653572765,0.0254395809951366,10692,1,6646,3520,0.529641889858562,4046,2065,0.51038062283737,0.501028806584362,0.471941638608305
1__NQ_ES__ranger__0.2000,2025,TRUE,1,NQ_ES,ranger,,0.2,0.0490386775298562,1,4095,0.187371310912835,2162,0.527960927960928,2035,0.496947496947497,0.031013431013431,0.0302808302808303,53,312,0.00659340659340659,0.0305250305250305,4095,1,2402,1287,0.535803497085762,1693,875,0.516834022445363,0.496947496947497,0.472771672771673
1__NQ_ES__ranger__0.1000,2025,TRUE,1,NQ_ES,ranger,,0.1,0.0617061291704568,1,2078,0.0950812171127888,1101,0.529836381135707,1048,0.504331087584216,0.0255052935514918,0.0312800769971126,53,307,0.00866217516843118,0.0389797882579403,2078,1,1080,594,0.55,998,507,0.508016032064128,0.504331087584216,0.464388835418672
1__NQ_ES__ranger__0.0500,2025,TRUE,1,NQ_ES,ranger,,0.05,0.0720938123529242,1,1020,0.0466712422786548,527,0.516666666666667,508,0.498039215686275,0.0186274509803922,0.0343137254901961,53,290,0.0117647058823529,0.046078431372549,1020,1,427,233,0.545667447306792,593,294,0.495784148397976,0.498039215686275,0.467647058823529
1__NQ_ES__ranger__0.0200,2025,TRUE,1,NQ_ES,ranger,,0.02,0.0830432458654359,1,419,0.0191718142301533,203,0.484486873508353,205,0.489260143198091,-0.00477326968973747,0.0501193317422434,53,221,0.0119331742243437,0.0596658711217184,419,1,123,64,0.520325203252033,296,139,0.469594594594595,0.489260143198091,0.460620525059666
1__NQ_ES__ranger__0.0100,2025,TRUE,1,NQ_ES,ranger,,0.01,0.0913738262994245,1,189,0.00864790665751544,78,0.412698412698413,98,0.518518518518519,-0.105820105820106,0.0529100529100529,52,135,0.0211640211640212,0.0846560846560847,189,1,37,16,0.432432432432432,152,62,0.407894736842105,0.518518518518519,0.428571428571429
1__NQ_ES__ranger__0.0050,2025,TRUE,1,NQ_ES,ranger,,0.005,0.0983779038571324,1,99,0.00452985586822237,38,0.383838383838384,54,0.545454545454545,-0.161616161616162,0.0707070707070707,45,82,0.0303030303030303,0.111111111111111,99,1,14,6,0.428571428571429,85,32,0.376470588235294,0.545454545454545,0.383838383838384
1__NQ_ES__xgb_d2__0.5000,2025,TRUE,1,NQ_ES,xgb_d2,2,0.5,0.0297701060771942,1,10973,0.502081903454587,5721,0.521370637018135,5485,0.499863300829308,0.0215073361888271,0.0259728424314226,53,312,0.00555909960812904,0.0251526474072724,10973,1,6721,3552,0.528492783811933,4252,2169,0.510112888052681,0.499863300829308,0.474163856739269
1__NQ_ES__xgb_d2__0.2000,2025,TRUE,1,NQ_ES,xgb_d2,2,0.2,0.0561070144176483,1,4149,0.18984214138641,2223,0.535791757049892,2072,0.49939744516751,0.0363943118823813,0.029645697758496,53,312,0.00723065798987708,0.0318148951554592,4149,1,2492,1352,0.542536115569823,1657,871,0.525648762824381,0.49939744516751,0.470956857073994
1__NQ_ES__xgb_d2__0.1000,2025,TRUE,1,NQ_ES,xgb_d2,2,0.1,0.0697263479232788,1,2060,0.0942576069549302,1129,0.548058252427184,1047,0.508252427184466,0.0398058252427184,0.0344660194174757,53,306,0.0087378640776699,0.0383495145631068,2060,1,1146,650,0.567190226876091,914,479,0.524070021881838,0.508252427184466,0.457281553398058
1__NQ_ES__xgb_d2__0.0500,2025,TRUE,1,NQ_ES,xgb_d2,2,0.05,0.0811399221420288,1,1014,0.0463967055593686,549,0.541420118343195,523,0.51577909270217,0.0256410256410256,0.0374753451676529,53,286,0.0128205128205128,0.0512820512820513,1014,1,487,284,0.583162217659138,527,265,0.502846299810247,0.51577909270217,0.446745562130178
1__NQ_ES__xgb_d2__0.0200,2025,TRUE,1,NQ_ES,xgb_d2,2,0.02,0.0941823124885559,1,412,0.018851521390986,221,0.536407766990291,216,0.524271844660194,0.0121359223300971,0.0339805825242718,53,205,0.0145631067961165,0.0631067961165049,412,1,159,98,0.616352201257862,253,123,0.486166007905138,0.524271844660194,0.441747572815534
1__NQ_ES__xgb_d2__0.0100,2025,TRUE,1,NQ_ES,xgb_d2,2,0.01,0.103763312101364,1,201,0.00919698009608785,98,0.487562189054726,100,0.497512437810945,-0.0099502487562189,0.0398009950248756,53,135,0.0199004975124378,0.0845771144278607,201,1,63,33,0.523809523809524,138,65,0.471014492753623,0.497512437810945,0.462686567164179
1__NQ_ES__xgb_d2__0.0050,2025,TRUE,1,NQ_ES,xgb_d2,2,0.005,0.111612379550934,1,103,0.00471288034774651,48,0.466019417475728,59,0.572815533980583,-0.106796116504854,0.0388349514563107,47,87,0.029126213592233,0.12621359223301,103,1,36,21,0.583333333333333,67,27,0.402985074626866,0.572815533980583,0.388349514563107
1__NQ_ES__xgb_d3__0.5000,2025,TRUE,1,NQ_ES,xgb_d3,3,0.5,0.0311833620071411,1,10985,0.50263097689316,5706,0.519435593991807,5482,0.499044151115157,0.02039144287665,0.0257624032771962,53,312,0.00582612653618571,0.0263996358670915,10985,1,6708,3530,0.52623732856291,4277,2176,0.508767827916764,0.499044151115157,0.475193445607647
1__NQ_ES__xgb_d3__0.2000,2025,TRUE,1,NQ_ES,xgb_d3,3,0.2,0.0597133040428162,1,4208,0.192541752459391,2239,0.53208174904943,2092,0.497148288973384,0.0349334600760456,0.0311311787072243,53,312,0.00760456273764259,0.0327946768060837,4208,1,2396,1298,0.541736227045075,1812,941,0.519315673289183,0.497148288973384,0.471720532319392
1__NQ_ES__xgb_d3__0.1000,2025,TRUE,1,NQ_ES,xgb_d3,3,0.1,0.0757679641246796,1,2094,0.0958133150308854,1150,0.549188156638013,1060,0.506208213944604,0.0429799426934097,0.0348615090735435,53,308,0.00811843361986628,0.0382043935052531,2094,1,1051,605,0.575642245480495,1043,545,0.522531160115053,0.506208213944604,0.458930276981853
1__NQ_ES__xgb_d3__0.0500,2025,TRUE,1,NQ_ES,xgb_d3,3,0.05,0.0893637537956238,1,1033,0.0472660718371082,551,0.533397870280736,512,0.495643756050339,0.0377541142303969,0.0367860600193611,53,288,0.0125847047434656,0.0503388189738625,1033,1,441,247,0.560090702947846,592,304,0.513513513513514,0.495643756050339,0.4675701839303
1__NQ_ES__xgb_d3__0.0200,2025,TRUE,1,NQ_ES,xgb_d3,3,0.02,0.106751680374146,1,371,0.0169755204758636,186,0.501347708894879,185,0.498652291105121,0.00269541778975741,0.032345013477089,52,201,0.0161725067385445,0.0700808625336927,371,1,126,68,0.53968253968254,245,118,0.481632653061225,0.498652291105121,0.46900269541779
1__NQ_ES__xgb_d3__0.0100,2025,TRUE,1,NQ_ES,xgb_d3,3,0.01,0.11697781085968,1,207,0.00947151681537406,103,0.497584541062802,103,0.497584541062802,0,0.0386473429951691,50,144,0.0241545893719807,0.101449275362319,207,1,69,37,0.536231884057971,138,66,0.478260869565217,0.497584541062802,0.463768115942029
1__NQ_ES__xgb_d3__0.0050,2025,TRUE,1,NQ_ES,xgb_d3,3,0.005,0.12643475830555,1,116,0.00530770990619995,53,0.456896551724138,59,0.508620689655172,-0.0517241379310345,0.0431034482758621,43,95,0.0258620689655172,0.112068965517241,116,1,41,20,0.487804878048781,75,33,0.44,0.508620689655172,0.448275862068966
1__NQ_ES__xgb_d4__0.5000,2025,TRUE,1,NQ_ES,xgb_d4,4,0.5,0.0327591896057129,1,10935,0.500343170899108,5716,0.522725194330133,5504,0.503337905807042,0.019387288523091,0.0264288980338363,53,312,0.00521262002743484,0.0256058527663466,10935,1,6640,3537,0.532680722891566,4295,2179,0.507334109429569,0.503337905807042,0.470233196159122
1__NQ_ES__xgb_d4__0.2000,2025,TRUE,1,NQ_ES,xgb_d4,4,0.2,0.06370609998703,1,4204,0.192358727979867,2239,0.532588011417697,2095,0.498334919124643,0.0342530922930542,0.0316365366317793,53,312,0.00689819219790676,0.0318744053282588,4204,1,2358,1280,0.542832909245123,1846,959,0.519501625135428,0.498334919124643,0.470028544243578
1__NQ_ES__xgb_d4__0.1000,2025,TRUE,1,NQ_ES,xgb_d4,4,0.1,0.0815150141716003,1,2079,0.0951269732326699,1104,0.531024531024531,1021,0.491101491101491,0.0399230399230399,0.0360750360750361,53,307,0.00865800865800866,0.0394420394420394,2079,1,1044,568,0.544061302681992,1035,536,0.517874396135266,0.491101491101491,0.472823472823473
1__NQ_ES__xgb_d4__0.0500,2025,TRUE,1,NQ_ES,xgb_d4,4,0.05,0.097891241312027,1,992,0.0453900709219858,517,0.52116935483871,486,0.48991935483871,0.03125,0.0362903225806452,53,281,0.0100806451612903,0.0493951612903226,992,1,430,231,0.537209302325581,562,286,0.508896797153025,0.48991935483871,0.473790322580645
1__NQ_ES__xgb_d4__0.0200,2025,TRUE,1,NQ_ES,xgb_d4,4,0.02,0.116872400045395,1,379,0.0173415694349119,195,0.514511873350924,190,0.50131926121372,0.0131926121372032,0.0369393139841689,53,210,0.0158311345646438,0.0712401055408971,379,1,133,75,0.56390977443609,246,120,0.487804878048781,0.50131926121372,0.461741424802111
1__NQ_ES__xgb_d4__0.0100,2025,TRUE,1,NQ_ES,xgb_d4,4,0.01,0.130698978900909,1,184,0.00841912605811027,88,0.478260869565217,85,0.461956521739131,0.016304347826087,0.0489130434782609,50,138,0.0217391304347826,0.103260869565217,184,1,56,26,0.464285714285714,128,62,0.484375,0.461956521739131,0.489130434782609
1__NQ_ES__xgb_d4__0.0050,2025,TRUE,1,NQ_ES,xgb_d4,4,0.005,0.143123388290405,1,91,0.0041638069091741,44,0.483516483516484,42,0.461538461538462,0.021978021978022,0.043956043956044,43,77,0.032967032967033,0.120879120879121,91,1,33,15,0.454545454545455,58,29,0.5,0.461538461538462,0.494505494505495
1__NQ_ES__xgb_d5__0.5000,2025,TRUE,1,NQ_ES,xgb_d5,5,0.5,0.0340346097946167,1,10922,0.499748341340654,5722,0.523896722212049,5468,0.500640908258561,0.0232558139534884,0.0267350302142465,53,312,0.00549349935909174,0.0258194469877312,10922,1,6482,3453,0.532705954952175,4440,2269,0.511036036036036,0.500640908258561,0.472624061527193
1__NQ_ES__xgb_d5__0.2000,2025,TRUE,1,NQ_ES,xgb_d5,5,0.2,0.066392183303833,1,4281,0.195881949210707,2251,0.525811726232189,2105,0.491707544966129,0.0341041812660593,0.029899556178463,53,312,0.00770847932725999,0.0343377715487036,4281,1,2346,1248,0.531969309462916,1935,1003,0.518346253229974,0.491707544966129,0.478392898855408
1__NQ_ES__xgb_d5__0.1000,2025,TRUE,1,NQ_ES,xgb_d5,5,0.1,0.0867834687232971,1,2079,0.0951269732326699,1089,0.523809523809524,1008,0.484848484848485,0.038961038961039,0.0322270322270322,53,307,0.00865800865800866,0.037999037999038,2079,1,1037,548,0.528447444551591,1042,541,0.519193857965451,0.484848484848485,0.482924482924483
1__NQ_ES__xgb_d5__0.0500,2025,TRUE,1,NQ_ES,xgb_d5,5,0.05,0.103702276945114,1,991,0.0453443148021048,520,0.524722502522704,483,0.487386478304743,0.0373360242179617,0.041372351160444,53,279,0.012108980827447,0.0484359233097881,991,1,426,232,0.544600938967136,565,288,0.509734513274336,0.487386478304743,0.471241170534813
1__NQ_ES__xgb_d5__0.0200,2025,TRUE,1,NQ_ES,xgb_d5,5,0.02,0.123968482017517,1,390,0.0178448867536033,200,0.512820512820513,189,0.484615384615385,0.0282051282051282,0.0384615384615385,53,204,0.0179487179487179,0.0743589743589744,390,1,143,77,0.538461538461538,247,123,0.497975708502024,0.484615384615385,0.476923076923077
1__NQ_ES__xgb_d5__0.0100,2025,TRUE,1,NQ_ES,xgb_d5,5,0.01,0.137223720550537,1,199,0.00910546785632578,94,0.472361809045226,97,0.487437185929648,-0.0150753768844221,0.0552763819095477,52,129,0.0251256281407035,0.105527638190955,199,1,59,30,0.508474576271186,140,64,0.457142857142857,0.487437185929648,0.457286432160804
1__NQ_ES__xgb_d5__0.0050,2025,TRUE,1,NQ_ES,xgb_d5,5,0.005,0.149733334779739,1,102,0.00466712422786548,54,0.529411764705882,46,0.450980392156863,0.0784313725490196,0.0392156862745098,38,78,0.0294117647058824,0.147058823529412,102,1,28,14,0.5,74,40,0.540540540540541,0.450980392156863,0.509803921568627
3__NQ_ONLY__logit__0.5000,2025,TRUE,3,NQ_ONLY,logit,,0.5,0.027964231301533,1,10875,0.497802801428179,5624,0.517149425287356,5518,0.507402298850575,0.00974712643678161,0.0166436781609195,53,312,0.00542528735632184,0.0259310344827586,10875,1,7158,3747,0.523470243084661,3717,1877,0.504977132095776,0.507402298850575,0.475954022988506
3__NQ_ONLY__logit__0.2000,2025,TRUE,3,NQ_ONLY,logit,,0.2,0.0520516072265516,1,4267,0.195321798040831,2241,0.525193344269979,2206,0.516990860089056,0.00820248418092337,0.0171080384344973,53,312,0.00703070072650574,0.0337473634872276,4267,1,2886,1545,0.535343035343035,1381,696,0.503982621288921,0.516990860089056,0.465901101476447
3__NQ_ONLY__logit__0.1000,2025,TRUE,3,NQ_ONLY,logit,,0.1,0.0654210553700552,1,2208,0.101071134303763,1157,0.524003623188406,1120,0.507246376811594,0.0167572463768116,0.0144927536231884,53,305,0.00996376811594203,0.0448369565217391,2208,1,1474,776,0.526458616010855,734,381,0.519073569482289,0.507246376811594,0.478260869565217
3__NQ_ONLY__logit__0.0500,2025,TRUE,3,NQ_ONLY,logit,,0.05,0.0764784029012016,1,1104,0.0505355671518814,580,0.52536231884058,567,0.513586956521739,0.0117753623188406,0.0190217391304348,53,278,0.0153985507246377,0.0615942028985507,1104,1,727,388,0.533700137551582,377,192,0.509283819628647,0.513586956521739,0.467391304347826
3__NQ_ONLY__logit__0.0200,2025,TRUE,3,NQ_ONLY,logit,,0.02,0.0898748857162288,1,463,0.0211938112240227,248,0.535637149028078,252,0.544276457883369,-0.00863930885529158,0.019438444924406,53,208,0.0215982721382289,0.0863930885529158,463,1,303,171,0.564356435643564,160,77,0.48125,0.544276457883369,0.436285097192225
3__NQ_ONLY__logit__0.0100,2025,TRUE,3,NQ_ONLY,logit,,0.01,0.0981934895340765,1,229,0.0104824681863957,117,0.510917030567686,117,0.510917030567686,0,0.0131004366812227,53,143,0.0393013100436681,0.135371179039301,229,1,140,73,0.521428571428571,89,44,0.49438202247191,0.510917030567686,0.475982532751092
3__NQ_ONLY__logit__0.0050,2025,TRUE,3,NQ_ONLY,logit,,0.005,0.105912019843834,1,119,0.00544722145930605,65,0.546218487394958,64,0.53781512605042,0.00840336134453782,0.00840336134453782,42,76,0.0672268907563025,0.218487394957983,119,1,64,37,0.578125,55,28,0.509090909090909,0.53781512605042,0.453781512605042
3__NQ_ONLY__ranger__0.5000,2025,TRUE,3,NQ_ONLY,ranger,,0.5,0.0240785499875195,1,10812,0.494918978302664,5585,0.516555678875324,5458,0.504809470958195,0.0117462079171291,0.0178505364409915,53,312,0.00517943026267111,0.024787273399926,10812,1,7292,3798,0.520844761382337,3520,1787,0.507670454545455,0.504809470958195,0.477339992600814
3__NQ_ONLY__ranger__0.2000,2025,TRUE,3,NQ_ONLY,ranger,,0.2,0.0452264771428818,1,4351,0.199166895541518,2268,0.521259480579177,2235,0.513675017237417,0.00758446334176052,0.020225235578028,53,312,0.00620547000689497,0.0291886922546541,4351,1,2898,1541,0.531746031746032,1453,727,0.500344115622849,0.513675017237417,0.466099747184555
3__NQ_ONLY__ranger__0.1000,2025,TRUE,3,NQ_ONLY,ranger,,0.1,0.0573913904970544,1,2261,0.103497207726815,1163,0.51437417072092,1173,0.518796992481203,-0.00442282176028306,0.021671826625387,53,309,0.0070765148164529,0.0344980097302079,2261,1,1418,756,0.533145275035261,843,407,0.482799525504152,0.518796992481203,0.45953118089341
3__NQ_ONLY__ranger__0.0500,2025,TRUE,3,NQ_ONLY,ranger,,0.05,0.0684751423817872,1,1123,0.0514052915865605,579,0.515583259127338,571,0.508459483526269,0.00712377560106857,0.0204808548530721,53,296,0.00979519145146928,0.0418521816562778,1123,1,641,341,0.53198127925117,482,238,0.493775933609959,0.508459483526269,0.471059661620659
3__NQ_ONLY__ranger__0.0200,2025,TRUE,3,NQ_ONLY,ranger,,0.02,0.0807769873977765,1,436,0.0199578870273734,213,0.488532110091743,220,0.504587155963303,-0.0160550458715596,0.0229357798165138,53,221,0.0114678899082569,0.055045871559633,436,1,204,104,0.509803921568627,232,109,0.469827586206897,0.504587155963303,0.472477064220184
3__NQ_ONLY__ranger__0.0100,2025,TRUE,3,NQ_ONLY,ranger,,0.01,0.0904801676682639,1,186,0.0085141444658061,97,0.521505376344086,96,0.516129032258065,0.00537634408602151,0.0268817204301075,52,136,0.021505376344086,0.0860215053763441,186,1,70,40,0.571428571428571,116,57,0.491379310344828,0.516129032258065,0.456989247311828
3__NQ_ONLY__ranger__0.0050,2025,TRUE,3,NQ_ONLY,ranger,,0.005,0.0996973469438267,1,95,0.00434862217339559,50,0.526315789473684,48,0.505263157894737,0.0210526315789474,0.0105263157894737,43,81,0.0315789473684211,0.126315789473684,95,1,18,11,0.611111111111111,77,39,0.506493506493507,0.505263157894737,0.48421052631579
3__NQ_ONLY__xgb_d2__0.5000,2025,TRUE,3,NQ_ONLY,xgb_d2,2,0.5,0.0259683728218079,1,10749,0.492035155177149,5532,0.514652525816355,5435,0.505628430551679,0.00902409526467578,0.0186994138989673,53,312,0.00511675504698111,0.0248395199553447,10749,1,7400,3844,0.519459459459459,3349,1688,0.504031054045984,0.505628430551679,0.475672155549353
3__NQ_ONLY__xgb_d2__0.2000,2025,TRUE,3,NQ_ONLY,xgb_d2,2,0.2,0.047454297542572,1,4403,0.201547193994324,2274,0.516466045877811,2257,0.512605042016807,0.00386100386100386,0.0197592550533727,53,312,0.00681353622530093,0.031569384510561,4403,1,2902,1533,0.528256374913853,1501,741,0.493670886075949,0.512605042016807,0.467635702929821
3__NQ_ONLY__xgb_d2__0.1000,2025,TRUE,3,NQ_ONLY,xgb_d2,2,0.1,0.0604648172855377,1,2194,0.100430284720315,1129,0.514585232452142,1120,0.510483135824977,0.004102096627165,0.0200546946216955,53,307,0.00774840474020055,0.0360072926162261,2194,1,1331,702,0.527422990232908,863,427,0.494785631517961,0.510483135824977,0.469462169553327
3__NQ_ONLY__xgb_d2__0.0500,2025,TRUE,3,NQ_ONLY,xgb_d2,2,0.05,0.0723518252372742,1,1089,0.0498489425981873,567,0.520661157024794,574,0.527089072543618,-0.00642791551882461,0.014692378328742,53,295,0.0119375573921028,0.0495867768595041,1089,1,607,334,0.550247116968699,482,233,0.483402489626556,0.527089072543618,0.45821854912764
3__NQ_ONLY__xgb_d2__0.0200,2025,TRUE,3,NQ_ONLY,xgb_d2,2,0.02,0.0847613960504532,1,381,0.0174402636638286,194,0.509186351706037,202,0.530183727034121,-0.020997375328084,0.015748031496063,53,202,0.020997375328084,0.0708661417322835,381,1,168,93,0.553571428571429,213,101,0.474178403755869,0.530183727034121,0.454068241469816
3__NQ_ONLY__xgb_d2__0.0100,2025,TRUE,3,NQ_ONLY,xgb_d2,2,0.01,0.0932177633047099,1,192,0.00878879428728371,100,0.520833333333333,99,0.515625,0.00520833333333333,0.0208333333333333,48,140,0.03125,0.09375,192,1,55,32,0.581818181818182,137,68,0.496350364963504,0.515625,0.463541666666667
3__NQ_ONLY__xgb_d2__0.0050,2025,TRUE,3,NQ_ONLY,xgb_d2,2,0.005,0.102102049291134,1,106,0.00485214684610455,55,0.518867924528302,54,0.509433962264151,0.00943396226415094,0.0188679245283019,43,92,0.0377358490566038,0.113207547169811,106,1,17,11,0.647058823529412,89,44,0.49438202247191,0.509433962264151,0.471698113207547
3__NQ_ONLY__xgb_d3__0.5000,2025,TRUE,3,NQ_ONLY,xgb_d3,3,0.5,0.027183473110199,1,11027,0.504760596905612,5697,0.516640972159246,5602,0.508025754965086,0.00861521719415979,0.0182279858529065,53,312,0.00544118980683776,0.02593633807926,11027,1,7530,3936,0.522709163346614,3497,1761,0.503574492422076,0.508025754965086,0.473746259182008
3__NQ_ONLY__xgb_d3__0.2000,2025,TRUE,3,NQ_ONLY,xgb_d3,3,0.2,0.0501542687416077,1,4536,0.207635265037078,2328,0.513227513227513,2302,0.507495590828924,0.00573192239858907,0.0202821869488536,53,312,0.00661375661375661,0.0319664902998236,4536,1,2962,1547,0.522282241728562,1574,781,0.496188055908513,0.507495590828924,0.472222222222222
3__NQ_ONLY__xgb_d3__0.1000,2025,TRUE,3,NQ_ONLY,xgb_d3,3,0.1,0.0648500114679337,1,2314,0.105923281149867,1196,0.51685393258427,1184,0.511668107173725,0.00518582541054451,0.0211754537597234,53,308,0.00777873811581677,0.0350043215211755,2314,1,1418,753,0.531029619181946,896,443,0.494419642857143,0.511668107173725,0.467156439066551
3__NQ_ONLY__xgb_d3__0.0500,2025,TRUE,3,NQ_ONLY,xgb_d3,3,0.05,0.0783012062311172,1,1122,0.0513595166163142,590,0.525846702317291,583,0.519607843137255,0.00623885918003565,0.0204991087344029,53,294,0.0106951871657754,0.0436720142602496,1122,1,596,329,0.552013422818792,526,261,0.496197718631179,0.519607843137255,0.459893048128342
3__NQ_ONLY__xgb_d3__0.0200,2025,TRUE,3,NQ_ONLY,xgb_d3,3,0.02,0.094899480342865,1,396,0.0181268882175227,206,0.52020202020202,213,0.537878787878788,-0.0176767676767677,0.0202020202020202,52,200,0.0176767676767677,0.0707070707070707,396,1,140,84,0.6,256,122,0.4765625,0.537878787878788,0.441919191919192
3__NQ_ONLY__xgb_d3__0.0100,2025,TRUE,3,NQ_ONLY,xgb_d3,3,0.01,0.107177125811577,1,196,0.00897189416826879,98,0.5,107,0.545918367346939,-0.0459183673469388,0.0204081632653061,50,133,0.0306122448979592,0.0969387755102041,196,1,41,26,0.634146341463415,155,72,0.464516129032258,0.545918367346939,0.433673469387755
3__NQ_ONLY__xgb_d3__0.0050,2025,TRUE,3,NQ_ONLY,xgb_d3,3,0.005,0.11942928314209,1,101,0.0046232719948732,48,0.475247524752475,57,0.564356435643564,-0.0891089108910891,0.0099009900990099,45,85,0.0297029702970297,0.108910891089109,101,1,13,9,0.692307692307692,88,39,0.443181818181818,0.564356435643564,0.425742574257426
3__NQ_ONLY__xgb_d4__0.5000,2025,TRUE,3,NQ_ONLY,xgb_d4,4,0.5,0.0284412801265717,1,11064,0.506454270804724,5691,0.514370932754881,5621,0.508044107013738,0.00632682574114244,0.0184381778741866,53,312,0.00551337671728127,0.0256688358640636,11064,1,7420,3870,0.521563342318059,3644,1821,0.499725576289792,0.508044107013738,0.473517715112075
3__NQ_ONLY__xgb_d4__0.2000,2025,TRUE,3,NQ_ONLY,xgb_d4,4,0.2,0.0528793573379517,1,4520,0.206902865513137,2351,0.520132743362832,2360,0.52212389380531,-0.00199115044247788,0.0192477876106195,53,312,0.00730088495575221,0.0320796460176991,4520,1,2901,1562,0.538435022406067,1619,789,0.48733786287832,0.52212389380531,0.458628318584071
3__NQ_ONLY__xgb_d4__0.1000,2025,TRUE,3,NQ_ONLY,xgb_d4,4,0.1,0.068797767162323,1,2314,0.105923281149867,1167,0.504321521175454,1175,0.507778738115817,-0.00345721694036301,0.0216076058772688,53,310,0.00734658599827139,0.0341400172860847,2314,1,1367,710,0.519385515727871,947,457,0.482576557550158,0.507778738115817,0.470613656006915
3__NQ_ONLY__xgb_d4__0.0500,2025,TRUE,3,NQ_ONLY,xgb_d4,4,0.05,0.083899375796318,1,1134,0.0519088162592694,581,0.512345679012346,586,0.516754850088184,-0.00440917107583774,0.0229276895943563,53,295,0.00881834215167548,0.0414462081128748,1134,1,572,312,0.545454545454545,562,269,0.47864768683274,0.516754850088184,0.46031746031746
3__NQ_ONLY__xgb_d4__0.0200,2025,TRUE,3,NQ_ONLY,xgb_d4,4,0.02,0.103993321061134,1,411,0.0188135127712167,213,0.518248175182482,210,0.510948905109489,0.0072992700729927,0.0218978102189781,53,216,0.0170316301703163,0.0656934306569343,411,1,158,88,0.556962025316456,253,125,0.494071146245059,0.510948905109489,0.467153284671533
3__NQ_ONLY__xgb_d4__0.0100,2025,TRUE,3,NQ_ONLY,xgb_d4,4,0.01,0.117879244685173,1,212,0.0097042936922091,106,0.5,107,0.504716981132076,-0.00471698113207547,0.0235849056603774,50,142,0.0235849056603774,0.0943396226415094,212,1,66,35,0.53030303030303,146,71,0.486301369863014,0.504716981132076,0.471698113207547
3__NQ_ONLY__xgb_d4__0.0050,2025,TRUE,3,NQ_ONLY,xgb_d4,4,0.005,0.135168009549379,1,92,0.00421129726265678,48,0.521739130434783,47,0.510869565217391,0.0108695652173913,0.0217391304347826,44,82,0.0217391304347826,0.108695652173913,92,1,17,11,0.647058823529412,75,37,0.493333333333333,0.510869565217391,0.467391304347826
3__NQ_ONLY__xgb_d5__0.5000,2025,TRUE,3,NQ_ONLY,xgb_d5,5,0.5,0.0296080708503723,1,11213,0.513274741371418,5771,0.514670471773834,5690,0.507446713635958,0.00722375813787568,0.0180148042450727,53,312,0.00579684295014715,0.0267546597699099,11213,1,7484,3901,0.521245323356494,3729,1870,0.501474926253687,0.507446713635958,0.474538482118969
3__NQ_ONLY__xgb_d5__0.2000,2025,TRUE,3,NQ_ONLY,xgb_d5,5,0.2,0.0556523203849793,1,4632,0.21202966218072,2400,0.518134715025907,2380,0.513816925734024,0.00431778929188256,0.0200777202072539,53,312,0.00993091537132988,0.0347582037996546,4632,1,2954,1569,0.531144211238998,1678,831,0.49523241954708,0.513816925734024,0.466105354058722
3__NQ_ONLY__xgb_d5__0.1000,2025,TRUE,3,NQ_ONLY,xgb_d5,5,0.1,0.0728754878044129,1,2413,0.110455003204248,1251,0.518441773725653,1255,0.520099461251554,-0.00165768752590137,0.0219643597181931,53,307,0.00953170327393286,0.0418566100290095,2413,1,1441,780,0.541290770298404,972,471,0.484567901234568,0.520099461251554,0.457936179030253
3__NQ_ONLY__xgb_d5__0.0500,2025,TRUE,3,NQ_ONLY,xgb_d5,5,0.05,0.0895477175712585,1,1190,0.0544722145930605,613,0.515126050420168,610,0.512605042016807,0.00252100840336135,0.0226890756302521,53,295,0.0109243697478992,0.046218487394958,1190,1,634,340,0.536277602523659,556,273,0.491007194244604,0.512605042016807,0.464705882352941
3__NQ_ONLY__xgb_d5__0.0200,2025,TRUE,3,NQ_ONLY,xgb_d5,5,0.02,0.110059524178505,1,443,0.0202783118190973,221,0.498871331828442,220,0.496613995485327,0.00225733634311512,0.0135440180586907,53,214,0.0135440180586907,0.0632054176072235,443,1,195,99,0.507692307692308,248,122,0.491935483870968,0.496613995485327,0.489841986455982
3__NQ_ONLY__xgb_d5__0.0100,2025,TRUE,3,NQ_ONLY,xgb_d5,5,0.01,0.124161873161792,1,237,0.0108486679483658,120,0.506329113924051,123,0.518987341772152,-0.0126582278481013,0.0168776371308017,53,156,0.0210970464135021,0.080168776371308,237,1,81,45,0.555555555555556,156,75,0.480769230769231,0.518987341772152,0.464135021097046
3__NQ_ONLY__xgb_d5__0.0050,2025,TRUE,3,NQ_ONLY,xgb_d5,5,0.005,0.140672691017389,1,107,0.00489792181635082,54,0.504672897196262,52,0.485981308411215,0.0186915887850467,0.0186915887850467,46,89,0.0280373831775701,0.11214953271028,107,1,28,14,0.5,79,40,0.506329113924051,0.485981308411215,0.495327102803738
3__NQ_ES__logit__0.5000,2025,TRUE,3,NQ_ES,logit,,0.5,0.028177594003043,1,11046,0.505630321340291,5785,0.523718993300742,5626,0.50932464240449,0.014394350896252,0.0171102661596958,53,312,0.0053413000181061,0.025620133985153,11046,1,7272,3853,0.529840484048405,3774,1932,0.511923688394277,0.50932464240449,0.473565091435814
3__NQ_ES__logit__0.2000,2025,TRUE,3,NQ_ES,logit,,0.2,0.0526981086805151,1,4403,0.201547193994324,2335,0.530320236202589,2306,0.523733817851465,0.00658641835112423,0.0161253690665455,53,311,0.00794912559618442,0.0372473313649784,4403,1,3045,1652,0.542528735632184,1358,683,0.502945508100147,0.523733817851465,0.46014081308199
3__NQ_ES__logit__0.1000,2025,TRUE,3,NQ_ES,logit,,0.1,0.0667727759423369,1,2302,0.105373981506912,1222,0.530842745438749,1189,0.516507384882711,0.0143353605560382,0.0160729800173762,53,304,0.0112945264986968,0.0473501303214596,2302,1,1597,858,0.537257357545398,705,364,0.516312056737589,0.516507384882711,0.467419635099913
3__NQ_ES__logit__0.0500,2025,TRUE,3,NQ_ES,logit,,0.05,0.0795139246727871,1,1160,0.0530989654856724,617,0.531896551724138,607,0.523275862068966,0.00862068965517241,0.0172413793103448,53,285,0.0198275862068966,0.0672413793103448,1160,1,800,435,0.54375,360,182,0.505555555555556,0.523275862068966,0.45948275862069
3__NQ_ES__logit__0.0200,2025,TRUE,3,NQ_ES,logit,,0.02,0.0939296837906858,1,453,0.02073606152156,244,0.538631346578366,233,0.514348785871965,0.0242825607064018,0.011037527593819,53,214,0.0397350993377483,0.114790286975717,453,1,319,172,0.539184952978057,134,72,0.537313432835821,0.514348785871965,0.474613686534216
3__NQ_ES__logit__0.0100,2025,TRUE,3,NQ_ES,logit,,0.01,0.102802615739823,1,246,0.0112606426805823,134,0.544715447154472,123,0.5,0.0447154471544715,0.00813008130081301,50,149,0.0569105691056911,0.166666666666667,246,1,169,90,0.532544378698225,77,44,0.571428571428571,0.5,0.491869918699187
3__NQ_ES__logit__0.0050,2025,TRUE,3,NQ_ES,logit,,0.005,0.111830298416013,1,133,0.00608807104275382,74,0.556390977443609,70,0.526315789473684,0.0300751879699248,0,47,90,0.075187969924812,0.210526315789474,133,1,85,48,0.564705882352941,48,26,0.541666666666667,0.526315789473684,0.473684210526316
3__NQ_ES__ranger__0.5000,2025,TRUE,3,NQ_ES,ranger,,0.5,0.0244130039509695,1,10787,0.493774604046507,5549,0.514415500139056,5439,0.504218040233615,0.0101974599054417,0.0190043570965051,53,312,0.00546954667655511,0.0253082414016872,10787,1,7083,3683,0.51997741070168,3704,1866,0.50377969762419,0.504218040233615,0.47677760266988
3__NQ_ES__ranger__0.2000,2025,TRUE,3,NQ_ES,ranger,,0.2,0.0453706196825445,1,4312,0.197381671701913,2248,0.521335807050093,2207,0.51182745825603,0.00950834879406308,0.0211038961038961,53,312,0.00602968460111317,0.0292207792207792,4312,1,2848,1513,0.53125,1464,735,0.502049180327869,0.51182745825603,0.467068645640074
3__NQ_ES__ranger__0.1000,2025,TRUE,3,NQ_ES,ranger,,0.1,0.0581563971920725,1,2211,0.101208459214502,1141,0.516056083220262,1133,0.512437810945274,0.00361827227498869,0.0239710538218001,53,310,0.00768882858435097,0.0357304387155133,2211,1,1450,766,0.528275862068966,761,375,0.492772667542707,0.512437810945274,0.463591135232926
3__NQ_ES__ranger__0.0500,2025,TRUE,3,NQ_ES,ranger,,0.05,0.0685255424573242,1,1079,0.0493911928957246,559,0.518072289156627,562,0.520852641334569,-0.00278035217794254,0.0157553290083411,53,292,0.010194624652456,0.0454124189063948,1079,1,677,364,0.537666174298375,402,195,0.485074626865672,0.520852641334569,0.46339202965709
3__NQ_ES__ranger__0.0200,2025,TRUE,3,NQ_ES,ranger,,0.02,0.0795443968241058,1,448,0.0205071866703287,236,0.526785714285714,236,0.526785714285714,0,0.0111607142857143,53,224,0.015625,0.0647321428571429,448,1,231,129,0.558441558441558,217,107,0.493087557603687,0.526785714285714,0.462053571428571
3__NQ_ES__ranger__0.0100,2025,TRUE,3,NQ_ES,ranger,,0.01,0.0890301548545824,1,184,0.00842259452531356,94,0.510869565217391,105,0.570652173913044,-0.0597826086956522,0.016304347826087,49,130,0.0217391304347826,0.0978260869565217,184,1,65,41,0.630769230769231,119,53,0.445378151260504,0.570652173913044,0.41304347826087
3__NQ_ES__ranger__0.0050,2025,TRUE,3,NQ_ES,ranger,,0.005,0.097481318327379,1,84,0.00384509750068662,41,0.488095238095238,46,0.547619047619048,-0.0595238095238095,0.0238095238095238,41,73,0.0238095238095238,0.119047619047619,84,1,13,9,0.692307692307692,71,32,0.450704225352113,0.547619047619048,0.428571428571429
3__NQ_ES__xgb_d2__0.5000,2025,TRUE,3,NQ_ES,xgb_d2,2,0.5,0.0267339944839478,1,10793,0.494049253867985,5552,0.514407486333735,5469,0.506717316779394,0.00769016955434078,0.0181599184656722,53,312,0.00537385342351524,0.026035393310479,10793,1,7217,3759,0.520853540252182,3576,1793,0.501398210290828,0.506717316779394,0.475122764754934
3__NQ_ES__xgb_d2__0.2000,2025,TRUE,3,NQ_ES,xgb_d2,2,0.2,0.0473713636398316,1,4306,0.197107021880436,2246,0.521597770552717,2227,0.517185322805388,0.00441244774732931,0.018578727357176,53,312,0.00673478866697631,0.0313516024152346,4306,1,2752,1477,0.536700581395349,1554,769,0.494851994851995,0.517185322805388,0.464235949837436
3__NQ_ES__xgb_d2__0.1000,2025,TRUE,3,NQ_ES,xgb_d2,2,0.1,0.0593973398208618,1,2198,0.1006133846013,1115,0.507279344858963,1136,0.516833484986351,-0.00955414012738853,0.0227479526842584,53,307,0.00909918107370337,0.0382165605095541,2198,1,1348,711,0.527448071216617,850,404,0.475294117647059,0.516833484986351,0.46041856232939
3__NQ_ES__xgb_d2__0.0500,2025,TRUE,3,NQ_ES,xgb_d2,2,0.05,0.0704835593700409,1,1097,0.0502151423601575,570,0.519598906107566,571,0.520510483135825,-0.000911577028258888,0.01640838650866,53,296,0.0109389243391067,0.0474020054694622,1097,1,635,344,0.541732283464567,462,226,0.489177489177489,0.520510483135825,0.463081130355515
3__NQ_ES__xgb_d2__0.0200,2025,TRUE,3,NQ_ES,xgb_d2,2,0.02,0.0832932978868485,1,418,0.0191339375629406,212,0.507177033492823,222,0.5311004784689,-0.0239234449760766,0.0167464114832536,53,212,0.0191387559808612,0.069377990430622,418,1,208,114,0.548076923076923,210,98,0.466666666666667,0.5311004784689,0.452153110047847
3__NQ_ES__xgb_d2__0.0100,2025,TRUE,3,NQ_ES,xgb_d2,2,0.01,0.0924959746003148,1,191,0.00874301931703744,98,0.513089005235602,97,0.507853403141361,0.00523560209424084,0.0157068062827225,48,137,0.0261780104712042,0.0890052356020942,191,1,74,40,0.540540540540541,117,58,0.495726495726496,0.507853403141361,0.476439790575916
3__NQ_ES__xgb_d2__0.0050,2025,TRUE,3,NQ_ES,xgb_d2,2,0.005,0.101486425101757,1,84,0.00384509750068662,45,0.535714285714286,40,0.476190476190476,0.0595238095238095,0.0119047619047619,40,72,0.0476190476190476,0.142857142857143,84,1,14,8,0.571428571428571,70,37,0.528571428571429,0.476190476190476,0.511904761904762
3__NQ_ES__xgb_d3__0.5000,2025,TRUE,3,NQ_ES,xgb_d3,3,0.5,0.0279583781957626,1,10698,0.489700631694589,5517,0.515703869882221,5404,0.505141147878108,0.0105627220041129,0.018975509441017,53,312,0.00579547578986727,0.0264535427182651,10698,1,6983,3643,0.521695546326794,3715,1874,0.504441453566622,0.505141147878108,0.475883342680875
3__NQ_ES__xgb_d3__0.2000,2025,TRUE,3,NQ_ES,xgb_d3,3,0.2,0.0510690331459045,1,4265,0.195230248100339,2213,0.518874560375147,2191,0.513716295427902,0.00515826494724502,0.0199296600234467,53,312,0.00679953106682298,0.0323563892145369,4265,1,2669,1422,0.532783814162608,1596,791,0.495614035087719,0.513716295427902,0.466354044548652
3__NQ_ES__xgb_d3__0.1000,2025,TRUE,3,NQ_ES,xgb_d3,3,0.1,0.0646125197410584,1,2227,0.101940858738442,1142,0.512797485406376,1141,0.512348450830714,0.000449034575662326,0.0202065559048047,53,307,0.00808262236192187,0.0372698697799731,2227,1,1302,689,0.529185867895545,925,453,0.48972972972973,0.512348450830714,0.467444993264481
3__NQ_ES__xgb_d3__0.0500,2025,TRUE,3,NQ_ES,xgb_d3,3,0.05,0.0778231471776962,1,1076,0.0492538679849858,556,0.516728624535316,552,0.513011152416357,0.00371747211895911,0.0176579925650558,53,290,0.0102230483271375,0.0492565055762082,1076,1,570,307,0.53859649122807,506,249,0.492094861660079,0.513011152416357,0.469330855018587
3__NQ_ES__xgb_d3__0.0200,2025,TRUE,3,NQ_ES,xgb_d3,3,0.02,0.0944882494211197,1,383,0.0175318136043212,198,0.516971279373368,202,0.527415143603133,-0.010443864229765,0.02088772845953,53,206,0.0156657963446475,0.0678851174934726,383,1,166,94,0.566265060240964,217,104,0.47926267281106,0.527415143603133,0.451697127937337
3__NQ_ES__xgb_d3__0.0100,2025,TRUE,3,NQ_ES,xgb_d3,3,0.01,0.107170302271843,1,173,0.0079190698526046,86,0.497109826589595,91,0.526011560693642,-0.0289017341040462,0.0346820809248555,49,124,0.023121387283237,0.092485549132948,173,1,44,26,0.590909090909091,129,60,0.465116279069768,0.526011560693642,0.439306358381503
3__NQ_ES__xgb_d3__0.0050,2025,TRUE,3,NQ_ES,xgb_d3,3,0.005,0.118262486159801,1,90,0.00411974732216424,45,0.5,45,0.5,0,0.0111111111111111,45,81,0.0222222222222222,0.111111111111111,90,1,13,7,0.538461538461538,77,38,0.493506493506494,0.5,0.488888888888889
3__NQ_ES__xgb_d4__0.5000,2025,TRUE,3,NQ_ES,xgb_d4,4,0.5,0.0292201936244965,1,10856,0.4969330769935,5642,0.519712601326456,5494,0.506079587324982,0.0136330140014738,0.0188835666912307,53,312,0.0051584377302874,0.0248710390567428,10856,1,6964,3666,0.526421596783458,3892,1976,0.507708119218911,0.506079587324982,0.475036845983788
3__NQ_ES__xgb_d4__0.2000,2025,TRUE,3,NQ_ES,xgb_d4,4,0.2,0.054306960105896,1,4488,0.205438066465257,2306,0.513814616755793,2285,0.509135472370767,0.00467914438502674,0.0209447415329768,53,312,0.00668449197860963,0.0309714795008913,4488,1,2731,1437,0.5261808861223,1757,869,0.494593056346044,0.509135472370767,0.469919786096257
3__NQ_ES__xgb_d4__0.1000,2025,TRUE,3,NQ_ES,xgb_d4,4,0.1,0.070041561126709,1,2278,0.104275382221002,1203,0.528094820017559,1175,0.515803336259877,0.0122914837576822,0.0223880597014925,53,309,0.00877963125548727,0.0355575065847234,2278,1,1292,708,0.547987616099071,986,495,0.502028397565923,0.515803336259877,0.46180860403863
3__NQ_ES__xgb_d4__0.0500,2025,TRUE,3,NQ_ES,xgb_d4,4,0.05,0.084146636724472,1,1126,0.0515426164972993,593,0.52664298401421,599,0.531971580817052,-0.00532859680284192,0.0186500888099467,53,294,0.0106571936056838,0.0452930728241563,1126,1,600,340,0.566666666666667,526,253,0.480988593155894,0.531971580817052,0.449378330373002
3__NQ_ES__xgb_d4__0.0200,2025,TRUE,3,NQ_ES,xgb_d4,4,0.02,0.101707242131233,1,427,0.019545912295157,206,0.482435597189696,220,0.515222482435597,-0.0327868852459016,0.0281030444964871,53,217,0.0163934426229508,0.063231850117096,427,1,173,90,0.520231213872832,254,116,0.456692913385827,0.515222482435597,0.456674473067916
3__NQ_ES__xgb_d4__0.0100,2025,TRUE,3,NQ_ES,xgb_d4,4,0.01,0.115498934984207,1,203,0.00929231895999268,101,0.497536945812808,105,0.517241379310345,-0.0197044334975369,0.0246305418719212,50,140,0.0147783251231527,0.0738916256157636,203,1,61,34,0.557377049180328,142,67,0.471830985915493,0.517241379310345,0.458128078817734
3__NQ_ES__xgb_d4__0.0050,2025,TRUE,3,NQ_ES,xgb_d4,4,0.005,0.128177829384803,1,95,0.00434862217339559,42,0.442105263157895,54,0.568421052631579,-0.126315789473684,0.0105263157894737,43,82,0.0210526315789474,0.105263157894737,95,1,12,7,0.583333333333333,83,35,0.421686746987952,0.568421052631579,0.421052631578947
3__NQ_ES__xgb_d5__0.5000,2025,TRUE,3,NQ_ES,xgb_d5,5,0.5,0.030991867184639,1,10851,0.496704202142269,5603,0.516357939360428,5492,0.506128467422357,0.0102294719380702,0.017878536540411,53,312,0.00525297207630633,0.0258962307621417,10851,1,6888,3605,0.523373983739837,3963,1998,0.504163512490537,0.506128467422357,0.475992996037232
3__NQ_ES__xgb_d5__0.2000,2025,TRUE,3,NQ_ES,xgb_d5,5,0.2,0.0575134992599487,1,4511,0.206490890780921,2309,0.511859898027045,2328,0.516071824429173,-0.00421192640212813,0.0206162713367324,53,312,0.00687209044557748,0.0328086898692086,4511,1,2793,1479,0.52953813104189,1718,830,0.483119906868452,0.516071824429173,0.463311904234095
3__NQ_ES__xgb_d5__0.1000,2025,TRUE,3,NQ_ES,xgb_d5,5,0.1,0.0746277987957001,1,2305,0.105511306417651,1199,0.520173535791757,1200,0.52060737527115,-0.000433839479392625,0.0212581344902386,53,307,0.00780911062906725,0.0364425162689805,2305,1,1342,728,0.5424739195231,963,471,0.489096573208723,0.52060737527115,0.458134490238612
3__NQ_ES__xgb_d5__0.0500,2025,TRUE,3,NQ_ES,xgb_d5,5,0.05,0.0898393601179123,1,1147,0.0525038908724709,609,0.530950305143854,593,0.517000871839582,0.013949433304272,0.021795989537925,53,290,0.010462074978204,0.0479511769834351,1147,1,615,342,0.55609756097561,532,267,0.50187969924812,0.517000871839582,0.461203138622494
3__NQ_ES__xgb_d5__0.0200,2025,TRUE,3,NQ_ES,xgb_d5,5,0.02,0.111059057712555,1,399,0.0182642131282615,203,0.508771929824562,200,0.50125313283208,0.0075187969924812,0.025062656641604,53,209,0.0175438596491228,0.0726817042606516,399,1,172,92,0.534883720930233,227,111,0.488986784140969,0.50125313283208,0.473684210526316
3__NQ_ES__xgb_d5__0.0100,2025,TRUE,3,NQ_ES,xgb_d5,5,0.01,0.124242033660412,1,201,0.00920076901950014,103,0.512437810945274,100,0.497512437810945,0.0149253731343284,0.0248756218905473,50,141,0.0199004975124378,0.0895522388059701,201,1,58,32,0.551724137931035,143,71,0.496503496503497,0.497512437810945,0.477611940298507
3__NQ_ES__xgb_d5__0.0050,2025,TRUE,3,NQ_ES,xgb_d5,5,0.005,0.13855846837163,1,93,0.00425707223290305,52,0.559139784946237,42,0.451612903225806,0.10752688172043,0.021505376344086,41,77,0.021505376344086,0.10752688172043,93,1,17,10,0.588235294117647,76,42,0.552631578947369,0.451612903225806,0.526881720430108
5__NQ_ONLY__logit__0.5000,2025,TRUE,5,NQ_ONLY,logit,,0.5,0.0243584253850562,1,10927,0.500366333913362,5735,0.524846709984442,5622,0.514505353710991,0.0103413562734511,0.0119886519630274,53,312,0.00567401848631829,0.0268143131692139,10927,1,7556,4013,0.531101111699312,3371,1722,0.51082764758232,0.514505353710991,0.473505994325982
5__NQ_ONLY__logit__0.2000,2025,TRUE,5,NQ_ONLY,logit,,0.2,0.0454547359472435,1,4380,0.200567817565711,2313,0.528082191780822,2215,0.505707762557078,0.0223744292237443,0.0107305936073059,53,312,0.00799086757990868,0.0363013698630137,4380,1,3087,1624,0.526077097505669,1293,689,0.532869296210364,0.505707762557078,0.483561643835617
5__NQ_ONLY__logit__0.1000,2025,TRUE,5,NQ_ONLY,logit,,0.1,0.0574836787098328,1,2219,0.101611869218793,1188,0.535376295628662,1133,0.510590356016223,0.024785939612438,0.0126182965299685,53,299,0.0117169896349707,0.0482199188823795,2219,1,1544,826,0.534974093264249,675,362,0.536296296296296,0.510590356016223,0.476791347453808
5__NQ_ONLY__logit__0.0500,2025,TRUE,5,NQ_ONLY,logit,,0.05,0.0677777951779522,1,1105,0.0505998717831303,598,0.541176470588235,570,0.515837104072398,0.0253393665158371,0.0081447963800905,53,279,0.0153846153846154,0.069683257918552,1105,1,731,398,0.544459644322846,374,200,0.53475935828877,0.515837104072398,0.476018099547511
5__NQ_ONLY__logit__0.0200,2025,TRUE,5,NQ_ONLY,logit,,0.02,0.0804928097481929,1,449,0.0205604908874439,252,0.561247216035635,255,0.56792873051225,-0.0066815144766147,0.0066815144766147,51,202,0.0334075723830735,0.133630289532294,449,1,281,170,0.604982206405694,168,82,0.488095238095238,0.56792873051225,0.425389755011136
5__NQ_ONLY__logit__0.0100,2025,TRUE,5,NQ_ONLY,logit,,0.01,0.0888424387935251,1,218,0.0099825991391153,124,0.568807339449541,129,0.591743119266055,-0.0229357798165138,0,48,125,0.0596330275229358,0.206422018348624,218,1,121,78,0.644628099173554,97,46,0.474226804123711,0.591743119266055,0.408256880733945
5__NQ_ONLY__logit__0.0050,2025,TRUE,5,NQ_ONLY,logit,,0.005,0.0953135547749781,1,131,0.00599871783130323,69,0.526717557251908,79,0.603053435114504,-0.0763358778625954,0,40,80,0.0916030534351145,0.290076335877863,131,1,65,41,0.630769230769231,66,28,0.424242424242424,0.603053435114504,0.396946564885496
5__NQ_ONLY__ranger__0.5000,2025,TRUE,5,NQ_ONLY,ranger,,0.5,0.0194143001480178,1,10951,0.501465335653448,5763,0.526253310199982,5567,0.508355401333212,0.0178979088667702,0.0126015888959912,53,312,0.00529631997077892,0.0253858095151128,10951,1,7767,4094,0.527101841122699,3184,1669,0.524183417085427,0.508355401333212,0.479043009770797
5__NQ_ONLY__ranger__0.2000,2025,TRUE,5,NQ_ONLY,ranger,,0.2,0.0393005226470083,1,4369,0.200064108434838,2320,0.531013962005036,2267,0.518883039597162,0.0121309224078737,0.012817578393225,53,312,0.00732433051041428,0.0322728313115129,4369,1,3339,1785,0.534591194968554,1030,535,0.519417475728155,0.518883039597162,0.468299382009613
5__NQ_ONLY__ranger__0.1000,2025,TRUE,5,NQ_ONLY,ranger,,0.1,0.0502294439979259,1,2286,0.1046799157432,1199,0.524496937882765,1189,0.520122484689414,0.00437445319335083,0.0122484689413823,53,306,0.00743657042869641,0.0358705161854768,2286,1,1757,932,0.530449630051224,529,267,0.504725897920605,0.520122484689414,0.467629046369204
5__NQ_ONLY__ranger__0.0500,2025,TRUE,5,NQ_ONLY,ranger,,0.05,0.0583890978877943,1,1162,0.0532100009158348,604,0.519793459552496,584,0.502581755593804,0.0172117039586919,0.0129087779690189,53,286,0.00946643717728055,0.0438898450946644,1162,1,861,445,0.516840882694541,301,159,0.528239202657807,0.502581755593804,0.484509466437177
5__NQ_ONLY__ranger__0.0200,2025,TRUE,5,NQ_ONLY,ranger,,0.02,0.0694635291266187,1,492,0.0225295356717648,244,0.495934959349594,241,0.489837398373984,0.00609756097560976,0.0121951219512195,53,232,0.0121951219512195,0.0548780487804878,492,1,352,173,0.491477272727273,140,71,0.507142857142857,0.489837398373984,0.497967479674797
5__NQ_ONLY__ranger__0.0100,2025,TRUE,5,NQ_ONLY,ranger,,0.01,0.0790728532160036,1,252,0.0115395182709039,127,0.503968253968254,134,0.531746031746032,-0.0277777777777778,0.0119047619047619,52,162,0.0158730158730159,0.0634920634920635,252,1,177,93,0.525423728813559,75,34,0.453333333333333,0.531746031746032,0.456349206349206
5__NQ_ONLY__ranger__0.0050,2025,TRUE,5,NQ_ONLY,ranger,,0.005,0.0873531286583157,1,122,0.00558659217877095,58,0.475409836065574,66,0.540983606557377,-0.0655737704918033,0.00819672131147541,46,99,0.0245901639344262,0.0983606557377049,122,1,84,43,0.511904761904762,38,15,0.394736842105263,0.540983606557377,0.450819672131148
5__NQ_ONLY__xgb_d2__0.5000,2025,TRUE,5,NQ_ONLY,xgb_d2,2,0.5,0.0207114219665527,1,10916,0.499862624782489,5759,0.527574203004764,5579,0.511084646390619,0.0164895566141444,0.0120007328691829,53,312,0.00549651887138146,0.0258336386954929,10916,1,7741,4102,0.52990569693838,3175,1657,0.521889763779528,0.511084646390619,0.476914620740198
5__NQ_ONLY__xgb_d2__0.2000,2025,TRUE,5,NQ_ONLY,xgb_d2,2,0.2,0.0408853769302368,1,4294,0.196629727997069,2267,0.527945971122497,2216,0.516068933395435,0.011877037727061,0.0114112715416861,53,312,0.00745225896599907,0.0323707498835585,4294,1,3259,1728,0.530223995090519,1035,539,0.520772946859903,0.516068933395435,0.472519795062878
5__NQ_ONLY__xgb_d2__0.1000,2025,TRUE,5,NQ_ONLY,xgb_d2,2,0.1,0.0519475311040878,1,2184,0.100009158347834,1153,0.527930402930403,1127,0.516025641025641,0.0119047619047619,0.0128205128205128,53,306,0.00915750915750916,0.0384615384615385,2184,1,1692,896,0.529550827423168,492,257,0.522357723577236,0.516025641025641,0.471153846153846
5__NQ_ONLY__xgb_d2__0.0500,2025,TRUE,5,NQ_ONLY,xgb_d2,2,0.05,0.0597789078950882,1,1113,0.0509662056964924,578,0.519317160826595,568,0.510332434860737,0.00898472596585804,0.00988319856244385,53,290,0.0107816711590297,0.0449236298292902,1113,1,842,438,0.520190023752969,271,140,0.516605166051661,0.510332434860737,0.479784366576819
5__NQ_ONLY__xgb_d2__0.0200,2025,TRUE,5,NQ_ONLY,xgb_d2,2,0.02,0.0687081515789032,1,485,0.022208993497573,249,0.51340206185567,253,0.521649484536083,-0.00824742268041237,0.00824742268041237,53,227,0.0123711340206186,0.0536082474226804,485,1,340,179,0.526470588235294,145,70,0.482758620689655,0.521649484536083,0.470103092783505
5__NQ_ONLY__xgb_d2__0.0100,2025,TRUE,5,NQ_ONLY,xgb_d2,2,0.01,0.0746252405643463,1,274,0.0125469365326495,136,0.496350364963504,136,0.496350364963504,0,0.0072992700729927,53,174,0.0145985401459854,0.0693430656934307,274,1,190,94,0.494736842105263,84,42,0.5,0.496350364963504,0.496350364963504
5__NQ_ONLY__xgb_d2__0.0050,2025,TRUE,5,NQ_ONLY,xgb_d2,2,0.005,0.0844443820416927,1,97,0.00444179869951461,50,0.515463917525773,49,0.505154639175258,0.0103092783505155,0.0103092783505155,43,82,0.0309278350515464,0.11340206185567,97,1,70,36,0.514285714285714,27,14,0.518518518518519,0.505154639175258,0.484536082474227
5__NQ_ONLY__xgb_d3__0.5000,2025,TRUE,5,NQ_ONLY,xgb_d3,3,0.5,0.0224539488554001,1,11030,0.505082883047898,5782,0.524206708975521,5654,0.51260199456029,0.0116047144152312,0.0113327289211242,53,312,0.00553037171350861,0.0253853127833182,11030,1,7654,4050,0.529135092761955,3376,1732,0.51303317535545,0.51260199456029,0.476065276518586
5__NQ_ONLY__xgb_d3__0.2000,2025,TRUE,5,NQ_ONLY,xgb_d3,3,0.2,0.043721866607666,1,4376,0.20038465060903,2311,0.528107861060329,2262,0.51691042047532,0.0111974405850091,0.0130255941499086,53,311,0.00776965265082267,0.0340493601462523,4376,1,3112,1662,0.534061696658098,1264,649,0.513449367088608,0.51691042047532,0.470063985374772
5__NQ_ONLY__xgb_d3__0.1000,2025,TRUE,5,NQ_ONLY,xgb_d3,3,0.1,0.0559784322977066,1,2274,0.104130414873157,1211,0.532541776605101,1179,0.518469656992084,0.0140721196130167,0.0140721196130167,53,303,0.00835532102022867,0.038698328935796,2274,1,1618,870,0.53770086526576,656,341,0.519817073170732,0.518469656992084,0.467458223394899
5__NQ_ONLY__xgb_d3__0.0500,2025,TRUE,5,NQ_ONLY,xgb_d3,3,0.05,0.0664818957448006,1,1184,0.0542174191775804,629,0.53125,607,0.512668918918919,0.0185810810810811,0.0135135135135135,53,293,0.0101351351351351,0.0456081081081081,1184,1,816,435,0.533088235294118,368,194,0.527173913043478,0.512668918918919,0.473817567567568
5__NQ_ONLY__xgb_d3__0.0200,2025,TRUE,5,NQ_ONLY,xgb_d3,3,0.02,0.0791283261775971,1,484,0.0221632017584028,253,0.522727272727273,246,0.508264462809917,0.0144628099173554,0.0144628099173554,53,231,0.012396694214876,0.0557851239669422,484,1,336,176,0.523809523809524,148,77,0.52027027027027,0.508264462809917,0.477272727272727
5__NQ_ONLY__xgb_d3__0.0100,2025,TRUE,5,NQ_ONLY,xgb_d3,3,0.01,0.0892325365543366,1,243,0.0111273926183716,117,0.481481481481482,122,0.502057613168724,-0.0205761316872428,0.00823045267489712,51,159,0.0164609053497942,0.0740740740740741,243,1,168,82,0.488095238095238,75,35,0.466666666666667,0.502057613168724,0.489711934156379
5__NQ_ONLY__xgb_d3__0.0050,2025,TRUE,5,NQ_ONLY,xgb_d3,3,0.005,0.098927274048328,1,116,0.00531184174374943,56,0.482758620689655,63,0.543103448275862,-0.0603448275862069,0.00862068965517241,45,89,0.0258620689655172,0.112068965517241,116,1,81,42,0.518518518518519,35,14,0.4,0.543103448275862,0.448275862068966
5__NQ_ONLY__xgb_d4__0.5000,2025,TRUE,5,NQ_ONLY,xgb_d4,4,0.5,0.0241807997226715,1,11049,0.505952926092133,5814,0.526201466196036,5639,0.510362928771835,0.0158385374242013,0.0117657706579781,53,312,0.00570187347271246,0.0263372250882433,11049,1,7615,4029,0.52908732764281,3434,1785,0.51980198019802,0.510362928771835,0.477871300570187
5__NQ_ONLY__xgb_d4__0.2000,2025,TRUE,5,NQ_ONLY,xgb_d4,4,0.2,0.0465080976486206,1,4465,0.204460115395183,2358,0.528107502799552,2317,0.518924972004479,0.00918253079507279,0.012989921612542,53,311,0.00918253079507279,0.0374020156774916,4465,1,3087,1656,0.536443148688047,1378,702,0.509433962264151,0.518924972004479,0.468085106382979
5__NQ_ONLY__xgb_d4__0.1000,2025,TRUE,5,NQ_ONLY,xgb_d4,4,0.1,0.0598424345254898,1,2287,0.10472570748237,1218,0.532575426322694,1175,0.513773502404897,0.0188019239177962,0.0139921294271972,53,305,0.0131176213379974,0.045037166593791,2287,1,1532,823,0.537206266318538,755,395,0.52317880794702,0.513773502404897,0.472234368167906
5__NQ_ONLY__xgb_d4__0.0500,2025,TRUE,5,NQ_ONLY,xgb_d4,4,0.05,0.0716503202915191,1,1217,0.0557285465701987,646,0.530813475760066,619,0.508627773212818,0.0221857025472473,0.0123253903040263,53,293,0.0180772391125719,0.0534100246507806,1217,1,783,417,0.532567049808429,434,229,0.527649769585254,0.508627773212818,0.479046836483155
5__NQ_ONLY__xgb_d4__0.0200,2025,TRUE,5,NQ_ONLY,xgb_d4,4,0.02,0.0886921203136444,1,504,0.0230790365418079,264,0.523809523809524,249,0.494047619047619,0.0297619047619048,0.0158730158730159,53,229,0.0138888888888889,0.0615079365079365,504,1,317,164,0.517350157728707,187,100,0.53475935828877,0.494047619047619,0.490079365079365
5__NQ_ONLY__xgb_d4__0.0100,2025,TRUE,5,NQ_ONLY,xgb_d4,4,0.01,0.100920504927635,1,254,0.0116311017492444,123,0.484251968503937,128,0.503937007874016,-0.0196850393700787,0.015748031496063,51,160,0.0196850393700787,0.0748031496062992,254,1,155,76,0.490322580645161,99,47,0.474747474747475,0.503937007874016,0.480314960629921
5__NQ_ONLY__xgb_d4__0.0050,2025,TRUE,5,NQ_ONLY,xgb_d4,4,0.005,0.111543258726597,1,105,0.00480813261287664,46,0.438095238095238,51,0.485714285714286,-0.0476190476190476,0.0190476190476191,43,87,0.0285714285714286,0.133333333333333,105,1,54,23,0.425925925925926,51,23,0.450980392156863,0.485714285714286,0.495238095238095
5__NQ_ONLY__xgb_d5__0.5000,2025,TRUE,5,NQ_ONLY,xgb_d5,5,0.5,0.0258208811283112,1,11012,0.504258631742834,5794,0.52615328732292,5672,0.51507446422085,0.0110788231020705,0.0125317835088994,53,312,0.00599346167816927,0.0266073374500545,11012,1,7446,3972,0.533440773569702,3566,1822,0.510936623667975,0.51507446422085,0.472393752270251
5__NQ_ONLY__xgb_d5__0.2000,2025,TRUE,5,NQ_ONLY,xgb_d5,5,0.2,0.0495923280715943,1,4464,0.204414323656012,2383,0.533826164874552,2316,0.518817204301075,0.0150089605734767,0.0118727598566308,53,311,0.00918458781362007,0.0351702508960573,4464,1,3038,1644,0.541145490454246,1426,739,0.518232819074334,0.518817204301075,0.469310035842294
5__NQ_ONLY__xgb_d5__0.1000,2025,TRUE,5,NQ_ONLY,xgb_d5,5,0.1,0.0641896843910217,1,2297,0.105183624874073,1222,0.531998258598172,1178,0.51284283848498,0.0191554201131911,0.0121898127993034,53,307,0.0126251632564214,0.0417936438833261,2297,1,1513,813,0.53734302709848,784,409,0.521683673469388,0.51284283848498,0.474967348715716
5__NQ_ONLY__xgb_d5__0.0500,2025,TRUE,5,NQ_ONLY,xgb_d5,5,0.05,0.0777588188648224,1,1175,0.0538052935250481,629,0.53531914893617,599,0.509787234042553,0.025531914893617,0.014468085106383,53,292,0.0153191489361702,0.0502127659574468,1175,1,724,391,0.540055248618785,451,238,0.527716186252772,0.509787234042553,0.475744680851064
5__NQ_ONLY__xgb_d5__0.0200,2025,TRUE,5,NQ_ONLY,xgb_d5,5,0.02,0.0949628371000287,1,526,0.0240864548035534,270,0.513307984790874,261,0.496197718631179,0.0171102661596958,0.0133079847908745,53,235,0.0209125475285171,0.0665399239543726,526,1,307,157,0.511400651465798,219,113,0.515981735159817,0.496197718631179,0.490494296577947
5__NQ_ONLY__xgb_d5__0.0100,2025,TRUE,5,NQ_ONLY,xgb_d5,5,0.01,0.10804285466671,1,259,0.0118600604450957,125,0.482625482625483,133,0.513513513513514,-0.0308880308880309,0.0154440154440154,53,163,0.0231660231660232,0.0926640926640927,259,1,146,73,0.5,113,52,0.460176991150443,0.513513513513514,0.471042471042471
5__NQ_ONLY__xgb_d5__0.0050,2025,TRUE,5,NQ_ONLY,xgb_d5,5,0.005,0.121914912611246,1,112,0.00512867478706841,51,0.455357142857143,57,0.508928571428571,-0.0535714285714286,0.0267857142857143,47,94,0.0267857142857143,0.116071428571429,112,1,64,30,0.46875,48,21,0.4375,0.508928571428571,0.464285714285714
5__NQ_ES__logit__0.5000,2025,TRUE,5,NQ_ES,logit,,0.5,0.0245109044609277,1,11122,0.509295723051562,5846,0.525624887610142,5755,0.517442905952167,0.00818198165797518,0.0120481927710843,53,312,0.00602409638554217,0.0270634777917641,11122,1,7630,4075,0.534076015727392,3492,1771,0.507159221076747,0.517442905952167,0.470508901276749
5__NQ_ES__logit__0.2000,2025,TRUE,5,NQ_ES,logit,,0.2,0.0461060199104369,1,4515,0.206749702353695,2404,0.532447397563677,2294,0.508084163898117,0.0243632336655593,0.0106312292358804,53,311,0.00863787375415283,0.0389811738648948,4515,1,3199,1697,0.530478274460769,1316,707,0.537234042553192,0.508084163898117,0.481284606866002
5__NQ_ES__logit__0.1000,2025,TRUE,5,NQ_ES,logit,,0.1,0.058458511933878,1,2335,0.106923710962542,1267,0.542612419700214,1207,0.516916488222698,0.0256959314775161,0.0124197002141328,53,298,0.012847965738758,0.0539614561027837,2335,1,1649,898,0.544572468162523,686,369,0.537900874635569,0.516916488222698,0.470663811563169
5__NQ_ES__logit__0.0500,2025,TRUE,5,NQ_ES,logit,,0.05,0.0696286417310064,1,1167,0.0534389596116861,626,0.536418166238218,612,0.524421593830334,0.0119965724078835,0.0111396743787489,53,282,0.0197086546700943,0.078834618680377,1167,1,805,440,0.546583850931677,362,186,0.513812154696133,0.524421593830334,0.464438731790917
5__NQ_ES__logit__0.0200,2025,TRUE,5,NQ_ES,logit,,0.02,0.0821922344523786,1,473,0.02165949262753,269,0.568710359408034,267,0.564482029598309,0.00422832980972516,0.00845665961945032,52,211,0.0359408033826638,0.13953488372093,473,1,304,184,0.605263157894737,169,85,0.502958579881657,0.564482029598309,0.427061310782241
5__NQ_ES__logit__0.0100,2025,TRUE,5,NQ_ES,logit,,0.01,0.0912981069715451,1,236,0.0108068504441799,134,0.567796610169492,137,0.580508474576271,-0.0127118644067797,0.00847457627118644,49,133,0.0593220338983051,0.220338983050847,236,1,141,88,0.624113475177305,95,46,0.48421052631579,0.580508474576271,0.411016949152542
5__NQ_ES__logit__0.0050,2025,TRUE,5,NQ_ES,logit,,0.005,0.098612800980858,1,136,0.0062276765271545,75,0.551470588235294,82,0.602941176470588,-0.0514705882352941,0,39,80,0.0808823529411765,0.308823529411765,136,1,73,47,0.643835616438356,63,28,0.444444444444444,0.602941176470588,0.397058823529412
5__NQ_ES__ranger__0.5000,2025,TRUE,5,NQ_ES,ranger,,0.5,0.0187276575384321,1,11032,0.505174466526239,5801,0.525833937635968,5629,0.510242929659173,0.0155910079767948,0.0120558375634518,53,312,0.00607324147933285,0.0267403915881073,11032,1,7742,4092,0.528545595453371,3290,1709,0.519452887537994,0.510242929659173,0.477701232777375
5__NQ_ES__ranger__0.2000,2025,TRUE,5,NQ_ES,ranger,,0.2,0.0386084313305518,1,4442,0.203406905394267,2367,0.532868077442593,2317,0.521611886537596,0.0112561909049977,0.0121566861773976,53,312,0.00675371454299865,0.0303917154434939,4442,1,3388,1821,0.537485242030697,1054,546,0.518026565464896,0.521611886537596,0.466231427285007
5__NQ_ES__ranger__0.1000,2025,TRUE,5,NQ_ES,ranger,,0.1,0.0509300902978523,1,2272,0.104038831394816,1212,0.533450704225352,1172,0.515845070422535,0.0176056338028169,0.0127640845070423,53,307,0.00792253521126761,0.0352112676056338,2272,1,1814,965,0.531973539140022,458,247,0.539301310043668,0.515845070422535,0.471390845070423
5__NQ_ES__ranger__0.0500,2025,TRUE,5,NQ_ES,ranger,,0.05,0.0595547811223803,1,1209,0.0553622126568367,642,0.531017369727047,634,0.524400330851944,0.00661703887510339,0.0115798180314309,53,284,0.00909842845326716,0.0430107526881721,1209,1,989,529,0.534883720930233,220,113,0.513636363636364,0.524400330851944,0.464019851116625
5__NQ_ES__ranger__0.0200,2025,TRUE,5,NQ_ES,ranger,,0.02,0.0685018451020684,1,491,0.0224837439325946,249,0.507128309572301,252,0.513238289205703,-0.00610997963340122,0.0142566191446029,53,221,0.0142566191446029,0.065173116089613,491,1,388,199,0.512886597938144,103,50,0.485436893203884,0.513238289205703,0.472505091649695
5__NQ_ES__ranger__0.0100,2025,TRUE,5,NQ_ES,ranger,,0.01,0.0750570742605488,1,243,0.0111273926183716,119,0.489711934156379,116,0.477366255144033,0.0123456790123457,0.0164609053497942,53,157,0.0164609053497942,0.0740740740740741,243,1,186,89,0.478494623655914,57,30,0.526315789473684,0.477366255144033,0.506172839506173
5__NQ_ES__ranger__0.0050,2025,TRUE,5,NQ_ES,ranger,,0.005,0.0810597307738507,1,127,0.00581555087462222,66,0.519685039370079,64,0.503937007874016,0.015748031496063,0.0078740157480315,48,103,0.0236220472440945,0.110236220472441,127,1,89,46,0.51685393258427,38,20,0.526315789473684,0.503937007874016,0.488188976377953
5__NQ_ES__xgb_d2__0.5000,2025,TRUE,5,NQ_ES,xgb_d2,2,0.5,0.0210984498262405,1,11006,0.503983881307812,5789,0.525985825913138,5630,0.511539160457932,0.0144466654552063,0.0113574413956024,53,312,0.00545157186988915,0.0259858259131383,11006,1,7779,4116,0.529116853065947,3227,1673,0.518438177874187,0.511539160457932,0.477103398146466
5__NQ_ES__xgb_d2__0.2000,2025,TRUE,5,NQ_ES,xgb_d2,2,0.2,0.0408174335956574,1,4412,0.202033153219159,2348,0.532184950135993,2296,0.520398912058024,0.0117860380779692,0.0122393472348141,53,312,0.00679963735267452,0.0321849501359928,4412,1,3327,1785,0.536519386834987,1085,563,0.51889400921659,0.520398912058024,0.467361740707162
5__NQ_ES__xgb_d2__0.1000,2025,TRUE,5,NQ_ES,xgb_d2,2,0.1,0.0520294845104218,1,2280,0.104405165308178,1233,0.54078947368421,1190,0.521929824561403,0.018859649122807,0.0114035087719298,53,304,0.0100877192982456,0.0403508771929825,2280,1,1750,948,0.541714285714286,530,285,0.537735849056604,0.521929824561403,0.466666666666667
5__NQ_ES__xgb_d2__0.0500,2025,TRUE,5,NQ_ES,xgb_d2,2,0.05,0.0600108921527862,1,1188,0.0544005861342614,645,0.542929292929293,621,0.522727272727273,0.0202020202020202,0.0109427609427609,53,290,0.0126262626262626,0.047979797979798,1188,1,895,487,0.544134078212291,293,158,0.539249146757679,0.522727272727273,0.466329966329966
5__NQ_ES__xgb_d2__0.0200,2025,TRUE,5,NQ_ES,xgb_d2,2,0.02,0.0683987134695053,1,501,0.0229416613242971,256,0.510978043912176,252,0.502994011976048,0.00798403193612774,0.00998003992015968,53,229,0.0179640718562874,0.0678642714570858,501,1,365,186,0.50958904109589,136,70,0.514705882352941,0.502994011976048,0.487025948103792
5__NQ_ES__xgb_d2__0.0100,2025,TRUE,5,NQ_ES,xgb_d2,2,0.01,0.0740030837059021,1,248,0.0113563513142229,126,0.508064516129032,124,0.5,0.00806451612903226,0.00403225806451613,53,160,0.0161290322580645,0.0806451612903226,248,1,170,86,0.505882352941176,78,40,0.512820512820513,0.5,0.495967741935484
5__NQ_ES__xgb_d2__0.0050,2025,TRUE,5,NQ_ES,xgb_d2,2,0.005,0.079673784971237,1,115,0.00526605000457917,59,0.51304347826087,53,0.460869565217391,0.0521739130434783,0.00869565217391304,49,92,0.0260869565217391,0.121739130434783,115,1,71,34,0.47887323943662,44,25,0.568181818181818,0.460869565217391,0.530434782608696
5__NQ_ES__xgb_d3__0.5000,2025,TRUE,5,NQ_ES,xgb_d3,3,0.5,0.0220720767974854,1,11073,0.507051927832219,5807,0.52442879075228,5659,0.511062945904452,0.0133658448478281,0.0119208886480629,53,312,0.00605075408651675,0.0262801408832295,11073,1,7664,4049,0.528314196242171,3409,1758,0.515693751833382,0.511062945904452,0.477016165447485
5__NQ_ES__xgb_d3__0.2000,2025,TRUE,5,NQ_ES,xgb_d3,3,0.2,0.0431778192520142,1,4468,0.204597490612693,2376,0.531781557743957,2331,0.52170993733214,0.0100716204118174,0.0118621307072516,53,311,0.00693822739480752,0.0315577439570278,4468,1,3162,1707,0.539848197343454,1306,669,0.512251148545176,0.52170993733214,0.466427931960609
5__NQ_ES__xgb_d3__0.1000,2025,TRUE,5,NQ_ES,xgb_d3,3,0.1,0.0560050666332245,1,2353,0.107747962267607,1265,0.537611559711007,1232,0.523586910327242,0.0140246493837654,0.014449638759031,53,307,0.00764980875478113,0.0369740756481088,2353,1,1679,916,0.545562835020846,674,349,0.517804154302671,0.523586910327242,0.461963450913727
5__NQ_ES__xgb_d3__0.0500,2025,TRUE,5,NQ_ES,xgb_d3,3,0.05,0.0664065107703209,1,1204,0.0551332539609854,640,0.53156146179402,624,0.518272425249169,0.0132890365448505,0.0132890365448505,53,292,0.00996677740863787,0.0456810631229236,1204,1,834,448,0.537170263788969,370,192,0.518918918918919,0.518272425249169,0.46843853820598
5__NQ_ES__xgb_d3__0.0200,2025,TRUE,5,NQ_ES,xgb_d3,3,0.02,0.0777229773998261,1,531,0.0243154134994047,267,0.502824858757062,274,0.516007532956686,-0.0131826741996234,0.0112994350282486,53,233,0.0131826741996234,0.0583804143126177,531,1,343,177,0.516034985422741,188,90,0.478723404255319,0.516007532956686,0.472693032015066
5__NQ_ES__xgb_d3__0.0100,2025,TRUE,5,NQ_ES,xgb_d3,3,0.01,0.0862129005789758,1,249,0.0114021430533932,123,0.493975903614458,132,0.530120481927711,-0.036144578313253,0.00803212851405622,52,152,0.0200803212851406,0.0883534136546185,249,1,153,80,0.522875816993464,96,43,0.447916666666667,0.530120481927711,0.461847389558233
5__NQ_ES__xgb_d3__0.0050,2025,TRUE,5,NQ_ES,xgb_d3,3,0.005,0.0948383677005767,1,110,0.00503709130872791,52,0.472727272727273,58,0.527272727272727,-0.0545454545454545,0.00909090909090909,44,90,0.0272727272727273,0.118181818181818,110,1,56,28,0.5,54,24,0.444444444444444,0.527272727272727,0.463636363636364
5__NQ_ES__xgb_d4__0.5000,2025,TRUE,5,NQ_ES,xgb_d4,4,0.5,0.0237074345350266,1,11227,0.514103855664438,5930,0.528190968201657,5734,0.510733054244233,0.0174579139574241,0.0120245835931237,53,312,0.00578961432261512,0.0269885098423443,11227,1,7669,4075,0.531360020863216,3558,1855,0.521360314783586,0.510733054244233,0.477242362162644
5__NQ_ES__xgb_d4__0.2000,2025,TRUE,5,NQ_ES,xgb_d4,4,0.2,0.0462100028991699,1,4483,0.205284366700247,2368,0.528217711354004,2322,0.517956725407094,0.0102609859469106,0.0129377648895829,53,311,0.00713807718045951,0.033459736783404,4483,1,3085,1655,0.53646677471637,1398,713,0.510014306151645,0.517956725407094,0.469105509703324
5__NQ_ES__xgb_d4__0.1000,2025,TRUE,5,NQ_ES,xgb_d4,4,0.1,0.060039359331131,1,2363,0.108205879659309,1275,0.539568345323741,1210,0.512060939483707,0.0275074058400339,0.0131189166314008,53,307,0.00846381718154888,0.0397799407532797,2363,1,1618,874,0.54017305315204,745,401,0.538255033557047,0.512060939483707,0.474820143884892
5__NQ_ES__xgb_d4__0.0500,2025,TRUE,5,NQ_ES,xgb_d4,4,0.05,0.0720050722360611,1,1230,0.056323839179412,664,0.539837398373984,616,0.500813008130081,0.0390243902439024,0.0195121951219512,53,291,0.00975609756097561,0.0455284552845528,1230,1,829,443,0.53437876960193,401,221,0.551122194513716,0.500813008130081,0.479674796747968
5__NQ_ES__xgb_d4__0.0200,2025,TRUE,5,NQ_ES,xgb_d4,4,0.02,0.0873041594028472,1,502,0.0229874530634674,255,0.50796812749004,247,0.49203187250996,0.0159362549800797,0.0119521912350598,53,219,0.0159362549800797,0.0677290836653386,502,1,327,164,0.501529051987768,175,91,0.52,0.49203187250996,0.49601593625498
5__NQ_ES__xgb_d4__0.0100,2025,TRUE,5,NQ_ES,xgb_d4,4,0.01,0.0994553756713868,1,215,0.00984522392160454,102,0.474418604651163,102,0.474418604651163,0,0.013953488372093,51,135,0.0186046511627907,0.0930232558139535,215,1,129,59,0.457364341085271,86,43,0.5,0.474418604651163,0.511627906976744
5__NQ_ES__xgb_d4__0.0050,2025,TRUE,5,NQ_ES,xgb_d4,4,0.005,0.108216287493706,1,110,0.00503709130872791,48,0.436363636363636,58,0.527272727272727,-0.0909090909090909,0.00909090909090909,48,80,0.0272727272727273,0.136363636363636,110,1,62,29,0.467741935483871,48,19,0.395833333333333,0.527272727272727,0.463636363636364
5__NQ_ES__xgb_d5__0.5000,2025,TRUE,5,NQ_ES,xgb_d5,5,0.5,0.0254832804203033,1,11271,0.516118692187929,5965,0.529234318161654,5740,0.509271581935942,0.019962736225712,0.0124212580959986,53,312,0.00558956614319936,0.026705704906397,11271,1,7436,3959,0.532409897794513,3835,2006,0.523076923076923,0.509271581935942,0.47830715996806
5__NQ_ES__xgb_d5__0.2000,2025,TRUE,5,NQ_ES,xgb_d5,5,0.2,0.0493128955364227,1,4584,0.209909332356443,2450,0.534467713787086,2347,0.511998254799302,0.0224694589877836,0.0128708551483421,53,310,0.00741710296684119,0.0333769633507853,4584,1,3033,1633,0.538410814375206,1551,817,0.52675693101225,0.511998254799302,0.475130890052356
5__NQ_ES__xgb_d5__0.1000,2025,TRUE,5,NQ_ES,xgb_d5,5,0.1,0.0641285955905915,1,2415,0.110587050096163,1281,0.530434782608696,1248,0.516770186335404,0.0136645962732919,0.0153209109730849,53,307,0.00910973084886128,0.0409937888198758,2415,1,1578,851,0.539290240811153,837,430,0.513739545997611,0.516770186335404,0.467908902691511
5__NQ_ES__xgb_d5__0.0500,2025,TRUE,5,NQ_ES,xgb_d5,5,0.05,0.0769756495952606,1,1307,0.0598498030955216,714,0.546289211935731,662,0.506503442999235,0.0397857689364958,0.0145371078806427,53,290,0.00918133129303749,0.0443764345830145,1307,1,836,455,0.544258373205742,471,259,0.549893842887474,0.506503442999235,0.478959449120122
5__NQ_ES__xgb_d5__0.0200,2025,TRUE,5,NQ_ES,xgb_d5,5,0.02,0.0945022135972975,1,525,0.0240406630643832,291,0.554285714285714,269,0.512380952380952,0.0419047619047619,0.0114285714285714,53,223,0.0133333333333333,0.0628571428571429,525,1,321,179,0.557632398753894,204,112,0.549019607843137,0.512380952380952,0.476190476190476
5__NQ_ES__xgb_d5__0.0100,2025,TRUE,5,NQ_ES,xgb_d5,5,0.01,0.106899092495442,1,255,0.0116768934884147,136,0.533333333333333,130,0.509803921568627,0.0235294117647059,0.00784313725490196,52,147,0.0274509803921569,0.0980392156862745,255,1,151,81,0.536423841059603,104,55,0.528846153846154,0.509803921568627,0.482352941176471
5__NQ_ES__xgb_d5__0.0050,2025,TRUE,5,NQ_ES,xgb_d5,5,0.005,0.119966159164905,1,101,0.00462496565619562,52,0.514851485148515,56,0.554455445544555,-0.0396039603960396,0,43,79,0.0297029702970297,0.138613861386139,101,1,57,32,0.56140350877193,44,20,0.454545454545455,0.554455445544555,0.445544554455446
7__NQ_ONLY__logit__0.5000,2025,TRUE,7,NQ_ONLY,logit,,0.5,0.0256891032715872,1,10834,0.49626677660208,5706,0.526675281521137,5681,0.524367731216541,0.00230755030459664,0.0107070334133284,53,312,0.00581502676758353,0.0277829056673435,10834,1,7305,3946,0.540177960301164,3529,1760,0.498724851232644,0.524367731216541,0.464925235370131
7__NQ_ONLY__logit__0.2000,2025,TRUE,7,NQ_ONLY,logit,,0.2,0.0477920900107477,1,4386,0.200906967156795,2387,0.544231646146831,2348,0.535339717282262,0.00889192886456908,0.00797993616051072,53,311,0.010031919744642,0.0417236662106703,4386,1,3027,1691,0.558638916418897,1359,696,0.512141280353201,0.535339717282262,0.456680346557228
7__NQ_ONLY__logit__0.1000,2025,TRUE,7,NQ_ONLY,logit,,0.1,0.0606559145802075,1,2249,0.103018643213779,1214,0.539795464650956,1172,0.521120497999111,0.0186749666518453,0.00666963094708759,53,297,0.0151178301467319,0.0546909737661183,2249,1,1533,836,0.545335942596217,716,378,0.527932960893855,0.521120497999111,0.472209871053802
7__NQ_ONLY__logit__0.0500,2025,TRUE,7,NQ_ONLY,logit,,0.05,0.0720555698986195,1,1118,0.0512115798634969,619,0.553667262969589,604,0.540250447227191,0.0134168157423971,0.00805008944543828,53,277,0.0241502683363149,0.0822898032200358,1118,1,755,431,0.570860927152318,363,188,0.517906336088154,0.540250447227191,0.45169946332737
7__NQ_ONLY__logit__0.0200,2025,TRUE,7,NQ_ONLY,logit,,0.02,0.0860708390999768,1,445,0.0203838578168659,262,0.58876404494382,246,0.552808988764045,0.0359550561797753,0.00449438202247191,53,208,0.0359550561797753,0.125842696629213,445,1,277,170,0.613718411552347,168,92,0.547619047619048,0.552808988764045,0.442696629213483
7__NQ_ONLY__logit__0.0100,2025,TRUE,7,NQ_ONLY,logit,,0.01,0.0945014743677783,1,211,0.00966515505473867,122,0.578199052132701,127,0.601895734597156,-0.023696682464455,0,48,129,0.0663507109004739,0.199052132701422,211,1,118,78,0.661016949152542,93,44,0.473118279569893,0.601895734597156,0.398104265402844
7__NQ_ONLY__logit__0.0050,2025,TRUE,7,NQ_ONLY,logit,,0.005,0.100683977515637,1,115,0.00526773853694288,62,0.539130434782609,65,0.565217391304348,-0.0260869565217391,0,42,71,0.0956521739130435,0.321739130434783,115,1,52,32,0.615384615384615,63,30,0.476190476190476,0.565217391304348,0.434782608695652
7__NQ_ONLY__ranger__0.5000,2025,TRUE,7,NQ_ONLY,ranger,,0.5,0.0216564014248669,1,10806,0.494984196784389,5745,0.53164908384231,5630,0.521006848047381,0.0106422357949287,0.0105496946141033,53,312,0.00583009439200444,0.0260966129927818,10806,1,7320,3962,0.541256830601093,3486,1783,0.511474469305795,0.521006848047381,0.468443457338516
7__NQ_ONLY__ranger__0.2000,2025,TRUE,7,NQ_ONLY,ranger,,0.2,0.0411493198209192,1,4396,0.201365031377399,2390,0.543676069153776,2327,0.529344858962693,0.0143312101910828,0.010919017288444,53,312,0.00705186533212011,0.0320746132848044,4396,1,3231,1782,0.551532033426184,1165,608,0.521888412017167,0.529344858962693,0.459736123748863
7__NQ_ONLY__ranger__0.1000,2025,TRUE,7,NQ_ONLY,ranger,,0.1,0.0531643209626881,1,2261,0.103568320278503,1222,0.54046881910659,1195,0.528527200353826,0.0119416187527643,0.0128261831048209,53,307,0.00796107916850951,0.037593984962406,2261,1,1708,935,0.547423887587822,553,287,0.518987341772152,0.528527200353826,0.458646616541353
7__NQ_ONLY__ranger__0.0500,2025,TRUE,7,NQ_ONLY,ranger,,0.05,0.0624343743399674,1,1156,0.052952223901791,641,0.554498269896194,620,0.536332179930796,0.0181660899653979,0.0155709342560554,53,287,0.0103806228373702,0.0493079584775087,1156,1,865,486,0.561849710982659,291,155,0.532646048109966,0.536332179930796,0.448096885813149
7__NQ_ONLY__ranger__0.0200,2025,TRUE,7,NQ_ONLY,ranger,,0.02,0.0735795241405932,1,475,0.0217580504786771,261,0.549473684210526,248,0.522105263157895,0.0273684210526316,0.0231578947368421,53,220,0.0147368421052632,0.0610526315789474,475,1,340,187,0.55,135,74,0.548148148148148,0.522105263157895,0.454736842105263
7__NQ_ONLY__ranger__0.0100,2025,TRUE,7,NQ_ONLY,ranger,,0.01,0.0828127757516404,1,250,0.0114516055150932,131,0.524,130,0.52,0.004,0.024,53,161,0.016,0.068,250,1,185,98,0.52972972972973,65,33,0.507692307692308,0.52,0.456
7__NQ_ONLY__ranger__0.0050,2025,TRUE,7,NQ_ONLY,ranger,,0.005,0.0908903294538324,1,121,0.00554257706930512,58,0.479338842975207,61,0.504132231404959,-0.0247933884297521,0.0165289256198347,45,98,0.0247933884297521,0.0991735537190083,121,1,86,42,0.488372093023256,35,16,0.457142857142857,0.504132231404959,0.479338842975207
7__NQ_ONLY__xgb_d2__0.5000,2025,TRUE,7,NQ_ONLY,xgb_d2,2,0.5,0.0234029889106751,1,10855,0.497228711465347,5734,0.528235836020267,5645,0.520036849378167,0.00819898664210042,0.0105941962229387,53,312,0.0053431598341778,0.0255181943804698,10855,1,7316,3938,0.53827227993439,3539,1796,0.507487990957898,0.520036849378167,0.469368954398895
7__NQ_ONLY__xgb_d2__0.2000,2025,TRUE,7,NQ_ONLY,xgb_d2,2,0.2,0.0426894426345825,1,4373,0.200311483670011,2362,0.540132632060371,2299,0.525726046192545,0.0144065858678253,0.0109764463754859,53,311,0.00686027898467871,0.0331580150926138,4373,1,3264,1782,0.545955882352941,1109,580,0.522993688007214,0.525726046192545,0.463297507431969
7__NQ_ONLY__xgb_d2__0.1000,2025,TRUE,7,NQ_ONLY,xgb_d2,2,0.1,0.0536742806434631,1,2233,0.102285740460813,1219,0.54590237348858,1200,0.537393640841917,0.00850873264666368,0.0111957008508733,53,306,0.00850873264666368,0.038513210927004,2233,1,1715,953,0.555685131195335,518,266,0.513513513513514,0.537393640841917,0.45141065830721
7__NQ_ONLY__xgb_d2__0.0500,2025,TRUE,7,NQ_ONLY,xgb_d2,2,0.05,0.0623527467250824,1,1092,0.0500206128899272,610,0.558608058608059,581,0.532051282051282,0.0265567765567766,0.0137362637362637,53,284,0.010989010989011,0.0485347985347985,1092,1,838,469,0.559665871121718,254,141,0.555118110236221,0.532051282051282,0.454212454212454
7__NQ_ONLY__xgb_d2__0.0200,2025,TRUE,7,NQ_ONLY,xgb_d2,2,0.02,0.0715789198875427,1,489,0.0223993403875223,266,0.543967280163599,254,0.519427402862986,0.0245398773006135,0.0204498977505112,53,236,0.016359918200409,0.065439672801636,489,1,362,197,0.544198895027624,127,69,0.543307086614173,0.519427402862986,0.460122699386503
7__NQ_ONLY__xgb_d2__0.0100,2025,TRUE,7,NQ_ONLY,xgb_d2,2,0.01,0.079681321978569,1,238,0.0109019284503687,126,0.529411764705882,116,0.487394957983193,0.0420168067226891,0.0252100840336134,52,157,0.0168067226890756,0.0798319327731092,238,1,159,82,0.515723270440252,79,44,0.556962025316456,0.487394957983193,0.487394957983193
7__NQ_ONLY__xgb_d2__0.0050,2025,TRUE,7,NQ_ONLY,xgb_d2,2,0.005,0.0888717547059059,1,120,0.00549677064724474,65,0.541666666666667,52,0.433333333333333,0.108333333333333,0.0333333333333333,44,97,0.025,0.125,120,1,66,32,0.484848484848485,54,33,0.611111111111111,0.433333333333333,0.533333333333333
7__NQ_ONLY__xgb_d3__0.5000,2025,TRUE,7,NQ_ONLY,xgb_d3,3,0.5,0.0242079496383667,1,11067,0.506939672942147,5866,0.530044275774826,5760,0.520466251016536,0.00957802475829041,0.0109334056203126,53,312,0.00551188217222373,0.0261136712749616,11067,1,7438,4019,0.540333422963162,3629,1847,0.508955635161201,0.520466251016536,0.468600343363152
7__NQ_ONLY__xgb_d3__0.2000,2025,TRUE,7,NQ_ONLY,xgb_d3,3,0.2,0.0458920001983643,1,4412,0.202097934130365,2358,0.534451495920218,2285,0.517905711695376,0.0165457842248413,0.0111060743427017,53,311,0.00679963735267452,0.0328649138712602,4412,1,3094,1670,0.539754363283775,1318,688,0.522003034901366,0.517905711695376,0.470988213961922
7__NQ_ONLY__xgb_d3__0.1000,2025,TRUE,7,NQ_ONLY,xgb_d3,3,0.1,0.058789849281311,1,2182,0.0999496129357336,1186,0.543538038496792,1128,0.516956920256645,0.0265811182401467,0.0132905591200733,53,306,0.00824931255728689,0.0384967919340055,2182,1,1479,809,0.546991210277214,703,377,0.536273115220484,0.516956920256645,0.469752520623281
7__NQ_ONLY__xgb_d3__0.0500,2025,TRUE,7,NQ_ONLY,xgb_d3,3,0.05,0.0695483535528183,1,1159,0.0530896431679722,629,0.542709232096635,595,0.513373597929249,0.0293356341673857,0.0172562553925798,53,291,0.00949094046591889,0.0457290767903365,1159,1,761,414,0.544021024967148,398,215,0.540201005025126,0.513373597929249,0.469370146678171
7__NQ_ONLY__xgb_d3__0.0200,2025,TRUE,7,NQ_ONLY,xgb_d3,3,0.02,0.0840087532997131,1,490,0.0224451468095827,258,0.526530612244898,246,0.502040816326531,0.0244897959183673,0.0244897959183673,53,230,0.0122448979591837,0.0551020408163265,490,1,320,168,0.525,170,90,0.529411764705882,0.502040816326531,0.473469387755102
7__NQ_ONLY__xgb_d3__0.0100,2025,TRUE,7,NQ_ONLY,xgb_d3,3,0.01,0.0952308028936386,1,264,0.0120928954239384,135,0.511363636363636,125,0.473484848484849,0.0378787878787879,0.0265151515151515,53,161,0.0189393939393939,0.0795454545454545,264,1,167,82,0.491017964071856,97,53,0.54639175257732,0.473484848484849,0.5
7__NQ_ONLY__xgb_d3__0.0050,2025,TRUE,7,NQ_ONLY,xgb_d3,3,0.005,0.106066882610321,1,132,0.00604644771196922,69,0.522727272727273,61,0.462121212121212,0.0606060606060606,0.0303030303030303,45,105,0.0227272727272727,0.106060606060606,132,1,79,39,0.493670886075949,53,30,0.566037735849057,0.462121212121212,0.507575757575758
7__NQ_ONLY__xgb_d4__0.5000,2025,TRUE,7,NQ_ONLY,xgb_d4,4,0.5,0.0249871611595154,1,11063,0.506756447253905,5801,0.52436048088222,5782,0.522643044382175,0.0017174365000452,0.0104854017897496,53,312,0.00551387507909247,0.0264846786585917,11063,1,7356,3956,0.537792278412181,3707,1845,0.497707040733747,0.522643044382175,0.466871553828076
7__NQ_ONLY__xgb_d4__0.2000,2025,TRUE,7,NQ_ONLY,xgb_d4,4,0.2,0.0478500127792358,1,4524,0.207228253401127,2402,0.530946065428824,2349,0.519230769230769,0.0117152961980548,0.0108311229000884,53,311,0.00729442970822281,0.0347038019451813,4524,1,3124,1683,0.538732394366197,1400,719,0.513571428571429,0.519230769230769,0.469938107869142
7__NQ_ONLY__xgb_d4__0.1000,2025,TRUE,7,NQ_ONLY,xgb_d4,4,0.1,0.0618133246898651,1,2272,0.104072190921167,1218,0.536091549295775,1156,0.508802816901409,0.0272887323943662,0.0132042253521127,53,305,0.00968309859154929,0.0413732394366197,2272,1,1494,802,0.536813922356091,778,416,0.534704370179949,0.508802816901409,0.477992957746479
7__NQ_ONLY__xgb_d4__0.0500,2025,TRUE,7,NQ_ONLY,xgb_d4,4,0.05,0.0733283162117004,1,1230,0.0563418991342586,663,0.539024390243903,626,0.508943089430894,0.0300813008130081,0.0186991869918699,53,292,0.0130081300813008,0.0495934959349594,1230,1,781,422,0.54033290653009,449,241,0.536748329621381,0.508943089430894,0.472357723577236
7__NQ_ONLY__xgb_d4__0.0200,2025,TRUE,7,NQ_ONLY,xgb_d4,4,0.02,0.0912128686904907,1,555,0.0254225642435069,287,0.517117117117117,280,0.504504504504505,0.0126126126126126,0.0216216216216216,53,243,0.0126126126126126,0.0558558558558559,555,1,356,185,0.519662921348315,199,102,0.512562814070352,0.504504504504505,0.473873873873874
7__NQ_ONLY__xgb_d4__0.0100,2025,TRUE,7,NQ_ONLY,xgb_d4,4,0.01,0.104187220335007,1,289,0.0132380559754478,147,0.508650519031142,135,0.467128027681661,0.041522491349481,0.0346020761245675,53,168,0.013840830449827,0.069204152249135,289,1,177,86,0.485875706214689,112,61,0.544642857142857,0.467128027681661,0.498269896193772
7__NQ_ONLY__xgb_d4__0.0050,2025,TRUE,7,NQ_ONLY,xgb_d4,4,0.005,0.117293767631054,1,133,0.00609225413402959,71,0.533834586466166,59,0.443609022556391,0.0902255639097744,0.0300751879699248,45,104,0.0225563909774436,0.112781954887218,133,1,70,34,0.485714285714286,63,37,0.587301587301587,0.443609022556391,0.526315789473684
7__NQ_ONLY__xgb_d5__0.5000,2025,TRUE,7,NQ_ONLY,xgb_d5,5,0.5,0.0265501141548157,1,11108,0.508817736246622,5805,0.522596326971552,5703,0.513413755851639,0.00918257111991358,0.0102628736046093,53,312,0.0056715880446525,0.0259272596326972,11108,1,7366,3901,0.529595438501222,3742,1904,0.508818813468733,0.513413755851639,0.476323370543752
7__NQ_ONLY__xgb_d5__0.2000,2025,TRUE,7,NQ_ONLY,xgb_d5,5,0.2,0.0509929656982422,1,4578,0.209701800192387,2419,0.528396679772827,2396,0.523372651813019,0.00502402795980778,0.0107033639143731,53,309,0.00764525993883792,0.0345128877238969,4578,1,3092,1671,0.540426908150065,1486,748,0.503364737550471,0.523372651813019,0.465923984272608
7__NQ_ONLY__xgb_d5__0.1000,2025,TRUE,7,NQ_ONLY,xgb_d5,5,0.1,0.0657947063446045,1,2336,0.107003801933031,1238,0.529965753424658,1186,0.507705479452055,0.0222602739726027,0.0136986301369863,53,306,0.00941780821917808,0.0393835616438356,2336,1,1515,805,0.531353135313531,821,433,0.527405602923264,0.507705479452055,0.478595890410959
7__NQ_ONLY__xgb_d5__0.0500,2025,TRUE,7,NQ_ONLY,xgb_d5,5,0.05,0.0786621272563934,1,1247,0.057120608309285,671,0.538091419406576,631,0.506014434643144,0.0320769847634322,0.0176423416198877,53,288,0.0104250200481155,0.0481154771451484,1247,1,786,423,0.538167938931298,461,248,0.537960954446855,0.506014434643144,0.476343223736969
7__NQ_ONLY__xgb_d5__0.0200,2025,TRUE,7,NQ_ONLY,xgb_d5,5,0.02,0.0971811711788177,1,554,0.0253767578214466,288,0.51985559566787,269,0.485559566787004,0.0342960288808664,0.0180505415162455,53,238,0.0144404332129964,0.0649819494584838,554,1,332,169,0.509036144578313,222,119,0.536036036036036,0.485559566787004,0.496389891696751
7__NQ_ONLY__xgb_d5__0.0100,2025,TRUE,7,NQ_ONLY,xgb_d5,5,0.01,0.111079975962639,1,297,0.0136045073519307,160,0.538720538720539,143,0.481481481481482,0.0572390572390572,0.0202020202020202,52,184,0.0168350168350168,0.0740740740740741,297,1,170,89,0.523529411764706,127,71,0.559055118110236,0.481481481481482,0.498316498316498
7__NQ_ONLY__xgb_d5__0.0050,2025,TRUE,7,NQ_ONLY,xgb_d5,5,0.005,0.124730497598648,1,152,0.00696257615317668,84,0.552631578947369,70,0.460526315789474,0.0921052631578947,0.0197368421052632,46,119,0.0263157894736842,0.111842105263158,152,1,86,44,0.511627906976744,66,40,0.606060606060606,0.460526315789474,0.519736842105263
7__NQ_ES__logit__0.5000,2025,TRUE,7,NQ_ES,logit,,0.5,0.0256881625677207,1,11045,0.505931931656818,5803,0.525396106835672,5761,0.521593481213219,0.0038026256224536,0.0110457220461747,53,312,0.00642824807605251,0.028700769578995,11045,1,7310,3933,0.538030095759234,3735,1870,0.500669344042838,0.521593481213219,0.467360796740607
7__NQ_ES__logit__0.2000,2025,TRUE,7,NQ_ES,logit,,0.2,0.0479156111848297,1,4580,0.209793413036508,2484,0.54235807860262,2445,0.533842794759825,0.00851528384279476,0.00917030567685589,53,311,0.0106986899563319,0.0449781659388646,4580,1,3120,1738,0.557051282051282,1460,746,0.510958904109589,0.533842794759825,0.456986899563319
7__NQ_ES__logit__0.1000,2025,TRUE,7,NQ_ES,logit,,0.1,0.0608264818405797,1,2373,0.108698639549265,1321,0.556679308891698,1277,0.538137378845343,0.0185419300463548,0.00927096502317741,53,300,0.0176991150442478,0.0661609776654024,2373,1,1602,915,0.571161048689139,771,406,0.526588845654994,0.538137378845343,0.452591656131479
7__NQ_ES__logit__0.0500,2025,TRUE,7,NQ_ES,logit,,0.05,0.0719074799211112,1,1241,0.0568457697769227,684,0.551168412570508,668,0.538275584206285,0.0128928283642224,0.0072522159548751,53,283,0.0257856567284448,0.0918614020950846,1241,1,829,470,0.566948130277443,412,214,0.519417475728155,0.538275584206285,0.45447219983884
7__NQ_ES__logit__0.0200,2025,TRUE,7,NQ_ES,logit,,0.02,0.0855766549391245,1,500,0.0229032110301864,284,0.568,286,0.572,-0.004,0.004,53,215,0.038,0.144,500,1,316,193,0.610759493670886,184,91,0.494565217391304,0.572,0.424
7__NQ_ES__logit__0.0100,2025,TRUE,7,NQ_ES,logit,,0.01,0.0940683665018071,1,252,0.011543218359214,141,0.55952380952381,143,0.567460317460317,-0.00793650793650794,0.00396825396825397,49,138,0.0634920634920635,0.234126984126984,252,1,144,88,0.611111111111111,108,53,0.490740740740741,0.567460317460317,0.428571428571429
7__NQ_ES__logit__0.0050,2025,TRUE,7,NQ_ES,logit,,0.005,0.101810753706595,1,137,0.00627547982227108,74,0.54014598540146,79,0.576642335766423,-0.0364963503649635,0.0072992700729927,41,81,0.0948905109489051,0.335766423357664,137,1,72,44,0.611111111111111,65,30,0.461538461538462,0.576642335766423,0.416058394160584
7__NQ_ES__ranger__0.5000,2025,TRUE,7,NQ_ES,ranger,,0.5,0.0212517160421964,1,10998,0.503779029819981,5838,0.530823786142935,5703,0.518548827059465,0.0122749590834697,0.0102745953809784,53,312,0.0060920167303146,0.0260956537552282,10998,1,7343,3962,0.539561487130601,3655,1876,0.513269493844049,0.518548827059465,0.471176577559556
7__NQ_ES__ranger__0.2000,2025,TRUE,7,NQ_ES,ranger,,0.2,0.0417565542272549,1,4429,0.202876643305391,2399,0.541657258974938,2353,0.53127116730639,0.0103860916685482,0.0106118762700384,53,311,0.00699932264619553,0.031609844208625,4429,1,3240,1788,0.551851851851852,1189,611,0.513877207737595,0.53127116730639,0.458116956423572
7__NQ_ES__ranger__0.1000,2025,TRUE,7,NQ_ES,ranger,,0.1,0.0541587263797032,1,2218,0.101598644129907,1224,0.551848512173129,1194,0.538322813345356,0.0135256988277728,0.0103697024346258,53,306,0.00901713255184851,0.0401262398557259,2218,1,1711,957,0.559322033898305,507,267,0.526627218934911,0.538322813345356,0.451307484220018
7__NQ_ES__ranger__0.0500,2025,TRUE,7,NQ_ES,ranger,,0.05,0.0629720490348626,1,1117,0.0511657734414365,604,0.540734109221128,590,0.528200537153089,0.0125335720680394,0.0143240823634736,53,280,0.00984780662488809,0.0474485228290063,1117,1,850,464,0.545882352941177,267,140,0.52434456928839,0.528200537153089,0.457475380483438
7__NQ_ES__ranger__0.0200,2025,TRUE,7,NQ_ES,ranger,,0.02,0.0720555912327497,1,452,0.0207045027712885,243,0.537610619469027,241,0.533185840707965,0.00442477876106195,0.0243362831858407,53,218,0.0154867256637168,0.0685840707964602,452,1,322,177,0.549689440993789,130,66,0.507692307692308,0.533185840707965,0.442477876106195
7__NQ_ES__ranger__0.0100,2025,TRUE,7,NQ_ES,ranger,,0.01,0.0789087843046828,1,227,0.0103980578077046,112,0.493392070484582,116,0.511013215859031,-0.0176211453744493,0.026431718061674,51,148,0.026431718061674,0.105726872246696,227,1,151,76,0.503311258278146,76,36,0.473684210526316,0.511013215859031,0.462555066079295
7__NQ_ES__ranger__0.0050,2025,TRUE,7,NQ_ES,ranger,,0.005,0.0858988803107226,1,103,0.00471806147221841,49,0.475728155339806,51,0.495145631067961,-0.0194174757281553,0.0388349514563107,42,85,0.029126213592233,0.12621359223301,103,1,63,30,0.476190476190476,40,19,0.475,0.495145631067961,0.466019417475728
7__NQ_ES__xgb_d2__0.5000,2025,TRUE,7,NQ_ES,xgb_d2,2,0.5,0.0230323672294617,1,10885,0.498602904127159,5758,0.528984841525034,5662,0.520165365181442,0.0088194763435921,0.0109324758842444,53,312,0.00569591180523656,0.0259072117593018,10885,1,7264,3918,0.539372246696035,3621,1840,0.508146920740127,0.520165365181442,0.468902158934313
7__NQ_ES__xgb_d2__0.2000,2025,TRUE,7,NQ_ES,xgb_d2,2,0.2,0.0427645146846771,1,4328,0.198250194677294,2327,0.537661737523105,2270,0.52449168207024,0.0131700554528651,0.00993530499075786,53,311,0.00693160813308688,0.033271719038817,4328,1,3249,1764,0.542936288088643,1079,563,0.521779425393883,0.52449168207024,0.465573012939002
7__NQ_ES__xgb_d2__0.1000,2025,TRUE,7,NQ_ES,xgb_d2,2,0.1,0.0538282096385956,1,2220,0.101690256974028,1214,0.546846846846847,1184,0.533333333333333,0.0135135135135135,0.0108108108108108,53,304,0.00855855855855856,0.0382882882882883,2220,1,1740,960,0.551724137931035,480,254,0.529166666666667,0.533333333333333,0.455855855855856
7__NQ_ES__xgb_d2__0.0500,2025,TRUE,7,NQ_ES,xgb_d2,2,0.05,0.0625974237918854,1,1132,0.0518528697723421,645,0.569787985865724,611,0.539752650176678,0.0300353356890459,0.015017667844523,53,281,0.0106007067137809,0.0512367491166078,1132,1,906,516,0.56953642384106,226,129,0.570796460176991,0.539752650176678,0.445229681978799
7__NQ_ES__xgb_d2__0.0200,2025,TRUE,7,NQ_ES,xgb_d2,2,0.02,0.0715330839157105,1,451,0.0206586963492282,249,0.552106430155211,235,0.521064301552107,0.0310421286031042,0.0199556541019956,53,208,0.0155210643015521,0.0709534368070954,451,1,352,193,0.548295454545455,99,56,0.565656565656566,0.521064301552107,0.458980044345898
7__NQ_ES__xgb_d2__0.0100,2025,TRUE,7,NQ_ES,xgb_d2,2,0.01,0.0771219730377197,1,212,0.00971096147679905,114,0.537735849056604,104,0.490566037735849,0.0471698113207547,0.0283018867924528,51,137,0.0235849056603774,0.0990566037735849,212,1,146,76,0.520547945205479,66,38,0.575757575757576,0.490566037735849,0.481132075471698
7__NQ_ES__xgb_d2__0.0050,2025,TRUE,7,NQ_ES,xgb_d2,2,0.005,0.0820718035101891,1,93,0.00425999725161468,45,0.483870967741936,42,0.451612903225806,0.032258064516129,0.032258064516129,40,73,0.0430107526881721,0.172043010752688,93,1,50,22,0.44,43,23,0.534883720930233,0.451612903225806,0.516129032258065
7__NQ_ES__xgb_d3__0.5000,2025,TRUE,7,NQ_ES,xgb_d3,3,0.5,0.0244901776313782,1,10903,0.499427419724245,5786,0.530679629459782,5656,0.518756305603962,0.0119233238558195,0.0106392735944236,53,312,0.00577822617628176,0.0262313124828029,10903,1,7101,3839,0.540628080552035,3802,1947,0.512098895318254,0.518756305603962,0.470604420801614
7__NQ_ES__xgb_d3__0.2000,2025,TRUE,7,NQ_ES,xgb_d3,3,0.2,0.0463268756866455,1,4385,0.200861160734735,2351,0.536145952109464,2301,0.524743443557583,0.0114025085518814,0.0107183580387685,53,311,0.00661345496009122,0.031927023945268,4385,1,3063,1671,0.545543584720862,1322,680,0.514372163388805,0.524743443557583,0.464538198403649
7__NQ_ES__xgb_d3__0.1000,2025,TRUE,7,NQ_ES,xgb_d3,3,0.1,0.0588123798370361,1,2231,0.102194127616692,1224,0.548632900044823,1171,0.524876736889287,0.0237561631555356,0.0121021963245182,53,305,0.00896458987001345,0.0398924249215598,2231,1,1563,866,0.55406269993602,668,358,0.535928143712575,0.524876736889287,0.463021066786195
7__NQ_ES__xgb_d3__0.0500,2025,TRUE,7,NQ_ES,xgb_d3,3,0.05,0.0691793560981751,1,1135,0.0519902890385232,620,0.54625550660793,589,0.518942731277533,0.0273127753303965,0.0176211453744493,53,284,0.0105726872246696,0.0493392070484582,1135,1,803,440,0.547945205479452,332,180,0.542168674698795,0.518942731277533,0.463436123348018
7__NQ_ES__xgb_d3__0.0200,2025,TRUE,7,NQ_ES,xgb_d3,3,0.02,0.0815727114677429,1,501,0.0229490174522468,274,0.546906187624751,261,0.520958083832335,0.0259481037924152,0.0279441117764471,53,230,0.0159680638722555,0.0658682634730539,501,1,362,199,0.549723756906077,139,75,0.539568345323741,0.520958083832335,0.451097804391218
7__NQ_ES__xgb_d3__0.0100,2025,TRUE,7,NQ_ES,xgb_d3,3,0.01,0.0914167463779449,1,236,0.010810315606248,120,0.508474576271186,116,0.491525423728814,0.0169491525423729,0.038135593220339,52,151,0.0211864406779661,0.0847457627118644,236,1,184,92,0.5,52,28,0.538461538461538,0.491525423728814,0.470338983050848
7__NQ_ES__xgb_d3__0.0050,2025,TRUE,7,NQ_ES,xgb_d3,3,0.005,0.100391522049904,1,132,0.00604644771196922,70,0.53030303030303,65,0.492424242424242,0.0378787878787879,0.0303030303030303,44,101,0.0227272727272727,0.113636363636364,132,1,107,55,0.514018691588785,25,15,0.6,0.492424242424242,0.477272727272727
7__NQ_ES__xgb_d4__0.5000,2025,TRUE,7,NQ_ES,xgb_d4,4,0.5,0.0259270071983337,1,11054,0.506344189455362,5856,0.529762981726072,5762,0.52125927266148,0.008503709064592,0.010313008865569,53,312,0.00542789940293107,0.0262348471141668,11054,1,7223,3909,0.541187872075315,3831,1947,0.50822239624119,0.52125927266148,0.468427718472951
7__NQ_ES__xgb_d4__0.2000,2025,TRUE,7,NQ_ES,xgb_d4,4,0.2,0.0488284230232239,1,4510,0.206586963492282,2424,0.537472283813747,2337,0.518181818181818,0.019290465631929,0.0124168514412417,53,311,0.00687361419068736,0.0317073170731707,4510,1,3034,1652,0.544495715227423,1476,772,0.523035230352304,0.518181818181818,0.46940133037694
7__NQ_ES__xgb_d4__0.1000,2025,TRUE,7,NQ_ES,xgb_d4,4,0.1,0.0620253682136536,1,2327,0.106591544134488,1257,0.54018048990116,1211,0.520412548345509,0.0197679415556511,0.0124623979372583,53,303,0.00945423291792007,0.0386764073914912,2327,1,1537,843,0.54847104749512,790,414,0.524050632911392,0.520412548345509,0.467125053717233
7__NQ_ES__xgb_d4__0.0500,2025,TRUE,7,NQ_ES,xgb_d4,4,0.05,0.0736047625541687,1,1206,0.0552425450048097,655,0.543117744610282,615,0.509950248756219,0.033167495854063,0.0199004975124378,53,291,0.0107794361525705,0.0422885572139304,1206,1,755,412,0.545695364238411,451,243,0.53880266075388,0.509950248756219,0.470149253731343
7__NQ_ES__xgb_d4__0.0200,2025,TRUE,7,NQ_ES,xgb_d4,4,0.02,0.0881971120834351,1,511,0.0234070816728505,263,0.5146771037182,261,0.510763209393346,0.00391389432485323,0.0273972602739726,53,227,0.0156555772994129,0.0665362035225049,511,1,320,167,0.521875,191,96,0.50261780104712,0.510763209393346,0.461839530332681
7__NQ_ES__xgb_d4__0.0100,2025,TRUE,7,NQ_ES,xgb_d4,4,0.01,0.0998652130365372,1,250,0.0114516055150932,128,0.512,123,0.492,0.02,0.036,52,154,0.024,0.096,250,1,170,86,0.505882352941176,80,42,0.525,0.492,0.472
7__NQ_ES__xgb_d4__0.0050,2025,TRUE,7,NQ_ES,xgb_d4,4,0.005,0.110881313681602,1,126,0.00577160917960698,65,0.515873015873016,65,0.515873015873016,0,0.0158730158730159,45,93,0.0396825396825397,0.134920634920635,126,1,86,45,0.523255813953488,40,20,0.5,0.515873015873016,0.468253968253968
7__NQ_ES__xgb_d5__0.5000,2025,TRUE,7,NQ_ES,xgb_d5,5,0.5,0.0270770788192749,1,11067,0.506939672942147,5862,0.529682840878287,5749,0.519472305051053,0.0102105358272341,0.0103912532755038,53,312,0.00515044727568447,0.0253908014818831,11067,1,7086,3834,0.541066892464014,3981,2028,0.509419743782969,0.519472305051053,0.470136441673444
7__NQ_ES__xgb_d5__0.2000,2025,TRUE,7,NQ_ES,xgb_d5,5,0.2,0.0514310598373413,1,4511,0.206632769914342,2432,0.539126579472401,2368,0.524939037907338,0.0141875415650632,0.0128574595433385,53,311,0.00665041010862337,0.0312569275105298,4511,1,2936,1622,0.552452316076294,1575,810,0.514285714285714,0.524939037907338,0.462203502549324
7__NQ_ES__xgb_d5__0.1000,2025,TRUE,7,NQ_ES,xgb_d5,5,0.1,0.0656390488147736,1,2296,0.105171545050616,1256,0.547038327526132,1182,0.514808362369338,0.0322299651567944,0.0139372822299652,53,302,0.00871080139372822,0.039198606271777,2296,1,1458,803,0.550754458161866,838,453,0.540572792362768,0.514808362369338,0.471254355400697
7__NQ_ES__xgb_d5__0.0500,2025,TRUE,7,NQ_ES,xgb_d5,5,0.05,0.0790232419967651,1,1144,0.0524025468370666,624,0.545454545454545,584,0.510489510489511,0.034965034965035,0.0183566433566434,53,290,0.0131118881118881,0.0524475524475525,1144,1,701,384,0.547788873038516,443,240,0.54176072234763,0.510489510489511,0.471153846153846
7__NQ_ES__xgb_d5__0.0200,2025,TRUE,7,NQ_ES,xgb_d5,5,0.02,0.0963278412818909,1,494,0.0226283724978242,253,0.512145748987854,253,0.512145748987854,0,0.0263157894736842,53,218,0.0202429149797571,0.0668016194331984,494,1,295,154,0.522033898305085,199,99,0.49748743718593,0.512145748987854,0.461538461538462
7__NQ_ES__xgb_d5__0.0100,2025,TRUE,7,NQ_ES,xgb_d5,5,0.01,0.108933091163635,1,247,0.0113141862489121,129,0.522267206477733,129,0.522267206477733,0,0.0242914979757085,52,162,0.0161943319838057,0.0769230769230769,247,1,156,84,0.538461538461538,91,45,0.494505494505495,0.522267206477733,0.453441295546559
7__NQ_ES__xgb_d5__0.0050,2025,TRUE,7,NQ_ES,xgb_d5,5,0.005,0.123789682984352,1,108,0.00494709358252027,58,0.537037037037037,56,0.518518518518519,0.0185185185185185,0.0277777777777778,41,84,0.0277777777777778,0.101851851851852,108,1,76,41,0.539473684210526,32,17,0.53125,0.518518518518519,0.453703703703704
10__NQ_ONLY__logit__0.5000,2025,TRUE,10,NQ_ONLY,logit,,0.5,0.0229044610915584,1,10952,0.502016868353502,5797,0.529309715120526,5726,0.522826880934989,0.00648283418553689,0.00766983199415632,53,312,0.00575237399561724,0.0268444119795471,10952,1,8228,4412,0.536217792902285,2724,1385,0.508443465491924,0.522826880934989,0.469503287070855
10__NQ_ONLY__logit__0.2000,2025,TRUE,10,NQ_ONLY,logit,,0.2,0.041578782250186,1,4548,0.208470847084709,2472,0.54353562005277,2390,0.525505716798593,0.0180299032541777,0.0079155672823219,53,308,0.00835532102022867,0.038698328935796,4548,1,3471,1898,0.546816479400749,1077,574,0.532961931290622,0.525505716798593,0.466578715919085
10__NQ_ONLY__logit__0.1000,2025,TRUE,10,NQ_ONLY,logit,,0.1,0.0525495984602033,1,2344,0.107444077741107,1267,0.540529010238908,1246,0.531569965870307,0.00895904436860068,0.00725255972696246,53,300,0.0123720136518771,0.0558873720136519,2344,1,1775,974,0.548732394366197,569,293,0.51493848857645,0.531569965870307,0.46117747440273
10__NQ_ONLY__logit__0.0500,2025,TRUE,10,NQ_ONLY,logit,,0.05,0.062371412948076,1,1194,0.0547304730473047,670,0.561139028475712,644,0.539363484087102,0.0217755443886097,0.00418760469011725,53,279,0.0201005025125628,0.0887772194304858,1194,1,877,499,0.568985176738883,317,171,0.539432176656151,0.539363484087102,0.456448911222781
10__NQ_ONLY__logit__0.0200,2025,TRUE,10,NQ_ONLY,logit,,0.02,0.0741890522400857,1,475,0.0217730106343968,258,0.543157894736842,266,0.56,-0.0168421052631579,0.00210526315789474,53,209,0.0421052631578947,0.170526315789474,475,1,325,187,0.575384615384615,150,71,0.473333333333333,0.56,0.437894736842105
10__NQ_ONLY__logit__0.0100,2025,TRUE,10,NQ_ONLY,logit,,0.01,0.0812049958022256,1,278,0.0127429409607627,151,0.543165467625899,151,0.543165467625899,0,0.00359712230215827,51,145,0.0647482014388489,0.237410071942446,278,1,180,102,0.566666666666667,98,49,0.5,0.543165467625899,0.453237410071943
10__NQ_ONLY__logit__0.0050,2025,TRUE,10,NQ_ONLY,logit,,0.005,0.0878872590953245,1,168,0.0077007700770077,92,0.547619047619048,98,0.583333333333333,-0.0357142857142857,0,49,93,0.101190476190476,0.345238095238095,168,1,104,63,0.605769230769231,64,29,0.453125,0.583333333333333,0.416666666666667
10__NQ_ONLY__ranger__0.5000,2025,TRUE,10,NQ_ONLY,ranger,,0.5,0.0192737257498212,1,11050,0.506508984231757,5880,0.532126696832579,5776,0.522714932126697,0.00941176470588235,0.00868778280542987,53,312,0.00579185520361991,0.0270588235294118,11050,1,8322,4481,0.538452295121365,2728,1399,0.51282991202346,0.522714932126697,0.468597285067873
10__NQ_ONLY__ranger__0.2000,2025,TRUE,10,NQ_ONLY,ranger,,0.2,0.0347050994840317,1,4617,0.211633663366337,2482,0.537578514186701,2419,0.523933290015161,0.01364522417154,0.00866363439462855,53,311,0.00823045267489712,0.0337881741390513,4617,1,3620,1957,0.54060773480663,997,525,0.526579739217653,0.523933290015161,0.46740307559021
10__NQ_ONLY__ranger__0.1000,2025,TRUE,10,NQ_ONLY,ranger,,0.1,0.0454894363548004,1,2356,0.107994132746608,1285,0.545415959252971,1246,0.528862478777589,0.016553480475382,0.00933786078098472,53,307,0.00721561969439728,0.0343803056027165,2356,1,1959,1069,0.545686574783053,397,216,0.544080604534005,0.528862478777589,0.461799660441426
10__NQ_ONLY__ranger__0.0500,2025,TRUE,10,NQ_ONLY,ranger,,0.05,0.0553571581277377,1,1174,0.0538137147048038,644,0.54855195911414,633,0.539182282793867,0.00936967632027257,0.00681431005110733,53,291,0.00851788756388416,0.0391822827938671,1174,1,1010,557,0.551485148514852,164,87,0.530487804878049,0.539182282793867,0.454003407155026
10__NQ_ONLY__ranger__0.0200,2025,TRUE,10,NQ_ONLY,ranger,,0.02,0.0640257437675113,1,452,0.0207187385405207,255,0.564159292035398,245,0.542035398230089,0.0221238938053097,0.00442477876106195,53,222,0.0132743362831858,0.0641592920353982,452,1,373,211,0.565683646112601,79,44,0.556962025316456,0.542035398230089,0.45353982300885
10__NQ_ONLY__ranger__0.0100,2025,TRUE,10,NQ_ONLY,ranger,,0.01,0.068679600039043,1,235,0.0107719105243858,129,0.548936170212766,126,0.536170212765958,0.0127659574468085,0,50,150,0.0212765957446809,0.0893617021276596,235,1,184,102,0.554347826086957,51,27,0.529411764705882,0.536170212765958,0.463829787234043
10__NQ_ONLY__ranger__0.0050,2025,TRUE,10,NQ_ONLY,ranger,,0.005,0.072484293671605,1,124,0.00568390172350568,69,0.556451612903226,67,0.540322580645161,0.0161290322580645,0,46,99,0.032258064516129,0.112903225806452,124,1,88,50,0.568181818181818,36,19,0.527777777777778,0.540322580645161,0.459677419354839
10__NQ_ONLY__xgb_d2__0.5000,2025,TRUE,10,NQ_ONLY,xgb_d2,2,0.5,0.0206044465303421,1,11052,0.506600660066007,5844,0.528773072747014,5757,0.520901194353963,0.00787187839305103,0.00886717336228737,53,312,0.00570032573289902,0.0270539268910604,11052,1,8338,4461,0.535020388582394,2714,1383,0.509579955784819,0.520901194353963,0.47023163228375
10__NQ_ONLY__xgb_d2__0.2000,2025,TRUE,10,NQ_ONLY,xgb_d2,2,0.2,0.0372134566307068,1,4465,0.20466629996333,2427,0.543561030235162,2380,0.533034714445689,0.0105263157894737,0.00895856662933931,53,310,0.00739081746920493,0.032922732362822,4465,1,3569,1961,0.549453628467358,896,466,0.520089285714286,0.533034714445689,0.458006718924972
10__NQ_ONLY__xgb_d2__0.1000,2025,TRUE,10,NQ_ONLY,xgb_d2,2,0.1,0.0463822662830353,1,2311,0.105931426475981,1257,0.543920380787538,1241,0.536996971008222,0.00692340977931631,0.00951968844655993,53,301,0.0099524015577672,0.0398096062310688,2311,1,1928,1061,0.550311203319502,383,196,0.511749347258486,0.536996971008222,0.453483340545219
10__NQ_ONLY__xgb_d2__0.0500,2025,TRUE,10,NQ_ONLY,xgb_d2,2,0.05,0.0549126595258712,1,1161,0.0532178217821782,636,0.547803617571059,639,0.550387596899225,-0.00258397932816537,0.00602928509905254,53,289,0.00947459086993971,0.045650301464255,1161,1,993,554,0.557905337361531,168,82,0.488095238095238,0.550387596899225,0.443583118001723
10__NQ_ONLY__xgb_d2__0.0200,2025,TRUE,10,NQ_ONLY,xgb_d2,2,0.02,0.0641307866573334,1,468,0.0214521452145215,264,0.564102564102564,261,0.557692307692308,0.00641025641025641,0.00427350427350427,53,226,0.014957264957265,0.061965811965812,468,1,396,227,0.573232323232323,72,37,0.513888888888889,0.557692307692308,0.438034188034188
10__NQ_ONLY__xgb_d2__0.0100,2025,TRUE,10,NQ_ONLY,xgb_d2,2,0.01,0.0689352291822434,1,218,0.00999266593325999,127,0.58256880733945,122,0.559633027522936,0.0229357798165138,0.0091743119266055,49,140,0.0229357798165138,0.0963302752293578,218,1,162,97,0.598765432098765,56,30,0.535714285714286,0.559633027522936,0.431192660550459
10__NQ_ONLY__xgb_d2__0.0050,2025,TRUE,10,NQ_ONLY,xgb_d2,2,0.005,0.0729155124723914,1,114,0.00522552255225523,62,0.543859649122807,59,0.517543859649123,0.0263157894736842,0.0175438596491228,41,86,0.0350877192982456,0.149122807017544,114,1,64,36,0.5625,50,26,0.52,0.517543859649123,0.464912280701754
10__NQ_ONLY__xgb_d3__0.5000,2025,TRUE,10,NQ_ONLY,xgb_d3,3,0.5,0.0218733102083206,1,11183,0.512605427209388,5898,0.527407672359832,5807,0.519270321022981,0.00813735133685058,0.00885272288294733,53,312,0.00545470803898775,0.0266475900921041,11183,1,8294,4425,0.533518205931999,2889,1473,0.509865005192108,0.519270321022981,0.471876956094071
10__NQ_ONLY__xgb_d3__0.2000,2025,TRUE,10,NQ_ONLY,xgb_d3,3,0.2,0.0400638699531555,1,4573,0.209616795012835,2467,0.539470806910125,2402,0.525256942925869,0.0142138639842554,0.00852831839055325,53,311,0.0067789197463372,0.0319265252569429,4573,1,3432,1871,0.54516317016317,1141,596,0.522348816827345,0.525256942925869,0.466214738683578
10__NQ_ONLY__xgb_d3__0.1000,2025,TRUE,10,NQ_ONLY,xgb_d3,3,0.1,0.0510226607322693,1,2359,0.108131646497983,1278,0.541754980924121,1229,0.520983467571005,0.0207715133531157,0.00932598558711318,53,303,0.00932598558711318,0.0394234845273421,2359,1,1771,963,0.543760587238848,588,315,0.535714285714286,0.520983467571005,0.469690546841882
10__NQ_ONLY__xgb_d3__0.0500,2025,TRUE,10,NQ_ONLY,xgb_d3,3,0.05,0.0604208499193191,1,1168,0.0535386872020535,659,0.564212328767123,621,0.531678082191781,0.0325342465753425,0.00941780821917808,53,290,0.0111301369863014,0.0479452054794521,1168,1,848,483,0.569575471698113,320,176,0.55,0.531678082191781,0.458904109589041
10__NQ_ONLY__xgb_d3__0.0200,2025,TRUE,10,NQ_ONLY,xgb_d3,3,0.02,0.071353371143341,1,439,0.0201228456178951,250,0.569476082004556,231,0.52619589977221,0.0432801822323462,0.00455580865603645,53,205,0.0273348519362187,0.082004555808656,439,1,287,165,0.574912891986063,152,85,0.55921052631579,0.52619589977221,0.469248291571754
10__NQ_ONLY__xgb_d3__0.0100,2025,TRUE,10,NQ_ONLY,xgb_d3,3,0.01,0.0781397670507431,1,228,0.0104510451045105,129,0.565789473684211,110,0.482456140350877,0.0833333333333333,0.0043859649122807,52,143,0.0219298245614035,0.0964912280701754,228,1,124,68,0.548387096774194,104,61,0.586538461538462,0.482456140350877,0.513157894736842
10__NQ_ONLY__xgb_d3__0.0050,2025,TRUE,10,NQ_ONLY,xgb_d3,3,0.005,0.0834938663244248,1,138,0.00632563256325633,76,0.550724637681159,63,0.456521739130435,0.0942028985507246,0.0072463768115942,46,98,0.0289855072463768,0.115942028985507,138,1,62,32,0.516129032258065,76,44,0.578947368421053,0.456521739130435,0.536231884057971
10__NQ_ONLY__xgb_d4__0.5000,2025,TRUE,10,NQ_ONLY,xgb_d4,4,0.5,0.0232395231723785,1,11130,0.51017601760176,5881,0.528391734052111,5792,0.520395327942498,0.00799640610961366,0.00898472596585804,53,312,0.00530098831985624,0.0252470799640611,11130,1,8145,4360,0.535297728667894,2985,1521,0.509547738693467,0.520395327942498,0.470619946091644
10__NQ_ONLY__xgb_d4__0.2000,2025,TRUE,10,NQ_ONLY,xgb_d4,4,0.2,0.0425222158432007,1,4723,0.216492482581591,2541,0.538005504975651,2486,0.526360364175312,0.0116451408003388,0.00973957230573788,53,311,0.00762227397840356,0.0340885030700826,4723,1,3488,1904,0.545871559633028,1235,637,0.515789473684211,0.526360364175312,0.46390006351895
10__NQ_ONLY__xgb_d4__0.1000,2025,TRUE,10,NQ_ONLY,xgb_d4,4,0.1,0.0545872449874878,1,2405,0.110240190685735,1302,0.541372141372141,1277,0.530977130977131,0.0103950103950104,0.00914760914760915,53,305,0.00914760914760915,0.0403326403326403,2405,1,1754,968,0.55188141391106,651,334,0.513056835637481,0.530977130977131,0.45987525987526
10__NQ_ONLY__xgb_d4__0.0500,2025,TRUE,10,NQ_ONLY,xgb_d4,4,0.05,0.0657974988222122,1,1206,0.0552805280528053,653,0.541459369817579,626,0.519071310116086,0.0223880597014925,0.00746268656716418,53,291,0.0124378109452736,0.054726368159204,1206,1,845,461,0.545562130177515,361,192,0.53185595567867,0.519071310116086,0.47346600331675
10__NQ_ONLY__xgb_d4__0.0200,2025,TRUE,10,NQ_ONLY,xgb_d4,4,0.02,0.0788221418857575,1,480,0.022002200220022,253,0.527083333333333,234,0.4875,0.0395833333333333,0.0104166666666667,53,228,0.01875,0.0729166666666667,480,1,296,153,0.516891891891892,184,100,0.543478260869565,0.4875,0.502083333333333
10__NQ_ONLY__xgb_d4__0.0100,2025,TRUE,10,NQ_ONLY,xgb_d4,4,0.01,0.0877707463502884,1,243,0.0111386138613861,131,0.539094650205761,111,0.45679012345679,0.0823045267489712,0.00823045267489712,53,153,0.0288065843621399,0.0946502057613169,243,1,124,62,0.5,119,69,0.579831932773109,0.45679012345679,0.534979423868313
10__NQ_ONLY__xgb_d4__0.0050,2025,TRUE,10,NQ_ONLY,xgb_d4,4,0.005,0.0960351294279099,1,122,0.00559222588925559,69,0.565573770491803,53,0.434426229508197,0.131147540983607,0.0163934426229508,45,95,0.0491803278688525,0.139344262295082,122,1,43,22,0.511627906976744,79,47,0.59493670886076,0.434426229508197,0.549180327868853
10__NQ_ONLY__xgb_d5__0.5000,2025,TRUE,10,NQ_ONLY,xgb_d5,5,0.5,0.0252481400966644,1,11023,0.50527136046938,5786,0.524902476639753,5708,0.517826363059058,0.00707611358069491,0.0101605733466388,53,312,0.00544316429284224,0.0258550303910006,11023,1,7939,4224,0.532056934122686,3084,1562,0.506485084306096,0.517826363059058,0.472013063594303
10__NQ_ONLY__xgb_d5__0.2000,2025,TRUE,10,NQ_ONLY,xgb_d5,5,0.2,0.046641206741333,1,4654,0.213329666299963,2536,0.54490760636012,2454,0.527288354103997,0.0176192522561238,0.00859475719810915,53,310,0.00837988826815642,0.0350236355822948,4654,1,3336,1843,0.552458033573141,1318,693,0.525796661608498,0.527288354103997,0.464116888697894
10__NQ_ONLY__xgb_d5__0.1000,2025,TRUE,10,NQ_ONLY,xgb_d5,5,0.1,0.059827846288681,1,2337,0.107123212321232,1270,0.543431750106975,1207,0.516474112109542,0.0269576379974326,0.00898587933247754,53,303,0.00984167736414206,0.0449293966623877,2337,1,1613,881,0.546187228766274,724,389,0.537292817679558,0.516474112109542,0.47454000855798
10__NQ_ONLY__xgb_d5__0.0500,2025,TRUE,10,NQ_ONLY,xgb_d5,5,0.05,0.0711135968565941,1,1221,0.055968096809681,653,0.534807534807535,632,0.517608517608518,0.0171990171990172,0.00819000819000819,53,287,0.0114660114660115,0.0507780507780508,1221,1,808,438,0.542079207920792,413,215,0.520581113801453,0.517608517608518,0.474201474201474
10__NQ_ONLY__xgb_d5__0.0200,2025,TRUE,10,NQ_ONLY,xgb_d5,5,0.02,0.0859996277093887,1,490,0.0224605793912725,237,0.483673469387755,227,0.463265306122449,0.0204081632653061,0.00204081632653061,53,229,0.0183673469387755,0.0775510204081633,490,1,277,126,0.454873646209386,213,111,0.52112676056338,0.463265306122449,0.53469387755102
10__NQ_ONLY__xgb_d5__0.0100,2025,TRUE,10,NQ_ONLY,xgb_d5,5,0.01,0.0958745324611662,1,250,0.0114594792812615,128,0.512,119,0.476,0.036,0.004,52,156,0.024,0.092,250,1,118,58,0.491525423728814,132,70,0.53030303030303,0.476,0.52
10__NQ_ONLY__xgb_d5__0.0050,2025,TRUE,10,NQ_ONLY,xgb_d5,5,0.005,0.106342511326075,1,132,0.00605060506050605,66,0.5,60,0.454545454545455,0.0454545454545455,0.00757575757575758,46,91,0.0378787878787879,0.143939393939394,132,1,51,23,0.450980392156863,81,43,0.530864197530864,0.454545454545455,0.537878787878788
10__NQ_ES__logit__0.5000,2025,TRUE,10,NQ_ES,logit,,0.5,0.0231463544285629,1,11110,0.509259259259259,5904,0.531413141314132,5815,0.523402340234024,0.00801080108010801,0.00747074707470747,53,312,0.00594059405940594,0.0276327632763276,11110,1,8250,4444,0.538666666666667,2860,1460,0.510489510489511,0.523402340234024,0.469126912691269
10__NQ_ES__logit__0.2000,2025,TRUE,10,NQ_ES,logit,,0.2,0.0429093175121688,1,4578,0.20984598459846,2476,0.54084753167322,2429,0.530581039755352,0.0102664919178681,0.00786369593709043,53,306,0.00961118392311053,0.0412844036697248,4578,1,3494,1916,0.548368631940469,1084,560,0.516605166051661,0.530581039755352,0.461555264307558
10__NQ_ES__logit__0.1000,2025,TRUE,10,NQ_ES,logit,,0.1,0.0539060522636352,1,2440,0.111844517785112,1326,0.54344262295082,1303,0.534016393442623,0.00942622950819672,0.00573770491803279,53,301,0.0135245901639344,0.0577868852459016,2440,1,1848,1020,0.551948051948052,592,306,0.516891891891892,0.534016393442623,0.460245901639344
10__NQ_ES__logit__0.0500,2025,TRUE,10,NQ_ES,logit,,0.05,0.064408595431091,1,1185,0.0543179317931793,660,0.556962025316456,643,0.542616033755274,0.0143459915611814,0.00253164556962025,53,270,0.0210970464135021,0.090295358649789,1185,1,874,497,0.568649885583524,311,163,0.52411575562701,0.542616033755274,0.454852320675106
10__NQ_ES__logit__0.0200,2025,TRUE,10,NQ_ES,logit,,0.02,0.0763000844399491,1,513,0.0235148514851485,285,0.555555555555556,277,0.539961013645224,0.0155945419103314,0.00194931773879142,53,219,0.0428849902534113,0.16374269005848,513,1,357,203,0.568627450980392,156,82,0.525641025641026,0.539961013645224,0.458089668615984
10__NQ_ES__logit__0.0100,2025,TRUE,10,NQ_ES,logit,,0.01,0.0842576491431842,1,285,0.0130638063806381,161,0.564912280701754,155,0.543859649122807,0.0210526315789474,0.00350877192982456,53,141,0.0666666666666667,0.245614035087719,285,1,185,108,0.583783783783784,100,53,0.53,0.543859649122807,0.452631578947368
10__NQ_ES__logit__0.0050,2025,TRUE,10,NQ_ES,logit,,0.005,0.0915391013792682,1,166,0.00760909424275761,93,0.560240963855422,90,0.542168674698795,0.0180722891566265,0.00602409638554217,46,85,0.102409638554217,0.36144578313253,166,1,99,58,0.585858585858586,67,35,0.522388059701493,0.542168674698795,0.451807228915663
10__NQ_ES__ranger__0.5000,2025,TRUE,10,NQ_ES,ranger,,0.5,0.0185648576718109,1,11182,0.512559589292263,5914,0.528885709175461,5845,0.522715077803613,0.00617063137184761,0.0079592201752817,53,312,0.00572348417098909,0.0267394026113397,11182,1,8338,4473,0.536459582633725,2844,1441,0.506680731364276,0.522715077803613,0.469325702021105
10__NQ_ES__ranger__0.2000,2025,TRUE,10,NQ_ES,ranger,,0.2,0.0336056084867775,1,4692,0.215071507150715,2505,0.533887468030691,2484,0.529411764705882,0.00447570332480818,0.00937766410912191,53,311,0.00788576300085251,0.0341005967604433,4692,1,3612,1961,0.542912513842746,1080,544,0.503703703703704,0.529411764705882,0.461210571184996
10__NQ_ES__ranger__0.1000,2025,TRUE,10,NQ_ES,ranger,,0.1,0.0436634133823522,1,2489,0.114090575724239,1364,0.54801124949779,1342,0.539172358376858,0.0088388911209321,0.00683005222981117,53,303,0.00803535556448373,0.036560867818401,2489,1,2031,1126,0.554406696208764,458,238,0.519650655021834,0.539172358376858,0.453997589393331
10__NQ_ES__ranger__0.0500,2025,TRUE,10,NQ_ES,ranger,,0.05,0.0533903072266817,1,1277,0.0585350201686835,711,0.556773688332028,699,0.547376664056382,0.00939702427564605,0.00548159749412686,53,288,0.0101801096319499,0.0446358653093187,1277,1,1100,617,0.560909090909091,177,94,0.531073446327684,0.547376664056382,0.447141738449491
10__NQ_ES__ranger__0.0200,2025,TRUE,10,NQ_ES,ranger,,0.02,0.0644996189790196,1,523,0.023973230656399,288,0.550669216061186,287,0.548757170172084,0.00191204588910134,0.00382409177820268,53,238,0.0133843212237094,0.0592734225621415,523,1,453,253,0.558498896247241,70,35,0.5,0.548757170172084,0.447418738049713
10__NQ_ES__ranger__0.0100,2025,TRUE,10,NQ_ES,ranger,,0.01,0.0699942399578996,1,271,0.0124220755408874,145,0.535055350553506,141,0.520295202952029,0.014760147601476,0.00738007380073801,52,165,0.018450184501845,0.0738007380073801,271,1,224,120,0.535714285714286,47,25,0.531914893617021,0.520295202952029,0.472324723247233
10__NQ_ES__ranger__0.0050,2025,TRUE,10,NQ_ES,ranger,,0.005,0.0751366211593947,1,137,0.00627979464613128,73,0.532846715328467,72,0.525547445255475,0.0072992700729927,0.0072992700729927,46,102,0.0218978102189781,0.109489051094891,137,1,111,60,0.540540540540541,26,13,0.5,0.525547445255475,0.467153284671533
10__NQ_ES__xgb_d2__0.5000,2025,TRUE,10,NQ_ES,xgb_d2,2,0.5,0.0200247466564178,1,11255,0.515905757242391,5978,0.531141714793425,5903,0.524478009773434,0.00666370501999112,0.00870724122612172,53,312,0.00550866281652599,0.0270990670812972,11255,1,8283,4473,0.540021731256791,2972,1505,0.506393001345895,0.524478009773434,0.466814749000444
10__NQ_ES__xgb_d2__0.2000,2025,TRUE,10,NQ_ES,xgb_d2,2,0.2,0.036768114566803,1,4558,0.208929226255959,2447,0.536858271171567,2424,0.531812198332602,0.00504607283896446,0.00833698990785432,53,311,0.00680122860903905,0.0333479596314173,4558,1,3551,1938,0.545761757251479,1007,509,0.505461767626614,0.531812198332602,0.459850811759544
10__NQ_ES__xgb_d2__0.1000,2025,TRUE,10,NQ_ES,xgb_d2,2,0.1,0.0464216500520706,1,2267,0.103914558122479,1242,0.54786060873401,1230,0.542567269519188,0.00529333921482135,0.00838112042346714,53,304,0.00926334362593736,0.0383767093074548,2267,1,1828,1018,0.556892778993436,439,224,0.510250569476082,0.542567269519188,0.449051610057345
10__NQ_ES__xgb_d2__0.0500,2025,TRUE,10,NQ_ES,xgb_d2,2,0.05,0.0551037013530731,1,1145,0.0524844151081775,631,0.551091703056769,638,0.557205240174672,-0.00611353711790393,0.00698689956331878,53,284,0.00960698689956332,0.0462882096069869,1145,1,961,543,0.565036420395422,184,88,0.478260869565217,0.557205240174672,0.435807860262009
10__NQ_ES__xgb_d2__0.0200,2025,TRUE,10,NQ_ES,xgb_d2,2,0.02,0.065711532831192,1,473,0.0216813348001467,260,0.549682875264271,255,0.539112050739958,0.0105708245243129,0.00845665961945032,53,235,0.0169133192389006,0.06553911205074,473,1,399,221,0.553884711779449,74,39,0.527027027027027,0.539112050739958,0.452431289640592
10__NQ_ES__xgb_d2__0.0100,2025,TRUE,10,NQ_ES,xgb_d2,2,0.01,0.0721482390165329,1,229,0.0104968830216355,125,0.54585152838428,124,0.541484716157205,0.00436681222707424,0.00436681222707424,53,152,0.0218340611353712,0.0873362445414847,229,1,177,99,0.559322033898305,52,26,0.5,0.541484716157205,0.454148471615721
10__NQ_ES__xgb_d2__0.0050,2025,TRUE,10,NQ_ES,xgb_d2,2,0.005,0.0762599042057993,1,127,0.00582141547488082,62,0.488188976377953,59,0.464566929133858,0.0236220472440945,0.0078740157480315,46,97,0.0236220472440945,0.118110236220472,127,1,87,41,0.471264367816092,40,21,0.525,0.464566929133858,0.52755905511811
10__NQ_ES__xgb_d3__0.5000,2025,TRUE,10,NQ_ES,xgb_d3,3,0.5,0.0220152288675308,1,11234,0.514943160982765,5945,0.529197080291971,5908,0.525903507210255,0.00329357308171622,0.00881253338080826,53,312,0.00587502225387217,0.0272387395406801,11234,1,8149,4403,0.540311694686465,3085,1542,0.499837925445705,0.525903507210255,0.465283959408937
10__NQ_ES__xgb_d3__0.2000,2025,TRUE,10,NQ_ES,xgb_d3,3,0.2,0.0402746796607971,1,4563,0.209158415841584,2468,0.540872233179926,2426,0.531667762436993,0.00920447074293228,0.00832785448170064,53,310,0.00701293008985317,0.0328731097961867,4563,1,3313,1829,0.552067612435859,1250,639,0.5112,0.531667762436993,0.460004383081306
10__NQ_ES__xgb_d3__0.1000,2025,TRUE,10,NQ_ES,xgb_d3,3,0.1,0.0516733765602112,1,2294,0.105152181884855,1243,0.541848299912816,1233,0.537489102005231,0.004359197907585,0.00697471665213601,53,302,0.00784655623365301,0.0361813426329555,2294,1,1685,936,0.555489614243323,609,307,0.504105090311987,0.537489102005231,0.455536181342633
10__NQ_ES__xgb_d3__0.0500,2025,TRUE,10,NQ_ES,xgb_d3,3,0.05,0.0624721676111221,1,1126,0.0516134946828016,616,0.547069271758437,597,0.530195381882771,0.0168738898756661,0.0088809946714032,53,286,0.0106571936056838,0.0452930728241563,1126,1,823,457,0.555285540704739,303,159,0.524752475247525,0.530195381882771,0.460923623445826
10__NQ_ES__xgb_d3__0.0200,2025,TRUE,10,NQ_ES,xgb_d3,3,0.02,0.0753419876098633,1,422,0.0193436010267693,226,0.535545023696682,212,0.502369668246446,0.033175355450237,0.0118483412322275,53,205,0.0165876777251185,0.0663507109004739,422,1,308,163,0.529220779220779,114,63,0.552631578947369,0.502369668246446,0.485781990521327
10__NQ_ES__xgb_d3__0.0100,2025,TRUE,10,NQ_ES,xgb_d3,3,0.01,0.0828941756486892,1,220,0.0100843417675101,117,0.531818181818182,110,0.5,0.0318181818181818,0,48,142,0.0181818181818182,0.0863636363636364,220,1,151,79,0.52317880794702,69,38,0.550724637681159,0.5,0.5
10__NQ_ES__xgb_d3__0.0050,2025,TRUE,10,NQ_ES,xgb_d3,3,0.005,0.0904947586357594,1,93,0.00426292629262926,46,0.494623655913979,48,0.516129032258065,-0.021505376344086,0,37,77,0.032258064516129,0.150537634408602,93,1,51,26,0.509803921568627,42,20,0.476190476190476,0.516129032258065,0.483870967741936
10__NQ_ES__xgb_d4__0.5000,2025,TRUE,10,NQ_ES,xgb_d4,4,0.5,0.0235786139965057,1,11222,0.514393105977264,5928,0.528248084120478,5866,0.522723222242025,0.00552486187845304,0.00917839957226876,53,312,0.00597041525574764,0.0264658706112992,11222,1,7991,4299,0.537980227756226,3231,1629,0.504178272980501,0.522723222242025,0.468098378185707
10__NQ_ES__xgb_d4__0.2000,2025,TRUE,10,NQ_ES,xgb_d4,4,0.2,0.0434398055076599,1,4658,0.213513017968464,2478,0.531987977672821,2444,0.524688707599828,0.0072992700729927,0.008587376556462,53,310,0.0072992700729927,0.0332760841562903,4658,1,3323,1799,0.5413782726452,1335,679,0.508614232209738,0.524688707599828,0.46672391584371
10__NQ_ES__xgb_d4__0.1000,2025,TRUE,10,NQ_ES,xgb_d4,4,0.1,0.0558374583721161,1,2330,0.106802346901357,1288,0.552789699570815,1240,0.532188841201717,0.0206008583690987,0.00643776824034335,53,300,0.00987124463519313,0.0407725321888412,2330,1,1653,928,0.56140350877193,677,360,0.531757754800591,0.532188841201717,0.46137339055794
10__NQ_ES__xgb_d4__0.0500,2025,TRUE,10,NQ_ES,xgb_d4,4,0.05,0.0680558323860168,1,1142,0.0523469013568024,624,0.546409807355517,609,0.533274956217163,0.0131348511383538,0.00612959719789842,53,289,0.010507880910683,0.0472854640980736,1142,1,814,454,0.557739557739558,328,170,0.518292682926829,0.533274956217163,0.460595446584939
10__NQ_ES__xgb_d4__0.0200,2025,TRUE,10,NQ_ES,xgb_d4,4,0.02,0.0812251317501068,1,452,0.0207187385405207,242,0.535398230088496,235,0.519911504424779,0.0154867256637168,0.00884955752212389,53,220,0.0132743362831858,0.0663716814159292,452,1,306,166,0.542483660130719,146,76,0.520547945205479,0.519911504424779,0.471238938053097
10__NQ_ES__xgb_d4__0.0100,2025,TRUE,10,NQ_ES,xgb_d4,4,0.01,0.0901222097873688,1,219,0.010038503850385,117,0.534246575342466,106,0.484018264840183,0.0502283105022831,0.0045662100456621,50,137,0.0182648401826484,0.091324200913242,219,1,127,66,0.519685039370079,92,51,0.554347826086957,0.484018264840183,0.511415525114155
10__NQ_ES__xgb_d4__0.0050,2025,TRUE,10,NQ_ES,xgb_d4,4,0.005,0.0971135486662389,1,126,0.00577557755775578,75,0.595238095238095,60,0.476190476190476,0.119047619047619,0,40,88,0.0238095238095238,0.119047619047619,126,1,65,37,0.569230769230769,61,38,0.622950819672131,0.476190476190476,0.523809523809524
10__NQ_ES__xgb_d5__0.5000,2025,TRUE,10,NQ_ES,xgb_d5,5,0.5,0.024810254573822,1,11282,0.517143381004767,5938,0.526325119659635,5894,0.522425101932282,0.00390001772735331,0.00975004431838327,53,312,0.00558411629143769,0.0261478461265733,11282,1,7882,4235,0.537300177619894,3400,1703,0.500882352941177,0.522425101932282,0.467824853749335
10__NQ_ES__xgb_d5__0.2000,2025,TRUE,10,NQ_ES,xgb_d5,5,0.2,0.0467594146728516,1,4768,0.218555188852219,2545,0.53376677852349,2510,0.526426174496644,0.00734060402684564,0.00985738255033557,53,310,0.00838926174496644,0.0369127516778524,4768,1,3331,1818,0.545782047433203,1437,727,0.505915100904663,0.526426174496644,0.46371644295302
10__NQ_ES__xgb_d5__0.1000,2025,TRUE,10,NQ_ES,xgb_d5,5,0.1,0.0610371083021164,1,2368,0.108544187752109,1291,0.545185810810811,1260,0.532094594594595,0.0130912162162162,0.00717905405405405,53,304,0.0101351351351351,0.0430743243243243,2368,1,1618,904,0.558714462299135,750,387,0.516,0.532094594594595,0.460726351351351
10__NQ_ES__xgb_d5__0.0500,2025,TRUE,10,NQ_ES,xgb_d5,5,0.05,0.0739219963550567,1,1187,0.0544096076274294,631,0.531592249368155,626,0.527379949452401,0.004212299915754,0.008424599831508,53,289,0.0101095197978096,0.046335299073294,1187,1,797,435,0.545796737766625,390,196,0.502564102564103,0.527379949452401,0.464195450716091
10__NQ_ES__xgb_d5__0.0200,2025,TRUE,10,NQ_ES,xgb_d5,5,0.02,0.0887700903415679,1,491,0.0225064173083975,261,0.531568228105906,256,0.521384928716904,0.010183299389002,0.0122199592668024,52,215,0.0142566191446029,0.0672097759674134,491,1,304,166,0.546052631578947,187,95,0.508021390374332,0.521384928716904,0.466395112016293
10__NQ_ES__xgb_d5__0.0100,2025,TRUE,10,NQ_ES,xgb_d5,5,0.01,0.0974203252792358,1,248,0.0113678034470114,130,0.524193548387097,132,0.532258064516129,-0.00806451612903226,0.00806451612903226,50,153,0.0241935483870968,0.0967741935483871,248,1,147,81,0.551020408163265,101,49,0.485148514851485,0.532258064516129,0.459677419354839
10__NQ_ES__xgb_d5__0.0050,2025,TRUE,10,NQ_ES,xgb_d5,5,0.005,0.106878609806299,1,123,0.00563806380638064,62,0.504065040650406,65,0.528455284552846,-0.024390243902439,0.00813008130081301,43,89,0.032520325203252,0.130081300813008,123,1,60,32,0.533333333333333,63,30,0.476190476190476,0.528455284552846,0.463414634146342
15__NQ_ONLY__logit__0.5000,2025,TRUE,15,NQ_ONLY,logit,,0.5,0.0222204248706951,1,10881,0.504942224697202,5662,0.520356584872714,5598,0.514474772539289,0.00588181233342524,0.00624942560426432,53,312,0.00578990901571547,0.027111478724382,10881,1,9115,4752,0.521338453099287,1766,910,0.515288788221971,0.514474772539289,0.479275801856447
15__NQ_ONLY__logit__0.2000,2025,TRUE,15,NQ_ONLY,logit,,0.2,0.041021459316563,1,4431,0.205624390923013,2343,0.528774542992553,2297,0.51839313924622,0.0103814037463327,0.00586774994357933,53,306,0.00880162491536899,0.039945836154367,4431,1,3925,2067,0.526624203821656,506,276,0.545454545454545,0.51839313924622,0.475739110810201
15__NQ_ONLY__logit__0.1000,2025,TRUE,15,NQ_ONLY,logit,,0.1,0.0508652432313868,1,2342,0.108682537472737,1233,0.526473099914603,1200,0.512382578992314,0.0140905209222886,0.00512382578992314,53,296,0.0132365499573015,0.0542271562766866,2342,1,2109,1100,0.521574205784732,233,133,0.570815450643777,0.512382578992314,0.482493595217763
15__NQ_ONLY__logit__0.0500,2025,TRUE,15,NQ_ONLY,logit,,0.05,0.0593024746572356,1,1203,0.0558262564388139,628,0.522028262676642,618,0.513715710723192,0.00831255195344971,0.00498753117206983,53,260,0.0182876142975894,0.0723192019950125,1203,1,1095,569,0.519634703196347,108,59,0.546296296296296,0.513715710723192,0.481296758104738
15__NQ_ONLY__logit__0.0200,2025,TRUE,15,NQ_ONLY,logit,,0.02,0.0701240936228469,1,499,0.0231565269850109,257,0.515030060120241,255,0.511022044088176,0.00400801603206413,0.00601202404809619,52,187,0.0260521042084168,0.11623246492986,499,1,449,231,0.514476614699332,50,26,0.52,0.511022044088176,0.482965931863727
15__NQ_ONLY__logit__0.0100,2025,TRUE,15,NQ_ONLY,logit,,0.01,0.077905790551086,1,239,0.0110910019026405,124,0.518828451882845,121,0.506276150627615,0.0125523012552301,0.00418410041841004,50,122,0.0376569037656904,0.167364016736402,239,1,212,109,0.514150943396226,27,15,0.555555555555556,0.506276150627615,0.489539748953975
15__NQ_ONLY__logit__0.0050,2025,TRUE,15,NQ_ONLY,logit,,0.005,0.0858194317255679,1,118,0.00547589215276811,65,0.550847457627119,64,0.542372881355932,0.00847457627118644,0.00847457627118644,40,77,0.0508474576271187,0.203389830508475,118,1,105,58,0.552380952380952,13,7,0.538461538461538,0.542372881355932,0.449152542372881
15__NQ_ONLY__ranger__0.5000,2025,TRUE,15,NQ_ONLY,ranger,,0.5,0.0205509481600222,1,10791,0.500765696784074,5643,0.522935779816514,5557,0.514966175516634,0.00796960429987953,0.00518950977666574,53,312,0.0052821795941062,0.0260402187007692,10791,1,9581,4998,0.521657447030581,1210,645,0.533057851239669,0.514966175516634,0.4798443147067
15__NQ_ONLY__ranger__0.2000,2025,TRUE,15,NQ_ONLY,ranger,,0.2,0.0353979291282156,1,4396,0.204000185623463,2304,0.524112829845314,2281,0.518880800727935,0.00523202911737944,0.00614194722474977,53,308,0.00750682438580528,0.0373066424021838,4396,1,4151,2170,0.522765598650928,245,134,0.546938775510204,0.518880800727935,0.474977252047316
15__NQ_ONLY__ranger__0.1000,2025,TRUE,15,NQ_ONLY,ranger,,0.1,0.0423231857437008,1,2379,0.110399554503689,1248,0.524590163934426,1233,0.51828499369483,0.00630517023959647,0.00840689365279529,53,303,0.0100882723833544,0.0462379150903741,2379,1,2254,1178,0.5226264418811,125,70,0.56,0.51828499369483,0.473308112652375
15__NQ_ONLY__ranger__0.0500,2025,TRUE,15,NQ_ONLY,ranger,,0.05,0.0479727117000014,1,1249,0.0579609262610794,641,0.513210568454764,636,0.509207365892714,0.00400320256204964,0.00960768614891913,53,286,0.011208967173739,0.0528422738190553,1249,1,1178,603,0.51188455008489,71,38,0.535211267605634,0.509207365892714,0.481184947958367
15__NQ_ONLY__ranger__0.0200,2025,TRUE,15,NQ_ONLY,ranger,,0.02,0.0545439052363588,1,513,0.0238062091048309,253,0.49317738791423,253,0.49317738791423,0,0.01364522417154,53,230,0.0155945419103314,0.0662768031189084,513,1,477,235,0.492662473794549,36,18,0.5,0.49317738791423,0.49317738791423
15__NQ_ONLY__ranger__0.0100,2025,TRUE,15,NQ_ONLY,ranger,,0.01,0.0590640467172512,1,253,0.0117406840224604,127,0.50197628458498,127,0.50197628458498,0,0.0158102766798419,52,158,0.0276679841897233,0.0948616600790514,253,1,229,115,0.502183406113537,24,12,0.5,0.50197628458498,0.482213438735178
15__NQ_ONLY__ranger__0.0050,2025,TRUE,15,NQ_ONLY,ranger,,0.005,0.0633530267405084,1,126,0.00584713907837951,64,0.507936507936508,65,0.515873015873016,-0.00793650793650794,0.0158730158730159,47,98,0.0396825396825397,0.142857142857143,126,1,113,58,0.513274336283186,13,6,0.461538461538462,0.515873015873016,0.468253968253968
15__NQ_ONLY__xgb_d2__0.5000,2025,TRUE,15,NQ_ONLY,xgb_d2,2,0.5,0.0206520706415176,1,10794,0.500904914381178,5611,0.519825829164351,5552,0.514359829534927,0.00546599962942375,0.00574393181397072,53,312,0.00546599962942375,0.0269594219010561,10794,1,9275,4826,0.520323450134771,1519,785,0.516787360105333,0.514359829534927,0.479896238651102
15__NQ_ONLY__xgb_d2__0.2000,2025,TRUE,15,NQ_ONLY,xgb_d2,2,0.2,0.0364428758621216,1,4583,0.212678082509629,2403,0.524329042112154,2396,0.522801658302422,0.00152738380973162,0.00720052367444905,53,307,0.00807331442286712,0.0379663975561859,4583,1,4199,2208,0.525839485591808,384,195,0.5078125,0.522801658302422,0.469997818023129
15__NQ_ONLY__xgb_d2__0.1000,2025,TRUE,15,NQ_ONLY,xgb_d2,2,0.1,0.0438461303710938,1,2513,0.11661794050768,1312,0.52208515718265,1298,0.516514126541982,0.00557103064066852,0.00795861520095503,53,302,0.00994826900119379,0.0477516912057302,2513,1,2340,1219,0.520940170940171,173,93,0.53757225433526,0.516514126541982,0.475527258257063
15__NQ_ONLY__xgb_d2__0.0500,2025,TRUE,15,NQ_ONLY,xgb_d2,2,0.05,0.0494192540645599,1,1345,0.0624158893684162,706,0.524907063197026,708,0.52639405204461,-0.00148698884758364,0.00817843866171004,53,281,0.0141263940520446,0.062453531598513,1345,1,1241,655,0.527800161160355,104,51,0.490384615384615,0.52639405204461,0.46542750929368
15__NQ_ONLY__xgb_d2__0.0200,2025,TRUE,15,NQ_ONLY,xgb_d2,2,0.02,0.0560460686683655,1,516,0.0239454267019351,277,0.536821705426357,279,0.540697674418605,-0.00387596899224806,0.0135658914728682,53,211,0.0251937984496124,0.0910852713178295,516,1,460,250,0.543478260869565,56,27,0.482142857142857,0.540697674418605,0.445736434108527
15__NQ_ONLY__xgb_d2__0.0100,2025,TRUE,15,NQ_ONLY,xgb_d2,2,0.01,0.0599793866276741,1,276,0.0128080189335932,145,0.52536231884058,140,0.507246376811594,0.0181159420289855,0.0144927536231884,52,148,0.0289855072463768,0.0978260869565217,276,1,241,125,0.518672199170125,35,20,0.571428571428571,0.507246376811594,0.478260869565217
15__NQ_ONLY__xgb_d2__0.0050,2025,TRUE,15,NQ_ONLY,xgb_d2,2,0.005,0.0638756081461906,1,129,0.00598635667548378,66,0.511627906976744,62,0.48062015503876,0.0310077519379845,0.0232558139534884,44,90,0.0310077519379845,0.131782945736434,129,1,107,53,0.495327102803738,22,13,0.590909090909091,0.48062015503876,0.496124031007752
15__NQ_ONLY__xgb_d3__0.5000,2025,TRUE,15,NQ_ONLY,xgb_d3,3,0.5,0.0218541026115417,1,10768,0.499698361872941,5620,0.521916790490342,5554,0.515787518573551,0.00612927191679049,0.00566493313521545,53,312,0.00575780089153046,0.0273959881129272,10768,1,8972,4694,0.523183236736514,1796,926,0.515590200445434,0.515787518573551,0.478547548291233
15__NQ_ONLY__xgb_d3__0.2000,2025,TRUE,15,NQ_ONLY,xgb_d3,3,0.2,0.0394360423088074,1,4652,0.215880087243028,2430,0.522355975924334,2406,0.51719690455718,0.00515907136715391,0.00580395528804815,53,310,0.00838349097162511,0.0380481513327601,4652,1,4148,2167,0.522420443587271,504,263,0.521825396825397,0.51719690455718,0.476999140154772
15__NQ_ONLY__xgb_d3__0.1000,2025,TRUE,15,NQ_ONLY,xgb_d3,3,0.1,0.0487094521522522,1,2403,0.111513295280523,1267,0.527257594673325,1268,0.527673741156887,-0.000416146483562214,0.00707449022055764,53,300,0.0104036620890553,0.0495214315439035,2403,1,2144,1138,0.530783582089552,259,129,0.498069498069498,0.527673741156887,0.465251768622555
15__NQ_ONLY__xgb_d3__0.0500,2025,TRUE,15,NQ_ONLY,xgb_d3,3,0.05,0.0561966150999069,1,1266,0.0587498259780036,675,0.533175355450237,672,0.530805687203792,0.0023696682464455,0.00710900473933649,53,283,0.014218009478673,0.0647709320695103,1266,1,1117,599,0.536257833482543,149,76,0.51006711409396,0.530805687203792,0.462085308056872
15__NQ_ONLY__xgb_d3__0.0200,2025,TRUE,15,NQ_ONLY,xgb_d3,3,0.02,0.0644963681697846,1,515,0.0238990208362337,271,0.52621359223301,269,0.522330097087379,0.00388349514563107,0.00970873786407767,53,216,0.0174757281553398,0.0757281553398058,515,1,431,228,0.529002320185615,84,43,0.511904761904762,0.522330097087379,0.467961165048544
15__NQ_ONLY__xgb_d3__0.0100,2025,TRUE,15,NQ_ONLY,xgb_d3,3,0.01,0.0701498985290527,1,281,0.0130400482621003,150,0.533807829181495,142,0.505338078291815,0.0284697508896797,0.0142348754448399,53,165,0.0213523131672598,0.0889679715302491,281,1,221,116,0.524886877828054,60,34,0.566666666666667,0.505338078291815,0.480427046263345
15__NQ_ONLY__xgb_d3__0.0050,2025,TRUE,15,NQ_ONLY,xgb_d3,3,0.005,0.075310256332159,1,145,0.00672885052670658,76,0.524137931034483,65,0.448275862068966,0.0758620689655172,0.0137931034482759,48,104,0.0344827586206897,0.144827586206897,145,1,106,51,0.481132075471698,39,25,0.641025641025641,0.448275862068966,0.537931034482759
15__NQ_ONLY__xgb_d4__0.5000,2025,TRUE,15,NQ_ONLY,xgb_d4,4,0.5,0.0229752361774445,1,10952,0.508237041162003,5675,0.518170197224251,5631,0.514152666179693,0.00401753104455807,0.00593498904309715,53,312,0.0052045288531775,0.0255661066471877,10952,1,8814,4590,0.520762423417291,2138,1085,0.507483629560337,0.514152666179693,0.47991234477721
15__NQ_ONLY__xgb_d4__0.2000,2025,TRUE,15,NQ_ONLY,xgb_d4,4,0.2,0.0422945618629456,1,4694,0.217829133602487,2448,0.521516829995739,2408,0.512995313165744,0.00852151682999574,0.0066041755432467,53,309,0.00788240306774606,0.0370685982104815,4694,1,3985,2075,0.520702634880803,709,373,0.526093088857546,0.512995313165744,0.48040051129101
15__NQ_ONLY__xgb_d4__0.1000,2025,TRUE,15,NQ_ONLY,xgb_d4,4,0.1,0.0529434233903885,1,2482,0.115179358670936,1314,0.529411764705882,1304,0.525382755842063,0.0040290088638195,0.0064464141821112,53,301,0.0104754230459307,0.0455278001611604,2482,1,2102,1120,0.532825880114177,380,194,0.510526315789474,0.525382755842063,0.468170829975826
15__NQ_ONLY__xgb_d4__0.0500,2025,TRUE,15,NQ_ONLY,xgb_d4,4,0.05,0.0617873966693878,1,1285,0.0596315374263307,679,0.5284046692607,681,0.529961089494163,-0.00155642023346304,0.00856031128404669,53,279,0.0124513618677043,0.0568093385214008,1285,1,1071,574,0.535947712418301,214,105,0.490654205607477,0.529961089494163,0.46147859922179
15__NQ_ONLY__xgb_d4__0.0200,2025,TRUE,15,NQ_ONLY,xgb_d4,4,0.02,0.0727856010198593,1,525,0.0243630794932479,274,0.521904761904762,273,0.52,0.0019047619047619,0.0133333333333333,53,222,0.0190476190476191,0.08,525,1,409,216,0.528117359413203,116,58,0.5,0.52,0.466666666666667
15__NQ_ONLY__xgb_d4__0.0100,2025,TRUE,15,NQ_ONLY,xgb_d4,4,0.01,0.0794727206230164,1,285,0.013225671724906,150,0.526315789473684,135,0.473684210526316,0.0526315789473684,0.0105263157894737,52,161,0.0350877192982456,0.108771929824561,285,1,222,111,0.5,63,39,0.619047619047619,0.473684210526316,0.515789473684211
15__NQ_ONLY__xgb_d4__0.0050,2025,TRUE,15,NQ_ONLY,xgb_d4,4,0.005,0.084731999784708,1,167,0.00774977957213792,90,0.538922155688623,79,0.473053892215569,0.0658682634730539,0.0119760479041916,48,114,0.0359281437125749,0.131736526946108,167,1,120,61,0.508333333333333,47,29,0.617021276595745,0.473053892215569,0.51497005988024
15__NQ_ONLY__xgb_d5__0.5000,2025,TRUE,15,NQ_ONLY,xgb_d5,5,0.5,0.0236487239599228,1,11005,0.510696552044179,5705,0.518400726942299,5648,0.513221263062245,0.00517946388005452,0.00599727396637892,53,312,0.00536119945479328,0.025988187187642,11005,1,8662,4511,0.520780420226276,2343,1194,0.509603072983355,0.513221263062245,0.480781462971377
15__NQ_ONLY__xgb_d5__0.2000,2025,TRUE,15,NQ_ONLY,xgb_d5,5,0.2,0.0452039837837219,1,4694,0.217829133602487,2486,0.529612270984235,2395,0.510225820195995,0.0193864507882403,0.00596506178099702,53,309,0.00745632722624627,0.0349382190029825,4694,1,3876,2033,0.524509803921569,818,453,0.553789731051345,0.510225820195995,0.483809118023008
15__NQ_ONLY__xgb_d5__0.1000,2025,TRUE,15,NQ_ONLY,xgb_d5,5,0.1,0.0576261430978775,1,2435,0.112998282982969,1301,0.53429158110883,1263,0.518685831622177,0.015605749486653,0.00780287474332649,53,300,0.011088295687885,0.0484599589322382,2435,1,2002,1066,0.532467532467532,433,235,0.542725173210162,0.518685831622177,0.473511293634497
15__NQ_ONLY__xgb_d5__0.0500,2025,TRUE,15,NQ_ONLY,xgb_d5,5,0.05,0.0683722347021103,1,1239,0.0574968676040652,657,0.530266343825666,632,0.510088781275222,0.0201775625504439,0.00807102502017756,53,283,0.0137207425343019,0.059725585149314,1239,1,998,524,0.525050100200401,241,133,0.551867219917012,0.510088781275222,0.481840193704601
15__NQ_ONLY__xgb_d5__0.0200,2025,TRUE,15,NQ_ONLY,xgb_d5,5,0.02,0.0804888159036636,1,556,0.0258016613299921,305,0.548561151079137,289,0.519784172661871,0.0287769784172662,0.00719424460431655,53,227,0.0215827338129496,0.079136690647482,556,1,428,233,0.544392523364486,128,72,0.5625,0.519784172661871,0.473021582733813
15__NQ_ONLY__xgb_d5__0.0100,2025,TRUE,15,NQ_ONLY,xgb_d5,5,0.01,0.0882077217102051,1,310,0.0143858183674416,175,0.564516129032258,157,0.506451612903226,0.0580645161290323,0.00645161290322581,52,177,0.0225806451612903,0.1,310,1,228,125,0.548245614035088,82,50,0.609756097560976,0.506451612903226,0.487096774193548
15__NQ_ONLY__xgb_d5__0.0050,2025,TRUE,15,NQ_ONLY,xgb_d5,5,0.005,0.0965361967682838,1,164,0.00761056197503364,89,0.542682926829268,80,0.487804878048781,0.0548780487804878,0.0121951219512195,51,116,0.024390243902439,0.103658536585366,164,1,113,59,0.52212389380531,51,30,0.588235294117647,0.487804878048781,0.5
15__NQ_ES__logit__0.5000,2025,TRUE,15,NQ_ES,logit,,0.5,0.0217341807724045,1,11242,0.521694742215416,5892,0.524106030955346,5819,0.51761252446184,0.00649350649350649,0.0062266500622665,53,312,0.00587084148727984,0.0284646859989326,11242,1,9169,4825,0.526229686988767,2073,1067,0.514712976362759,0.51761252446184,0.476160825475894
15__NQ_ES__logit__0.2000,2025,TRUE,15,NQ_ES,logit,,0.2,0.0410030861500931,1,4664,0.216436957631445,2441,0.523370497427101,2396,0.513722126929674,0.0096483704974271,0.0055746140651801,53,304,0.00879073756432247,0.0411663807890223,4664,1,4077,2125,0.52121658081923,587,316,0.538330494037479,0.513722126929674,0.480703259005146
15__NQ_ES__logit__0.1000,2025,TRUE,15,NQ_ES,logit,,0.1,0.0518966374134545,1,2467,0.114483270685415,1290,0.522902310498581,1275,0.516822051074179,0.00608025942440211,0.00526955816781516,53,298,0.0113498175922173,0.0543169841913255,2467,1,2210,1154,0.522171945701358,257,136,0.529182879377432,0.516822051074179,0.477908390758006
15__NQ_ES__logit__0.0500,2025,TRUE,15,NQ_ES,logit,,0.05,0.0612240891956459,1,1262,0.0585642025151979,670,0.530903328050713,649,0.514263074484945,0.0166402535657686,0.00475435816164818,53,261,0.0198098256735341,0.0760697305863709,1262,1,1135,596,0.52511013215859,127,74,0.582677165354331,0.514263074484945,0.480982567353407
15__NQ_ES__logit__0.0200,2025,TRUE,15,NQ_ES,logit,,0.02,0.0728809586754288,1,518,0.024038238433338,281,0.542471042471043,278,0.536679536679537,0.00579150579150579,0.00386100386100386,53,195,0.0424710424710425,0.127413127413127,518,1,459,250,0.544662309368192,59,31,0.525423728813559,0.536679536679537,0.45945945945946
15__NQ_ES__logit__0.0100,2025,TRUE,15,NQ_ES,logit,,0.01,0.0815621068538061,1,240,0.0111374077683419,127,0.529166666666667,136,0.566666666666667,-0.0375,0.00833333333333333,49,114,0.0666666666666667,0.204166666666667,240,1,209,116,0.555023923444976,31,11,0.354838709677419,0.566666666666667,0.425
15__NQ_ES__logit__0.0050,2025,TRUE,15,NQ_ES,logit,,0.005,0.0890837951633957,1,138,0.0064040094667966,64,0.463768115942029,72,0.521739130434783,-0.0579710144927536,0.0072463768115942,44,77,0.0869565217391304,0.268115942028986,138,1,118,58,0.491525423728814,20,6,0.3,0.521739130434783,0.471014492753623
15__NQ_ES__ranger__0.5000,2025,TRUE,15,NQ_ES,ranger,,0.5,0.020202298945211,1,10823,0.502250684486519,5630,0.520188487480366,5619,0.519172133419569,0.00101635406079645,0.0055437494225261,53,312,0.00545135359881733,0.0266099972281253,10823,1,9329,4883,0.523421588594705,1494,747,0.5,0.519172133419569,0.475284117157904
15__NQ_ES__ranger__0.2000,2025,TRUE,15,NQ_ES,ranger,,0.2,0.0350651987144043,1,4644,0.215508840317416,2451,0.527777777777778,2438,0.524978466838932,0.00279931093884582,0.00581395348837209,53,310,0.00796726959517657,0.0381136950904393,4644,1,4271,2259,0.52891594474362,373,192,0.514745308310992,0.524978466838932,0.469207579672696
15__NQ_ES__ranger__0.1000,2025,TRUE,15,NQ_ES,ranger,,0.1,0.0424111759454337,1,2508,0.116385911179173,1321,0.526714513556619,1305,0.520334928229665,0.00637958532695375,0.00637958532695375,53,303,0.0103668261562998,0.0482456140350877,2508,1,2322,1220,0.525409130060293,186,101,0.543010752688172,0.520334928229665,0.473285486443381
15__NQ_ES__ranger__0.0500,2025,TRUE,15,NQ_ES,ranger,,0.05,0.0479712616544463,1,1299,0.0602812195461506,671,0.516551193225558,666,0.51270207852194,0.00384911470361817,0.00615858352578907,53,283,0.0130869899923018,0.0585065434949962,1299,1,1190,614,0.515966386554622,109,57,0.522935779816514,0.51270207852194,0.481139337952271
15__NQ_ES__ranger__0.0200,2025,TRUE,15,NQ_ES,ranger,,0.02,0.054422808164181,1,544,0.025244790941575,291,0.534926470588235,292,0.536764705882353,-0.00183823529411765,0.00367647058823529,53,233,0.0165441176470588,0.0661764705882353,544,1,481,260,0.540540540540541,63,31,0.492063492063492,0.536764705882353,0.459558823529412
15__NQ_ES__ranger__0.0100,2025,TRUE,15,NQ_ES,ranger,,0.01,0.0581852662009395,1,292,0.013550512784816,150,0.513698630136986,156,0.534246575342466,-0.0205479452054795,0.00342465753424658,52,170,0.0205479452054795,0.0787671232876712,292,1,246,130,0.528455284552846,46,20,0.434782608695652,0.534246575342466,0.462328767123288
15__NQ_ES__ranger__0.0050,2025,TRUE,15,NQ_ES,ranger,,0.005,0.0619044633869062,1,154,0.0071465033180194,78,0.506493506493507,88,0.571428571428571,-0.0649350649350649,0.00649350649350649,50,109,0.025974025974026,0.11038961038961,154,1,120,66,0.55,34,12,0.352941176470588,0.571428571428571,0.422077922077922
15__NQ_ES__xgb_d2__0.5000,2025,TRUE,15,NQ_ES,xgb_d2,2,0.5,0.0208743810653687,1,10910,0.506287994802543,5673,0.519981668194317,5634,0.516406966086159,0.00357470210815765,0.00577451879010083,53,312,0.00559120073327223,0.0272227314390468,10910,1,9201,4806,0.522334528855559,1709,867,0.507314218841428,0.516406966086159,0.47781851512374
15__NQ_ES__xgb_d2__0.2000,2025,TRUE,15,NQ_ES,xgb_d2,2,0.2,0.036924421787262,1,4658,0.216158522437236,2446,0.525118076427651,2437,0.523185916702447,0.00193215972520395,0.00622584800343495,53,307,0.00880206097037355,0.0401459854014599,4658,1,4204,2215,0.526879162702188,454,231,0.508810572687225,0.523185916702447,0.470588235294118
15__NQ_ES__xgb_d2__0.1000,2025,TRUE,15,NQ_ES,xgb_d2,2,0.1,0.0446168184280396,1,2510,0.116478722910576,1330,0.529880478087649,1331,0.530278884462152,-0.000398406374501992,0.00717131474103586,53,302,0.0099601593625498,0.0466135458167331,2510,1,2289,1220,0.532983835736129,221,110,0.497737556561086,0.530278884462152,0.462549800796813
15__NQ_ES__xgb_d2__0.0500,2025,TRUE,15,NQ_ES,xgb_d2,2,0.05,0.0505644530057907,1,1317,0.0611165251287763,698,0.529992406985573,695,0.527714502657555,0.00227790432801822,0.00683371298405467,53,282,0.0136674259681093,0.0630220197418375,1317,1,1178,627,0.532258064516129,139,71,0.510791366906475,0.527714502657555,0.46545178435839
15__NQ_ES__xgb_d2__0.0200,2025,TRUE,15,NQ_ES,xgb_d2,2,0.02,0.0572133958339691,1,506,0.0234813680449209,266,0.525691699604743,263,0.519762845849802,0.00592885375494071,0.00790513833992095,52,211,0.0197628458498024,0.08300395256917,506,1,433,228,0.526558891454965,73,38,0.520547945205479,0.519762845849802,0.472332015810277
15__NQ_ES__xgb_d2__0.0100,2025,TRUE,15,NQ_ES,xgb_d2,2,0.01,0.0614792406558991,1,238,0.0110445960369391,122,0.512605042016807,119,0.5,0.0126050420168067,0.00420168067226891,52,145,0.0294117647058824,0.100840336134454,238,1,195,99,0.507692307692308,43,23,0.534883720930233,0.5,0.495798319327731
15__NQ_ES__xgb_d2__0.0050,2025,TRUE,15,NQ_ES,xgb_d2,2,0.005,0.0651848465204239,1,116,0.00538308042136526,59,0.508620689655172,51,0.439655172413793,0.0689655172413793,0.00862068965517241,44,82,0.0431034482758621,0.146551724137931,116,1,84,39,0.464285714285714,32,20,0.625,0.439655172413793,0.551724137931035
15__NQ_ES__xgb_d3__0.5000,2025,TRUE,15,NQ_ES,xgb_d3,3,0.5,0.022463858127594,1,10869,0.504385354308785,5617,0.516790873125403,5606,0.515778820498666,0.00101205262673659,0.0057963014076732,53,312,0.00552028705492686,0.0273254209218879,10869,1,8800,4585,0.521022727272727,2069,1032,0.49879168680522,0.515778820498666,0.478424878093661
15__NQ_ES__xgb_d3__0.2000,2025,TRUE,15,NQ_ES,xgb_d3,3,0.2,0.0402450561523438,1,4598,0.213374170495151,2403,0.522618529795563,2407,0.523488473249239,-0.000869943453675511,0.00674206176598521,53,306,0.00848194867333623,0.039147455415398,4598,1,3955,2085,0.527180783817952,643,318,0.494556765163297,0.523488473249239,0.469769464984776
15__NQ_ES__xgb_d3__0.1000,2025,TRUE,15,NQ_ES,xgb_d3,3,0.1,0.0491678416728973,1,2439,0.113183906445775,1286,0.527265272652727,1286,0.527265272652727,0,0.00615006150061501,53,301,0.010660106601066,0.0496104961049611,2439,1,2081,1107,0.531955790485344,358,179,0.5,0.527265272652727,0.466584665846659
15__NQ_ES__xgb_d3__0.0500,2025,TRUE,15,NQ_ES,xgb_d3,3,0.05,0.0562582612037659,1,1275,0.0591674787693164,673,0.527843137254902,681,0.534117647058824,-0.00627450980392157,0.00470588235294118,53,282,0.0149019607843137,0.0674509803921569,1275,1,1047,563,0.537726838586437,228,110,0.482456140350877,0.534117647058824,0.461176470588235
15__NQ_ES__xgb_d3__0.0200,2025,TRUE,15,NQ_ES,xgb_d3,3,0.02,0.0646133571863174,1,498,0.0231101211193095,265,0.532128514056225,264,0.530120481927711,0.00200803212851406,0.00803212851405622,53,205,0.0180722891566265,0.0843373493975904,498,1,369,200,0.542005420054201,129,65,0.503875968992248,0.530120481927711,0.461847389558233
15__NQ_ES__xgb_d3__0.0100,2025,TRUE,15,NQ_ES,xgb_d3,3,0.01,0.0708050578832626,1,234,0.0108589725741334,128,0.547008547008547,121,0.517094017094017,0.0299145299145299,0.00427350427350427,52,140,0.0256410256410256,0.0982905982905983,234,1,151,83,0.549668874172185,83,45,0.542168674698795,0.517094017094017,0.478632478632479
15__NQ_ES__xgb_d3__0.0050,2025,TRUE,15,NQ_ES,xgb_d3,3,0.005,0.0775618106126785,1,90,0.00417652791312822,51,0.566666666666667,43,0.477777777777778,0.0888888888888889,0,44,69,0.0333333333333333,0.122222222222222,90,1,44,24,0.545454545454545,46,27,0.586956521739131,0.477777777777778,0.522222222222222
15__NQ_ES__xgb_d4__0.5000,2025,TRUE,15,NQ_ES,xgb_d4,4,0.5,0.0237519443035126,1,10991,0.510046869924358,5687,0.517423346374306,5668,0.515694659266673,0.00172868710763352,0.00636884723864981,53,312,0.0055499954508234,0.0272040760622327,10991,1,8618,4502,0.522394987236018,2373,1185,0.49936788874842,0.515694659266673,0.477936493494678
15__NQ_ES__xgb_d4__0.2000,2025,TRUE,15,NQ_ES,xgb_d4,4,0.2,0.0430510640144348,1,4652,0.215880087243028,2435,0.523430782459157,2417,0.519561478933792,0.00386930352536543,0.00515907136715391,53,307,0.0088134135855546,0.0389079965606191,4652,1,3822,2013,0.52668759811617,830,422,0.508433734939759,0.519561478933792,0.475279449699054
15__NQ_ES__xgb_d4__0.1000,2025,TRUE,15,NQ_ES,xgb_d4,4,0.1,0.0530442297458649,1,2473,0.114761705879623,1308,0.528912252325111,1285,0.519611807521229,0.00930044480388192,0.00525677315002022,53,299,0.0121310149615851,0.0529720986655884,2473,1,2032,1077,0.53001968503937,441,231,0.523809523809524,0.519611807521229,0.475131419328751
15__NQ_ES__xgb_d4__0.0500,2025,TRUE,15,NQ_ES,xgb_d4,4,0.05,0.0610607340931892,1,1358,0.0630191656225347,742,0.54639175257732,727,0.535346097201767,0.0110456553755523,0.00515463917525773,53,283,0.01620029455081,0.0662739322533137,1358,1,1066,589,0.552532833020638,292,153,0.523972602739726,0.535346097201767,0.459499263622975
15__NQ_ES__xgb_d4__0.0200,2025,TRUE,15,NQ_ES,xgb_d4,4,0.02,0.0708422064781189,1,565,0.0262193141213049,295,0.52212389380531,276,0.488495575221239,0.0336283185840708,0.00707964601769912,53,224,0.0230088495575221,0.0849557522123894,565,1,406,206,0.507389162561576,159,89,0.559748427672956,0.488495575221239,0.504424778761062
15__NQ_ES__xgb_d4__0.0100,2025,TRUE,15,NQ_ES,xgb_d4,4,0.01,0.0784044563770294,1,281,0.0130400482621003,144,0.512455516014235,139,0.494661921708185,0.0177935943060498,0.0106761565836299,53,163,0.0284697508896797,0.106761565836299,281,1,184,93,0.505434782608696,97,51,0.525773195876289,0.494661921708185,0.494661921708185
15__NQ_ES__xgb_d4__0.0050,2025,TRUE,15,NQ_ES,xgb_d4,4,0.005,0.0856002494692802,1,133,0.00617198013828948,73,0.548872180451128,59,0.443609022556391,0.105263157894737,0,47,99,0.0300751879699248,0.12781954887218,133,1,65,32,0.492307692307692,68,41,0.602941176470588,0.443609022556391,0.556390977443609
15__NQ_ES__xgb_d5__0.5000,2025,TRUE,15,NQ_ES,xgb_d5,5,0.5,0.0248400568962097,1,10954,0.508329852893406,5655,0.516249771772868,5654,0.516158480920212,9.12908526565638e-05,0.00648165053861603,53,312,0.00584261457002009,0.0276611283549388,10954,1,8334,4357,0.522798176145908,2620,1298,0.495419847328244,0.516158480920212,0.477359868541172
15__NQ_ES__xgb_d5__0.2000,2025,TRUE,15,NQ_ES,xgb_d5,5,0.2,0.045372486114502,1,4762,0.220984732470184,2497,0.524359512809744,2481,0.5209995800084,0.00335993280134397,0.00545989080218396,53,309,0.00755984880302394,0.0369592608147837,4762,1,3745,1982,0.529238985313752,1017,515,0.506391347099312,0.5209995800084,0.473540529189416
15__NQ_ES__xgb_d5__0.1000,2025,TRUE,15,NQ_ES,xgb_d5,5,0.1,0.0571781098842621,1,2524,0.117128405030396,1332,0.527733755942948,1306,0.51743264659271,0.0103011093502377,0.00594294770206022,53,299,0.00911251980982567,0.0439778129952456,2524,1,1977,1046,0.529084471421346,547,286,0.522851919561243,0.51743264659271,0.47662440570523
15__NQ_ES__xgb_d5__0.0500,2025,TRUE,15,NQ_ES,xgb_d5,5,0.05,0.0680939257144928,1,1245,0.0577753027982737,671,0.538955823293173,646,0.518875502008032,0.0200803212851406,0.00562248995983936,53,280,0.0120481927710843,0.0570281124497992,1245,1,950,511,0.537894736842105,295,160,0.542372881355932,0.518875502008032,0.475502008032129
15__NQ_ES__xgb_d5__0.0200,2025,TRUE,15,NQ_ES,xgb_d5,5,0.02,0.0804160237312317,1,501,0.0232493387164138,264,0.526946107784431,252,0.502994011976048,0.0239520958083832,0.00399201596806387,53,223,0.0219560878243513,0.0818363273453094,501,1,347,181,0.521613832853026,154,83,0.538961038961039,0.502994011976048,0.493013972055888
15__NQ_ES__xgb_d5__0.0100,2025,TRUE,15,NQ_ES,xgb_d5,5,0.01,0.0905922427773476,1,226,0.010487725648522,114,0.504424778761062,105,0.464601769911505,0.0398230088495575,0.00442477876106195,53,145,0.0265486725663717,0.106194690265487,226,1,139,66,0.474820143884892,87,48,0.551724137931035,0.464601769911505,0.530973451327434
15__NQ_ES__xgb_d5__0.0050,2025,TRUE,15,NQ_ES,xgb_d5,5,0.005,0.0992323756217957,1,125,0.00580073321267808,67,0.536,55,0.44,0.096,0.008,48,92,0.032,0.144,125,1,69,33,0.478260869565217,56,34,0.607142857142857,0.44,0.552
30__NQ_ONLY__logit__0.5000,2025,TRUE,30,NQ_ONLY,logit,,0.5,0.0228928540329779,1,10588,0.498469940209971,5555,0.524650547789951,5509,0.520306006800151,0.00434454098979977,0.00510011333585191,53,312,0.00632791839818663,0.0298451076690593,6660,0.629013978088402,9797,5137,0.524344186996019,791,418,0.528445006321113,0.520306006800151,0.474593879863997
30__NQ_ONLY__logit__0.2000,2025,TRUE,30,NQ_ONLY,logit,,0.2,0.0413088272229773,1,4279,0.20145002589332,2238,0.523019397055387,2219,0.518579107268053,0.00444028978733349,0.00303809301238607,53,298,0.0112175741995793,0.0479083898107034,2976,0.695489600373919,4094,2136,0.521739130434783,185,102,0.551351351351351,0.518579107268053,0.478382799719561
30__NQ_ONLY__logit__0.1000,2025,TRUE,30,NQ_ONLY,logit,,0.1,0.0516339550006407,1,2248,0.105833058707217,1196,0.53202846975089,1192,0.530249110320285,0.00177935943060498,0.00177935943060498,53,273,0.0182384341637011,0.0702846975088968,1633,0.726423487544484,2154,1147,0.532497678737233,94,49,0.521276595744681,0.530249110320285,0.46797153024911
30__NQ_ONLY__logit__0.0500,2025,TRUE,30,NQ_ONLY,logit,,0.05,0.060343566612811,1,1236,0.0581893507838614,651,0.526699029126214,646,0.522653721682848,0.0040453074433657,0.00242718446601942,53,226,0.0266990291262136,0.100323624595469,924,0.747572815533981,1177,619,0.525913338997451,59,32,0.542372881355932,0.522653721682848,0.474919093851133
30__NQ_ONLY__logit__0.0200,2025,TRUE,30,NQ_ONLY,logit,,0.02,0.0709775419897503,1,515,0.0242455628266089,268,0.520388349514563,267,0.518446601941748,0.00194174757281553,0.00194174757281553,51,162,0.0388349514563107,0.153398058252427,415,0.805825242718447,484,252,0.520661157024794,31,16,0.516129032258065,0.518446601941748,0.479611650485437
30__NQ_ONLY__logit__0.0100,2025,TRUE,30,NQ_ONLY,logit,,0.01,0.0791551595105243,1,246,0.0115813756414481,127,0.516260162601626,130,0.528455284552846,-0.0121951219512195,0.0040650406504065,47,102,0.0609756097560976,0.231707317073171,204,0.829268292682927,227,119,0.524229074889868,19,8,0.421052631578947,0.528455284552846,0.467479674796748
30__NQ_ONLY__logit__0.0050,2025,TRUE,30,NQ_ONLY,logit,,0.005,0.0868258906063671,1,123,0.00579068782072407,63,0.51219512195122,65,0.528455284552846,-0.016260162601626,0.00813008130081301,38,63,0.0975609756097561,0.300813008130081,109,0.886178861788618,109,57,0.522935779816514,14,6,0.428571428571429,0.528455284552846,0.463414634146342
30__NQ_ONLY__ranger__0.5000,2025,TRUE,30,NQ_ONLY,ranger,,0.5,0.0217536394513116,1,10491,0.49390330022127,5474,0.521780573825184,5457,0.520160137260509,0.00162043656467448,0.00533790868363359,53,311,0.00619578686493185,0.0284052997807645,6171,0.588218472976837,10199,5320,0.521619766643789,292,154,0.527397260273973,0.520160137260509,0.474501954055857
30__NQ_ONLY__ranger__0.2000,2025,TRUE,30,NQ_ONLY,ranger,,0.2,0.036449216061303,1,4344,0.204510145473377,2297,0.52877532228361,2292,0.527624309392265,0.00115101289134438,0.00460405156537753,53,296,0.00782688766114181,0.0375230202578269,3020,0.695211786372007,4253,2249,0.52880319774277,91,48,0.527472527472528,0.527624309392265,0.467771639042357
30__NQ_ONLY__ranger__0.1000,2025,TRUE,30,NQ_ONLY,ranger,,0.1,0.044119681910961,1,2176,0.102443387787769,1146,0.526654411764706,1146,0.526654411764706,0,0.00367647058823529,53,284,0.0124080882352941,0.0606617647058824,1641,0.754136029411765,2120,1118,0.527358490566038,56,28,0.5,0.526654411764706,0.469669117647059
30__NQ_ONLY__ranger__0.0500,2025,TRUE,30,NQ_ONLY,ranger,,0.05,0.051082839778292,1,1107,0.0521161903865167,596,0.538392050587173,596,0.538392050587173,0,0.00451671183378501,53,237,0.019873532068654,0.0957542908762421,857,0.77416440831075,1067,576,0.539831302717901,40,20,0.5,0.538392050587173,0.457091237579042
30__NQ_ONLY__ranger__0.0200,2025,TRUE,30,NQ_ONLY,ranger,,0.02,0.058736006783334,1,477,0.0224565698413446,264,0.553459119496855,267,0.559748427672956,-0.00628930817610063,0,52,160,0.0356394129979036,0.155136268343816,369,0.773584905660377,446,250,0.560538116591928,31,14,0.451612903225806,0.559748427672956,0.440251572327044
30__NQ_ONLY__ranger__0.0100,2025,TRUE,30,NQ_ONLY,ranger,,0.01,0.0633772699584129,1,228,0.0107339579115861,117,0.513157894736842,120,0.526315789473684,-0.0131578947368421,0,48,100,0.0482456140350877,0.210526315789474,186,0.81578947368421,201,105,0.522388059701493,27,12,0.444444444444444,0.526315789473684,0.473684210526316
30__NQ_ONLY__ranger__0.0050,2025,TRUE,30,NQ_ONLY,ranger,,0.005,0.0674693189438284,1,136,0.00640271173673556,66,0.485294117647059,74,0.544117647058824,-0.0588235294117647,0,45,73,0.0514705882352941,0.242647058823529,117,0.860294117647059,114,59,0.517543859649123,22,7,0.318181818181818,0.544117647058824,0.455882352941176
30__NQ_ONLY__xgb_d2__0.5000,2025,TRUE,30,NQ_ONLY,xgb_d2,2,0.5,0.0232104063034058,1,10507,0.494656560425592,5502,0.5236508994004,5466,0.52022461216332,0.00342628723708004,0.0054249547920434,53,311,0.00656705053773675,0.0294089654516037,6194,0.589511754068716,10166,5314,0.52272280149518,341,188,0.551319648093842,0.52022461216332,0.474350433044637
30__NQ_ONLY__xgb_d2__0.2000,2025,TRUE,30,NQ_ONLY,xgb_d2,2,0.2,0.0375073552131653,1,4442,0.209123864224848,2345,0.527915353444394,2333,0.525213867627195,0.00270148581719946,0.00540297163439892,53,299,0.0090049527239982,0.0407474110760919,3095,0.696758217019361,4350,2293,0.527126436781609,92,52,0.565217391304348,0.525213867627195,0.469383160738406
30__NQ_ONLY__xgb_d2__0.1000,2025,TRUE,30,NQ_ONLY,xgb_d2,2,0.1,0.045170521736145,1,2315,0.108987335812815,1226,0.529589632829374,1215,0.524838012958963,0.00475161987041037,0.00475161987041037,53,287,0.0133909287257019,0.0600431965442765,1763,0.761555075593953,2264,1195,0.527826855123675,51,31,0.607843137254902,0.524838012958963,0.470410367170626
30__NQ_ONLY__xgb_d2__0.0500,2025,TRUE,30,NQ_ONLY,xgb_d2,2,0.05,0.0520220220088959,1,1130,0.0531990019302293,599,0.530088495575221,596,0.527433628318584,0.00265486725663717,0.00265486725663717,53,242,0.0230088495575221,0.0982300884955752,900,0.79646017699115,1101,583,0.529518619436876,29,16,0.551724137931035,0.527433628318584,0.469911504424779
30__NQ_ONLY__xgb_d2__0.0200,2025,TRUE,30,NQ_ONLY,xgb_d2,2,0.02,0.0581682145595551,1,471,0.0221740972647239,257,0.545647558386412,254,0.53927813163482,0.00636942675159236,0.00212314225053079,52,167,0.0382165605095541,0.159235668789809,396,0.840764331210191,448,244,0.544642857142857,23,13,0.565217391304348,0.53927813163482,0.45859872611465
30__NQ_ONLY__xgb_d2__0.0100,2025,TRUE,30,NQ_ONLY,xgb_d2,2,0.01,0.062078452706337,1,223,0.0104985640977355,132,0.591928251121076,130,0.582959641255605,0.00896860986547085,0,51,108,0.0672645739910314,0.210762331838565,197,0.883408071748879,203,121,0.596059113300493,20,11,0.55,0.582959641255605,0.417040358744395
30__NQ_ONLY__xgb_d2__0.0050,2025,TRUE,30,NQ_ONLY,xgb_d2,2,0.005,0.0652860674262047,1,118,0.0055552940068735,75,0.635593220338983,73,0.61864406779661,0.0169491525423729,0,39,64,0.0677966101694915,0.245762711864407,108,0.915254237288136,104,67,0.644230769230769,14,8,0.571428571428571,0.61864406779661,0.38135593220339
30__NQ_ONLY__xgb_d3__0.5000,2025,TRUE,30,NQ_ONLY,xgb_d3,3,0.5,0.0233437418937683,1,10631,0.500494327009086,5561,0.523092841689399,5509,0.518201486219547,0.00489135546985232,0.00554980716771705,53,312,0.0061141943373154,0.0287837456495156,6417,0.603612077885429,9969,5206,0.522218878523423,662,355,0.536253776435045,0.518201486219547,0.476248706612736
30__NQ_ONLY__xgb_d3__0.2000,2025,TRUE,30,NQ_ONLY,xgb_d3,3,0.2,0.0407548546791077,1,4479,0.210865778447342,2361,0.527126590756866,2351,0.524893949542309,0.00223264121455682,0.00468854655056932,53,299,0.0087073007367716,0.0415271265907569,3153,0.703951774949766,4326,2280,0.527045769764216,153,81,0.529411764705882,0.524893949542309,0.470417503907122
30__NQ_ONLY__xgb_d3__0.1000,2025,TRUE,30,NQ_ONLY,xgb_d3,3,0.1,0.0501128017902375,1,2332,0.109787674779907,1244,0.533447684391081,1237,0.530445969125214,0.00300171526586621,0.00385934819897084,53,291,0.0141509433962264,0.0600343053173242,1780,0.763293310463122,2239,1194,0.533273782938812,93,50,0.537634408602151,0.530445969125214,0.465694682675815
30__NQ_ONLY__xgb_d3__0.0500,2025,TRUE,30,NQ_ONLY,xgb_d3,3,0.05,0.0583760261535645,1,1215,0.057200696765689,641,0.527572016460905,638,0.525102880658436,0.00246913580246914,0.00329218106995885,53,261,0.0197530864197531,0.091358024691358,972,0.8,1160,612,0.527586206896552,55,29,0.527272727272727,0.525102880658436,0.471604938271605
30__NQ_ONLY__xgb_d3__0.0200,2025,TRUE,30,NQ_ONLY,xgb_d3,3,0.02,0.0672435557842255,1,519,0.0244338778776894,278,0.535645472061657,275,0.529865125240848,0.00578034682080925,0.00192678227360308,53,183,0.0366088631984586,0.169556840077071,432,0.832369942196532,486,260,0.534979423868313,33,18,0.545454545454545,0.529865125240848,0.468208092485549
30__NQ_ONLY__xgb_d3__0.0100,2025,TRUE,30,NQ_ONLY,xgb_d3,3,0.01,0.0732358348369598,1,248,0.0116755331669884,143,0.576612903225807,144,0.580645161290323,-0.00403225806451613,0,48,113,0.0483870967741936,0.209677419354839,216,0.870967741935484,227,133,0.585903083700441,21,10,0.476190476190476,0.580645161290323,0.419354838709677
30__NQ_ONLY__xgb_d3__0.0050,2025,TRUE,30,NQ_ONLY,xgb_d3,3,0.005,0.077802472114563,1,140,0.00659102678781602,84,0.6,85,0.607142857142857,-0.00714285714285714,0,42,81,0.05,0.214285714285714,127,0.907142857142857,123,76,0.617886178861789,17,8,0.470588235294118,0.607142857142857,0.392857142857143
30__NQ_ONLY__xgb_d4__0.5000,2025,TRUE,30,NQ_ONLY,xgb_d4,4,0.5,0.0238519906997681,1,10671,0.502377477519891,5541,0.519257801518133,5470,0.512604254521601,0.00665354699653266,0.005810139630775,53,312,0.00609127541936089,0.0278324430700028,6510,0.610064661231375,9660,5004,0.518012422360249,1011,537,0.531157270029674,0.512604254521601,0.481585605847624
30__NQ_ONLY__xgb_d4__0.2000,2025,TRUE,30,NQ_ONLY,xgb_d4,4,0.2,0.0439074397087097,1,4430,0.208558919071607,2315,0.522573363431151,2272,0.512866817155756,0.00970654627539503,0.00474040632054176,53,301,0.0090293453724605,0.0415349887133183,3141,0.709029345372461,4168,2164,0.519193857965451,262,151,0.576335877862595,0.512866817155756,0.482392776523702
30__NQ_ONLY__xgb_d4__0.1000,2025,TRUE,30,NQ_ONLY,xgb_d4,4,0.1,0.0546569168567658,1,2270,0.10686879148816,1202,0.529515418502203,1176,0.518061674008811,0.0114537444933921,0.0039647577092511,53,287,0.0118942731277533,0.0572687224669604,1727,0.76079295154185,2140,1124,0.525233644859813,130,78,0.6,0.518061674008811,0.477973568281938
30__NQ_ONLY__xgb_d4__0.0500,2025,TRUE,30,NQ_ONLY,xgb_d4,4,0.05,0.0643337517976761,1,1167,0.0549409161527235,606,0.519280205655527,605,0.518423307626392,0.000856898029134533,0.00428449014567267,53,258,0.0205655526992288,0.0882604970008569,949,0.813196229648672,1092,568,0.52014652014652,75,38,0.506666666666667,0.518423307626392,0.477292202227935
30__NQ_ONLY__xgb_d4__0.0200,2025,TRUE,30,NQ_ONLY,xgb_d4,4,0.02,0.0754737710952759,1,475,0.0223624123158043,266,0.56,266,0.56,0,0,53,184,0.0294736842105263,0.134736842105263,403,0.848421052631579,439,248,0.564920273348519,36,18,0.5,0.56,0.44
30__NQ_ONLY__xgb_d4__0.0100,2025,TRUE,30,NQ_ONLY,xgb_d4,4,0.01,0.0824732023477551,1,238,0.0112047455392872,132,0.554621848739496,130,0.546218487394958,0.00840336134453782,0,51,110,0.0504201680672269,0.176470588235294,207,0.869747899159664,214,119,0.55607476635514,24,13,0.541666666666667,0.546218487394958,0.453781512605042
30__NQ_ONLY__xgb_d4__0.0050,2025,TRUE,30,NQ_ONLY,xgb_d4,4,0.005,0.0896359112858775,1,130,0.00612023916011487,72,0.553846153846154,72,0.553846153846154,0,0,41,69,0.0538461538461539,0.215384615384615,117,0.9,114,64,0.56140350877193,16,8,0.5,0.553846153846154,0.446153846153846
30__NQ_ONLY__xgb_d5__0.5000,2025,TRUE,30,NQ_ONLY,xgb_d5,5,0.5,0.0251084566116333,1,10651,0.501435902264489,5579,0.523800582104967,5478,0.51431790442212,0.00948267768284668,0.005727161768848,53,312,0.0062904891559478,0.0287296967420899,6631,0.622570650643132,9326,4868,0.521981556937594,1325,711,0.536603773584906,0.51431790442212,0.479954933809032
30__NQ_ONLY__xgb_d5__0.2000,2025,TRUE,30,NQ_ONLY,xgb_d5,5,0.2,0.047496908903122,1,4352,0.204886775575538,2287,0.525505514705882,2220,0.510110294117647,0.0153952205882353,0.00459558823529412,53,301,0.00919117647058824,0.0425091911764706,3131,0.719439338235294,3991,2074,0.519669255825608,361,213,0.590027700831025,0.510110294117647,0.485294117647059
30__NQ_ONLY__xgb_d5__0.1000,2025,TRUE,30,NQ_ONLY,xgb_d5,5,0.1,0.0607061684131623,1,2218,0.104420695824114,1176,0.530207394048693,1156,0.521190261496844,0.00901713255184851,0.00450856627592426,53,279,0.0126239855725879,0.0550045085662759,1727,0.778629395852119,2049,1082,0.528062469497316,169,94,0.556213017751479,0.521190261496844,0.474301172227232
30__NQ_ONLY__xgb_d5__0.0500,2025,TRUE,30,NQ_ONLY,xgb_d5,5,0.05,0.0718035787343979,1,1147,0.0539993408973212,618,0.538796861377507,595,0.518744551002616,0.020052310374891,0.004359197907585,53,252,0.01743679163034,0.0775937227550131,939,0.818657367044464,1066,566,0.530956848030019,81,52,0.641975308641975,0.518744551002616,0.4768962510898
30__NQ_ONLY__xgb_d5__0.0200,2025,TRUE,30,NQ_ONLY,xgb_d5,5,0.02,0.0857501411437989,1,472,0.022221176027494,256,0.542372881355932,250,0.529661016949153,0.0127118644067797,0,52,184,0.0254237288135593,0.110169491525424,411,0.870762711864407,428,231,0.539719626168224,44,25,0.568181818181818,0.529661016949153,0.470338983050848
30__NQ_ONLY__xgb_d5__0.0100,2025,TRUE,30,NQ_ONLY,xgb_d5,5,0.01,0.0949347323179241,1,247,0.0116284544042183,142,0.574898785425101,136,0.550607287449393,0.0242914979757085,0,48,130,0.0283400809716599,0.129554655870445,224,0.906882591093117,221,126,0.570135746606335,26,16,0.615384615384615,0.550607287449393,0.449392712550607
30__NQ_ONLY__xgb_d5__0.0050,2025,TRUE,30,NQ_ONLY,xgb_d5,5,0.005,0.104528093934059,1,127,0.00597900287180453,76,0.598425196850394,74,0.582677165354331,0.015748031496063,0,44,82,0.0393700787401575,0.15748031496063,119,0.937007874015748,109,66,0.605504587155963,18,10,0.555555555555556,0.582677165354331,0.417322834645669
30__NQ_ES__logit__0.5000,2025,TRUE,30,NQ_ES,logit,,0.5,0.0215561309186859,1,10913,0.513770538110259,5719,0.524053880692752,5671,0.519655456794649,0.00439842389810318,0.00558966370383946,53,312,0.00659763584715477,0.0303307981306698,6833,0.62613396866123,9860,5171,0.524442190669371,1053,548,0.520417853751187,0.519655456794649,0.474754879501512
30__NQ_ES__logit__0.2000,2025,TRUE,30,NQ_ES,logit,,0.2,0.0411489711387389,1,4568,0.215055788333883,2404,0.526269702276708,2385,0.522110332749562,0.00415936952714536,0.00394045534150613,53,303,0.0140105078809107,0.0525394045534151,3172,0.694395796847636,4306,2264,0.525777984208082,262,140,0.534351145038168,0.522110332749562,0.473949211908932
30__NQ_ES__logit__0.1000,2025,TRUE,30,NQ_ES,logit,,0.1,0.0525119389647432,1,2464,0.116002071465562,1303,0.528814935064935,1289,0.523133116883117,0.00568181818181818,0.00284090909090909,53,277,0.0231331168831169,0.0787337662337662,1787,0.725243506493507,2338,1233,0.527373823781009,126,70,0.555555555555556,0.523133116883117,0.474025974025974
30__NQ_ES__logit__0.0500,2025,TRUE,30,NQ_ES,logit,,0.05,0.0622694501275073,1,1331,0.0626618332470223,717,0.538692712246431,701,0.526671675432006,0.0120210368144252,0.00375657400450789,53,235,0.02854996243426,0.110443275732532,1000,0.751314800901578,1253,670,0.534716679968077,78,47,0.602564102564103,0.526671675432006,0.469571750563486
30__NQ_ES__logit__0.0200,2025,TRUE,30,NQ_ES,logit,,0.02,0.0732611956516584,1,600,0.0282472576620686,326,0.543333333333333,321,0.535,0.00833333333333333,0.00166666666666667,53,167,0.0466666666666667,0.163333333333333,476,0.793333333333333,561,304,0.541889483065954,39,22,0.564102564102564,0.535,0.463333333333333
30__NQ_ES__logit__0.0100,2025,TRUE,30,NQ_ES,logit,,0.01,0.0816985930289749,1,324,0.0152535191375171,179,0.552469135802469,177,0.546296296296296,0.00617283950617284,0.00308641975308642,50,121,0.0709876543209877,0.219135802469136,270,0.833333333333333,294,163,0.554421768707483,30,16,0.533333333333333,0.546296296296296,0.450617283950617
30__NQ_ES__logit__0.0050,2025,TRUE,30,NQ_ES,logit,,0.005,0.088822274199475,1,180,0.00847417729862059,100,0.555555555555556,101,0.561111111111111,-0.00555555555555556,0,45,83,0.1,0.294444444444444,154,0.855555555555556,159,90,0.566037735849057,21,10,0.476190476190476,0.561111111111111,0.438888888888889
30__NQ_ES__ranger__0.5000,2025,TRUE,30,NQ_ES,ranger,,0.5,0.0197923264735531,1,10867,0.511604915022833,5654,0.520290788626116,5636,0.518634397717861,0.00165639090825435,0.00533725959326401,53,311,0.00588938989601546,0.0284347105916996,6382,0.587282598693292,10465,5444,0.520210224558051,402,210,0.522388059701493,0.518634397717861,0.476028342688875
30__NQ_ES__ranger__0.2000,2025,TRUE,30,NQ_ES,ranger,,0.2,0.0349232800423649,1,4606,0.216844781319147,2439,0.529526704298741,2445,0.530829353017803,-0.00130264871906209,0.00303951367781155,53,297,0.00890143291359097,0.0403821102909249,3150,0.683890577507599,4518,2398,0.530765825586543,88,41,0.465909090909091,0.530829353017803,0.466131133304386
30__NQ_ES__ranger__0.1000,2025,TRUE,30,NQ_ES,ranger,,0.1,0.0431035317893512,1,2418,0.113836448378137,1276,0.527708850289495,1278,0.528535980148883,-0.000827129859387924,0.00289495450785773,53,290,0.0136476426799007,0.0587262200165426,1778,0.735318444995864,2364,1250,0.528764805414552,54,26,0.481481481481482,0.528535980148883,0.468569065343259
30__NQ_ES__ranger__0.0500,2025,TRUE,30,NQ_ES,ranger,,0.05,0.0507339939316669,1,1318,0.0620498093310108,715,0.542488619119879,722,0.547799696509863,-0.00531107738998483,0.00303490136570562,53,253,0.0204855842185129,0.0918057663125948,1012,0.767830045523521,1279,699,0.546520719311963,39,16,0.41025641025641,0.547799696509863,0.449165402124431
30__NQ_ES__ranger__0.0200,2025,TRUE,30,NQ_ES,ranger,,0.02,0.0597497353526065,1,562,0.0264582646768043,299,0.53202846975089,301,0.5355871886121,-0.00355871886120996,0,52,189,0.0355871886120997,0.135231316725979,459,0.816725978647687,536,287,0.53544776119403,26,12,0.461538461538462,0.5355871886121,0.4644128113879
30__NQ_ES__ranger__0.0100,2025,TRUE,30,NQ_ES,ranger,,0.01,0.0659826703927159,1,274,0.0128995809990113,148,0.54014598540146,150,0.547445255474453,-0.0072992700729927,0,49,130,0.062043795620438,0.186131386861314,236,0.861313868613139,254,139,0.547244094488189,20,9,0.45,0.547445255474453,0.452554744525548
30__NQ_ES__ranger__0.0050,2025,TRUE,30,NQ_ES,ranger,,0.005,0.070574171506816,1,150,0.00706181441551716,83,0.553333333333333,82,0.546666666666667,0.00666666666666667,0,41,87,0.08,0.213333333333333,135,0.9,133,74,0.556390977443609,17,9,0.529411764705882,0.546666666666667,0.453333333333333
30__NQ_ES__xgb_d2__0.5000,2025,TRUE,30,NQ_ES,xgb_d2,2,0.5,0.0218668282032013,1,10675,0.502565792570971,5565,0.521311475409836,5527,0.517751756440281,0.00355971896955504,0.00571428571428571,53,310,0.00618266978922717,0.0294145199063232,6293,0.589508196721312,9873,5148,0.521422060164084,802,417,0.519950124688279,0.517751756440281,0.476533957845433
30__NQ_ES__xgb_d2__0.2000,2025,TRUE,30,NQ_ES,xgb_d2,2,0.2,0.0368025898933411,1,4476,0.210724542159032,2371,0.529714030384272,2357,0.526586237712243,0.0031277926720286,0.0046916890080429,53,300,0.00960679177837355,0.0420017873100983,3081,0.688337801608579,4282,2267,0.529425502101822,194,104,0.536082474226804,0.526586237712243,0.468722073279714
30__NQ_ES__xgb_d2__0.1000,2025,TRUE,30,NQ_ES,xgb_d2,2,0.1,0.0451241552829743,1,2404,0.113177345699355,1287,0.535357737104825,1287,0.535357737104825,0,0.00166389351081531,53,282,0.0128951747088186,0.0590682196339434,1748,0.72712146422629,2334,1252,0.536418166238218,70,35,0.5,0.535357737104825,0.462978369384359
30__NQ_ES__xgb_d2__0.0500,2025,TRUE,30,NQ_ES,xgb_d2,2,0.05,0.0532642900943756,1,1234,0.0580951932583212,671,0.543760129659644,663,0.537277147487844,0.00648298217179903,0.00324149108589951,53,248,0.0210696920583468,0.093192868719611,957,0.775526742301459,1196,648,0.54180602006689,38,23,0.605263157894737,0.537277147487844,0.459481361426256
30__NQ_ES__xgb_d2__0.0200,2025,TRUE,30,NQ_ES,xgb_d2,2,0.02,0.0627873814105988,1,495,0.0233039875712066,276,0.557575757575758,271,0.547474747474747,0.0101010101010101,0.00202020202020202,53,193,0.0343434343434343,0.145454545454545,428,0.864646464646465,476,264,0.554621848739496,19,12,0.631578947368421,0.547474747474747,0.450505050505051
30__NQ_ES__xgb_d2__0.0100,2025,TRUE,30,NQ_ES,xgb_d2,2,0.01,0.0696130031347275,1,216,0.0101690127583447,125,0.578703703703704,125,0.578703703703704,0,0,52,136,0.0277777777777778,0.134259259259259,204,0.944444444444444,208,121,0.581730769230769,8,4,0.5,0.578703703703704,0.421296296296296
30__NQ_ES__xgb_d2__0.0050,2025,TRUE,30,NQ_ES,xgb_d2,2,0.005,0.0769835901260376,1,85,0.00400169483545972,53,0.623529411764706,54,0.635294117647059,-0.0117647058823529,0,40,69,0.0352941176470588,0.129411764705882,85,1,82,52,0.634146341463415,3,1,0.333333333333333,0.635294117647059,0.364705882352941
30__NQ_ES__xgb_d3__0.5000,2025,TRUE,30,NQ_ES,xgb_d3,3,0.5,0.0224470496177673,1,10685,0.503036580198672,5553,0.51970051474029,5549,0.519326158165653,0.000374356574637342,0.00589611605053814,53,312,0.0058025269068788,0.0285446888160973,6436,0.602339728591483,9548,4987,0.522308336824466,1137,566,0.497801231310466,0.519326158165653,0.474777725783809
30__NQ_ES__xgb_d3__0.2000,2025,TRUE,30,NQ_ES,xgb_d3,3,0.2,0.0398529410362244,1,4481,0.210959935972883,2372,0.529346128096407,2373,0.529569292568623,-0.000223164472216023,0.00446328944432046,53,299,0.00848024994420888,0.0401696049988842,3092,0.690024548091944,4192,2228,0.531488549618321,289,144,0.498269896193772,0.529569292568623,0.465967417987057
30__NQ_ES__xgb_d3__0.1000,2025,TRUE,30,NQ_ES,xgb_d3,3,0.1,0.0495734632015229,1,2369,0.111529589002401,1292,0.545377796538624,1290,0.544533558463487,0.000844238075137189,0.00253271422541157,53,277,0.0130856901646264,0.0569860700717602,1729,0.7298438159561,2245,1229,0.547438752783964,124,63,0.508064516129032,0.544533558463487,0.452933727311102
30__NQ_ES__xgb_d3__0.0500,2025,TRUE,30,NQ_ES,xgb_d3,3,0.05,0.0595129042863846,1,1202,0.0565886728496775,649,0.539933444259567,648,0.53910149750416,0.000831946755407654,0.00249584026622296,53,245,0.0199667221297837,0.0931780366056572,938,0.780366056572379,1143,619,0.541557305336833,59,30,0.508474576271186,0.53910149750416,0.458402662229617
30__NQ_ES__xgb_d3__0.0200,2025,TRUE,30,NQ_ES,xgb_d3,3,0.02,0.0720760023593903,1,446,0.020997128195471,237,0.531390134529148,236,0.52914798206278,0.00224215246636771,0,53,171,0.0403587443946188,0.152466367713004,389,0.87219730941704,421,224,0.532066508313539,25,13,0.52,0.52914798206278,0.47085201793722
30__NQ_ES__xgb_d3__0.0100,2025,TRUE,30,NQ_ES,xgb_d3,3,0.01,0.080864554643631,1,174,0.00819170472199991,93,0.53448275862069,93,0.53448275862069,0,0,50,111,0.028735632183908,0.126436781609195,166,0.954022988505747,156,84,0.538461538461538,18,9,0.5,0.53448275862069,0.46551724137931
30__NQ_ES__xgb_d3__0.0050,2025,TRUE,30,NQ_ES,xgb_d3,3,0.005,0.0895180460810663,1,91,0.00428416741208041,54,0.593406593406593,52,0.571428571428571,0.021978021978022,0,44,73,0.032967032967033,0.142857142857143,90,0.989010989010989,79,47,0.59493670886076,12,7,0.583333333333333,0.571428571428571,0.428571428571429
30__NQ_ES__xgb_d4__0.5000,2025,TRUE,30,NQ_ES,xgb_d4,4,0.5,0.0246761292219162,1,10784,0.507697377712914,5596,0.518916913946588,5599,0.519195103857567,-0.000278189910979229,0.00547106824925816,53,312,0.00593471810089021,0.0277262611275964,6614,0.613316023738872,9243,4831,0.522665801146814,1541,765,0.496430889033095,0.519195103857567,0.475333827893175
30__NQ_ES__xgb_d4__0.2000,2025,TRUE,30,NQ_ES,xgb_d4,4,0.2,0.0431891202926636,1,4634,0.21816298667671,2432,0.524816573154942,2418,0.521795425118688,0.00302114803625378,0.00474751834268451,53,302,0.00884764782045749,0.0392749244712991,3256,0.702632714717307,4137,2179,0.526710176456369,497,253,0.509054325955734,0.521795425118688,0.473457056538628
30__NQ_ES__xgb_d4__0.1000,2025,TRUE,30,NQ_ES,xgb_d4,4,0.1,0.0542229741811752,1,2431,0.114448472294148,1319,0.542575071986837,1293,0.531879884821061,0.0106951871657754,0.00370218017276841,53,278,0.0123406005758947,0.0575894693541752,1822,0.749485808309338,2181,1182,0.541953232462173,250,137,0.548,0.531879884821061,0.46441793500617
30__NQ_ES__xgb_d4__0.0500,2025,TRUE,30,NQ_ES,xgb_d4,4,0.05,0.0649284362792969,1,1264,0.0595075561414246,676,0.534810126582278,666,0.526898734177215,0.00791139240506329,0.00158227848101266,53,246,0.0181962025316456,0.0838607594936709,998,0.789556962025316,1142,610,0.53415061295972,122,66,0.540983606557377,0.526898734177215,0.471518987341772
30__NQ_ES__xgb_d4__0.0200,2025,TRUE,30,NQ_ES,xgb_d4,4,0.02,0.0791649329662323,1,489,0.0230215149945859,251,0.513292433537832,249,0.50920245398773,0.00408997955010225,0,53,184,0.0286298568507157,0.137014314928425,429,0.877300613496933,439,225,0.5125284738041,50,26,0.52,0.50920245398773,0.49079754601227
30__NQ_ES__xgb_d4__0.0100,2025,TRUE,30,NQ_ES,xgb_d4,4,0.01,0.0900559455156326,1,233,0.0109693517254367,127,0.545064377682404,122,0.523605150214592,0.0214592274678112,0,50,130,0.0472103004291846,0.171673819742489,220,0.944206008583691,202,109,0.53960396039604,31,18,0.580645161290323,0.523605150214592,0.476394849785408
30__NQ_ES__xgb_d4__0.0050,2025,TRUE,30,NQ_ES,xgb_d4,4,0.005,0.0991569283604623,1,110,0.00517866390471258,62,0.563636363636364,59,0.536363636363636,0.0272727272727273,0,45,74,0.0545454545454545,0.2,107,0.972727272727273,87,49,0.563218390804598,23,13,0.565217391304348,0.536363636363636,0.463636363636364
30__NQ_ES__xgb_d5__0.5000,2025,TRUE,30,NQ_ES,xgb_d5,5,0.5,0.0261048227548599,1,10526,0.495551056918224,5440,0.516815504465134,5471,0.519760592817785,-0.00294508835265058,0.00560516815504465,53,311,0.00579517385521566,0.0279308379251378,6583,0.625403762112863,8702,4548,0.522638473914043,1824,892,0.489035087719298,0.519760592817785,0.474634239027171
30__NQ_ES__xgb_d5__0.2000,2025,TRUE,30,NQ_ES,xgb_d5,5,0.2,0.0475207090377808,1,4407,0.207476107527894,2347,0.532561833446789,2319,0.526208304969367,0.00635352847742228,0.0045382346267302,53,301,0.010211027910143,0.0397095529838893,3199,0.725890628545496,3820,2040,0.534031413612565,587,307,0.522998296422487,0.526208304969367,0.469253460403903
30__NQ_ES__xgb_d5__0.1000,2025,TRUE,30,NQ_ES,xgb_d5,5,0.1,0.0609637916088105,1,2295,0.108045760557413,1247,0.543355119825708,1242,0.541176470588235,0.00217864923747277,0.00435729847494553,53,285,0.0143790849673203,0.0592592592592593,1767,0.769934640522876,2021,1108,0.548243443839683,274,139,0.507299270072993,0.541176470588235,0.454466230936819
30__NQ_ES__xgb_d5__0.0500,2025,TRUE,30,NQ_ES,xgb_d5,5,0.05,0.0736921817064285,1,1154,0.054328892236712,633,0.548526863084922,623,0.539861351819757,0.00866551126516464,0.00346620450606586,53,255,0.0225303292894281,0.0892547660311958,947,0.820623916811092,1040,571,0.549038461538462,114,62,0.543859649122807,0.539861351819757,0.456672443674177
30__NQ_ES__xgb_d5__0.0200,2025,TRUE,30,NQ_ES,xgb_d5,5,0.02,0.0886515855789185,1,484,0.0227861211807354,276,0.570247933884298,268,0.553719008264463,0.0165289256198347,0.00206611570247934,53,186,0.0371900826446281,0.142561983471074,424,0.87603305785124,436,248,0.568807339449541,48,28,0.583333333333333,0.553719008264463,0.444214876033058
30__NQ_ES__xgb_d5__0.0100,2025,TRUE,30,NQ_ES,xgb_d5,5,0.01,0.101847021579742,1,224,0.0105456428605056,119,0.53125,123,0.549107142857143,-0.0178571428571429,0,49,125,0.0446428571428571,0.151785714285714,210,0.9375,198,108,0.545454545454545,26,11,0.423076923076923,0.549107142857143,0.450892857142857
30__NQ_ES__xgb_d5__0.0050,2025,TRUE,30,NQ_ES,xgb_d5,5,0.005,0.112697189152241,1,112,0.00527282143025281,58,0.517857142857143,62,0.553571428571429,-0.0357142857142857,0,43,77,0.0535714285714286,0.1875,107,0.955357142857143,92,50,0.543478260869565,20,8,0.4,0.553571428571429,0.446428571428571
60__NQ_ONLY__logit__0.5000,2025,TRUE,60,NQ_ONLY,logit,,0.5,0.0288102144166118,1,10252,0.496849859455268,5510,0.537456106125634,5470,0.533554428404214,0.00390167772142021,0.00214592274678112,53,309,0.00692547795552087,0.0338470542333203,3602,0.35134607881389,9794,5261,0.537165611598938,458,249,0.543668122270742,0.533554428404214,0.464299648849005
60__NQ_ONLY__logit__0.2000,2025,TRUE,60,NQ_ONLY,logit,,0.2,0.0469953577642625,1,4284,0.207618493748183,2302,0.53734827264239,2269,0.529645191409897,0.007703081232493,0.00186741363211951,53,266,0.0140056022408964,0.0602240896358543,1699,0.396591970121382,4091,2189,0.535076998288927,193,113,0.585492227979275,0.529645191409897,0.468487394957983
60__NQ_ONLY__logit__0.1000,2025,TRUE,60,NQ_ONLY,logit,,0.1,0.0590030029750468,1,2323,0.112581176698653,1274,0.54842875591907,1245,0.53594489883771,0.0124838570813603,0.00172191132156694,53,226,0.0232458028411537,0.0912613000430478,941,0.405079638398623,2174,1185,0.545078196872125,149,89,0.597315436241611,0.53594489883771,0.462333189840723
60__NQ_ONLY__logit__0.0500,2025,TRUE,60,NQ_ONLY,logit,,0.05,0.0702142435086048,1,1255,0.0608219443636716,706,0.562549800796813,675,0.537848605577689,0.0247011952191235,0.00239043824701195,52,164,0.0334661354581673,0.142629482071713,525,0.418326693227092,1146,636,0.554973821989529,109,70,0.642201834862385,0.537848605577689,0.459760956175299
60__NQ_ONLY__logit__0.0200,2025,TRUE,60,NQ_ONLY,logit,,0.02,0.0819855993582948,1,579,0.0280604826984589,315,0.544041450777202,289,0.499136442141624,0.0449050086355786,0.00172711571675302,48,107,0.0552677029360967,0.210708117443869,279,0.481865284974093,501,263,0.524950099800399,78,52,0.666666666666667,0.499136442141624,0.499136442141624
60__NQ_ONLY__logit__0.0100,2025,TRUE,60,NQ_ONLY,logit,,0.01,0.0900335246270196,1,295,0.0142967917030144,164,0.555932203389831,140,0.474576271186441,0.0813559322033898,0,40,69,0.0949152542372881,0.342372881355932,158,0.535593220338983,233,121,0.51931330472103,62,43,0.693548387096774,0.474576271186441,0.525423728813559
60__NQ_ONLY__logit__0.0050,2025,TRUE,60,NQ_ONLY,logit,,0.005,0.0969783373033735,1,174,0.00843268391974411,91,0.522988505747127,78,0.448275862068966,0.0747126436781609,0,28,44,0.132183908045977,0.46551724137931,93,0.53448275862069,131,63,0.480916030534351,43,28,0.651162790697675,0.448275862068966,0.551724137931035
60__NQ_ONLY__ranger__0.5000,2025,TRUE,60,NQ_ONLY,ranger,,0.5,0.0282053380981235,1,10174,0.49306969080159,5523,0.542854334578337,5505,0.541085118930607,0.00176921564772951,0.00245724395517987,53,309,0.00717515234912522,0.0308629840770592,3466,0.340672301946137,9998,5426,0.542708541708342,176,97,0.551136363636364,0.541085118930607,0.456457637114213
60__NQ_ONLY__ranger__0.2000,2025,TRUE,60,NQ_ONLY,ranger,,0.2,0.0388132722626627,1,4230,0.205001453911021,2328,0.550354609929078,2314,0.547044917257683,0.0033096926713948,0.00236406619385343,53,269,0.00874704491725768,0.0418439716312057,1650,0.390070921985816,4152,2282,0.549614643545279,78,46,0.58974358974359,0.547044917257683,0.450591016548463
60__NQ_ONLY__ranger__0.1000,2025,TRUE,60,NQ_ONLY,ranger,,0.1,0.0468203666808252,1,2207,0.106959387418823,1203,0.545083824195741,1201,0.544177616674218,0.000906207521522429,0.00181241504304486,53,211,0.0117806977797916,0.0575441776166742,798,0.361576801087449,2167,1182,0.545454545454545,40,21,0.525,0.544177616674218,0.454009968282737
60__NQ_ONLY__ranger__0.0500,2025,TRUE,60,NQ_ONLY,ranger,,0.05,0.0587808049366674,1,1187,0.0575264127168751,627,0.528222409435552,630,0.530749789385004,-0.0025273799494524,0.0016849199663016,51,135,0.02106149957877,0.101937657961247,429,0.361415332771693,1176,623,0.529761904761905,11,4,0.363636363636364,0.530749789385004,0.467565290648694
60__NQ_ONLY__ranger__0.0200,2025,TRUE,60,NQ_ONLY,ranger,,0.02,0.0727487130841677,1,542,0.026267325772996,273,0.503690036900369,275,0.507380073800738,-0.003690036900369,0.0018450184501845,40,76,0.0424354243542435,0.199261992619926,209,0.385608856088561,538,272,0.505576208178439,4,1,0.25,0.507380073800738,0.490774907749078
60__NQ_ONLY__ranger__0.0100,2025,TRUE,60,NQ_ONLY,ranger,,0.01,0.0812825996035528,1,279,0.0135213724920035,145,0.519713261648746,147,0.526881720430108,-0.00716845878136201,0,33,52,0.0609318996415771,0.279569892473118,116,0.415770609318996,277,145,0.523465703971119,2,0,0,0.526881720430108,0.473118279569893
60__NQ_ONLY__ranger__0.0050,2025,TRUE,60,NQ_ONLY,ranger,,0.005,0.0868951101039143,1,147,0.00712416400116313,76,0.517006802721089,78,0.530612244897959,-0.0136054421768707,0,24,38,0.0884353741496599,0.374149659863946,74,0.503401360544218,145,76,0.524137931034483,2,0,0,0.530612244897959,0.469387755102041
60__NQ_ONLY__xgb_d2__0.5000,2025,TRUE,60,NQ_ONLY,xgb_d2,2,0.5,0.0279400795698166,1,10529,0.510274304545895,5676,0.539082533953842,5660,0.537562921455029,0.0015196124988128,0.0021844429670434,53,310,0.00693323202583341,0.0332415234115301,3513,0.333649919270586,10307,5557,0.539148151741535,222,119,0.536036036036036,0.537562921455029,0.460252635577928
60__NQ_ONLY__xgb_d2__0.2000,2025,TRUE,60,NQ_ONLY,xgb_d2,2,0.2,0.042655086517334,1,4196,0.203353688087622,2291,0.545996186844614,2277,0.542659675881792,0.00333651096282174,0.00142993326978074,53,249,0.0123927550047664,0.0512392755004766,1476,0.351763584366063,4114,2243,0.54521147301896,82,48,0.585365853658537,0.542659675881792,0.455910390848427
60__NQ_ONLY__xgb_d2__0.1000,2025,TRUE,60,NQ_ONLY,xgb_d2,2,0.1,0.0518315613269806,1,2263,0.109673354657362,1228,0.542642509942554,1227,0.542200618647813,0.000441891294741494,0.000883782589482987,53,183,0.0141405214317278,0.0667255855059655,775,0.342465753424658,2206,1199,0.543517679057117,57,29,0.508771929824562,0.542200618647813,0.456915598762704
60__NQ_ONLY__xgb_d2__0.0500,2025,TRUE,60,NQ_ONLY,xgb_d2,2,0.05,0.0611781358718872,1,1302,0.0630997382960163,695,0.533794162826421,702,0.539170506912442,-0.00537634408602151,0.00153609831029186,49,119,0.0230414746543779,0.098310291858679,440,0.337941628264209,1273,684,0.537313432835821,29,11,0.379310344827586,0.539170506912442,0.459293394777266
60__NQ_ONLY__xgb_d2__0.0200,2025,TRUE,60,NQ_ONLY,xgb_d2,2,0.02,0.0727747392654419,1,561,0.0271881360860715,284,0.506238859180036,290,0.516934046345811,-0.0106951871657754,0,41,65,0.0427807486631016,0.201426024955437,211,0.376114081996435,543,278,0.511970534069982,18,6,0.333333333333333,0.516934046345811,0.483065953654189
60__NQ_ONLY__xgb_d2__0.0100,2025,TRUE,60,NQ_ONLY,xgb_d2,2,0.01,0.0799006330966949,1,266,0.0128913443830571,129,0.484962406015038,134,0.503759398496241,-0.018796992481203,0,30,40,0.0789473684210526,0.338345864661654,107,0.402255639097744,251,124,0.49402390438247,15,5,0.333333333333333,0.503759398496241,0.496240601503759
60__NQ_ONLY__xgb_d2__0.0050,2025,TRUE,60,NQ_ONLY,xgb_d2,2,0.005,0.0859816706180572,1,130,0.00630028108946399,63,0.484615384615385,66,0.507692307692308,-0.0230769230769231,0,17,22,0.123076923076923,0.523076923076923,56,0.430769230769231,119,59,0.495798319327731,11,4,0.363636363636364,0.507692307692308,0.492307692307692
60__NQ_ONLY__xgb_d3__0.5000,2025,TRUE,60,NQ_ONLY,xgb_d3,3,0.5,0.0289609134197235,1,10647,0.515993021227101,5711,0.536395228702921,5693,0.534704611627689,0.00169061707523246,0.00244200244200244,53,310,0.00666854513008359,0.0311824927209543,3614,0.33943833943834,10204,5481,0.537142297138377,443,230,0.519187358916479,0.534704611627689,0.462853385930309
60__NQ_ONLY__xgb_d3__0.2000,2025,TRUE,60,NQ_ONLY,xgb_d3,3,0.2,0.0463095307350159,1,4266,0.206746147135795,2359,0.552977027660572,2332,0.546647913736521,0.00632911392405063,0.00117205813408345,53,274,0.0119549929676512,0.0534458509142054,1626,0.381153305203938,4109,2267,0.551715745923582,157,92,0.585987261146497,0.546647913736521,0.452180028129395
60__NQ_ONLY__xgb_d3__0.1000,2025,TRUE,60,NQ_ONLY,xgb_d3,3,0.1,0.0570477306842804,1,2298,0.111369584181448,1253,0.545256744995648,1240,0.539599651871192,0.00565709312445605,0.00130548302872063,53,213,0.0147954743255004,0.0661444734551784,880,0.382941688424717,2217,1206,0.543978349120433,81,47,0.580246913580247,0.539599651871192,0.459094865100087
60__NQ_ONLY__xgb_d3__0.0500,2025,TRUE,60,NQ_ONLY,xgb_d3,3,0.05,0.0670817583799362,1,1314,0.0636813027042745,685,0.52130898021309,687,0.522831050228311,-0.0015220700152207,0.00076103500761035,51,153,0.0220700152207002,0.0981735159817351,506,0.385083713850837,1270,664,0.522834645669291,44,21,0.477272727272727,0.522831050228311,0.476407914764079
60__NQ_ONLY__xgb_d3__0.0200,2025,TRUE,60,NQ_ONLY,xgb_d3,3,0.02,0.0775128197669983,1,672,0.03256760686246,362,0.538690476190476,366,0.544642857142857,-0.00595238095238095,0,49,97,0.037202380952381,0.168154761904762,276,0.410714285714286,644,350,0.543478260869565,28,12,0.428571428571429,0.544642857142857,0.455357142857143
60__NQ_ONLY__xgb_d3__0.0100,2025,TRUE,60,NQ_ONLY,xgb_d3,3,0.01,0.0849202162027357,1,385,0.0186585247649511,202,0.524675324675325,208,0.54025974025974,-0.0155844155844156,0,41,68,0.0545454545454545,0.249350649350649,170,0.441558441558442,365,195,0.534246575342466,20,7,0.35,0.54025974025974,0.45974025974026
60__NQ_ONLY__xgb_d3__0.0050,2025,TRUE,60,NQ_ONLY,xgb_d3,3,0.005,0.0926750469207763,1,192,0.00930503053213143,102,0.53125,107,0.557291666666667,-0.0260416666666667,0,31,45,0.0885416666666667,0.348958333333333,93,0.484375,179,98,0.547486033519553,13,4,0.307692307692308,0.557291666666667,0.442708333333333
60__NQ_ONLY__xgb_d4__0.5000,2025,TRUE,60,NQ_ONLY,xgb_d4,4,0.5,0.0296652615070343,1,10728,0.519918580982844,5773,0.538124533929903,5689,0.530294556301268,0.00782997762863535,0.00251677852348993,53,309,0.00680462341536167,0.0318791946308725,3705,0.345357941834452,9968,5352,0.536918138041734,760,421,0.553947368421053,0.530294556301268,0.467188665175242
60__NQ_ONLY__xgb_d4__0.2000,2025,TRUE,60,NQ_ONLY,xgb_d4,4,0.2,0.0507129669189453,1,4357,0.21115634389842,2396,0.549919669497361,2363,0.542345650677071,0.00757401882028919,0.00206564149644251,53,278,0.012393848978655,0.0530181317420243,1781,0.408767500573789,4087,2245,0.549302666992904,270,151,0.559259259259259,0.542345650677071,0.455588707826486
60__NQ_ONLY__xgb_d4__0.1000,2025,TRUE,60,NQ_ONLY,xgb_d4,4,0.1,0.0636280179023743,1,2307,0.111805757487642,1284,0.556566970091027,1271,0.550931946250542,0.00563502384048548,0.00216731686172518,53,237,0.0173385348938015,0.0715214564369311,983,0.426094495015171,2171,1210,0.557346844771995,136,74,0.544117647058824,0.550931946250542,0.446900736887733
60__NQ_ONLY__xgb_d4__0.0500,2025,TRUE,60,NQ_ONLY,xgb_d4,4,0.05,0.0750175893306732,1,1287,0.0623727827856935,697,0.541569541569542,697,0.541569541569542,0,0.00310800310800311,53,168,0.0233100233100233,0.0955710955710956,562,0.436674436674437,1207,657,0.544324772162386,80,40,0.5,0.541569541569542,0.455322455322455
60__NQ_ONLY__xgb_d4__0.0200,2025,TRUE,60,NQ_ONLY,xgb_d4,4,0.02,0.0881990456581116,1,621,0.0300959581273626,326,0.524959742351047,331,0.533011272141707,-0.00805152979066022,0,50,116,0.037037037037037,0.162640901771337,303,0.48792270531401,578,307,0.531141868512111,43,19,0.441860465116279,0.533011272141707,0.466988727858293
60__NQ_ONLY__xgb_d4__0.0100,2025,TRUE,60,NQ_ONLY,xgb_d4,4,0.01,0.0974151754379272,1,340,0.0164776582339827,177,0.520588235294118,181,0.532352941176471,-0.0117647058823529,0,41,78,0.0617647058823529,0.229411764705882,175,0.514705882352941,304,161,0.529605263157895,36,16,0.444444444444444,0.532352941176471,0.467647058823529
60__NQ_ONLY__xgb_d4__0.0050,2025,TRUE,60,NQ_ONLY,xgb_d4,4,0.005,0.106636475622654,1,175,0.0084811476204323,88,0.502857142857143,87,0.497142857142857,0.00571428571428571,0,30,50,0.108571428571429,0.371428571428571,97,0.554285714285714,154,77,0.5,21,11,0.523809523809524,0.497142857142857,0.502857142857143
60__NQ_ONLY__xgb_d5__0.5000,2025,TRUE,60,NQ_ONLY,xgb_d5,5,0.5,0.0308379232883453,1,10690,0.518076960356693,5709,0.534050514499532,5619,0.525631431244154,0.00841908325537886,0.00261927034611787,53,310,0.00720299345182414,0.0325537885874649,3803,0.355753040224509,9619,5131,0.533423432789271,1071,578,0.53968253968254,0.525631431244154,0.471749298409729
60__NQ_ONLY__xgb_d5__0.2000,2025,TRUE,60,NQ_ONLY,xgb_d5,5,0.2,0.0546723604202271,1,4316,0.209169332170205,2326,0.538924930491196,2291,0.530815569972197,0.00810936051899907,0.00162187210379981,53,286,0.0139017608897127,0.0556070435588508,1829,0.423772011121409,3959,2130,0.538014650164183,357,196,0.549019607843137,0.530815569972197,0.467562557924004
60__NQ_ONLY__xgb_d5__0.1000,2025,TRUE,60,NQ_ONLY,xgb_d5,5,0.1,0.0686367213726044,1,2344,0.113598914413105,1262,0.53839590443686,1247,0.531996587030717,0.00639931740614335,0.00127986348122867,53,244,0.0170648464163823,0.0746587030716724,1043,0.444965870307167,2171,1168,0.538000921234454,173,94,0.543352601156069,0.531996587030717,0.466723549488055
60__NQ_ONLY__xgb_d5__0.0500,2025,TRUE,60,NQ_ONLY,xgb_d5,5,0.05,0.0823105156421661,1,1233,0.0597557429485316,647,0.524736415247364,634,0.51419302514193,0.0105433901054339,0.0016220600162206,53,181,0.0251419302514193,0.10705596107056,580,0.470397404703974,1142,595,0.521015761821366,91,52,0.571428571428571,0.51419302514193,0.484184914841849
60__NQ_ONLY__xgb_d5__0.0200,2025,TRUE,60,NQ_ONLY,xgb_d5,5,0.02,0.0976468360424042,1,575,0.0278666278957061,313,0.544347826086957,309,0.537391304347826,0.00695652173913044,0,50,119,0.0469565217391304,0.184347826086957,288,0.500869565217391,533,290,0.544090056285178,42,23,0.547619047619048,0.537391304347826,0.462608695652174
60__NQ_ONLY__xgb_d5__0.0100,2025,TRUE,60,NQ_ONLY,xgb_d5,5,0.01,0.108621767759323,1,331,0.0160414849277891,178,0.537764350453172,179,0.540785498489426,-0.00302114803625378,0,46,83,0.0664652567975831,0.253776435045317,167,0.504531722054381,302,164,0.543046357615894,29,14,0.482758620689655,0.540785498489426,0.459214501510574
60__NQ_ONLY__xgb_d5__0.0050,2025,TRUE,60,NQ_ONLY,xgb_d5,5,0.005,0.118749074935913,1,185,0.00896578462731414,90,0.486486486486487,92,0.497297297297297,-0.0108108108108108,0,35,53,0.102702702702703,0.362162162162162,101,0.545945945945946,167,82,0.491017964071856,18,8,0.444444444444444,0.497297297297297,0.502702702702703
60__NQ_ES__logit__0.5000,2025,TRUE,60,NQ_ES,logit,,0.5,0.0264885264231791,1,10900,0.528254337501212,5823,0.534220183486239,5766,0.528990825688073,0.00522935779816514,0.00256880733944954,53,309,0.00724770642201835,0.0338532110091743,3822,0.350642201834862,10317,5503,0.533391489774159,583,320,0.548885077186964,0.528990825688073,0.468440366972477
60__NQ_ES__logit__0.2000,2025,TRUE,60,NQ_ES,logit,,0.2,0.0471076805080224,1,4520,0.219055927110594,2462,0.544690265486726,2429,0.537389380530973,0.00730088495575221,0.00199115044247788,53,269,0.0157079646017699,0.0657079646017699,1794,0.396902654867257,4285,2328,0.543290548424738,235,134,0.570212765957447,0.537389380530973,0.460619469026549
60__NQ_ES__logit__0.1000,2025,TRUE,60,NQ_ES,logit,,0.1,0.0613857907421311,1,2461,0.119269167393622,1369,0.556277935798456,1346,0.546932141405932,0.00934579439252336,0.0024380333197887,53,226,0.0260056887444128,0.101584721657863,991,0.402681836651768,2300,1277,0.555217391304348,161,92,0.571428571428571,0.546932141405932,0.450629825274279
60__NQ_ES__logit__0.0500,2025,TRUE,60,NQ_ES,logit,,0.05,0.0731503847344077,1,1339,0.0648928952214791,738,0.551157580283794,716,0.534727408513816,0.0164301717699776,0.00224047796863331,53,176,0.0403286034353996,0.149365197908887,577,0.43091859596714,1223,669,0.547015535568275,116,69,0.594827586206897,0.534727408513816,0.46303211351755
60__NQ_ES__logit__0.0200,2025,TRUE,60,NQ_ES,logit,,0.02,0.0861528055076212,1,629,0.0304836677328681,347,0.551669316375199,329,0.523052464228935,0.0286168521462639,0.00158982511923688,50,118,0.068362480127186,0.255961844197138,298,0.473767885532591,531,289,0.544256120527307,98,58,0.591836734693878,0.523052464228935,0.475357710651828
60__NQ_ES__logit__0.0100,2025,TRUE,60,NQ_ES,logit,,0.01,0.0958493557607433,1,341,0.0165261219346709,202,0.592375366568915,181,0.530791788856305,0.06158357771261,0,40,71,0.111436950146628,0.3841642228739,166,0.486803519061584,260,151,0.580769230769231,81,51,0.62962962962963,0.530791788856305,0.469208211143695
60__NQ_ES__logit__0.0050,2025,TRUE,60,NQ_ES,logit,,0.005,0.104850404424924,1,198,0.00959581273626054,118,0.595959595959596,96,0.484848484848485,0.111111111111111,0,32,48,0.186868686868687,0.565656565656566,104,0.525252525252525,128,72,0.5625,70,46,0.657142857142857,0.484848484848485,0.515151515151515
60__NQ_ES__ranger__0.5000,2025,TRUE,60,NQ_ES,ranger,,0.5,0.0261840248966233,1,10692,0.518173887758069,5752,0.537972315750094,5753,0.538065843621399,-9.35278713056491e-05,0.00187055742611298,53,308,0.00673400673400673,0.0316124205013094,3554,0.332398054620277,10513,5663,0.538666413012461,179,89,0.497206703910615,0.538065843621399,0.460063598952488
60__NQ_ES__ranger__0.2000,2025,TRUE,60,NQ_ES,ranger,,0.2,0.0378447020365964,1,4480,0.217117379083067,2447,0.546205357142857,2448,0.546428571428571,-0.000223214285714286,0.00178571428571429,53,263,0.00915178571428572,0.0441964285714286,1685,0.376116071428571,4407,2411,0.547084184252326,73,36,0.493150684931507,0.546428571428571,0.451785714285714
60__NQ_ES__ranger__0.1000,2025,TRUE,60,NQ_ES,ranger,,0.1,0.0443200646186466,1,2378,0.115246680236503,1270,0.534062237174096,1262,0.530698065601346,0.00336417157275021,0.00126156433978133,53,202,0.0126156433978133,0.0597140454163162,854,0.359125315391085,2338,1246,0.532934131736527,40,24,0.6,0.530698065601346,0.468040370058873
60__NQ_ES__ranger__0.0500,2025,TRUE,60,NQ_ES,ranger,,0.05,0.055803529083201,1,1383,0.0670252980517592,735,0.531453362255965,735,0.531453362255965,0,0.00144613159797542,50,140,0.0187997107736804,0.0911062906724512,486,0.351409978308026,1363,725,0.531914893617021,20,10,0.5,0.531453362255965,0.467100506146059
60__NQ_ES__ranger__0.0200,2025,TRUE,60,NQ_ES,ranger,,0.02,0.070386606170367,1,645,0.031259086943879,337,0.522480620155039,336,0.52093023255814,0.00155038759689922,0.00310077519379845,44,87,0.0356589147286822,0.165891472868217,244,0.378294573643411,640,334,0.521875,5,3,0.6,0.52093023255814,0.475968992248062
60__NQ_ES__ranger__0.0100,2025,TRUE,60,NQ_ES,ranger,,0.01,0.0781591676963926,1,393,0.0190462343704565,209,0.531806615776081,208,0.529262086513995,0.00254452926208651,0,38,59,0.0585241730279898,0.254452926208651,156,0.396946564885496,390,207,0.530769230769231,3,2,0.666666666666667,0.529262086513995,0.470737913486005
60__NQ_ES__ranger__0.0050,2025,TRUE,60,NQ_ES,ranger,,0.005,0.0844284140347052,1,250,0.0121159251720461,142,0.568,143,0.572,-0.004,0,32,46,0.076,0.328,109,0.436,249,142,0.570281124497992,1,0,0,0.572,0.428
60__NQ_ES__xgb_d2__0.5000,2025,TRUE,60,NQ_ES,xgb_d2,2,0.5,0.026974618434906,1,10525,0.510080449743142,5662,0.537957244655582,5650,0.536817102137767,0.00114014251781473,0.00228028503562945,53,307,0.00665083135391924,0.0319239904988124,3518,0.334251781472684,10264,5526,0.538386593920499,261,136,0.521072796934866,0.536817102137767,0.460902612826603
60__NQ_ES__xgb_d2__0.2000,2025,TRUE,60,NQ_ES,xgb_d2,2,0.2,0.0425092458724976,1,4230,0.205001453911021,2314,0.547044917257683,2292,0.541843971631206,0.00520094562647754,0.00212765957446809,53,268,0.0139479905437352,0.0508274231678487,1593,0.376595744680851,4148,2262,0.545323047251688,82,52,0.634146341463415,0.541843971631206,0.456028368794326
60__NQ_ES__xgb_d2__0.1000,2025,TRUE,60,NQ_ES,xgb_d2,2,0.1,0.0517861306667328,1,2379,0.115295143937191,1292,0.543085329970576,1274,0.53551912568306,0.00756620428751576,0.00210172341319882,53,194,0.0201765447667087,0.0748213535098781,847,0.356031946195881,2325,1256,0.540215053763441,54,36,0.666666666666667,0.53551912568306,0.462379150903741
60__NQ_ES__xgb_d2__0.0500,2025,TRUE,60,NQ_ES,xgb_d2,2,0.05,0.061289593577385,1,1441,0.0698361926916739,789,0.547536433032616,777,0.539208882720333,0.00832755031228314,0.00208188757807078,51,134,0.0229007633587786,0.0978487161693269,487,0.337959750173491,1397,761,0.544738725841088,44,28,0.636363636363636,0.539208882720333,0.458709229701596
60__NQ_ES__xgb_d2__0.0200,2025,TRUE,60,NQ_ES,xgb_d2,2,0.02,0.0711727356910706,1,761,0.0368808762237084,418,0.549277266754271,412,0.541392904073588,0.00788436268068331,0.0026281208935611,43,81,0.0354796320630749,0.161629434954008,284,0.373193166885677,733,401,0.547066848567531,28,17,0.607142857142857,0.541392904073588,0.455978975032852
60__NQ_ES__xgb_d2__0.0100,2025,TRUE,60,NQ_ES,xgb_d2,2,0.01,0.0771716159582138,1,476,0.0230687215275758,271,0.569327731092437,271,0.569327731092437,0,0,35,50,0.0525210084033613,0.25,181,0.380252100840336,456,261,0.572368421052632,20,10,0.5,0.569327731092437,0.430672268907563
60__NQ_ES__xgb_d2__0.0050,2025,TRUE,60,NQ_ES,xgb_d2,2,0.005,0.0831189054250715,1,302,0.0146360376078317,166,0.549668874172185,168,0.556291390728477,-0.00662251655629139,0,26,35,0.0827814569536424,0.357615894039735,121,0.400662251655629,294,163,0.554421768707483,8,3,0.375,0.556291390728477,0.443708609271523
60__NQ_ES__xgb_d3__0.5000,2025,TRUE,60,NQ_ES,xgb_d3,3,0.5,0.0276851356029511,1,10746,0.520790927595231,5751,0.535175879396985,5723,0.532570258700912,0.00260562069607296,0.00232644705006514,53,307,0.00642099385817979,0.0309882747068677,3646,0.3392890377815,10181,5456,0.535900206266575,565,295,0.52212389380531,0.532570258700912,0.465103294249023
60__NQ_ES__xgb_d3__0.2000,2025,TRUE,60,NQ_ES,xgb_d3,3,0.2,0.0463039517402649,1,4449,0.215615004361733,2464,0.553832321870083,2433,0.546864463924477,0.00696785794560575,0.00202292650033715,53,276,0.0101146325016858,0.0476511575634974,1747,0.392672510676557,4288,2368,0.552238805970149,161,96,0.596273291925466,0.546864463924477,0.451112609575185
60__NQ_ES__xgb_d3__0.1000,2025,TRUE,60,NQ_ES,xgb_d3,3,0.1,0.0570701122283936,1,2468,0.119608413298439,1354,0.548622366288493,1329,0.538492706645057,0.010129659643436,0.00162074554294976,53,235,0.0149918962722853,0.0688816855753647,998,0.404376012965964,2379,1297,0.545187053383775,89,57,0.640449438202247,0.538492706645057,0.459886547811994
60__NQ_ES__xgb_d3__0.0500,2025,TRUE,60,NQ_ES,xgb_d3,3,0.05,0.0673231393098831,1,1406,0.0681399631675875,768,0.546230440967283,756,0.537695590327169,0.0085348506401138,0.00213371266002845,50,163,0.0227596017069701,0.104551920341394,563,0.400426742532006,1346,732,0.543833580980683,60,36,0.6,0.537695590327169,0.460170697012802
60__NQ_ES__xgb_d3__0.0200,2025,TRUE,60,NQ_ES,xgb_d3,3,0.02,0.0797718524932861,1,706,0.0342153726858583,377,0.533994334277621,373,0.528328611898017,0.0056657223796034,0,46,102,0.0339943342776204,0.164305949008499,296,0.419263456090652,672,358,0.532738095238095,34,19,0.558823529411765,0.528328611898017,0.471671388101983
60__NQ_ES__xgb_d3__0.0100,2025,TRUE,60,NQ_ES,xgb_d3,3,0.01,0.0877738803625104,1,418,0.0202578268876611,234,0.559808612440191,229,0.547846889952153,0.0119617224880383,0,37,64,0.0574162679425837,0.255980861244019,181,0.433014354066986,395,220,0.556962025316456,23,14,0.608695652173913,0.547846889952153,0.452153110047847
60__NQ_ES__xgb_d3__0.0050,2025,TRUE,60,NQ_ES,xgb_d3,3,0.005,0.0950974258780479,1,262,0.0126974895803044,149,0.568702290076336,145,0.553435114503817,0.0152671755725191,0,21,37,0.0801526717557252,0.362595419847328,108,0.412213740458015,244,138,0.565573770491803,18,11,0.611111111111111,0.553435114503817,0.446564885496183
60__NQ_ES__xgb_d4__0.5000,2025,TRUE,60,NQ_ES,xgb_d4,4,0.5,0.0286678075790405,1,10833,0.525007269555103,5811,0.536416505123235,5803,0.53567802086218,0.000738484261054186,0.00230776331579433,53,312,0.0065540478168559,0.0312009600295394,3795,0.35031847133758,9885,5335,0.539706626201315,948,476,0.50210970464135,0.53567802086218,0.462014215822025
60__NQ_ES__xgb_d4__0.2000,2025,TRUE,60,NQ_ES,xgb_d4,4,0.2,0.0488642573356628,1,4595,0.222690704662208,2499,0.543852013057671,2484,0.540587595212187,0.00326441784548422,0.00282916213275299,53,287,0.00979325353645267,0.0467899891186072,1929,0.419804134929271,4313,2352,0.545328077904011,282,147,0.521276595744681,0.540587595212187,0.45658324265506
60__NQ_ES__xgb_d4__0.1000,2025,TRUE,60,NQ_ES,xgb_d4,4,0.1,0.0616440027952195,1,2491,0.120723078414268,1372,0.550782818145323,1356,0.544359694901646,0.00642312324367724,0.00281011641910879,53,255,0.0160578081091931,0.0706543556804496,1117,0.448414291449217,2363,1301,0.550571307659755,128,71,0.5546875,0.544359694901646,0.452830188679245
60__NQ_ES__xgb_d4__0.0500,2025,TRUE,60,NQ_ES,xgb_d4,4,0.05,0.0731109440326691,1,1345,0.0651836774256082,725,0.539033457249071,726,0.539776951672863,-0.000743494423791822,0.00297397769516729,53,188,0.0237918215613383,0.107806691449814,607,0.451301115241636,1281,694,0.54176424668228,64,31,0.484375,0.539776951672863,0.45724907063197
60__NQ_ES__xgb_d4__0.0200,2025,TRUE,60,NQ_ES,xgb_d4,4,0.02,0.0869897568225861,1,708,0.0343123000872347,390,0.550847457627119,398,0.562146892655367,-0.0112994350282486,0,50,118,0.0395480225988701,0.176553672316384,304,0.429378531073446,676,378,0.559171597633136,32,12,0.375,0.562146892655367,0.437853107344633
60__NQ_ES__xgb_d4__0.0100,2025,TRUE,60,NQ_ES,xgb_d4,4,0.01,0.0972879451513286,1,413,0.0200155083842202,235,0.569007263922518,240,0.581113801452784,-0.0121065375302663,0,41,76,0.0677966101694915,0.256658595641647,185,0.447941888619855,394,228,0.578680203045685,19,7,0.368421052631579,0.581113801452784,0.418886198547215
60__NQ_ES__xgb_d4__0.0050,2025,TRUE,60,NQ_ES,xgb_d4,4,0.005,0.105906131565571,1,287,0.013909082097509,163,0.56794425087108,166,0.578397212543554,-0.0104529616724739,0,32,46,0.0801393728222996,0.320557491289199,126,0.439024390243902,274,158,0.576642335766423,13,5,0.384615384615385,0.578397212543554,0.421602787456446
60__NQ_ES__xgb_d5__0.5000,2025,TRUE,60,NQ_ES,xgb_d5,5,0.5,0.0298081040382385,1,10845,0.525588833963361,5793,0.534163208852006,5809,0.535638543107423,-0.00147533425541724,0.00258183494698018,53,311,0.00627017058552328,0.0306131857999078,3856,0.355555555555556,9551,5157,0.539943461417653,1294,636,0.491499227202473,0.535638543107423,0.461779621945597
60__NQ_ES__xgb_d5__0.2000,2025,TRUE,60,NQ_ES,xgb_d5,5,0.2,0.0533168196678162,1,4551,0.220558301831928,2493,0.547791694133158,2458,0.540101076686443,0.00769061744671501,0.003076246978686,53,294,0.01098659635245,0.0487804878048781,1987,0.436607339046364,4142,2273,0.548768710767745,409,220,0.537897310513448,0.540101076686443,0.456822676334871
60__NQ_ES__xgb_d5__0.1000,2025,TRUE,60,NQ_ES,xgb_d5,5,0.1,0.0667460262775421,1,2493,0.120820005815644,1398,0.560770156438027,1380,0.553549939831528,0.0072202166064982,0.00280786201363819,53,255,0.0160449257922182,0.0697954271961492,1187,0.476133172884075,2279,1283,0.562966213251426,214,115,0.537383177570094,0.553549939831528,0.443642198154834
60__NQ_ES__xgb_d5__0.0500,2025,TRUE,60,NQ_ES,xgb_d5,5,0.05,0.0790012210607528,1,1394,0.0675583987593293,781,0.56025824964132,767,0.550215208034433,0.0100430416068867,0.00143472022955524,53,200,0.0258249641319943,0.106886657101865,691,0.495695839311334,1271,713,0.560975609756098,123,68,0.552845528455285,0.550215208034433,0.448350071736011
60__NQ_ES__xgb_d5__0.0200,2025,TRUE,60,NQ_ES,xgb_d5,5,0.02,0.0934135484695435,1,673,0.0326160705631482,370,0.549777117384844,363,0.539375928677563,0.0104011887072808,0.00148588410104012,52,145,0.0475482912332838,0.179791976225854,347,0.515601783060921,614,337,0.54885993485342,59,33,0.559322033898305,0.539375928677563,0.459138187221397
60__NQ_ES__xgb_d5__0.0100,2025,TRUE,60,NQ_ES,xgb_d5,5,0.01,0.104339363574982,1,408,0.0197731898807793,232,0.568627450980392,221,0.541666666666667,0.0269607843137255,0.00245098039215686,43,90,0.0686274509803922,0.262254901960784,204,0.5,369,207,0.560975609756098,39,25,0.641025641025641,0.541666666666667,0.455882352941176
60__NQ_ES__xgb_d5__0.0050,2025,TRUE,60,NQ_ES,xgb_d5,5,0.005,0.113913713693619,1,277,0.0134244450906271,155,0.55956678700361,148,0.534296028880867,0.0252707581227437,0,33,58,0.0902527075812274,0.332129963898917,136,0.490974729241877,250,138,0.552,27,17,0.62962962962963,0.534296028880867,0.465703971119134
