candidate_id,fold,full_year,horizon,feature_set,model_id,xgb_depth,target_coverage,confidence_cutoff,base_side,selected_n,coverage,wins,win_rate,base_wins,baseline_wr,edge,flat_rate,active_weeks,unique_days,top_day_share,top5_day_share,nonoverlap_n,nonoverlap_fraction,long_n,long_wins,long_wr,short_n,short_wins,short_wr,up_only_wr,down_only_wr
1__NQ_ONLY__logit__0.5000,2023,TRUE,1,NQ_ONLY,logit,,0.5,0.0376111399977132,1,10490,0.489637789395071,5544,0.528503336510963,5038,0.480266920877026,0.0482364156339371,0.0396568160152526,52,310,0.00552907530981888,0.0258341277407054,10490,1,6081,3170,0.521295839500082,4409,2374,0.538444091630755,0.480266920877026,0.480076263107722
1__NQ_ONLY__logit__0.2000,2023,TRUE,1,NQ_ONLY,logit,,0.2,0.0677226951314623,1,3786,0.176717699775952,2056,0.543053354463814,1765,0.466191230850502,0.0768621236133122,0.0398837823560486,52,310,0.00818806127839408,0.03486529318542,3786,1,2252,1169,0.519094138543517,1534,887,0.578226857887875,0.466191230850502,0.49392498679345
1__NQ_ONLY__logit__0.1000,2023,TRUE,1,NQ_ONLY,logit,,0.1,0.0847040943042999,1,1671,0.0779966392830471,925,0.553560742070617,773,0.462597247157391,0.0909634949132256,0.0311190903650509,52,293,0.0101735487731897,0.0466786355475763,1671,1,956,500,0.523012552301255,715,425,0.594405594405594,0.462597247157391,0.506283662477558
1__NQ_ONLY__logit__0.0500,2023,TRUE,1,NQ_ONLY,logit,,0.05,0.0984518933392211,1,735,0.0343073188946975,408,0.555102040816327,352,0.47891156462585,0.0761904761904762,0.0285714285714286,52,259,0.0136054421768707,0.0625850340136055,735,1,372,204,0.548387096774194,363,204,0.56198347107438,0.47891156462585,0.492517006802721
1__NQ_ONLY__logit__0.0200,2023,TRUE,1,NQ_ONLY,logit,,0.02,0.114830685943616,1,215,0.0100354742345034,111,0.516279069767442,110,0.511627906976744,0.00465116279069768,0.0186046511627907,50,142,0.027906976744186,0.102325581395349,215,1,98,53,0.540816326530612,117,58,0.495726495726496,0.511627906976744,0.469767441860465
1__NQ_ONLY__logit__0.0100,2023,TRUE,1,NQ_ONLY,logit,,0.01,0.125593642158546,1,77,0.0035941000746826,43,0.558441558441558,37,0.480519480519481,0.0779220779220779,0.038961038961039,38,60,0.038961038961039,0.168831168831169,77,1,37,21,0.567567567567568,40,22,0.55,0.480519480519481,0.480519480519481
1__NQ_ONLY__logit__0.0050,2023,TRUE,1,NQ_ONLY,logit,,0.005,0.133623250229741,1,30,0.00140029873039582,20,0.666666666666667,13,0.433333333333333,0.233333333333333,0,19,23,0.1,0.366666666666667,30,1,15,9,0.6,15,11,0.733333333333333,0.433333333333333,0.566666666666667
1__NQ_ONLY__ranger__0.5000,2023,TRUE,1,NQ_ONLY,ranger,,0.5,0.0259521582298698,1,11276,0.526325616131441,5890,0.522348350478893,5377,0.476853494146861,0.0454948563320326,0.0386661936857041,52,310,0.00532103582830791,0.0251862362539908,11276,1,6971,3566,0.511547841055803,4305,2324,0.539837398373984,0.476853494146861,0.484480312167435
1__NQ_ONLY__ranger__0.2000,2023,TRUE,1,NQ_ONLY,ranger,,0.2,0.0491942353619894,1,4976,0.23226288274832,2684,0.539389067524116,2359,0.474075562700965,0.0653135048231511,0.0407958199356913,52,310,0.00643086816720257,0.0303456591639871,4976,1,3259,1697,0.520711874808223,1717,987,0.574839836924869,0.474075562700965,0.485128617363344
1__NQ_ONLY__ranger__0.1000,2023,TRUE,1,NQ_ONLY,ranger,,0.1,0.0606325846208801,1,2844,0.132748319641524,1541,0.541842475386779,1360,0.478199718706048,0.0636427566807314,0.0365682137834037,52,308,0.0070323488045007,0.0330520393811533,2844,1,1889,989,0.523557437797777,955,552,0.578010471204189,0.478199718706048,0.485232067510549
1__NQ_ONLY__ranger__0.0500,2023,TRUE,1,NQ_ONLY,ranger,,0.05,0.070702117432091,1,1567,0.0731422703510082,857,0.546904913848118,746,0.476068921506063,0.0708359923420549,0.0382897255902999,52,292,0.00957243139757498,0.0421186981493299,1567,1,1012,534,0.527667984189723,555,323,0.581981981981982,0.476068921506063,0.485641352903638
1__NQ_ONLY__ranger__0.0200,2023,TRUE,1,NQ_ONLY,ranger,,0.02,0.0832493840611939,1,616,0.0287528005974608,342,0.555194805194805,271,0.439935064935065,0.11525974025974,0.0405844155844156,52,241,0.0146103896103896,0.0616883116883117,616,1,323,167,0.51702786377709,293,175,0.597269624573379,0.439935064935065,0.51948051948052
1__NQ_ONLY__ranger__0.0100,2023,TRUE,1,NQ_ONLY,ranger,,0.01,0.0934626499786525,1,274,0.0127893950709485,154,0.562043795620438,123,0.448905109489051,0.113138686131387,0.0437956204379562,52,167,0.0182481751824818,0.0802919708029197,274,1,108,60,0.555555555555556,166,94,0.566265060240964,0.448905109489051,0.507299270072993
1__NQ_ONLY__ranger__0.0050,2023,TRUE,1,NQ_ONLY,ranger,,0.005,0.102326418982804,1,127,0.00592793129200896,66,0.519685039370079,59,0.464566929133858,0.0551181102362205,0.047244094488189,46,99,0.031496062992126,0.133858267716535,127,1,45,24,0.533333333333333,82,42,0.51219512195122,0.464566929133858,0.488188976377953
1__NQ_ONLY__xgb_d2__0.5000,2023,TRUE,1,NQ_ONLY,xgb_d2,2,0.5,0.0307148098945618,1,11043,0.515449962658701,5875,0.532011228832745,5301,0.480032599837001,0.0519786289957439,0.0384859186815177,52,310,0.00507108575568233,0.0249026532645115,11043,1,6461,3387,0.524222256616623,4582,2488,0.542994325621999,0.480032599837001,0.481481481481482
1__NQ_ONLY__xgb_d2__0.2000,2023,TRUE,1,NQ_ONLY,xgb_d2,2,0.2,0.0578748226165772,1,4546,0.212191934279313,2494,0.548614166300044,2153,0.473603167619886,0.0750109986801584,0.0395952485701716,52,310,0.00637923449186098,0.0294764628244611,4546,1,2769,1467,0.529794149512459,1777,1027,0.577940348902645,0.473603167619886,0.486801583809943
1__NQ_ONLY__xgb_d2__0.1000,2023,TRUE,1,NQ_ONLY,xgb_d2,2,0.1,0.0725750923156738,1,2348,0.109596713965646,1302,0.554514480408859,1105,0.4706132879046,0.0839011925042589,0.0362010221465077,52,303,0.00809199318568995,0.0357751277683135,2348,1,1465,777,0.53037542662116,883,525,0.594563986409966,0.4706132879046,0.493185689948893
1__NQ_ONLY__xgb_d2__0.0500,2023,TRUE,1,NQ_ONLY,xgb_d2,2,0.05,0.0837504744529724,1,1201,0.0560586258401792,650,0.541215653621982,552,0.459616985845129,0.0815986677768526,0.0324729392173189,52,284,0.00999167360532889,0.0466278101582015,1201,1,742,379,0.51078167115903,459,271,0.59041394335512,0.459616985845129,0.507910074937552
1__NQ_ONLY__xgb_d2__0.0200,2023,TRUE,1,NQ_ONLY,xgb_d2,2,0.02,0.0966584610939025,1,477,0.0222647498132935,276,0.578616352201258,215,0.450733752620545,0.127882599580713,0.0356394129979036,52,224,0.0125786163522013,0.0628930817610063,477,1,253,138,0.545454545454545,224,138,0.616071428571429,0.450733752620545,0.513626834381551
1__NQ_ONLY__xgb_d2__0.0100,2023,TRUE,1,NQ_ONLY,xgb_d2,2,0.01,0.105121173858643,1,246,0.0114824495892457,138,0.560975609756098,108,0.439024390243902,0.121951219512195,0.040650406504065,52,156,0.0203252032520325,0.0853658536585366,246,1,106,57,0.537735849056604,140,81,0.578571428571429,0.439024390243902,0.520325203252033
1__NQ_ONLY__xgb_d2__0.0050,2023,TRUE,1,NQ_ONLY,xgb_d2,2,0.005,0.112431120872498,1,129,0.00602128454070202,71,0.550387596899225,62,0.48062015503876,0.0697674418604651,0.0465116279069768,48,99,0.0232558139534884,0.0930232558139535,129,1,53,31,0.584905660377359,76,40,0.526315789473684,0.48062015503876,0.472868217054264
1__NQ_ONLY__xgb_d3__0.5000,2023,TRUE,1,NQ_ONLY,xgb_d3,3,0.5,0.0313706398010254,1,11157,0.520771097834205,5929,0.531415254996863,5382,0.482387738639419,0.0490275163574438,0.0391682351886708,52,310,0.00501927041319351,0.0247378327507394,11157,1,6542,3442,0.52613879547539,4615,2487,0.538894907908992,0.482387738639419,0.47844402617191
1__NQ_ONLY__xgb_d3__0.2000,2023,TRUE,1,NQ_ONLY,xgb_d3,3,0.2,0.0602934122085571,1,4703,0.219520164301718,2567,0.545821815862216,2214,0.47076334254731,0.0750584733149054,0.042738677439932,52,310,0.00637890708058686,0.0301934935147778,4703,1,2780,1469,0.52841726618705,1923,1098,0.570982839313573,0.47076334254731,0.486497980012758
1__NQ_ONLY__xgb_d3__0.1000,2023,TRUE,1,NQ_ONLY,xgb_d3,3,0.1,0.0767382502555847,1,2362,0.110250186706497,1298,0.549534292972058,1095,0.463590177815411,0.0859441151566469,0.0385266723116003,52,305,0.00762066045723963,0.0355630821337849,2362,1,1405,737,0.524555160142349,957,561,0.586206896551724,0.463590177815411,0.497883149872989
1__NQ_ONLY__xgb_d3__0.0500,2023,TRUE,1,NQ_ONLY,xgb_d3,3,0.05,0.0898249626159668,1,1209,0.0564320388349515,681,0.563275434243176,556,0.459884201819686,0.103391232423491,0.0372208436724566,52,286,0.0115798180314309,0.0488006617038875,1209,1,700,372,0.531428571428572,509,309,0.607072691552063,0.459884201819686,0.502894954507858
1__NQ_ONLY__xgb_d3__0.0200,2023,TRUE,1,NQ_ONLY,xgb_d3,3,0.02,0.106244511604309,1,480,0.0224047796863331,269,0.560416666666667,208,0.433333333333333,0.127083333333333,0.0333333333333333,52,219,0.01875,0.0770833333333333,480,1,249,128,0.514056224899598,231,141,0.61038961038961,0.433333333333333,0.533333333333333
1__NQ_ONLY__xgb_d3__0.0100,2023,TRUE,1,NQ_ONLY,xgb_d3,3,0.01,0.119601032733917,1,206,0.00961538461538462,119,0.577669902912621,95,0.461165048543689,0.116504854368932,0.0485436893203884,52,139,0.0242718446601942,0.101941747572816,206,1,92,54,0.586956521739131,114,65,0.570175438596491,0.461165048543689,0.490291262135922
1__NQ_ONLY__xgb_d3__0.0050,2023,TRUE,1,NQ_ONLY,xgb_d3,3,0.005,0.133268694281579,1,95,0.00443427931292009,56,0.589473684210526,50,0.526315789473684,0.0631578947368421,0.0315789473684211,48,83,0.0315789473684211,0.126315789473684,95,1,44,29,0.659090909090909,51,27,0.529411764705882,0.526315789473684,0.442105263157895
1__NQ_ONLY__xgb_d4__0.5000,2023,TRUE,1,NQ_ONLY,xgb_d4,4,0.5,0.0323384404182434,1,11215,0.523478342046303,5962,0.531609451627285,5407,0.482122157824342,0.0494872938029425,0.0400356665180562,52,310,0.0050824788230049,0.0248773963441819,11215,1,6650,3498,0.526015037593985,4565,2464,0.539759036144578,0.482122157824342,0.477842175657601
1__NQ_ONLY__xgb_d4__0.2000,2023,TRUE,1,NQ_ONLY,xgb_d4,4,0.2,0.0631876826286316,1,4699,0.219333457804332,2583,0.549691423707172,2203,0.468823153862524,0.0808682698446478,0.041285379868057,52,310,0.00617152585656523,0.0295807618642264,4699,1,2773,1468,0.529390551749008,1926,1115,0.578920041536864,0.468823153862524,0.489891466269419
1__NQ_ONLY__xgb_d4__0.1000,2023,TRUE,1,NQ_ONLY,xgb_d4,4,0.1,0.0806556940078735,1,2399,0.111977221807319,1307,0.544810337640684,1116,0.465193830762818,0.0796165068778658,0.0400166736140058,52,305,0.0070862859524802,0.0341809087119633,2399,1,1411,737,0.522324592487597,988,570,0.576923076923077,0.465193830762818,0.494789495623176
1__NQ_ONLY__xgb_d4__0.0500,2023,TRUE,1,NQ_ONLY,xgb_d4,4,0.05,0.0952687978744507,1,1262,0.0589058999253174,707,0.560221870047544,572,0.45324881141046,0.106973058637084,0.0316957210776545,52,289,0.0103011093502377,0.0467511885895404,1262,1,711,373,0.524613220815752,551,334,0.606170598911071,0.45324881141046,0.515055467511886
1__NQ_ONLY__xgb_d4__0.0200,2023,TRUE,1,NQ_ONLY,xgb_d4,4,0.02,0.114825308322906,1,468,0.0218446601941748,260,0.555555555555556,201,0.429487179487179,0.126068376068376,0.0341880341880342,52,231,0.0192307692307692,0.0747863247863248,468,1,222,113,0.509009009009009,246,147,0.597560975609756,0.429487179487179,0.536324786324786
1__NQ_ONLY__xgb_d4__0.0100,2023,TRUE,1,NQ_ONLY,xgb_d4,4,0.01,0.130835473537445,1,183,0.00854182225541449,105,0.573770491803279,92,0.502732240437159,0.0710382513661202,0.0327868852459016,52,129,0.0218579234972678,0.109289617486339,183,1,78,48,0.615384615384615,105,57,0.542857142857143,0.502732240437159,0.46448087431694
1__NQ_ONLY__xgb_d4__0.0050,2023,TRUE,1,NQ_ONLY,xgb_d4,4,0.005,0.149424749612808,1,61,0.00284727408513816,37,0.60655737704918,33,0.540983606557377,0.0655737704918033,0.0327868852459016,37,54,0.0491803278688525,0.180327868852459,61,1,21,16,0.761904761904762,40,21,0.525,0.540983606557377,0.426229508196721
1__NQ_ONLY__xgb_d5__0.5000,2023,TRUE,1,NQ_ONLY,xgb_d5,5,0.5,0.0349676609039307,1,10953,0.511249066467513,5842,0.533369853008308,5272,0.481329316169086,0.0520405368392221,0.0399890440975075,52,310,0.00547795124623391,0.0253811741075504,10953,1,6463,3407,0.527154572180102,4490,2435,0.542316258351893,0.481329316169086,0.478681639733406
1__NQ_ONLY__xgb_d5__0.2000,2023,TRUE,1,NQ_ONLY,xgb_d5,5,0.2,0.0676031529903412,1,4466,0.208457804331591,2426,0.543215405284371,2070,0.463502015226153,0.0797133900582177,0.0382892969099866,52,310,0.00694133452754142,0.0311240483654277,4466,1,2648,1374,0.518882175226586,1818,1052,0.578657865786579,0.463502015226153,0.49820868786386
1__NQ_ONLY__xgb_d5__0.1000,2023,TRUE,1,NQ_ONLY,xgb_d5,5,0.1,0.086182701587677,1,2252,0.105115758028379,1249,0.55461811722913,1067,0.473801065719361,0.0808170515097691,0.0368561278863233,52,304,0.00754884547069272,0.0373001776198934,2252,1,1330,711,0.534586466165414,922,538,0.58351409978308,0.473801065719361,0.489342806394316
1__NQ_ONLY__xgb_d5__0.0500,2023,TRUE,1,NQ_ONLY,xgb_d5,5,0.05,0.102266806364059,1,1141,0.0532580283793876,634,0.555652936021034,525,0.460122699386503,0.0955302366345311,0.0315512708150745,52,283,0.0105170902716915,0.0482033304119194,1141,1,661,347,0.524962178517398,480,287,0.597916666666667,0.460122699386503,0.508326029798423
1__NQ_ONLY__xgb_d5__0.0200,2023,TRUE,1,NQ_ONLY,xgb_d5,5,0.02,0.122453683614731,1,408,0.0190440627333831,234,0.573529411764706,185,0.45343137254902,0.120098039215686,0.0367647058823529,52,208,0.0147058823529412,0.0661764705882353,408,1,223,121,0.542600896860987,185,113,0.610810810810811,0.45343137254902,0.509803921568627
1__NQ_ONLY__xgb_d5__0.0100,2023,TRUE,1,NQ_ONLY,xgb_d5,5,0.01,0.139754385948181,1,157,0.00732823002240478,95,0.605095541401274,83,0.528662420382166,0.0764331210191083,0.0191082802547771,50,119,0.0191082802547771,0.0955414012738854,157,1,84,53,0.630952380952381,73,42,0.575342465753425,0.528662420382166,0.452229299363057
1__NQ_ONLY__xgb_d5__0.0050,2023,TRUE,1,NQ_ONLY,xgb_d5,5,0.005,0.156832112073898,1,65,0.00303398058252427,41,0.630769230769231,36,0.553846153846154,0.0769230769230769,0.0307692307692308,38,59,0.0461538461538462,0.169230769230769,65,1,35,24,0.685714285714286,30,17,0.566666666666667,0.553846153846154,0.415384615384615
1__NQ_ES__logit__0.5000,2023,TRUE,1,NQ_ES,logit,,0.5,0.0371451770670179,1,10501,0.490151232262883,5539,0.527473573945339,5024,0.4784306256547,0.049042948290639,0.0406627940196172,52,310,0.0053328254451957,0.0251404628130654,10501,1,5796,3019,0.52087646652864,4705,2520,0.535600425079702,0.4784306256547,0.480906580325683
1__NQ_ES__logit__0.2000,2023,TRUE,1,NQ_ES,logit,,0.2,0.0676924991822228,1,3773,0.176110903659447,2038,0.540153723827193,1751,0.464086933474689,0.0760667903525046,0.0379008746355685,52,308,0.00742115027829314,0.0347203816591572,3773,1,2126,1098,0.516462841015993,1647,940,0.570734669095325,0.464086933474689,0.498012191889743
1__NQ_ES__logit__0.1000,2023,TRUE,1,NQ_ES,logit,,0.1,0.0846720867233291,1,1708,0.0797236743838686,940,0.550351288056206,804,0.470725995316159,0.0796252927400469,0.0322014051522248,52,297,0.00995316159250586,0.0468384074941452,1708,1,934,494,0.528907922912206,774,446,0.576227390180879,0.470725995316159,0.497072599531616
1__NQ_ES__logit__0.0500,2023,TRUE,1,NQ_ES,logit,,0.05,0.0993657940505473,1,715,0.033373786407767,401,0.560839160839161,338,0.472727272727273,0.0881118881118881,0.0237762237762238,52,262,0.0167832167832168,0.0713286713286713,715,1,338,185,0.547337278106509,377,216,0.572944297082228,0.472727272727273,0.503496503496504
1__NQ_ES__logit__0.0200,2023,TRUE,1,NQ_ES,logit,,0.02,0.116725462881554,1,191,0.00891523525018671,112,0.586387434554974,98,0.513089005235602,0.0732984293193717,0.0157068062827225,51,123,0.031413612565445,0.115183246073298,191,1,80,51,0.6375,111,61,0.54954954954955,0.513089005235602,0.471204188481675
1__NQ_ES__logit__0.0100,2023,TRUE,1,NQ_ES,logit,,0.01,0.126936980217924,1,70,0.00326736370425691,41,0.585714285714286,31,0.442857142857143,0.142857142857143,0.0142857142857143,36,54,0.0428571428571429,0.185714285714286,70,1,23,13,0.565217391304348,47,28,0.595744680851064,0.442857142857143,0.542857142857143
1__NQ_ES__logit__0.0050,2023,TRUE,1,NQ_ES,logit,,0.005,0.138426347566303,1,18,0.000840179238237491,10,0.555555555555556,10,0.555555555555556,0,0,13,15,0.111111111111111,0.444444444444444,18,1,6,4,0.666666666666667,12,6,0.5,0.555555555555556,0.444444444444444
1__NQ_ES__ranger__0.5000,2023,TRUE,1,NQ_ES,ranger,,0.5,0.0261582308845639,1,11029,0.514796489917849,5802,0.526067639858555,5264,0.477287152053677,0.0487804878048781,0.0393508024299574,52,310,0.00544020310091577,0.0252969444192583,11029,1,6790,3501,0.515611192930781,4239,2301,0.542816702052371,0.477287152053677,0.483362045516366
1__NQ_ES__ranger__0.2000,2023,TRUE,1,NQ_ES,ranger,,0.2,0.0492941487885693,1,4597,0.214572442120986,2484,0.540352403741571,2197,0.477920382858386,0.0624320208831847,0.036763106373722,52,310,0.00587339569284316,0.0293669784642158,4597,1,2972,1556,0.523553162853298,1625,928,0.571076923076923,0.477920382858386,0.485316510767892
1__NQ_ES__ranger__0.1000,2023,TRUE,1,NQ_ES,ranger,,0.1,0.0610770739873877,1,2502,0.116784914115011,1360,0.543565147881695,1194,0.477218225419664,0.0663469224620304,0.0343725019984013,52,306,0.00759392486011191,0.0347721822541966,2502,1,1614,846,0.524163568773234,888,514,0.578828828828829,0.477218225419664,0.488409272581935
1__NQ_ES__ranger__0.0500,2023,TRUE,1,NQ_ES,ranger,,0.05,0.0703182124282484,1,1300,0.0606796116504854,740,0.569230769230769,620,0.476923076923077,0.0923076923076923,0.0330769230769231,52,289,0.00769230769230769,0.0384615384615385,1300,1,773,426,0.551099611901682,527,314,0.595825426944972,0.476923076923077,0.49
1__NQ_ES__ranger__0.0200,2023,TRUE,1,NQ_ES,ranger,,0.02,0.081350703951603,1,539,0.0251587005227782,304,0.564007421150278,248,0.460111317254174,0.103896103896104,0.0296846011131725,52,233,0.012987012987013,0.0575139146567718,539,1,265,144,0.543396226415094,274,160,0.583941605839416,0.460111317254174,0.510204081632653
1__NQ_ES__ranger__0.0100,2023,TRUE,1,NQ_ES,ranger,,0.01,0.0894904747633377,1,244,0.0113890963405527,139,0.569672131147541,114,0.467213114754098,0.102459016393443,0.0286885245901639,52,156,0.0204918032786885,0.0901639344262295,244,1,89,52,0.584269662921348,155,87,0.561290322580645,0.467213114754098,0.504098360655738
1__NQ_ES__ranger__0.0050,2023,TRUE,1,NQ_ES,ranger,,0.005,0.0976198404519065,1,97,0.00452763256161314,55,0.567010309278351,47,0.484536082474227,0.0824742268041237,0.0412371134020619,48,82,0.0206185567010309,0.103092783505155,97,1,28,18,0.642857142857143,69,37,0.536231884057971,0.484536082474227,0.474226804123711
1__NQ_ES__xgb_d2__0.5000,2023,TRUE,1,NQ_ES,xgb_d2,2,0.5,0.0312176942825317,1,10973,0.512182598954444,5816,0.530028251161943,5246,0.478082566299098,0.0519456848628452,0.0382757677936754,52,310,0.00510343570582339,0.0252437801877335,10973,1,6383,3326,0.521071596428012,4590,2490,0.542483660130719,0.478082566299098,0.483641665907227
1__NQ_ES__xgb_d2__0.2000,2023,TRUE,1,NQ_ES,xgb_d2,2,0.2,0.0582593321800232,1,4613,0.21531926811053,2506,0.543247344461305,2181,0.472794277043139,0.0704530674181661,0.0405376110990679,52,310,0.00672013873834815,0.0303490136570562,4613,1,2778,1462,0.526277897768179,1835,1044,0.568937329700272,0.472794277043139,0.486668111857793
1__NQ_ES__xgb_d2__0.1000,2023,TRUE,1,NQ_ES,xgb_d2,2,0.1,0.0726858854293823,1,2311,0.107869678864825,1272,0.550411077455647,1090,0.471657291215924,0.0787537862397231,0.0346170488965816,52,305,0.00778883600173085,0.0363479013414106,2311,1,1431,756,0.528301886792453,880,516,0.586363636363636,0.471657291215924,0.493725659887495
1__NQ_ES__xgb_d2__0.0500,2023,TRUE,1,NQ_ES,xgb_d2,2,0.05,0.0844002366065979,1,1167,0.0544716206123973,649,0.556126820908312,543,0.465295629820051,0.0908311910882605,0.0359897172236504,52,284,0.00942587832047986,0.0428449014567267,1167,1,706,373,0.528328611898017,461,276,0.598698481561822,0.465295629820051,0.498714652956298
1__NQ_ES__xgb_d2__0.0200,2023,TRUE,1,NQ_ES,xgb_d2,2,0.02,0.0963168847560882,1,477,0.0222647498132935,282,0.591194968553459,226,0.473794549266247,0.117400419287212,0.0314465408805031,52,224,0.0167714884696017,0.0649895178197065,477,1,262,151,0.576335877862595,215,131,0.609302325581395,0.473794549266247,0.49475890985325
1__NQ_ES__xgb_d2__0.0100,2023,TRUE,1,NQ_ES,xgb_d2,2,0.01,0.103354227542877,1,245,0.0114357729648992,149,0.608163265306122,112,0.457142857142857,0.151020408163265,0.0204081632653061,50,153,0.0204081632653061,0.0938775510204082,245,1,109,64,0.587155963302752,136,85,0.625,0.457142857142857,0.522448979591837
1__NQ_ES__xgb_d2__0.0050,2023,TRUE,1,NQ_ES,xgb_d2,2,0.005,0.111997636556625,1,94,0.00438760268857356,58,0.617021276595745,46,0.48936170212766,0.127659574468085,0.0319148936170213,42,74,0.0319148936170213,0.138297872340426,94,1,36,24,0.666666666666667,58,34,0.586206896551724,0.48936170212766,0.478723404255319
1__NQ_ES__xgb_d3__0.5000,2023,TRUE,1,NQ_ES,xgb_d3,3,0.5,0.0320648550987244,1,11150,0.520444361463779,5917,0.53067264573991,5368,0.481434977578475,0.049237668161435,0.0386547085201794,52,310,0.00502242152466368,0.0242152466367713,11150,1,6412,3369,0.525421085464754,4738,2548,0.537779653862389,0.481434977578475,0.479910313901345
1__NQ_ES__xgb_d3__0.2000,2023,TRUE,1,NQ_ES,xgb_d3,3,0.2,0.0599560499191284,1,4773,0.222787528005975,2574,0.539283469516028,2241,0.469516027655563,0.0697674418604651,0.0402262727844123,52,310,0.00607584328514561,0.0291221454012152,4773,1,2820,1469,0.520921985815603,1953,1105,0.565796210957501,0.469516027655563,0.490257699560025
1__NQ_ES__xgb_d3__0.1000,2023,TRUE,1,NQ_ES,xgb_d3,3,0.1,0.0755802989006043,1,2443,0.114030993278566,1349,0.552189930413426,1174,0.480556692591077,0.0716332378223496,0.0372492836676218,52,303,0.00859598853868195,0.0364306180925092,2443,1,1470,791,0.538095238095238,973,558,0.573484069886948,0.480556692591077,0.482194023741302
1__NQ_ES__xgb_d3__0.0500,2023,TRUE,1,NQ_ES,xgb_d3,3,0.05,0.0890182614326477,1,1208,0.0563853622106049,667,0.552152317880795,567,0.469370860927152,0.0827814569536424,0.0355960264900662,52,283,0.00993377483443709,0.0438741721854305,1208,1,702,372,0.52991452991453,506,295,0.58300395256917,0.469370860927152,0.495033112582781
1__NQ_ES__xgb_d3__0.0200,2023,TRUE,1,NQ_ES,xgb_d3,3,0.02,0.10558100938797,1,452,0.0210978342046303,253,0.559734513274336,212,0.469026548672566,0.0907079646017699,0.0353982300884956,52,213,0.0154867256637168,0.0685840707964602,452,1,214,119,0.55607476635514,238,134,0.563025210084034,0.469026548672566,0.495575221238938
1__NQ_ES__xgb_d3__0.0100,2023,TRUE,1,NQ_ES,xgb_d3,3,0.01,0.116813412904739,1,205,0.00956870799103809,123,0.6,95,0.463414634146342,0.136585365853659,0.0341463414634146,51,139,0.024390243902439,0.0975609756097561,205,1,76,47,0.618421052631579,129,76,0.589147286821706,0.463414634146342,0.502439024390244
1__NQ_ES__xgb_d3__0.0050,2023,TRUE,1,NQ_ES,xgb_d3,3,0.005,0.129401502013207,1,75,0.00350074682598954,49,0.653333333333333,38,0.506666666666667,0.146666666666667,0.0133333333333333,40,64,0.0266666666666667,0.133333333333333,75,1,23,18,0.782608695652174,52,31,0.596153846153846,0.506666666666667,0.48
1__NQ_ES__xgb_d4__0.5000,2023,TRUE,1,NQ_ES,xgb_d4,4,0.5,0.0342373251914978,1,10885,0.508075056011949,5794,0.532292145153881,5259,0.483141938447405,0.0491502067064768,0.0388608176389527,52,310,0.00523656407900781,0.02508038585209,10885,1,6300,3325,0.527777777777778,4585,2469,0.538495092693566,0.483141938447405,0.477997243913643
1__NQ_ES__xgb_d4__0.2000,2023,TRUE,1,NQ_ES,xgb_d4,4,0.2,0.0644451975822449,1,4536,0.211725168035848,2452,0.540564373897707,2132,0.470017636684303,0.0705467372134039,0.0394620811287478,52,310,0.00595238095238095,0.029320987654321,4536,1,2612,1367,0.523353751914242,1924,1085,0.563929313929314,0.470017636684303,0.490520282186949
1__NQ_ES__xgb_d4__0.1000,2023,TRUE,1,NQ_ES,xgb_d4,4,0.1,0.0818696618080139,1,2247,0.104882374906647,1254,0.55807743658211,1046,0.465509568313307,0.0925678682688029,0.0351579884290165,52,301,0.00801068090787717,0.0373831775700935,2247,1,1265,674,0.532806324110672,982,580,0.590631364562118,0.465509568313307,0.499332443257677
1__NQ_ES__xgb_d4__0.0500,2023,TRUE,1,NQ_ES,xgb_d4,4,0.05,0.0966420412063599,1,1094,0.0510642270351008,631,0.576782449725777,515,0.470749542961609,0.106032906764168,0.0319926873857404,52,280,0.0118829981718464,0.046617915904936,1094,1,569,318,0.558875219683656,525,313,0.596190476190476,0.470749542961609,0.497257769652651
1__NQ_ES__xgb_d4__0.0200,2023,TRUE,1,NQ_ES,xgb_d4,4,0.02,0.114752558469772,1,417,0.0194641523525019,238,0.570743405275779,186,0.446043165467626,0.124700239808153,0.0431654676258993,52,217,0.0143884892086331,0.0647482014388489,417,1,172,95,0.552325581395349,245,143,0.583673469387755,0.446043165467626,0.510791366906475
1__NQ_ES__xgb_d4__0.0100,2023,TRUE,1,NQ_ES,xgb_d4,4,0.01,0.130692887306213,1,169,0.00788834951456311,102,0.603550295857988,73,0.431952662721893,0.171597633136095,0.0355029585798817,50,123,0.0236686390532544,0.100591715976331,169,1,58,35,0.603448275862069,111,67,0.603603603603604,0.431952662721893,0.532544378698225
1__NQ_ES__xgb_d4__0.0050,2023,TRUE,1,NQ_ES,xgb_d4,4,0.005,0.143885913491249,1,73,0.00340739357729649,45,0.616438356164384,41,0.561643835616438,0.0547945205479452,0.0136986301369863,40,63,0.0273972602739726,0.136986301369863,73,1,22,18,0.818181818181818,51,27,0.529411764705882,0.561643835616438,0.424657534246575
1__NQ_ES__xgb_d5__0.5000,2023,TRUE,1,NQ_ES,xgb_d5,5,0.5,0.0349498391151428,1,10932,0.510268857356236,5779,0.52863154043176,5297,0.484540797658251,0.044090742773509,0.0393340651298939,52,310,0.0053055250640322,0.0252469813391877,10932,1,6239,3288,0.527007533258535,4693,2491,0.530790539100789,0.484540797658251,0.476125137211855
1__NQ_ES__xgb_d5__0.2000,2023,TRUE,1,NQ_ES,xgb_d5,5,0.2,0.0672977566719055,1,4501,0.210091486183719,2409,0.535214396800711,2102,0.467007331704066,0.0682070650966452,0.0393245945345479,52,310,0.00644301266385248,0.0302155076649633,4501,1,2550,1320,0.517647058823529,1951,1089,0.558175294720656,0.467007331704066,0.493668073761386
1__NQ_ES__xgb_d5__0.1000,2023,TRUE,1,NQ_ES,xgb_d5,5,0.1,0.0870080590248108,1,2191,0.102268483943241,1191,0.543587403012323,1015,0.463258785942492,0.0803286170698311,0.0365130077590142,52,301,0.00867183934276586,0.0369694203560018,2191,1,1216,635,0.522203947368421,975,556,0.57025641025641,0.463258785942492,0.500228206298494
1__NQ_ES__xgb_d5__0.0500,2023,TRUE,1,NQ_ES,xgb_d5,5,0.05,0.104329037666321,1,1069,0.0498973114264376,600,0.561272217025257,512,0.478952291861553,0.0823199251637044,0.0299345182413471,52,275,0.0112254443405051,0.048643592142189,1069,1,586,322,0.549488054607509,483,278,0.575569358178054,0.478952291861553,0.4911131898971
1__NQ_ES__xgb_d5__0.0200,2023,TRUE,1,NQ_ES,xgb_d5,5,0.02,0.126099624633789,1,398,0.0185772964899179,210,0.527638190954774,185,0.464824120603015,0.0628140703517588,0.0376884422110553,52,203,0.0150753768844221,0.0753768844221106,398,1,208,107,0.514423076923077,190,103,0.542105263157895,0.464824120603015,0.49748743718593
1__NQ_ES__xgb_d5__0.0100,2023,TRUE,1,NQ_ES,xgb_d5,5,0.01,0.142870206832886,1,152,0.00709484690067214,84,0.552631578947369,79,0.519736842105263,0.0328947368421053,0.0131578947368421,48,110,0.0263157894736842,0.105263157894737,152,1,68,40,0.588235294117647,84,44,0.523809523809524,0.519736842105263,0.467105263157895
1__NQ_ES__xgb_d5__0.0050,2023,TRUE,1,NQ_ES,xgb_d5,5,0.005,0.158654330968857,1,54,0.00252053771471247,24,0.444444444444444,32,0.592592592592593,-0.148148148148148,0.0185185185185185,31,47,0.037037037037037,0.185185185185185,54,1,21,12,0.571428571428571,33,12,0.363636363636364,0.592592592592593,0.388888888888889
3__NQ_ONLY__logit__0.5000,2023,TRUE,3,NQ_ONLY,logit,,0.5,0.0298882852213045,1,10581,0.494323756131745,5493,0.519138077686419,5188,0.490312824874776,0.0288252528116435,0.0265570361969568,52,310,0.00529250543426897,0.0255174369152254,10581,1,7184,3686,0.513084632516704,3397,1807,0.53193994701207,0.490312824874776,0.483130138928268
3__NQ_ONLY__logit__0.2000,2023,TRUE,3,NQ_ONLY,logit,,0.2,0.056794592129825,1,4072,0.190235926185471,2164,0.531434184675835,1993,0.489440078585462,0.0419941060903733,0.0243123772102161,52,304,0.00712180746561886,0.0346267190569745,4072,1,2841,1478,0.520239352340725,1231,686,0.557270511779041,0.489440078585462,0.486247544204322
3__NQ_ONLY__logit__0.1000,2023,TRUE,3,NQ_ONLY,logit,,0.1,0.0727447877668174,1,1982,0.0925951880401775,1034,0.521695257315843,939,0.473763874873865,0.0479313824419778,0.0287588294651867,52,292,0.0110998990918264,0.0443995963673058,1982,1,1328,670,0.504518072289157,654,364,0.556574923547401,0.473763874873865,0.497477295660949
3__NQ_ONLY__logit__0.0500,2023,TRUE,3,NQ_ONLY,logit,,0.05,0.0865189862898406,1,909,0.0424667133847232,469,0.515951595159516,427,0.46974697469747,0.0462046204620462,0.0308030803080308,52,265,0.0143014301430143,0.0572057205720572,909,1,603,301,0.499170812603648,306,168,0.549019607843137,0.46974697469747,0.499449944994499
3__NQ_ONLY__logit__0.0200,2023,TRUE,3,NQ_ONLY,logit,,0.02,0.103300321202991,1,297,0.013875262789068,158,0.531986531986532,138,0.464646464646465,0.0673400673400673,0.0235690235690236,52,173,0.0202020202020202,0.0740740740740741,297,1,206,104,0.504854368932039,91,54,0.593406593406593,0.464646464646465,0.511784511784512
3__NQ_ONLY__logit__0.0100,2023,TRUE,3,NQ_ONLY,logit,,0.01,0.113962363566111,1,129,0.00602662929222144,63,0.488372093023256,53,0.410852713178295,0.0775193798449612,0.0465116279069768,49,100,0.0232558139534884,0.116279069767442,129,1,92,41,0.445652173913043,37,22,0.594594594594595,0.410852713178295,0.542635658914729
3__NQ_ONLY__logit__0.0050,2023,TRUE,3,NQ_ONLY,logit,,0.005,0.123026703909089,1,54,0.00252277505255781,25,0.462962962962963,20,0.37037037037037,0.0925925925925926,0.0740740740740741,34,50,0.037037037037037,0.166666666666667,54,1,38,15,0.394736842105263,16,10,0.625,0.37037037037037,0.555555555555556
3__NQ_ONLY__ranger__0.5000,2023,TRUE,3,NQ_ONLY,ranger,,0.5,0.023688513919901,1,11282,0.527073113758468,5864,0.519765998936359,5578,0.494415883708562,0.0253501152277965,0.0257046622939195,52,310,0.00478638539266088,0.0239319269633044,11282,1,8184,4215,0.515029325513197,3098,1649,0.532278889606198,0.494415883708562,0.479879453997518
3__NQ_ONLY__ranger__0.2000,2023,TRUE,3,NQ_ONLY,ranger,,0.2,0.0464631756790311,1,4879,0.227937397804251,2589,0.530641524902644,2432,0.498462799754048,0.032178725148596,0.0268497642959623,52,309,0.00676368108218897,0.0319737651158024,4879,1,3755,1961,0.522237017310253,1124,628,0.558718861209964,0.498462799754048,0.47468743594999
3__NQ_ONLY__ranger__0.1000,2023,TRUE,3,NQ_ONLY,ranger,,0.1,0.0595717184331771,1,2398,0.112029899556178,1282,0.534612176814012,1193,0.497497914929108,0.0371142618849041,0.0300250208507089,52,302,0.0108423686405338,0.0412844036697248,2398,1,1767,931,0.526881720430108,631,351,0.556259904912837,0.497497914929108,0.472477064220184
3__NQ_ONLY__ranger__0.0500,2023,TRUE,3,NQ_ONLY,ranger,,0.05,0.0714813318876483,1,1117,0.0521840691427237,606,0.542524619516562,535,0.478961504028648,0.0635631154879141,0.0259623992837959,52,282,0.0152193375111907,0.0519247985675918,1117,1,752,394,0.523936170212766,365,212,0.580821917808219,0.478961504028648,0.495076096687556
3__NQ_ONLY__ranger__0.0200,2023,TRUE,3,NQ_ONLY,ranger,,0.02,0.0837437740615766,1,439,0.0205092268161644,239,0.544419134396355,190,0.432801822323462,0.111617312072893,0.0250569476082005,52,223,0.020501138952164,0.0660592255125285,439,1,256,125,0.48828125,183,114,0.622950819672131,0.432801822323462,0.542141230068337
3__NQ_ONLY__ranger__0.0100,2023,TRUE,3,NQ_ONLY,ranger,,0.01,0.0913054437324254,1,196,0.00915673907965429,110,0.561224489795918,77,0.392857142857143,0.168367346938776,0.0204081632653061,52,143,0.0153061224489796,0.076530612244898,196,1,91,42,0.461538461538462,105,68,0.647619047619048,0.392857142857143,0.586734693877551
3__NQ_ONLY__ranger__0.0050,2023,TRUE,3,NQ_ONLY,ranger,,0.005,0.0981276633230405,1,88,0.00411118897453866,58,0.659090909090909,34,0.386363636363636,0.272727272727273,0.0227272727272727,44,78,0.0340909090909091,0.125,88,1,31,18,0.580645161290323,57,40,0.701754385964912,0.386363636363636,0.590909090909091
3__NQ_ONLY__xgb_d2__0.5000,2023,TRUE,3,NQ_ONLY,xgb_d2,2,0.5,0.0270610451698303,1,11380,0.531651483298295,5893,0.517838312829526,5618,0.493673110720562,0.0241652021089631,0.0246045694200352,52,310,0.00509666080843585,0.0246045694200352,11380,1,8135,4173,0.512968653964352,3245,1720,0.530046224961479,0.493673110720562,0.481722319859402
3__NQ_ONLY__xgb_d2__0.2000,2023,TRUE,3,NQ_ONLY,xgb_d2,2,0.2,0.0497016072273254,1,4705,0.219808455968232,2482,0.527523910733263,2315,0.492029755579171,0.0354941551540914,0.0278427205100956,52,307,0.00637619553666312,0.0316684378320935,4705,1,3468,1795,0.517589388696655,1237,687,0.555375909458367,0.492029755579171,0.480127523910733
3__NQ_ONLY__xgb_d2__0.1000,2023,TRUE,3,NQ_ONLY,xgb_d2,2,0.1,0.0616345465183258,1,2384,0.111375846764775,1273,0.533976510067114,1177,0.493708053691275,0.0402684563758389,0.0255872483221477,52,297,0.00880872483221476,0.039010067114094,2384,1,1710,897,0.524561403508772,674,376,0.55786350148368,0.493708053691275,0.480704697986577
3__NQ_ONLY__xgb_d2__0.0500,2023,TRUE,3,NQ_ONLY,xgb_d2,2,0.05,0.0736009895801544,1,1197,0.0559215136650315,645,0.538847117794486,557,0.465329991645781,0.0735171261487051,0.0258980785296575,52,279,0.0116959064327485,0.0476190476190476,1197,1,827,423,0.511487303506651,370,222,0.6,0.465329991645781,0.508771929824562
3__NQ_ONLY__xgb_d2__0.0200,2023,TRUE,3,NQ_ONLY,xgb_d2,2,0.02,0.08708425283432,1,481,0.0224713851903761,263,0.546777546777547,231,0.48024948024948,0.0665280665280665,0.0228690228690229,52,226,0.024948024948025,0.0686070686070686,481,1,361,189,0.523545706371191,120,74,0.616666666666667,0.48024948024948,0.496881496881497
3__NQ_ONLY__xgb_d2__0.0100,2023,TRUE,3,NQ_ONLY,xgb_d2,2,0.01,0.0942334717512131,1,241,0.0112590516234525,132,0.547717842323652,113,0.468879668049793,0.0788381742738589,0.020746887966805,51,161,0.020746887966805,0.0829875518672199,241,1,191,98,0.513089005235602,50,34,0.68,0.468879668049793,0.510373443983403
3__NQ_ONLY__xgb_d2__0.0050,2023,TRUE,3,NQ_ONLY,xgb_d2,2,0.005,0.100318319201469,1,112,0.00523242233123102,61,0.544642857142857,54,0.482142857142857,0.0625,0.0357142857142857,45,93,0.0267857142857143,0.107142857142857,112,1,92,48,0.521739130434783,20,13,0.65,0.482142857142857,0.482142857142857
3__NQ_ONLY__xgb_d3__0.5000,2023,TRUE,3,NQ_ONLY,xgb_d3,3,0.5,0.0283524394035339,1,11236,0.524924083158141,5842,0.519935920256319,5584,0.496974012103952,0.0229619081523674,0.0254538981844073,52,310,0.00551797792808829,0.0256318974724101,11236,1,8028,4147,0.516567015445939,3208,1695,0.528366583541147,0.496974012103952,0.477572089711641
3__NQ_ONLY__xgb_d3__0.2000,2023,TRUE,3,NQ_ONLY,xgb_d3,3,0.2,0.05272057056427,1,4624,0.216024293389395,2436,0.52681660899654,2276,0.492214532871972,0.0346020761245675,0.0266003460207612,52,309,0.00713667820069204,0.0328719723183391,4624,1,3392,1755,0.517393867924528,1232,681,0.55275974025974,0.492214532871972,0.481185121107266
3__NQ_ONLY__xgb_d3__0.1000,2023,TRUE,3,NQ_ONLY,xgb_d3,3,0.1,0.0670096755027771,1,2235,0.104414856341976,1198,0.536017897091723,1091,0.488143176733781,0.0478747203579418,0.0268456375838926,52,299,0.00939597315436242,0.0411633109619687,2235,1,1626,848,0.521525215252153,609,350,0.574712643678161,0.488143176733781,0.485011185682327
3__NQ_ONLY__xgb_d3__0.0500,2023,TRUE,3,NQ_ONLY,xgb_d3,3,0.05,0.0816503673791885,1,1131,0.0528381219341275,612,0.541114058355438,539,0.47656940760389,0.0645446507515473,0.026525198938992,52,287,0.0106100795755968,0.0477453580901857,1131,1,781,407,0.52112676056338,350,205,0.585714285714286,0.47656940760389,0.496905393457118
3__NQ_ONLY__xgb_d3__0.0200,2023,TRUE,3,NQ_ONLY,xgb_d3,3,0.02,0.099254388809204,1,389,0.018173323989722,217,0.557840616966581,170,0.437017994858612,0.120822622107969,0.0154241645244216,52,209,0.0179948586118252,0.077120822622108,389,1,260,130,0.5,129,87,0.674418604651163,0.437017994858612,0.547557840616967
3__NQ_ONLY__xgb_d3__0.0100,2023,TRUE,3,NQ_ONLY,xgb_d3,3,0.01,0.111046643257141,1,173,0.00808222377949077,102,0.589595375722543,70,0.404624277456647,0.184971098265896,0.0173410404624277,51,129,0.0289017341040462,0.104046242774566,173,1,112,56,0.5,61,46,0.754098360655738,0.404624277456647,0.578034682080925
3__NQ_ONLY__xgb_d3__0.0050,2023,TRUE,3,NQ_ONLY,xgb_d3,3,0.005,0.121426504254341,1,84,0.00392431674842327,53,0.630952380952381,37,0.440476190476191,0.19047619047619,0.0238095238095238,44,76,0.0238095238095238,0.119047619047619,84,1,51,29,0.568627450980392,33,24,0.727272727272727,0.440476190476191,0.535714285714286
3__NQ_ONLY__xgb_d4__0.5000,2023,TRUE,3,NQ_ONLY,xgb_d4,4,0.5,0.0292803049087524,1,11177,0.522167717822939,5838,0.52232262682294,5570,0.498344815245594,0.0239778115773463,0.0241567504697146,52,310,0.00554710566341594,0.0263040171781337,11177,1,7984,4143,0.518912825651303,3193,1695,0.530848731600376,0.498344815245594,0.477498434284692
3__NQ_ONLY__xgb_d4__0.2000,2023,TRUE,3,NQ_ONLY,xgb_d4,4,0.2,0.0551678717136383,1,4360,0.203690726465779,2331,0.534633027522936,2171,0.497935779816514,0.036697247706422,0.0254587155963303,52,310,0.00711009174311927,0.0334862385321101,4360,1,3155,1664,0.527416798732171,1205,667,0.553526970954357,0.497935779816514,0.476605504587156
3__NQ_ONLY__xgb_d4__0.1000,2023,TRUE,3,NQ_ONLY,xgb_d4,4,0.1,0.0722210168838501,1,2057,0.0960990422798412,1100,0.53475935828877,999,0.485658726300438,0.0491006319883325,0.0267379679144385,52,299,0.00972289742343218,0.0403500243072436,2057,1,1473,765,0.519348268839104,584,335,0.573630136986301,0.485658726300438,0.487603305785124
3__NQ_ONLY__xgb_d4__0.0500,2023,TRUE,3,NQ_ONLY,xgb_d4,4,0.05,0.0889413982629776,1,979,0.0457369773417426,512,0.522982635342186,457,0.466802860061287,0.0561797752808989,0.0265577119509704,52,278,0.0143003064351379,0.0520939734422881,979,1,671,336,0.500745156482862,308,176,0.571428571428571,0.466802860061287,0.506639427987743
3__NQ_ONLY__xgb_d4__0.0200,2023,TRUE,3,NQ_ONLY,xgb_d4,4,0.02,0.108482786417007,1,331,0.0154636767110488,184,0.555891238670695,147,0.444108761329305,0.11178247734139,0.027190332326284,52,197,0.0211480362537764,0.0755287009063444,331,1,212,107,0.504716981132076,119,77,0.647058823529412,0.444108761329305,0.528700906344411
3__NQ_ONLY__xgb_d4__0.0100,2023,TRUE,3,NQ_ONLY,xgb_d4,4,0.01,0.121844843029976,1,151,0.00705442653585611,90,0.596026490066225,63,0.417218543046358,0.178807947019868,0.0132450331125828,49,118,0.0264900662251656,0.112582781456954,151,1,79,41,0.518987341772152,72,49,0.680555555555556,0.417218543046358,0.56953642384106
3__NQ_ONLY__xgb_d4__0.0050,2023,TRUE,3,NQ_ONLY,xgb_d4,4,0.005,0.133289865255356,1,80,0.00373744452230787,50,0.625,31,0.3875,0.2375,0.025,41,70,0.0375,0.1375,80,1,36,19,0.527777777777778,44,31,0.704545454545455,0.3875,0.5875
3__NQ_ONLY__xgb_d5__0.5000,2023,TRUE,3,NQ_ONLY,xgb_d5,5,0.5,0.0318157970905304,1,10748,0.502125671572063,5586,0.519724599925568,5323,0.495254931149981,0.0244696687755862,0.0240975065128396,52,310,0.00576851507257164,0.0267026423520655,10748,1,7582,3908,0.515431284621472,3166,1678,0.530006317119394,0.495254931149981,0.480647562337179
3__NQ_ONLY__xgb_d5__0.2000,2023,TRUE,3,NQ_ONLY,xgb_d5,5,0.2,0.0600685775279999,1,4079,0.190562952581173,2165,0.530767344937485,2012,0.493258151507723,0.0375091934297622,0.0252512870801667,52,310,0.00710958568276538,0.0340769796518755,4079,1,2873,1500,0.522102332057083,1206,665,0.551409618573798,0.493258151507723,0.481490561412111
3__NQ_ONLY__xgb_d5__0.1000,2023,TRUE,3,NQ_ONLY,xgb_d5,5,0.1,0.0782990336418152,1,1889,0.0882504087829946,1010,0.534674430915828,928,0.491265219692959,0.0434092112228692,0.0254102699841186,52,303,0.0105876124933827,0.0449973530968767,1889,1,1297,681,0.525057825751735,592,329,0.555743243243243,0.491265219692959,0.483324510322922
3__NQ_ONLY__xgb_d5__0.0500,2023,TRUE,3,NQ_ONLY,xgb_d5,5,0.05,0.0961257576942444,1,861,0.0402242466713385,457,0.530778164924506,401,0.465737514518002,0.0650406504065041,0.0278745644599303,52,279,0.0174216027874564,0.0569105691056911,861,1,552,279,0.505434782608696,309,178,0.576051779935275,0.465737514518002,0.506387921022067
3__NQ_ONLY__xgb_d5__0.0200,2023,TRUE,3,NQ_ONLY,xgb_d5,5,0.02,0.118224958181381,1,261,0.0121934127540294,148,0.567049808429119,114,0.436781609195402,0.130268199233716,0.0191570881226054,52,178,0.0229885057471264,0.0881226053639847,261,1,151,77,0.509933774834437,110,71,0.645454545454546,0.436781609195402,0.544061302681992
3__NQ_ONLY__xgb_d5__0.0100,2023,TRUE,3,NQ_ONLY,xgb_d5,5,0.01,0.132567099332809,1,116,0.00541929455734641,63,0.543103448275862,50,0.431034482758621,0.112068965517241,0.0172413793103448,46,88,0.0344827586206897,0.146551724137931,116,1,51,25,0.490196078431373,65,38,0.584615384615385,0.431034482758621,0.551724137931035
3__NQ_ONLY__xgb_d5__0.0050,2023,TRUE,3,NQ_ONLY,xgb_d5,5,0.005,0.147188638448715,1,47,0.00219574865685587,26,0.553191489361702,18,0.382978723404255,0.170212765957447,0.0212765957446809,29,42,0.0425531914893617,0.212765957446809,47,1,22,10,0.454545454545455,25,16,0.64,0.382978723404255,0.595744680851064
3__NQ_ES__logit__0.5000,2023,TRUE,3,NQ_ES,logit,,0.5,0.0300371855015623,1,10605,0.495444989488437,5515,0.52003771805752,5217,0.491937765205092,0.0280999528524281,0.0263083451202263,52,310,0.00537482319660538,0.0264026402640264,10605,1,7057,3637,0.515374805157999,3548,1878,0.529312288613303,0.491937765205092,0.481753889674682
3__NQ_ES__logit__0.2000,2023,TRUE,3,NQ_ES,logit,,0.2,0.0577126030260187,1,4050,0.189208128941836,2170,0.535802469135803,2000,0.493827160493827,0.0419753086419753,0.0234567901234568,52,303,0.00740740740740741,0.0350617283950617,4050,1,2790,1472,0.527598566308244,1260,698,0.553968253968254,0.493827160493827,0.482716049382716
3__NQ_ES__logit__0.1000,2023,TRUE,3,NQ_ES,logit,,0.1,0.0745054476978795,1,1873,0.0875029198785331,1004,0.536038441003737,901,0.481046449546183,0.0549919914575547,0.0272290443139349,52,291,0.0112119594233849,0.0453817405232248,1873,1,1247,650,0.521251002405774,626,354,0.565495207667732,0.481046449546183,0.491724506139883
3__NQ_ES__logit__0.0500,2023,TRUE,3,NQ_ES,logit,,0.05,0.0891640837190698,1,871,0.040691427236627,461,0.529276693455798,403,0.462686567164179,0.0665901262916188,0.0298507462686567,52,260,0.0114810562571757,0.052812858783008,871,1,576,291,0.505208333333333,295,170,0.576271186440678,0.462686567164179,0.507462686567164
3__NQ_ES__logit__0.0200,2023,TRUE,3,NQ_ES,logit,,0.02,0.105888137153385,1,289,0.0135015183368372,150,0.519031141868512,130,0.449826989619377,0.069204152249135,0.0380622837370242,52,166,0.0242214532871972,0.0830449826989619,289,1,197,96,0.487309644670051,92,54,0.586956521739131,0.449826989619377,0.512110726643599
3__NQ_ES__logit__0.0100,2023,TRUE,3,NQ_ES,logit,,0.01,0.116841673473581,1,132,0.00616678346180799,77,0.583333333333333,58,0.439393939393939,0.143939393939394,0.0454545454545455,50,107,0.0227272727272727,0.113636363636364,132,1,95,50,0.526315789473684,37,27,0.72972972972973,0.439393939393939,0.515151515151515
3__NQ_ES__logit__0.0050,2023,TRUE,3,NQ_ES,logit,,0.005,0.128364135267892,1,45,0.00210231254379818,22,0.488888888888889,21,0.466666666666667,0.0222222222222222,0.0888888888888889,30,43,0.0444444444444444,0.155555555555556,45,1,35,17,0.485714285714286,10,5,0.5,0.466666666666667,0.444444444444444
3__NQ_ES__ranger__0.5000,2023,TRUE,3,NQ_ES,ranger,,0.5,0.0236767647330464,1,11221,0.524223312310208,5834,0.519918010872471,5533,0.493093307191872,0.0268247036805989,0.0259335175118082,52,310,0.00507976116210676,0.0246858568755013,11221,1,8102,4165,0.514070599851888,3119,1669,0.535107406219942,0.493093307191872,0.480973175296319
3__NQ_ES__ranger__0.2000,2023,TRUE,3,NQ_ES,ranger,,0.2,0.0461228246130917,1,4715,0.22027563653352,2500,0.530222693531283,2356,0.499681866383881,0.0305408271474019,0.0277836691410392,52,309,0.00699893955461294,0.0316012725344645,4715,1,3658,1914,0.523236741388737,1057,586,0.554399243140965,0.499681866383881,0.47253446447508
3__NQ_ES__ranger__0.1000,2023,TRUE,3,NQ_ES,ranger,,0.1,0.0589256644088374,1,2372,0.110815230086428,1282,0.540472175379427,1184,0.499156829679595,0.0413153456998314,0.0269814502529511,52,303,0.010539629005059,0.040893760539629,2372,1,1804,958,0.531042128603104,568,324,0.570422535211268,0.499156829679595,0.473861720067454
3__NQ_ES__ranger__0.0500,2023,TRUE,3,NQ_ES,ranger,,0.05,0.0702794710449548,1,1151,0.0537724830647045,622,0.540399652476108,559,0.485664639443962,0.054735013032146,0.0251954821894005,52,283,0.0139009556907037,0.0469157254561251,1151,1,822,432,0.525547445255475,329,190,0.577507598784195,0.485664639443962,0.489139878366638
3__NQ_ES__ranger__0.0200,2023,TRUE,3,NQ_ES,ranger,,0.02,0.0826609341040527,1,414,0.0193412754029432,221,0.533816425120773,191,0.461352657004831,0.072463768115942,0.0338164251207729,52,214,0.0169082125603865,0.0676328502415459,414,1,292,147,0.503424657534247,122,74,0.60655737704918,0.461352657004831,0.504830917874396
3__NQ_ES__ranger__0.0100,2023,TRUE,3,NQ_ES,ranger,,0.01,0.090582798658862,1,206,0.00962391964494277,109,0.529126213592233,92,0.446601941747573,0.0825242718446602,0.0242718446601942,51,144,0.0194174757281553,0.0776699029126214,206,1,150,73,0.486666666666667,56,36,0.642857142857143,0.446601941747573,0.529126213592233
3__NQ_ES__ranger__0.0050,2023,TRUE,3,NQ_ES,ranger,,0.005,0.0968385496738961,1,102,0.00476524176594254,57,0.558823529411765,45,0.441176470588235,0.117647058823529,0.0196078431372549,43,85,0.0294117647058824,0.107843137254902,102,1,77,39,0.506493506493507,25,18,0.72,0.441176470588235,0.53921568627451
3__NQ_ES__xgb_d2__0.5000,2023,TRUE,3,NQ_ES,xgb_d2,2,0.5,0.0272307991981506,1,11136,0.520252277505256,5792,0.520114942528736,5511,0.494881465517241,0.0252334770114943,0.0255028735632184,52,310,0.00502873563218391,0.0247844827586207,11136,1,7816,4033,0.515992835209826,3320,1759,0.529819277108434,0.494881465517241,0.47961566091954
3__NQ_ES__xgb_d2__0.2000,2023,TRUE,3,NQ_ES,xgb_d2,2,0.2,0.0509177446365356,1,4411,0.20607334734875,2342,0.53094536386307,2180,0.494218997959646,0.0367263659034233,0.0285649512582181,52,309,0.00680117887100431,0.0319655406937202,4411,1,3287,1716,0.522056586553088,1124,626,0.556939501779359,0.494218997959646,0.477216050782136
3__NQ_ES__xgb_d2__0.1000,2023,TRUE,3,NQ_ES,xgb_d2,2,0.1,0.0630050241947174,1,2214,0.10343377715487,1185,0.535230352303523,1073,0.484643179765131,0.0505871725383921,0.0230352303523035,52,303,0.00858175248419151,0.040650406504065,2214,1,1631,847,0.51931330472103,583,338,0.579759862778731,0.484643179765131,0.492321589882566
3__NQ_ES__xgb_d2__0.0500,2023,TRUE,3,NQ_ES,xgb_d2,2,0.05,0.0747611969709396,1,1090,0.0509226816164448,587,0.538532110091743,522,0.478899082568807,0.0596330275229358,0.0247706422018349,52,282,0.0128440366972477,0.0522935779816514,1090,1,823,427,0.518833535844471,267,160,0.599250936329588,0.478899082568807,0.496330275229358
3__NQ_ES__xgb_d2__0.0200,2023,TRUE,3,NQ_ES,xgb_d2,2,0.02,0.0880883765220642,1,444,0.0207428170988087,236,0.531531531531532,217,0.488738738738739,0.0427927927927928,0.0247747747747748,52,223,0.0135135135135135,0.0585585585585586,444,1,373,193,0.517426273458445,71,43,0.605633802816901,0.488738738738739,0.486486486486487
3__NQ_ES__xgb_d2__0.0100,2023,TRUE,3,NQ_ES,xgb_d2,2,0.01,0.0955308794975281,1,236,0.0110254613408082,126,0.533898305084746,125,0.529661016949153,0.00423728813559322,0.0211864406779661,51,155,0.0169491525423729,0.0720338983050848,236,1,212,114,0.537735849056604,24,12,0.5,0.529661016949153,0.449152542372881
3__NQ_ES__xgb_d2__0.0050,2023,TRUE,3,NQ_ES,xgb_d2,2,0.005,0.101680186390877,1,128,0.0059799112356926,69,0.5390625,68,0.53125,0.0078125,0.015625,42,97,0.0234375,0.1171875,128,1,116,63,0.543103448275862,12,6,0.5,0.53125,0.453125
3__NQ_ES__xgb_d3__0.5000,2023,TRUE,3,NQ_ES,xgb_d3,3,0.5,0.0286188721656799,1,11001,0.513945339873861,5729,0.520770839014635,5417,0.492409780929006,0.0283610580856286,0.0255431324425052,52,310,0.00518134715025907,0.0244523225161349,11001,1,7697,3961,0.514616084188645,3304,1768,0.535108958837772,0.492409780929006,0.482047086628488
3__NQ_ES__xgb_d3__0.2000,2023,TRUE,3,NQ_ES,xgb_d3,3,0.2,0.0531543731689453,1,4361,0.203737444522308,2304,0.528319192845678,2133,0.489108002751662,0.0392111900940151,0.0252235725750975,52,310,0.00687915615684476,0.0321027287319422,4361,1,3196,1651,0.516583229036295,1165,653,0.560515021459228,0.489108002751662,0.48566842467324
3__NQ_ES__xgb_d3__0.1000,2023,TRUE,3,NQ_ES,xgb_d3,3,0.1,0.0675265192985535,1,2091,0.097687456201822,1112,0.531802965088474,998,0.477283596365376,0.054519368723099,0.0267814442850311,52,295,0.0100430416068867,0.0411286465805835,2091,1,1491,765,0.51307847082495,600,347,0.578333333333333,0.477283596365376,0.495934959349594
3__NQ_ES__xgb_d3__0.0500,2023,TRUE,3,NQ_ES,xgb_d3,3,0.05,0.081132048368454,1,1047,0.0489138051857043,559,0.533906399235912,482,0.4603629417383,0.0735434574976122,0.0238777459407832,52,277,0.0114613180515759,0.0515759312320917,1047,1,725,365,0.503448275862069,322,194,0.60248447204969,0.4603629417383,0.515759312320917
3__NQ_ES__xgb_d3__0.0200,2023,TRUE,3,NQ_ES,xgb_d3,3,0.02,0.0981198716163635,1,415,0.0193879934594721,218,0.525301204819277,182,0.43855421686747,0.0867469879518072,0.0265060240963855,52,210,0.0144578313253012,0.0626506024096386,415,1,305,147,0.481967213114754,110,71,0.645454545454546,0.43855421686747,0.534939759036145
3__NQ_ES__xgb_d3__0.0100,2023,TRUE,3,NQ_ES,xgb_d3,3,0.01,0.107650775313377,1,216,0.0100911002102313,110,0.509259259259259,98,0.453703703703704,0.0555555555555556,0.0416666666666667,51,142,0.0185185185185185,0.0787037037037037,216,1,173,84,0.485549132947977,43,26,0.604651162790698,0.453703703703704,0.50462962962963
3__NQ_ES__xgb_d3__0.0050,2023,TRUE,3,NQ_ES,xgb_d3,3,0.005,0.117495800256729,1,89,0.00415790703106751,45,0.50561797752809,47,0.528089887640449,-0.0224719101123596,0.0224719101123596,42,74,0.0337078651685393,0.123595505617978,89,1,71,38,0.535211267605634,18,7,0.388888888888889,0.528089887640449,0.449438202247191
3__NQ_ES__xgb_d4__0.5000,2023,TRUE,3,NQ_ES,xgb_d4,4,0.5,0.0300617814064026,1,10817,0.505349217472553,5631,0.520569473976149,5324,0.492188222242766,0.0283812517333826,0.0271794397707313,52,310,0.00508458907275585,0.0249607099935287,10817,1,7559,3891,0.514750628389999,3258,1740,0.534069981583794,0.492188222242766,0.480632337986503
3__NQ_ES__xgb_d4__0.2000,2023,TRUE,3,NQ_ES,xgb_d4,4,0.2,0.0569464802742004,1,4150,0.193879934594721,2172,0.523373493975904,2009,0.484096385542169,0.0392771084337349,0.0274698795180723,52,310,0.00746987951807229,0.0349397590361446,4150,1,3014,1537,0.509953550099536,1136,635,0.558978873239437,0.484096385542169,0.488433734939759
3__NQ_ES__xgb_d4__0.1000,2023,TRUE,3,NQ_ES,xgb_d4,4,0.1,0.0741860270500183,1,1964,0.0917542630226582,1045,0.532077393075356,941,0.479124236252546,0.0529531568228106,0.0259674134419552,52,301,0.0106924643584521,0.0427698574338086,1964,1,1398,718,0.513590844062947,566,327,0.57773851590106,0.479124236252546,0.494908350305499
3__NQ_ES__xgb_d4__0.0500,2023,TRUE,3,NQ_ES,xgb_d4,4,0.05,0.089117231965065,1,969,0.0452697967764541,510,0.526315789473684,451,0.465428276573787,0.0608875128998968,0.0288957688338493,52,276,0.0144478844169247,0.0557275541795666,969,1,683,342,0.500732064421669,286,168,0.587412587412587,0.465428276573787,0.505675954592363
3__NQ_ES__xgb_d4__0.0200,2023,TRUE,3,NQ_ES,xgb_d4,4,0.02,0.108591648340225,1,352,0.0164447558981546,198,0.5625,166,0.471590909090909,0.0909090909090909,0.0227272727272727,52,194,0.0170454545454545,0.0738636363636364,352,1,251,133,0.529880478087649,101,65,0.643564356435644,0.471590909090909,0.505681818181818
3__NQ_ES__xgb_d4__0.0100,2023,TRUE,3,NQ_ES,xgb_d4,4,0.01,0.120930874347687,1,168,0.00784863349684653,93,0.553571428571429,81,0.482142857142857,0.0714285714285714,0.00595238095238095,48,128,0.0297619047619048,0.101190476190476,168,1,127,67,0.52755905511811,41,26,0.634146341463415,0.482142857142857,0.511904761904762
3__NQ_ES__xgb_d4__0.0050,2023,TRUE,3,NQ_ES,xgb_d4,4,0.005,0.131137051582336,1,81,0.00378416257883672,44,0.54320987654321,39,0.481481481481482,0.0617283950617284,0.0123456790123457,42,73,0.037037037037037,0.135802469135802,81,1,61,32,0.524590163934426,20,12,0.6,0.481481481481482,0.506172839506173
3__NQ_ES__xgb_d5__0.5000,2023,TRUE,3,NQ_ES,xgb_d5,5,0.5,0.0325807332992554,1,10569,0.493763139453399,5489,0.519349039644243,5173,0.489450279118176,0.0298987605260668,0.0263033399564765,52,310,0.00577159617750024,0.027060270602706,10569,1,7305,3741,0.51211498973306,3264,1748,0.535539215686275,0.489450279118176,0.484246380925348
3__NQ_ES__xgb_d5__0.2000,2023,TRUE,3,NQ_ES,xgb_d5,5,0.2,0.0615952491760254,1,3893,0.181873394066807,2059,0.528898022090932,1889,0.48522989982019,0.0436681222707424,0.0241459029026458,52,310,0.00770613922424865,0.0362188543539687,3893,1,2758,1421,0.515228426395939,1135,638,0.562114537444934,0.48522989982019,0.490624197277164
3__NQ_ES__xgb_d5__0.1000,2023,TRUE,3,NQ_ES,xgb_d5,5,0.1,0.0804337978363037,1,1812,0.0846531184302733,974,0.537527593818985,861,0.475165562913907,0.0623620309050773,0.0237306843267108,52,294,0.00993377483443709,0.0458057395143488,1812,1,1273,654,0.513747054202671,539,320,0.593692022263451,0.475165562913907,0.501103752759382
3__NQ_ES__xgb_d5__0.0500,2023,TRUE,3,NQ_ES,xgb_d5,5,0.05,0.0991754531860352,1,764,0.0356925951880402,421,0.551047120418848,352,0.460732984293194,0.0903141361256544,0.0235602094240838,52,253,0.0130890052356021,0.0589005235602094,764,1,501,258,0.51497005988024,263,163,0.619771863117871,0.460732984293194,0.515706806282723
3__NQ_ES__xgb_d5__0.0200,2023,TRUE,3,NQ_ES,xgb_d5,5,0.02,0.119795982837677,1,286,0.0133613641672506,160,0.55944055944056,136,0.475524475524476,0.0839160839160839,0.0244755244755245,52,175,0.0244755244755245,0.0944055944055944,286,1,177,95,0.536723163841808,109,65,0.596330275229358,0.475524475524476,0.5
3__NQ_ES__xgb_d5__0.0100,2023,TRUE,3,NQ_ES,xgb_d5,5,0.01,0.133294594883919,1,136,0.00635365568792338,81,0.595588235294118,70,0.514705882352941,0.0808823529411765,0.0147058823529412,45,102,0.0294117647058824,0.125,136,1,82,49,0.597560975609756,54,32,0.592592592592593,0.514705882352941,0.470588235294118
3__NQ_ES__xgb_d5__0.0050,2023,TRUE,3,NQ_ES,xgb_d5,5,0.005,0.146976405680179,1,49,0.00228918476991357,28,0.571428571428571,25,0.510204081632653,0.0612244897959184,0.0204081632653061,29,44,0.0816326530612245,0.204081632653061,49,1,27,16,0.592592592592593,22,12,0.545454545454545,0.510204081632653,0.469387755102041
5__NQ_ONLY__logit__0.5000,2023,TRUE,5,NQ_ONLY,logit,,0.5,0.0261855177185907,1,10305,0.481902356902357,5433,0.527219796215429,5206,0.505191654536633,0.0220281416787967,0.0183406113537118,52,310,0.00553129548762737,0.0266860747210092,10305,1,7030,3712,0.528022759601707,3275,1721,0.525496183206107,0.505191654536633,0.476467734109655
5__NQ_ONLY__logit__0.2000,2023,TRUE,5,NQ_ONLY,logit,,0.2,0.0503123415552151,1,3720,0.173961840628507,2011,0.540591397849462,1895,0.509408602150538,0.0311827956989247,0.0163978494623656,52,303,0.00698924731182796,0.0338709677419355,3720,1,2600,1399,0.538076923076923,1120,612,0.546428571428571,0.509408602150538,0.474193548387097
5__NQ_ONLY__logit__0.1000,2023,TRUE,5,NQ_ONLY,logit,,0.1,0.0642592872202094,1,1754,0.0820239431350542,950,0.541619156214367,868,0.494868871151653,0.0467502850627138,0.0142531356898518,52,288,0.0096921322690992,0.0450399087799316,1754,1,1230,650,0.528455284552846,524,300,0.572519083969466,0.494868871151653,0.490877993158495
5__NQ_ONLY__logit__0.0500,2023,TRUE,5,NQ_ONLY,logit,,0.05,0.0764364043344632,1,796,0.0372240927796483,448,0.562814070351759,408,0.512562814070352,0.050251256281407,0.0113065326633166,52,259,0.0138190954773869,0.0603015075376884,796,1,545,304,0.557798165137615,251,144,0.573705179282869,0.512562814070352,0.476130653266332
5__NQ_ONLY__logit__0.0200,2023,TRUE,5,NQ_ONLY,logit,,0.02,0.0915628309407243,1,265,0.0123924429479985,144,0.543396226415094,131,0.49433962264151,0.0490566037735849,0.00754716981132076,52,154,0.0226415094339623,0.105660377358491,265,1,189,100,0.529100529100529,76,44,0.578947368421053,0.49433962264151,0.49811320754717
5__NQ_ONLY__logit__0.0100,2023,TRUE,5,NQ_ONLY,logit,,0.01,0.102221069010016,1,105,0.00491021324354658,61,0.580952380952381,49,0.466666666666667,0.114285714285714,0.0190476190476191,46,88,0.0190476190476191,0.0952380952380952,105,1,70,38,0.542857142857143,35,23,0.657142857142857,0.466666666666667,0.514285714285714
5__NQ_ONLY__logit__0.0050,2023,TRUE,5,NQ_ONLY,logit,,0.005,0.112388072193951,1,42,0.00196408529741863,24,0.571428571428571,22,0.523809523809524,0.0476190476190476,0,33,39,0.0476190476190476,0.19047619047619,42,1,26,15,0.576923076923077,16,9,0.5625,0.523809523809524,0.476190476190476
5__NQ_ONLY__ranger__0.5000,2023,TRUE,5,NQ_ONLY,ranger,,0.5,0.0216811988051647,1,11312,0.528993640104751,5922,0.523514851485149,5727,0.506276520509194,0.0172383309759547,0.0189179632248939,52,310,0.00503889674681754,0.0249292786421499,11312,1,8139,4268,0.524388745546136,3173,1654,0.521273242987709,0.506276520509194,0.474805516265912
5__NQ_ONLY__ranger__0.2000,2023,TRUE,5,NQ_ONLY,ranger,,0.2,0.0420173627721293,1,4750,0.222128694350917,2578,0.542736842105263,2485,0.523157894736842,0.0195789473684211,0.0170526315789474,52,308,0.00652631578947368,0.0313684210526316,4750,1,3754,2043,0.544219499200852,996,535,0.53714859437751,0.523157894736842,0.459789473684211
5__NQ_ONLY__ranger__0.1000,2023,TRUE,5,NQ_ONLY,ranger,,0.1,0.0523099015744164,1,2495,0.116676019453797,1389,0.556713426853707,1321,0.529458917835671,0.0272545090180361,0.0172344689378758,52,302,0.00961923847695391,0.0396793587174349,2495,1,2011,1117,0.555445052212829,484,272,0.56198347107438,0.529458917835671,0.453306613226453
5__NQ_ONLY__ranger__0.0500,2023,TRUE,5,NQ_ONLY,ranger,,0.05,0.0605358146902864,1,1261,0.0589693228582118,717,0.568596352101507,674,0.534496431403648,0.0340999206978588,0.014274385408406,52,284,0.014274385408406,0.0475812846946868,1261,1,1032,583,0.564922480620155,229,134,0.585152838427948,0.534496431403648,0.451229183187946
5__NQ_ONLY__ranger__0.0200,2023,TRUE,5,NQ_ONLY,ranger,,0.02,0.0688979136916718,1,520,0.0243172465394688,288,0.553846153846154,271,0.521153846153846,0.0326923076923077,0.0211538461538462,52,236,0.0153846153846154,0.0596153846153846,520,1,433,237,0.547344110854504,87,51,0.586206896551724,0.521153846153846,0.457692307692308
5__NQ_ONLY__ranger__0.0100,2023,TRUE,5,NQ_ONLY,ranger,,0.01,0.0746998077708806,1,253,0.0118312757201646,132,0.521739130434783,121,0.478260869565217,0.0434782608695652,0.0197628458498024,52,160,0.0316205533596838,0.106719367588933,253,1,209,105,0.502392344497608,44,27,0.613636363636364,0.478260869565217,0.50197628458498
5__NQ_ONLY__ranger__0.0050,2023,TRUE,5,NQ_ONLY,ranger,,0.005,0.0801020541502554,1,115,0.00537785260007482,57,0.495652173913044,50,0.434782608695652,0.0608695652173913,0.0173913043478261,42,92,0.0347826086956522,0.11304347826087,115,1,93,43,0.462365591397849,22,14,0.636363636363636,0.434782608695652,0.547826086956522
5__NQ_ONLY__xgb_d2__0.5000,2023,TRUE,5,NQ_ONLY,xgb_d2,2,0.5,0.023333728313446,1,10997,0.514263000374112,5713,0.519505319632627,5546,0.504319359825407,0.0151859598072202,0.0190051832317905,52,310,0.00527416568154951,0.0252796217150132,10997,1,7930,4124,0.520050441361917,3067,1589,0.518095859145745,0.504319359825407,0.476675456942803
5__NQ_ONLY__xgb_d2__0.2000,2023,TRUE,5,NQ_ONLY,xgb_d2,2,0.2,0.0440528392791748,1,4552,0.212869435091657,2451,0.538444639718805,2352,0.516695957820738,0.0217486818980668,0.0171353251318102,52,309,0.0070298769771529,0.0329525483304042,4552,1,3545,1906,0.537658674188999,1007,545,0.541211519364449,0.516695957820738,0.466168717047452
5__NQ_ONLY__xgb_d2__0.1000,2023,TRUE,5,NQ_ONLY,xgb_d2,2,0.1,0.0546430051326752,1,2330,0.108959970071081,1283,0.550643776824034,1205,0.517167381974249,0.0334763948497854,0.0150214592274678,52,300,0.00901287553648069,0.0407725321888412,2330,1,1813,989,0.545504688361831,517,294,0.568665377176016,0.517167381974249,0.467811158798283
5__NQ_ONLY__xgb_d2__0.0500,2023,TRUE,5,NQ_ONLY,xgb_d2,2,0.05,0.0625575929880142,1,1250,0.0584549195660307,700,0.56,634,0.5072,0.0528,0.0136,52,283,0.0144,0.048,1250,1,970,530,0.54639175257732,280,170,0.607142857142857,0.5072,0.4792
5__NQ_ONLY__xgb_d2__0.0200,2023,TRUE,5,NQ_ONLY,xgb_d2,2,0.02,0.0728487133979797,1,530,0.024784885895997,301,0.567924528301887,272,0.513207547169811,0.0547169811320755,0.0169811320754717,52,231,0.0188679245283019,0.0641509433962264,530,1,424,235,0.554245283018868,106,66,0.622641509433962,0.513207547169811,0.469811320754717
5__NQ_ONLY__xgb_d2__0.0100,2023,TRUE,5,NQ_ONLY,xgb_d2,2,0.01,0.0798804044723512,1,238,0.0111298166853722,132,0.554621848739496,120,0.504201680672269,0.0504201680672269,0.0126050420168067,52,159,0.0210084033613445,0.0840336134453782,238,1,194,104,0.536082474226804,44,28,0.636363636363636,0.504201680672269,0.483193277310924
5__NQ_ONLY__xgb_d2__0.0050,2023,TRUE,5,NQ_ONLY,xgb_d2,2,0.005,0.0849844336509706,1,125,0.00584549195660307,68,0.544,60,0.48,0.064,0.008,47,96,0.032,0.112,125,1,103,53,0.514563106796117,22,15,0.681818181818182,0.48,0.512
5__NQ_ONLY__xgb_d3__0.5000,2023,TRUE,5,NQ_ONLY,xgb_d3,3,0.5,0.0243335068225861,1,10956,0.512345679012346,5735,0.523457466228551,5522,0.504016064257028,0.0194414019715225,0.019258853596203,52,310,0.00565899963490325,0.026013143483023,10956,1,7842,4100,0.522825809742413,3114,1635,0.52504816955684,0.504016064257028,0.476725082146769
5__NQ_ONLY__xgb_d3__0.2000,2023,TRUE,5,NQ_ONLY,xgb_d3,3,0.2,0.0469844937324524,1,4477,0.209362139917695,2451,0.547464820192093,2327,0.519767701585883,0.0276971186062095,0.0180924726379272,52,308,0.00714764351127988,0.0328344873799419,4477,1,3357,1840,0.548108430145964,1120,611,0.545535714285714,0.519767701585883,0.462139825776189
5__NQ_ONLY__xgb_d3__0.1000,2023,TRUE,5,NQ_ONLY,xgb_d3,3,0.1,0.0585695505142212,1,2440,0.114104002992892,1339,0.548770491803279,1254,0.513934426229508,0.0348360655737705,0.0139344262295082,52,303,0.0102459016393443,0.0389344262295082,2440,1,1790,976,0.545251396648045,650,363,0.558461538461538,0.513934426229508,0.472131147540984
5__NQ_ONLY__xgb_d3__0.0500,2023,TRUE,5,NQ_ONLY,xgb_d3,3,0.05,0.069023922085762,1,1253,0.0585952113729891,698,0.55706304868316,620,0.494812450119713,0.0622505985634477,0.014365522745411,52,288,0.014365522745411,0.0494812450119713,1253,1,909,490,0.539053905390539,344,208,0.604651162790698,0.494812450119713,0.490822027134876
5__NQ_ONLY__xgb_d3__0.0200,2023,TRUE,5,NQ_ONLY,xgb_d3,3,0.02,0.0812153518199921,1,506,0.0236625514403292,288,0.569169960474308,246,0.486166007905138,0.08300395256917,0.0138339920948617,52,226,0.0197628458498024,0.0711462450592885,506,1,357,194,0.543417366946779,149,94,0.630872483221476,0.486166007905138,0.5
5__NQ_ONLY__xgb_d3__0.0100,2023,TRUE,5,NQ_ONLY,xgb_d3,3,0.01,0.0911895439028742,1,214,0.0100074822297045,117,0.546728971962617,98,0.457943925233645,0.088785046728972,0.00934579439252336,51,141,0.0373831775700935,0.102803738317757,214,1,144,73,0.506944444444445,70,44,0.628571428571429,0.457943925233645,0.532710280373832
5__NQ_ONLY__xgb_d3__0.0050,2023,TRUE,5,NQ_ONLY,xgb_d3,3,0.005,0.0992189876735211,1,101,0.00472315750093528,59,0.584158415841584,41,0.405940594059406,0.178217821782178,0.0099009900990099,48,87,0.0297029702970297,0.108910891089109,101,1,64,32,0.5,37,27,0.72972972972973,0.405940594059406,0.584158415841584
5__NQ_ONLY__xgb_d4__0.5000,2023,TRUE,5,NQ_ONLY,xgb_d4,4,0.5,0.0270690470933914,1,10574,0.494481855592967,5566,0.526385473803669,5342,0.505201437488179,0.0211840363154908,0.0189143181388311,52,310,0.00557972385095517,0.026763760166446,10574,1,7493,3942,0.526091018283732,3081,1624,0.52710159039273,0.505201437488179,0.47588424437299
5__NQ_ONLY__xgb_d4__0.2000,2023,TRUE,5,NQ_ONLY,xgb_d4,4,0.2,0.0512882769107819,1,4200,0.196408529741863,2297,0.546904761904762,2161,0.51452380952381,0.0323809523809524,0.0173809523809524,52,306,0.00738095238095238,0.0335714285714286,4200,1,3104,1692,0.545103092783505,1096,605,0.552007299270073,0.51452380952381,0.468095238095238
5__NQ_ONLY__xgb_d4__0.1000,2023,TRUE,5,NQ_ONLY,xgb_d4,4,0.1,0.0642512440681458,1,2141,0.100121586232697,1181,0.551611396543671,1096,0.511910322279309,0.0397010742643624,0.0168145726296123,52,296,0.0107426436244745,0.0411022886501635,2141,1,1548,848,0.547803617571059,593,333,0.561551433389545,0.511910322279309,0.471275105091079
5__NQ_ONLY__xgb_d4__0.0500,2023,TRUE,5,NQ_ONLY,xgb_d4,4,0.05,0.0765290558338165,1,1091,0.0510194537972316,596,0.546287809349221,546,0.500458295142072,0.0458295142071494,0.0192483959670028,52,279,0.0155820348304308,0.0568285976168653,1091,1,787,422,0.536213468869123,304,174,0.572368421052632,0.500458295142072,0.480293308890926
5__NQ_ONLY__xgb_d4__0.0200,2023,TRUE,5,NQ_ONLY,xgb_d4,4,0.02,0.0912757039070129,1,410,0.0191732136176581,229,0.558536585365854,214,0.521951219512195,0.0365853658536585,0.0121951219512195,52,209,0.0170731707317073,0.0658536585365854,410,1,294,165,0.561224489795918,116,64,0.551724137931035,0.521951219512195,0.465853658536585
5__NQ_ONLY__xgb_d4__0.0100,2023,TRUE,5,NQ_ONLY,xgb_d4,4,0.01,0.101380535960198,1,204,0.00953984287317621,103,0.504901960784314,99,0.485294117647059,0.0196078431372549,0.00490196078431373,50,148,0.0196078431372549,0.0931372549019608,204,1,141,70,0.49645390070922,63,33,0.523809523809524,0.485294117647059,0.509803921568627
5__NQ_ONLY__xgb_d4__0.0050,2023,TRUE,5,NQ_ONLY,xgb_d4,4,0.005,0.112335082143545,1,88,0.00411522633744856,43,0.488636363636364,40,0.454545454545455,0.0340909090909091,0,42,73,0.0340909090909091,0.125,88,1,61,28,0.459016393442623,27,15,0.555555555555556,0.454545454545455,0.545454545454545
5__NQ_ONLY__xgb_d5__0.5000,2023,TRUE,5,NQ_ONLY,xgb_d5,5,0.5,0.0288970023393631,1,10425,0.487514029180696,5507,0.528249400479616,5270,0.505515587529976,0.0227338129496403,0.0180335731414868,52,310,0.00565947242206235,0.0269544364508393,10425,1,7330,3867,0.527557980900409,3095,1640,0.529886914378029,0.505515587529976,0.476450839328537
5__NQ_ONLY__xgb_d5__0.2000,2023,TRUE,5,NQ_ONLY,xgb_d5,5,0.2,0.0547592043876648,1,3955,0.184951365506921,2167,0.547914032869785,2040,0.515802781289507,0.0321112515802781,0.015929203539823,52,308,0.00783817951959545,0.0361567635903919,3955,1,2872,1571,0.547005571030641,1083,596,0.550323176361958,0.515802781289507,0.46826801517067
5__NQ_ONLY__xgb_d5__0.1000,2023,TRUE,5,NQ_ONLY,xgb_d5,5,0.1,0.0696919113397598,1,1945,0.0909558548447437,1066,0.548071979434447,1009,0.518766066838046,0.029305912596401,0.0205655526992288,52,292,0.00925449871465296,0.0431876606683805,1945,1,1415,779,0.550530035335689,530,287,0.541509433962264,0.518766066838046,0.460668380462725
5__NQ_ONLY__xgb_d5__0.0500,2023,TRUE,5,NQ_ONLY,xgb_d5,5,0.05,0.0838671997189522,1,953,0.0445660306771418,519,0.544596012591815,478,0.501573976915005,0.0430220356768101,0.0178384050367261,52,268,0.0115424973767051,0.0535152151101784,953,1,685,367,0.535766423357664,268,152,0.567164179104478,0.501573976915005,0.480587618048269
5__NQ_ONLY__xgb_d5__0.0200,2023,TRUE,5,NQ_ONLY,xgb_d5,5,0.02,0.100855487585068,1,370,0.0173026561915451,185,0.5,172,0.464864864864865,0.0351351351351351,0.0162162162162162,52,192,0.0189189189189189,0.0891891891891892,370,1,247,118,0.477732793522267,123,67,0.544715447154472,0.464864864864865,0.518918918918919
5__NQ_ONLY__xgb_d5__0.0100,2023,TRUE,5,NQ_ONLY,xgb_d5,5,0.01,0.115179350972176,1,151,0.00706135428357651,82,0.543046357615894,72,0.47682119205298,0.0662251655629139,0.0132450331125828,50,114,0.0198675496688742,0.0993377483443709,151,1,98,51,0.520408163265306,53,31,0.584905660377359,0.47682119205298,0.509933774834437
5__NQ_ONLY__xgb_d5__0.0050,2023,TRUE,5,NQ_ONLY,xgb_d5,5,0.005,0.125660529732704,1,69,0.00322671156004489,40,0.579710144927536,29,0.420289855072464,0.159420289855072,0,40,63,0.0434782608695652,0.159420289855072,69,1,44,22,0.5,25,18,0.72,0.420289855072464,0.579710144927536
5__NQ_ES__logit__0.5000,2023,TRUE,5,NQ_ES,logit,,0.5,0.0264525679031747,1,10388,0.485783763561541,5487,0.52820562187139,5260,0.506353484790143,0.0218521370812476,0.0184828648440508,52,310,0.00577589526376588,0.0272429726607624,10388,1,6912,3666,0.530381944444445,3476,1821,0.523878020713464,0.506353484790143,0.475163650365807
5__NQ_ES__logit__0.2000,2023,TRUE,5,NQ_ES,logit,,0.2,0.0514258868370519,1,3700,0.173026561915451,2016,0.544864864864865,1915,0.517567567567568,0.0272972972972973,0.0156756756756757,52,302,0.00810810810810811,0.0356756756756757,3700,1,2562,1404,0.548009367681499,1138,612,0.537785588752197,0.517567567567568,0.466756756756757
5__NQ_ES__logit__0.1000,2023,TRUE,5,NQ_ES,logit,,0.1,0.0657707160179398,1,1715,0.0802001496445941,951,0.554518950437318,870,0.507288629737609,0.0472303206997085,0.00932944606413994,52,287,0.00991253644314869,0.0425655976676385,1715,1,1169,640,0.547476475620188,546,311,0.56959706959707,0.507288629737609,0.483381924198251
5__NQ_ES__logit__0.0500,2023,TRUE,5,NQ_ES,logit,,0.05,0.0781928403009509,1,796,0.0372240927796483,441,0.554020100502513,385,0.483668341708543,0.0703517587939699,0.0113065326633166,52,257,0.0125628140703518,0.0590452261306533,796,1,539,286,0.530612244897959,257,155,0.603112840466926,0.483668341708543,0.505025125628141
5__NQ_ES__logit__0.0200,2023,TRUE,5,NQ_ES,logit,,0.02,0.0953777546626245,1,239,0.0111765806210251,129,0.539748953974895,121,0.506276150627615,0.0334728033472803,0.0125523012552301,52,148,0.0251046025104603,0.100418410041841,239,1,163,88,0.539877300613497,76,41,0.539473684210526,0.506276150627615,0.481171548117155
5__NQ_ES__logit__0.0100,2023,TRUE,5,NQ_ES,logit,,0.01,0.106626174981355,1,90,0.00420875420875421,55,0.611111111111111,46,0.511111111111111,0.1,0.0222222222222222,44,73,0.0333333333333333,0.144444444444444,90,1,58,35,0.603448275862069,32,20,0.625,0.511111111111111,0.466666666666667
5__NQ_ES__logit__0.0050,2023,TRUE,5,NQ_ES,logit,,0.005,0.118963930248945,1,31,0.00144968200523756,20,0.645161290322581,15,0.483870967741936,0.161290322580645,0.032258064516129,21,27,0.0967741935483871,0.290322580645161,31,1,22,13,0.590909090909091,9,7,0.777777777777778,0.483870967741936,0.483870967741936
5__NQ_ES__ranger__0.5000,2023,TRUE,5,NQ_ES,ranger,,0.5,0.0211442800820451,1,11407,0.53343621399177,5943,0.520995879722977,5749,0.503988778820023,0.0170071009029543,0.0184097484001052,52,310,0.00508459717717191,0.0249846585429999,11407,1,8189,4267,0.521064843082183,3218,1676,0.520820385332505,0.503988778820023,0.477601472779872
5__NQ_ES__ranger__0.2000,2023,TRUE,5,NQ_ES,ranger,,0.2,0.040923284028601,1,4755,0.222362514029181,2596,0.545951629863302,2482,0.521976866456362,0.0239747634069401,0.0151419558359621,52,309,0.00694006309148265,0.0321766561514196,4755,1,3817,2077,0.544144616190726,938,519,0.553304904051173,0.521976866456362,0.462881177707676
5__NQ_ES__ranger__0.1000,2023,TRUE,5,NQ_ES,ranger,,0.1,0.0513865140897747,1,2471,0.115553684998129,1386,0.560906515580737,1328,0.537434237150951,0.0234722784297855,0.0129502225819506,52,302,0.0101173613921489,0.0404694455685957,2471,1,2065,1157,0.560290556900726,406,229,0.564039408866995,0.537434237150951,0.449615540267098
5__NQ_ES__ranger__0.0500,2023,TRUE,5,NQ_ES,ranger,,0.05,0.0592244236848578,1,1332,0.0622895622895623,747,0.560810810810811,715,0.536786786786787,0.024024024024024,0.0142642642642643,52,284,0.0127627627627628,0.0495495495495496,1332,1,1151,641,0.556907037358818,181,106,0.585635359116022,0.536786786786787,0.448948948948949
5__NQ_ES__ranger__0.0200,2023,TRUE,5,NQ_ES,ranger,,0.02,0.0684396897794979,1,568,0.0265619154508043,313,0.551056338028169,305,0.536971830985916,0.0140845070422535,0.0140845070422535,52,234,0.0176056338028169,0.0686619718309859,568,1,509,280,0.550098231827112,59,33,0.559322033898305,0.536971830985916,0.448943661971831
5__NQ_ES__ranger__0.0100,2023,TRUE,5,NQ_ES,ranger,,0.01,0.0752428721542735,1,272,0.0127197904975683,151,0.555147058823529,150,0.551470588235294,0.00367647058823529,0.0147058823529412,52,161,0.0220588235294118,0.0919117647058824,272,1,250,140,0.56,22,11,0.5,0.551470588235294,0.433823529411765
5__NQ_ES__ranger__0.0050,2023,TRUE,5,NQ_ES,ranger,,0.005,0.0798838203299756,1,147,0.00687429854096521,77,0.523809523809524,77,0.523809523809524,0,0.0204081632653061,49,105,0.0272108843537415,0.122448979591837,147,1,135,71,0.525925925925926,12,6,0.5,0.523809523809524,0.45578231292517
5__NQ_ES__xgb_d2__0.5000,2023,TRUE,5,NQ_ES,xgb_d2,2,0.5,0.0235504806041718,1,11003,0.514543583988028,5721,0.519949104789603,5544,0.503862582931928,0.0160865218576752,0.0188130509860947,52,310,0.00536217395255839,0.0250840679814596,11003,1,7866,4091,0.520086448004068,3137,1630,0.519604717883328,0.503862582931928,0.477324366081978
5__NQ_ES__xgb_d2__0.2000,2023,TRUE,5,NQ_ES,xgb_d2,2,0.2,0.0434536933898926,1,4558,0.213150018705574,2427,0.53247038174638,2334,0.512066695919263,0.0204036858271172,0.0153576129881527,52,309,0.00680122860903905,0.0322509872751207,4558,1,3547,1882,0.530589230335495,1011,545,0.539070227497527,0.512066695919263,0.472575691092585
5__NQ_ES__xgb_d2__0.1000,2023,TRUE,5,NQ_ES,xgb_d2,2,0.1,0.0541355013847351,1,2400,0.112233445566779,1324,0.551666666666667,1254,0.5225,0.0291666666666667,0.0129166666666667,52,298,0.0075,0.0354166666666667,2400,1,1935,1060,0.547803617571059,465,264,0.567741935483871,0.5225,0.464583333333333
5__NQ_ES__xgb_d2__0.0500,2023,TRUE,5,NQ_ES,xgb_d2,2,0.05,0.0633974820375443,1,1193,0.0557893752338197,664,0.556580050293378,616,0.516345347862531,0.0402347024308466,0.0125733445096396,52,284,0.0125733445096396,0.0502933780385583,1193,1,986,539,0.546653144016227,207,125,0.603864734299517,0.516345347862531,0.471081307627829
5__NQ_ES__xgb_d2__0.0200,2023,TRUE,5,NQ_ES,xgb_d2,2,0.02,0.0737349241971969,1,524,0.0245043022820801,291,0.555343511450382,283,0.540076335877863,0.0152671755725191,0.0114503816793893,52,228,0.0152671755725191,0.0629770992366412,524,1,463,257,0.555075593952484,61,34,0.557377049180328,0.540076335877863,0.448473282442748
5__NQ_ES__xgb_d2__0.0100,2023,TRUE,5,NQ_ES,xgb_d2,2,0.01,0.0813982248306275,1,270,0.0126262626262626,151,0.559259259259259,145,0.537037037037037,0.0222222222222222,0.0111111111111111,52,163,0.0185185185185185,0.0777777777777778,270,1,248,137,0.55241935483871,22,14,0.636363636363636,0.537037037037037,0.451851851851852
5__NQ_ES__xgb_d2__0.0050,2023,TRUE,5,NQ_ES,xgb_d2,2,0.005,0.0882816575467587,1,125,0.00584549195660307,62,0.496,59,0.472,0.024,0.008,42,94,0.024,0.12,125,1,120,58,0.483333333333333,5,4,0.8,0.472,0.52
5__NQ_ES__xgb_d3__0.5000,2023,TRUE,5,NQ_ES,xgb_d3,3,0.5,0.0251037329435349,1,10960,0.512532734754957,5689,0.519069343065693,5509,0.50264598540146,0.0164233576642336,0.0186131386861314,52,310,0.00529197080291971,0.025456204379562,10960,1,7736,4015,0.519002068252327,3224,1674,0.519230769230769,0.50264598540146,0.478740875912409
5__NQ_ES__xgb_d3__0.2000,2023,TRUE,5,NQ_ES,xgb_d3,3,0.2,0.0475923418998718,1,4457,0.208426861204639,2393,0.536908234238277,2282,0.512003589858649,0.0249046443796276,0.0188467579089073,52,308,0.00650661880188468,0.03118689701593,4457,1,3353,1796,0.535639725618849,1104,597,0.540760869565217,0.512003589858649,0.469149652232443
5__NQ_ES__xgb_d3__0.1000,2023,TRUE,5,NQ_ES,xgb_d3,3,0.1,0.059220016002655,1,2363,0.110503179947624,1286,0.544223444773593,1210,0.512060939483707,0.0321625052898857,0.0139652983495556,52,300,0.00846381718154888,0.0359712230215827,2363,1,1806,974,0.539313399778516,557,312,0.560143626570916,0.512060939483707,0.473973762166737
5__NQ_ES__xgb_d3__0.0500,2023,TRUE,5,NQ_ES,xgb_d3,3,0.05,0.069326862692833,1,1267,0.0592499064721287,714,0.56353591160221,639,0.504340962904499,0.0591949486977111,0.0165745856353591,52,281,0.0118389897395422,0.0465666929755328,1267,1,984,538,0.546747967479675,283,176,0.621908127208481,0.504340962904499,0.479084451460142
5__NQ_ES__xgb_d3__0.0200,2023,TRUE,5,NQ_ES,xgb_d3,3,0.02,0.0829803645610809,1,464,0.0216984661429106,265,0.571120689655172,231,0.497844827586207,0.0732758620689655,0.0150862068965517,52,213,0.021551724137931,0.0754310344827586,464,1,366,200,0.546448087431694,98,65,0.663265306122449,0.497844827586207,0.487068965517241
5__NQ_ES__xgb_d3__0.0100,2023,TRUE,5,NQ_ES,xgb_d3,3,0.01,0.0924501553177834,1,227,0.0106154133931912,119,0.524229074889868,110,0.484581497797357,0.039647577092511,0.0176211453744493,51,138,0.0308370044052863,0.105726872246696,227,1,183,93,0.508196721311475,44,26,0.590909090909091,0.484581497797357,0.497797356828194
5__NQ_ES__xgb_d3__0.0050,2023,TRUE,5,NQ_ES,xgb_d3,3,0.005,0.100042697042227,1,111,0.00519079685746352,56,0.504504504504505,55,0.495495495495496,0.00900900900900901,0.00900900900900901,44,82,0.036036036036036,0.144144144144144,111,1,94,47,0.5,17,9,0.529411764705882,0.495495495495496,0.495495495495496
5__NQ_ES__xgb_d4__0.5000,2023,TRUE,5,NQ_ES,xgb_d4,4,0.5,0.0273360908031464,1,10688,0.499812944257389,5550,0.519273952095808,5327,0.498409431137725,0.0208645209580838,0.0188997005988024,52,310,0.00570733532934132,0.0265718562874252,10688,1,7441,3845,0.516731622093805,3247,1705,0.525100092392978,0.498409431137725,0.482690868263473
5__NQ_ES__xgb_d4__0.2000,2023,TRUE,5,NQ_ES,xgb_d4,4,0.2,0.0517722368240356,1,4269,0.199635241301908,2277,0.533380182712579,2172,0.508784258608574,0.0245959241040056,0.0156945420473179,52,309,0.0065589130944015,0.0311548371984071,4269,1,3085,1642,0.5322528363047,1184,635,0.536317567567568,0.508784258608574,0.475521199344109
5__NQ_ES__xgb_d4__0.1000,2023,TRUE,5,NQ_ES,xgb_d4,4,0.1,0.0654574632644653,1,2165,0.101243920688365,1174,0.542263279445728,1096,0.506235565819861,0.0360277136258661,0.0143187066974596,52,295,0.00877598152424942,0.0378752886836028,2165,1,1567,841,0.536694320357371,598,333,0.55685618729097,0.506235565819861,0.479445727482679
5__NQ_ES__xgb_d4__0.0500,2023,TRUE,5,NQ_ES,xgb_d4,4,0.05,0.0783948823809624,1,1073,0.0501777029554807,592,0.551724137931035,544,0.506989748369059,0.0447343895619758,0.0130475302889096,52,272,0.0139794967381174,0.0512581547064306,1073,1,803,435,0.541718555417186,270,157,0.581481481481482,0.506989748369059,0.479962721342032
5__NQ_ES__xgb_d4__0.0200,2023,TRUE,5,NQ_ES,xgb_d4,4,0.02,0.0932425379753112,1,447,0.0209034792368126,245,0.548098434004474,230,0.514541387024609,0.0335570469798658,0.0134228187919463,52,207,0.0178970917225951,0.0671140939597315,447,1,341,186,0.545454545454545,106,59,0.556603773584906,0.514541387024609,0.472035794183445
5__NQ_ES__xgb_d4__0.0100,2023,TRUE,5,NQ_ES,xgb_d4,4,0.01,0.104945513606072,1,213,0.00996071829405163,108,0.507042253521127,107,0.502347417840376,0.00469483568075117,0.00469483568075117,50,131,0.0234741784037559,0.0985915492957746,213,1,168,85,0.505952380952381,45,23,0.511111111111111,0.502347417840376,0.492957746478873
5__NQ_ES__xgb_d4__0.0050,2023,TRUE,5,NQ_ES,xgb_d4,4,0.005,0.118027493357658,1,75,0.00350729517396184,38,0.506666666666667,37,0.493333333333333,0.0133333333333333,0,34,56,0.0533333333333333,0.2,75,1,62,31,0.5,13,7,0.538461538461538,0.493333333333333,0.506666666666667
5__NQ_ES__xgb_d5__0.5000,2023,TRUE,5,NQ_ES,xgb_d5,5,0.5,0.0301617980003357,1,10229,0.478348297792742,5320,0.520089940365627,5131,0.501613060905269,0.0184768794603578,0.019356730863232,52,310,0.00576791475217519,0.0275686772900577,10229,1,6948,3617,0.520581462291307,3281,1703,0.519049070405364,0.501613060905269,0.479030208231499
5__NQ_ES__xgb_d5__0.2000,2023,TRUE,5,NQ_ES,xgb_d5,5,0.2,0.0566480159759522,1,3892,0.182005237560793,2062,0.529804727646454,1947,0.500256937307297,0.0295477903391572,0.0167009249743063,52,305,0.00770811921891059,0.0341726618705036,3892,1,2695,1416,0.525417439703154,1197,646,0.53968253968254,0.500256937307297,0.483042137718397
5__NQ_ES__xgb_d5__0.1000,2023,TRUE,5,NQ_ES,xgb_d5,5,0.1,0.0723302662372589,1,1861,0.0870276842499065,994,0.534121440085975,938,0.504030091348737,0.030091348737238,0.0134336378291241,52,292,0.0102095647501343,0.0451370231058571,1861,1,1286,683,0.531104199066874,575,311,0.540869565217391,0.504030091348737,0.482536270822139
5__NQ_ES__xgb_d5__0.0500,2023,TRUE,5,NQ_ES,xgb_d5,5,0.05,0.0864426642656326,1,925,0.0432566404788627,506,0.547027027027027,467,0.504864864864865,0.0421621621621622,0.012972972972973,52,265,0.0151351351351351,0.0648648648648649,925,1,654,353,0.539755351681957,271,153,0.564575645756458,0.504864864864865,0.482162162162162
5__NQ_ES__xgb_d5__0.0200,2023,TRUE,5,NQ_ES,xgb_d5,5,0.02,0.105369317531586,1,307,0.0143565282454171,167,0.543973941368078,158,0.514657980456026,0.0293159609120521,0.0130293159609121,51,167,0.0293159609120521,0.107491856677524,307,1,229,124,0.541484716157205,78,43,0.551282051282051,0.514657980456026,0.472312703583062
5__NQ_ES__xgb_d5__0.0100,2023,TRUE,5,NQ_ES,xgb_d5,5,0.01,0.119024920463562,1,144,0.00673400673400673,70,0.486111111111111,67,0.465277777777778,0.0208333333333333,0.0138888888888889,47,101,0.0347222222222222,0.152777777777778,144,1,104,49,0.471153846153846,40,21,0.525,0.465277777777778,0.520833333333333
5__NQ_ES__xgb_d5__0.0050,2023,TRUE,5,NQ_ES,xgb_d5,5,0.005,0.130252342671156,1,71,0.00332023943135054,35,0.492957746478873,32,0.450704225352113,0.0422535211267606,0,35,56,0.0563380281690141,0.183098591549296,71,1,52,24,0.461538461538462,19,11,0.578947368421053,0.450704225352113,0.549295774647887
7__NQ_ONLY__logit__0.5000,2023,TRUE,7,NQ_ONLY,logit,,0.5,0.0261206136432497,1,10573,0.494596996772232,5610,0.530596803177906,5311,0.502317223115483,0.0282795800624232,0.0174973990352785,52,310,0.00576941265487563,0.0275229357798165,10573,1,7262,3835,0.528091434866428,3311,1775,0.536091815161583,0.502317223115483,0.480185377849239
7__NQ_ONLY__logit__0.2000,2023,TRUE,7,NQ_ONLY,logit,,0.2,0.0501813229532996,1,3989,0.186602423165084,2164,0.542491852594635,2006,0.502882928052143,0.0396089245424919,0.020305841062923,52,304,0.00927550764602657,0.0406116821258461,3989,1,2824,1516,0.536827195467422,1165,648,0.556223175965665,0.502882928052143,0.476811230884934
7__NQ_ONLY__logit__0.1000,2023,TRUE,7,NQ_ONLY,logit,,0.1,0.0644148738214109,1,1856,0.0868222856340927,1005,0.541487068965517,909,0.489762931034483,0.0517241379310345,0.0210129310344828,52,288,0.0161637931034483,0.0549568965517241,1856,1,1313,693,0.527798933739528,543,312,0.574585635359116,0.489762931034483,0.489224137931035
7__NQ_ONLY__logit__0.0500,2023,TRUE,7,NQ_ONLY,logit,,0.05,0.0767907884549648,1,838,0.0392010104317725,450,0.536992840095465,397,0.473747016706444,0.0632458233890215,0.0238663484486874,52,257,0.0286396181384248,0.0847255369928401,838,1,589,303,0.514431239388795,249,147,0.590361445783133,0.473747016706444,0.502386634844869
7__NQ_ONLY__logit__0.0200,2023,TRUE,7,NQ_ONLY,logit,,0.02,0.0921053792438265,1,291,0.0136127613790523,165,0.567010309278351,142,0.487972508591065,0.0790378006872852,0.0206185567010309,51,162,0.0412371134020619,0.120274914089347,291,1,201,110,0.54726368159204,90,55,0.611111111111111,0.487972508591065,0.491408934707904
7__NQ_ONLY__logit__0.0100,2023,TRUE,7,NQ_ONLY,logit,,0.01,0.104776499062646,1,94,0.00439724938017496,53,0.563829787234043,48,0.51063829787234,0.0531914893617021,0.0106382978723404,42,69,0.0957446808510638,0.202127659574468,94,1,63,35,0.555555555555556,31,18,0.580645161290323,0.51063829787234,0.478723404255319
7__NQ_ONLY__logit__0.0050,2023,TRUE,7,NQ_ONLY,logit,,0.005,0.115822726650263,1,28,0.00130981896430743,18,0.642857142857143,13,0.464285714285714,0.178571428571429,0.0357142857142857,19,23,0.142857142857143,0.357142857142857,28,1,17,10,0.588235294117647,11,8,0.727272727272727,0.464285714285714,0.5
7__NQ_ONLY__ranger__0.5000,2023,TRUE,7,NQ_ONLY,ranger,,0.5,0.0205850287873078,1,11679,0.546334845862376,6198,0.530696121243257,5889,0.504238376573337,0.0264577446699204,0.0177241202157719,52,310,0.00530867368781574,0.0250877643633873,11679,1,8496,4484,0.527777777777778,3183,1714,0.538485705309457,0.504238376573337,0.478037503210891
7__NQ_ONLY__ranger__0.2000,2023,TRUE,7,NQ_ONLY,ranger,,0.2,0.0412057393264871,1,4987,0.233288113392899,2717,0.544816522959695,2563,0.513936234208943,0.030880288750752,0.0184479647082414,52,309,0.00701824744335272,0.0318828955283738,4987,1,3979,2147,0.539582809751194,1008,570,0.565476190476191,0.513936234208943,0.467615801082815
7__NQ_ONLY__ranger__0.1000,2023,TRUE,7,NQ_ONLY,ranger,,0.1,0.0523130167584647,1,2593,0.121298591944613,1436,0.553798688777478,1338,0.516004627844196,0.0377940609332819,0.020053991515619,52,304,0.00887003470883147,0.0393366756652526,2593,1,2140,1166,0.544859813084112,453,270,0.596026490066225,0.516004627844196,0.463941380640185
7__NQ_ONLY__ranger__0.0500,2023,TRUE,7,NQ_ONLY,ranger,,0.05,0.059199201572179,1,1451,0.0678766899003602,806,0.555478980013784,756,0.521019986216403,0.0344589937973811,0.025499655410062,52,292,0.0124052377670572,0.0454858718125431,1451,1,1197,658,0.549707602339181,254,148,0.582677165354331,0.521019986216403,0.453480358373536
7__NQ_ONLY__ranger__0.0200,2023,TRUE,7,NQ_ONLY,ranger,,0.02,0.0677952774019047,1,591,0.0276465359966319,329,0.55668358714044,301,0.509306260575296,0.0473773265651438,0.0338409475465313,52,245,0.0135363790186125,0.0592216582064298,591,1,484,263,0.543388429752066,107,66,0.616822429906542,0.509306260575296,0.456852791878173
7__NQ_ONLY__ranger__0.0100,2023,TRUE,7,NQ_ONLY,ranger,,0.01,0.0739075933130436,1,289,0.0135192028816017,147,0.508650519031142,133,0.460207612456747,0.0484429065743945,0.0346020761245675,51,178,0.0173010380622837,0.0726643598615917,289,1,230,112,0.486956521739131,59,35,0.593220338983051,0.460207612456747,0.505190311418685
7__NQ_ONLY__ranger__0.0050,2023,TRUE,7,NQ_ONLY,ranger,,0.005,0.0791111841520822,1,150,0.00701688730878982,77,0.513333333333333,72,0.48,0.0333333333333333,0.0133333333333333,50,117,0.0266666666666667,0.113333333333333,150,1,125,62,0.496,25,15,0.6,0.48,0.506666666666667
7__NQ_ONLY__xgb_d2__0.5000,2023,TRUE,7,NQ_ONLY,xgb_d2,2,0.5,0.0231513977050781,1,11385,0.532581746737147,6001,0.52709705753184,5744,0.504523495827844,0.0225735617039965,0.0183574879227053,52,310,0.00509442248572683,0.0251207729468599,11385,1,8211,4319,0.526001705029838,3174,1682,0.529930686830498,0.504523495827844,0.477119016249451
7__NQ_ONLY__xgb_d2__0.2000,2023,TRUE,7,NQ_ONLY,xgb_d2,2,0.2,0.0432733654975891,1,4770,0.223137016419516,2607,0.546540880503145,2453,0.514255765199161,0.0322851153039832,0.0178197064989518,52,309,0.00712788259958071,0.0335429769392034,4770,1,3664,1989,0.542849344978166,1106,618,0.55877034358047,0.514255765199161,0.467924528301887
7__NQ_ONLY__xgb_d2__0.1000,2023,TRUE,7,NQ_ONLY,xgb_d2,2,0.1,0.0543471425771713,1,2580,0.120690461711185,1424,0.551937984496124,1311,0.508139534883721,0.0437984496124031,0.0189922480620155,52,301,0.00930232558139535,0.0395348837209302,2580,1,2034,1101,0.541297935103245,546,323,0.591575091575092,0.508139534883721,0.472868217054264
7__NQ_ONLY__xgb_d2__0.0500,2023,TRUE,7,NQ_ONLY,xgb_d2,2,0.05,0.0615795791149139,1,1429,0.0668475464284044,802,0.561231630510847,725,0.507347795661302,0.0538838348495451,0.0230930720783765,52,290,0.0111966410076977,0.046186144156753,1429,1,1107,607,0.5483288166215,322,195,0.605590062111801,0.507347795661302,0.469559132260322
7__NQ_ONLY__xgb_d2__0.0200,2023,TRUE,7,NQ_ONLY,xgb_d2,2,0.02,0.0697575879096985,1,531,0.024839781073116,299,0.563088512241055,254,0.47834274952919,0.0847457627118644,0.0169491525423729,52,223,0.0150659133709981,0.0659133709981168,531,1,373,200,0.536193029490617,158,99,0.626582278481013,0.47834274952919,0.504708097928437
7__NQ_ONLY__xgb_d2__0.0100,2023,TRUE,7,NQ_ONLY,xgb_d2,2,0.01,0.0756625851988792,1,266,0.0124432801609206,160,0.601503759398496,127,0.477443609022556,0.12406015037594,0.0150375939849624,52,173,0.018796992481203,0.0827067669172932,266,1,169,96,0.568047337278107,97,64,0.65979381443299,0.477443609022556,0.507518796992481
7__NQ_ONLY__xgb_d2__0.0050,2023,TRUE,7,NQ_ONLY,xgb_d2,2,0.005,0.0820898419618607,1,108,0.00505215886232867,68,0.62962962962963,41,0.37962962962963,0.25,0.00925925925925926,43,86,0.0462962962962963,0.138888888888889,108,1,56,29,0.517857142857143,52,39,0.75,0.37962962962963,0.611111111111111
7__NQ_ONLY__xgb_d3__0.5000,2023,TRUE,7,NQ_ONLY,xgb_d3,3,0.5,0.0242649614810944,1,11116,0.519998128830051,5904,0.531126304426053,5577,0.50170924793091,0.0294170564951421,0.0175422813961857,52,310,0.00539762504498021,0.0263584023029867,11116,1,7950,4189,0.526918238993711,3166,1715,0.541692987997473,0.50170924793091,0.480748470672904
7__NQ_ONLY__xgb_d3__0.2000,2023,TRUE,7,NQ_ONLY,xgb_d3,3,0.2,0.0463557124137878,1,4619,0.216073349862001,2525,0.546655120155878,2357,0.510283611171249,0.0363715089846287,0.01991773111063,52,307,0.00714440355055207,0.0335570469798658,4619,1,3494,1891,0.541213508872353,1125,634,0.563555555555556,0.510283611171249,0.469798657718121
7__NQ_ONLY__xgb_d3__0.1000,2023,TRUE,7,NQ_ONLY,xgb_d3,3,0.1,0.0585190296173096,1,2432,0.113767132899846,1364,0.560855263157895,1230,0.505756578947369,0.0550986842105263,0.0197368421052632,52,298,0.00986842105263158,0.0411184210526316,2432,1,1843,1009,0.547476939772111,589,355,0.602716468590832,0.505756578947369,0.474506578947368
7__NQ_ONLY__xgb_d3__0.0500,2023,TRUE,7,NQ_ONLY,xgb_d3,3,0.05,0.0674749240279198,1,1352,0.0632455442765589,770,0.569526627218935,669,0.494822485207101,0.0747041420118343,0.022189349112426,52,290,0.0118343195266272,0.0428994082840237,1352,1,992,544,0.548387096774194,360,226,0.627777777777778,0.494822485207101,0.482988165680473
7__NQ_ONLY__xgb_d3__0.0200,2023,TRUE,7,NQ_ONLY,xgb_d3,3,0.02,0.0784019327163696,1,597,0.0279272114889835,339,0.5678391959799,294,0.492462311557789,0.0753768844221106,0.0251256281407035,52,240,0.0150753768844221,0.0619765494137354,597,1,428,234,0.546728971962617,169,105,0.621301775147929,0.492462311557789,0.482412060301508
7__NQ_ONLY__xgb_d3__0.0100,2023,TRUE,7,NQ_ONLY,xgb_d3,3,0.01,0.0868790960311885,1,281,0.0131449688917996,151,0.537366548042705,126,0.448398576512456,0.0889679715302491,0.0284697508896797,52,164,0.0249110320284698,0.0818505338078292,281,1,195,97,0.497435897435897,86,54,0.627906976744186,0.448398576512456,0.523131672597865
7__NQ_ONLY__xgb_d3__0.0050,2023,TRUE,7,NQ_ONLY,xgb_d3,3,0.005,0.0956891834735868,1,105,0.00491182111615288,59,0.561904761904762,47,0.447619047619048,0.114285714285714,0.0285714285714286,41,79,0.0285714285714286,0.142857142857143,105,1,64,34,0.53125,41,25,0.609756097560976,0.447619047619048,0.523809523809524
7__NQ_ONLY__xgb_d4__0.5000,2023,TRUE,7,NQ_ONLY,xgb_d4,4,0.5,0.026643842458725,1,10561,0.494035645787529,5637,0.533756273080201,5355,0.507054256225736,0.0267020168544645,0.0172332165514629,52,310,0.00549190417574093,0.0271754568696146,10561,1,7560,4025,0.532407407407407,3001,1612,0.537154281906031,0.507054256225736,0.475712527222801
7__NQ_ONLY__xgb_d4__0.2000,2023,TRUE,7,NQ_ONLY,xgb_d4,4,0.2,0.0503052413463593,1,4237,0.19820367684895,2334,0.550861458579183,2160,0.509794666037291,0.0410667925418928,0.0191172999763984,52,306,0.00731649752183148,0.0339863110691527,4237,1,3146,1712,0.544183089637635,1091,622,0.570119156736939,0.509794666037291,0.471088033986311
7__NQ_ONLY__xgb_d4__0.1000,2023,TRUE,7,NQ_ONLY,xgb_d4,4,0.1,0.0636197507381439,1,2205,0.10314824343921,1241,0.56281179138322,1092,0.495238095238095,0.0675736961451247,0.0199546485260771,52,299,0.0090702947845805,0.0412698412698413,2205,1,1639,889,0.542403904820012,566,352,0.621908127208481,0.495238095238095,0.484807256235828
7__NQ_ONLY__xgb_d4__0.0500,2023,TRUE,7,NQ_ONLY,xgb_d4,4,0.05,0.0755742460489273,1,1175,0.0549656172521869,652,0.554893617021277,563,0.479148936170213,0.0757446808510638,0.0204255319148936,52,278,0.0127659574468085,0.051063829787234,1175,1,879,463,0.526734926052332,296,189,0.638513513513514,0.479148936170213,0.500425531914894
7__NQ_ONLY__xgb_d4__0.0200,2023,TRUE,7,NQ_ONLY,xgb_d4,4,0.02,0.0910630774497986,1,445,0.0208167656827431,245,0.550561797752809,215,0.48314606741573,0.0674157303370787,0.0134831460674157,52,210,0.0157303370786517,0.0651685393258427,445,1,327,172,0.525993883792049,118,73,0.61864406779661,0.48314606741573,0.503370786516854
7__NQ_ONLY__xgb_d4__0.0100,2023,TRUE,7,NQ_ONLY,xgb_d4,4,0.01,0.102928207218647,1,207,0.00968330448612995,107,0.516908212560387,94,0.454106280193237,0.0628019323671498,0.00966183574879227,52,138,0.0241545893719807,0.0917874396135266,207,1,153,74,0.483660130718954,54,33,0.611111111111111,0.454106280193237,0.536231884057971
7__NQ_ONLY__xgb_d4__0.0050,2023,TRUE,7,NQ_ONLY,xgb_d4,4,0.005,0.113821724206209,1,68,0.00318098891331805,36,0.529411764705882,28,0.411764705882353,0.117647058823529,0.0147058823529412,39,60,0.0294117647058824,0.147058823529412,68,1,45,21,0.466666666666667,23,15,0.652173913043478,0.411764705882353,0.573529411764706
7__NQ_ONLY__xgb_d5__0.5000,2023,TRUE,7,NQ_ONLY,xgb_d5,5,0.5,0.0286289155483246,1,10694,0.500257285867989,5681,0.531232466803815,5348,0.500093510379652,0.0311389564241631,0.0172994202356462,52,310,0.00589115391808491,0.0272115204787731,10694,1,7609,4000,0.525693257983966,3085,1681,0.544894651539708,0.500093510379652,0.482607069384702
7__NQ_ONLY__xgb_d5__0.2000,2023,TRUE,7,NQ_ONLY,xgb_d5,5,0.2,0.0539758086204529,1,4133,0.193338634981522,2269,0.548995886765062,2119,0.51270263730946,0.0362932494556013,0.018630534720542,52,305,0.00798451488023228,0.0370191144447133,4133,1,3035,1655,0.545304777594728,1098,614,0.5591985428051,0.51270263730946,0.468666827969998
7__NQ_ONLY__xgb_d5__0.1000,2023,TRUE,7,NQ_ONLY,xgb_d5,5,0.1,0.0695998132228851,1,1947,0.0910791972680919,1056,0.542372881355932,955,0.490498202362609,0.0518746789933231,0.0200308166409861,52,301,0.00924499229583975,0.0410888546481767,1947,1,1440,758,0.526388888888889,507,298,0.587771203155819,0.490498202362609,0.489470980996405
7__NQ_ONLY__xgb_d5__0.0500,2023,TRUE,7,NQ_ONLY,xgb_d5,5,0.05,0.0837293595075607,1,927,0.0433643635683211,507,0.546925566343042,449,0.484358144552319,0.0625674217907228,0.0204962243797195,52,272,0.0140237324703344,0.0571736785329018,927,1,659,346,0.525037936267071,268,161,0.600746268656716,0.484358144552319,0.495145631067961
7__NQ_ONLY__xgb_d5__0.0200,2023,TRUE,7,NQ_ONLY,xgb_d5,5,0.02,0.100474250912666,1,340,0.0159049445665903,187,0.55,167,0.491176470588235,0.0588235294117647,0.0147058823529412,52,184,0.0147058823529412,0.0676470588235294,340,1,237,126,0.531645569620253,103,61,0.592233009708738,0.491176470588235,0.494117647058824
7__NQ_ONLY__xgb_d5__0.0100,2023,TRUE,7,NQ_ONLY,xgb_d5,5,0.01,0.11369850218296,1,131,0.00612808158300978,71,0.541984732824428,60,0.458015267175573,0.083969465648855,0.00763358778625954,48,108,0.0229007633587786,0.099236641221374,131,1,85,43,0.505882352941176,46,28,0.608695652173913,0.458015267175573,0.534351145038168
7__NQ_ONLY__xgb_d5__0.0050,2023,TRUE,7,NQ_ONLY,xgb_d5,5,0.005,0.127938084602356,1,49,0.00229218318753801,31,0.63265306122449,19,0.387755102040816,0.244897959183673,0,32,45,0.0612244897959184,0.183673469387755,49,1,31,16,0.516129032258065,18,15,0.833333333333333,0.387755102040816,0.612244897959184
7__NQ_ES__logit__0.5000,2023,TRUE,7,NQ_ES,logit,,0.5,0.0267887859613591,1,10630,0.497263413949572,5647,0.531232361241769,5336,0.501975540921919,0.0292568203198495,0.0183443085606773,52,310,0.00583254938852305,0.0266227657572907,10630,1,7090,3757,0.529901269393512,3540,1890,0.533898305084746,0.501975540921919,0.479680150517404
7__NQ_ES__logit__0.2000,2023,TRUE,7,NQ_ES,logit,,0.2,0.0514254671848758,1,3999,0.187070215652337,2156,0.539134783695924,1984,0.496124031007752,0.0430107526881721,0.0200050012503126,52,304,0.00825206301575394,0.0387596899224806,3999,1,2750,1460,0.530909090909091,1249,696,0.55724579663731,0.496124031007752,0.483870967741936
7__NQ_ES__logit__0.1000,2023,TRUE,7,NQ_ES,logit,,0.1,0.0660093865349918,1,1879,0.0878982083547738,1022,0.543906333155934,904,0.481106971793507,0.0627993613624268,0.018626929217669,52,286,0.0122405534858968,0.0505588078765301,1879,1,1256,659,0.52468152866242,623,363,0.582664526484751,0.481106971793507,0.500266098988824
7__NQ_ES__logit__0.0500,2023,TRUE,7,NQ_ES,logit,,0.05,0.0794329146247121,1,799,0.0373766197314871,428,0.53566958698373,367,0.459324155193993,0.0763454317897372,0.0212765957446809,52,257,0.0200250312891114,0.0763454317897372,799,1,518,261,0.503861003861004,281,167,0.594306049822064,0.459324155193993,0.519399249061327
7__NQ_ES__logit__0.0200,2023,TRUE,7,NQ_ES,logit,,0.02,0.0957726037399434,1,272,0.0127239556532722,159,0.584558823529412,136,0.5,0.0845588235294118,0.0220588235294118,50,162,0.0257352941176471,0.106617647058824,272,1,172,99,0.575581395348837,100,60,0.6,0.5,0.477941176470588
7__NQ_ES__logit__0.0100,2023,TRUE,7,NQ_ES,logit,,0.01,0.108635944504687,1,85,0.00397623614164757,49,0.576470588235294,38,0.447058823529412,0.129411764705882,0.0470588235294118,40,70,0.0470588235294118,0.164705882352941,85,1,51,27,0.529411764705882,34,22,0.647058823529412,0.447058823529412,0.505882352941176
7__NQ_ES__logit__0.0050,2023,TRUE,7,NQ_ES,logit,,0.005,0.120653156858119,1,26,0.0012162604668569,15,0.576923076923077,10,0.384615384615385,0.192307692307692,0.0384615384615385,19,22,0.115384615384615,0.346153846153846,26,1,13,6,0.461538461538462,13,9,0.692307692307692,0.384615384615385,0.576923076923077
7__NQ_ES__ranger__0.5000,2023,TRUE,7,NQ_ES,ranger,,0.5,0.0210270640222152,1,11486,0.537306450858399,6098,0.530907191363399,5794,0.504440188055024,0.0264670033083754,0.0175866271983284,52,310,0.00513668814208602,0.024812815601602,11486,1,8385,4427,0.527966607036374,3101,1671,0.538858432763625,0.504440188055024,0.477973184746648
7__NQ_ES__ranger__0.2000,2023,TRUE,7,NQ_ES,ranger,,0.2,0.0417225404109734,1,4772,0.223230574916967,2610,0.546940486169321,2431,0.50943000838223,0.0375104777870914,0.018650461022632,52,308,0.00796311818943839,0.0349958088851635,4772,1,3838,2065,0.53804064616988,934,545,0.583511777301927,0.50943000838223,0.471919530595138
7__NQ_ES__ranger__0.1000,2023,TRUE,7,NQ_ES,ranger,,0.1,0.0532540267029892,1,2441,0.114188146138373,1347,0.551823023351086,1269,0.519868906185989,0.0319541171650963,0.0163867267513314,52,300,0.00901269971323228,0.0389184760344121,2441,1,2071,1126,0.543698696281989,370,221,0.597297297297297,0.519868906185989,0.463744367062679
7__NQ_ES__ranger__0.0500,2023,TRUE,7,NQ_ES,ranger,,0.05,0.0601549378765033,1,1360,0.0636197782663611,734,0.539705882352941,695,0.511029411764706,0.0286764705882353,0.0242647058823529,52,288,0.0117647058823529,0.0470588235294118,1360,1,1164,619,0.531786941580756,196,115,0.586734693877551,0.511029411764706,0.464705882352941
7__NQ_ES__ranger__0.0200,2023,TRUE,7,NQ_ES,ranger,,0.02,0.0666019514295854,1,586,0.0274126397530056,301,0.513651877133106,280,0.477815699658703,0.0358361774744027,0.0255972696245734,52,227,0.0170648464163823,0.0631399317406143,586,1,481,240,0.498960498960499,105,61,0.580952380952381,0.477815699658703,0.496587030716724
7__NQ_ES__ranger__0.0100,2023,TRUE,7,NQ_ES,ranger,,0.01,0.0725353741450265,1,254,0.0118819291762174,132,0.519685039370079,123,0.484251968503937,0.0354330708661417,0.031496062992126,50,150,0.0196850393700787,0.0866141732283465,254,1,198,101,0.51010101010101,56,31,0.553571428571429,0.484251968503937,0.484251968503937
7__NQ_ES__ranger__0.0050,2023,TRUE,7,NQ_ES,ranger,,0.005,0.0774578314768805,1,111,0.00519249660850447,61,0.54954954954955,56,0.504504504504505,0.0450450450450451,0.027027027027027,43,84,0.036036036036036,0.135135135135135,111,1,76,42,0.552631578947369,35,19,0.542857142857143,0.504504504504505,0.468468468468469
7__NQ_ES__xgb_d2__0.5000,2023,TRUE,7,NQ_ES,xgb_d2,2,0.5,0.0229785442352295,1,11300,0.5286055105955,6002,0.531150442477876,5697,0.504159292035398,0.0269911504424779,0.0173451327433628,52,310,0.00530973451327434,0.0256637168141593,11300,1,8059,4259,0.528477478595359,3241,1743,0.537796976241901,0.504159292035398,0.478495575221239
7__NQ_ES__xgb_d2__0.2000,2023,TRUE,7,NQ_ES,xgb_d2,2,0.2,0.0433622717857361,1,4757,0.222528886186088,2600,0.546562959848644,2437,0.512297666596595,0.0342652932520496,0.0187092705486651,52,309,0.00756779482867353,0.0327937775909186,4757,1,3660,1983,0.541803278688525,1097,617,0.562443026435734,0.512297666596595,0.46899306285474
7__NQ_ES__xgb_d2__0.1000,2023,TRUE,7,NQ_ES,xgb_d2,2,0.1,0.0551357269287109,1,2460,0.115076951864153,1357,0.551626016260163,1262,0.513008130081301,0.0386178861788618,0.0186991869918699,52,302,0.00934959349593496,0.0394308943089431,2460,1,1946,1059,0.544193216855087,514,298,0.579766536964981,0.513008130081301,0.468292682926829
7__NQ_ES__xgb_d2__0.0500,2023,TRUE,7,NQ_ES,xgb_d2,2,0.05,0.0632793605327606,1,1233,0.0576788136782523,700,0.56772100567721,626,0.507704785077048,0.0600162206001622,0.0210867802108678,52,280,0.0113544201135442,0.0494728304947283,1233,1,941,522,0.554729011689692,292,178,0.60958904109589,0.507704785077048,0.471208434712084
7__NQ_ES__xgb_d2__0.0200,2023,TRUE,7,NQ_ES,xgb_d2,2,0.02,0.0716661727428436,1,459,0.0214716751648969,266,0.579520697167756,219,0.477124183006536,0.10239651416122,0.0130718954248366,52,209,0.0152505446623094,0.0675381263616558,459,1,315,172,0.546031746031746,144,94,0.652777777777778,0.477124183006536,0.509803921568627
7__NQ_ES__xgb_d2__0.0100,2023,TRUE,7,NQ_ES,xgb_d2,2,0.01,0.077525627017021,1,211,0.00987042148103101,134,0.635071090047393,103,0.488151658767773,0.146919431279621,0.018957345971564,49,131,0.018957345971564,0.0853080568720379,211,1,128,78,0.609375,83,56,0.674698795180723,0.488151658767773,0.492890995260663
7__NQ_ES__xgb_d2__0.0050,2023,TRUE,7,NQ_ES,xgb_d2,2,0.005,0.0834705954790115,1,87,0.0040697946390981,56,0.64367816091954,37,0.425287356321839,0.218390804597701,0.0229885057471264,38,71,0.0344827586206897,0.137931034482759,87,1,41,24,0.585365853658537,46,32,0.695652173913044,0.425287356321839,0.551724137931035
7__NQ_ES__xgb_d3__0.5000,2023,TRUE,7,NQ_ES,xgb_d3,3,0.5,0.0252989679574966,1,11068,0.517752724891238,5867,0.530086736537767,5562,0.502529815684857,0.0275569208529093,0.0168955547524395,52,310,0.00524033249006144,0.0255692085290929,11068,1,7701,4058,0.526944552655499,3367,1809,0.537273537273537,0.502529815684857,0.480574629562703
7__NQ_ES__xgb_d3__0.2000,2023,TRUE,7,NQ_ES,xgb_d3,3,0.2,0.047432667016983,1,4543,0.212518126958881,2489,0.547875852960599,2294,0.5049526744442,0.0429231785163989,0.0200308166409861,52,307,0.00704380365397315,0.0325775918996258,4543,1,3329,1799,0.540402523280264,1214,690,0.56836902800659,0.5049526744442,0.475016508914814
7__NQ_ES__xgb_d3__0.1000,2023,TRUE,7,NQ_ES,xgb_d3,3,0.1,0.0595992684364319,1,2424,0.113392898910044,1365,0.563118811881188,1231,0.507838283828383,0.0552805280528053,0.0231023102310231,52,302,0.00825082508250825,0.0396039603960396,2424,1,1779,984,0.553119730185497,645,381,0.590697674418605,0.507838283828383,0.469059405940594
7__NQ_ES__xgb_d3__0.0500,2023,TRUE,7,NQ_ES,xgb_d3,3,0.05,0.0687306880950928,1,1337,0.0625438555456799,745,0.557217651458489,649,0.485415108451758,0.0718025430067315,0.0231862378459237,52,284,0.0119670905011219,0.050112191473448,1337,1,955,512,0.536125654450262,382,233,0.609947643979058,0.485415108451758,0.491398653702319
7__NQ_ES__xgb_d3__0.0200,2023,TRUE,7,NQ_ES,xgb_d3,3,0.02,0.0799840795993805,1,512,0.0239509753473359,287,0.560546875,246,0.48046875,0.080078125,0.015625,52,222,0.017578125,0.068359375,512,1,318,172,0.540880503144654,194,115,0.592783505154639,0.48046875,0.50390625
7__NQ_ES__xgb_d3__0.0100,2023,TRUE,7,NQ_ES,xgb_d3,3,0.01,0.0879268240928649,1,244,0.0114141366889648,133,0.545081967213115,101,0.413934426229508,0.131147540983607,0.0163934426229508,52,148,0.0245901639344262,0.0901639344262295,244,1,137,65,0.474452554744526,107,68,0.635514018691589,0.413934426229508,0.569672131147541
7__NQ_ES__xgb_d3__0.0050,2023,TRUE,7,NQ_ES,xgb_d3,3,0.005,0.0974984496831891,1,84,0.0039294568929223,43,0.511904761904762,31,0.369047619047619,0.142857142857143,0.0357142857142857,37,73,0.0357142857142857,0.130952380952381,84,1,42,17,0.404761904761905,42,26,0.619047619047619,0.369047619047619,0.595238095238095
7__NQ_ES__xgb_d4__0.5000,2023,TRUE,7,NQ_ES,xgb_d4,4,0.5,0.0272884368896484,1,10787,0.504607755999439,5744,0.532492815425976,5440,0.504310744414573,0.0281820710114026,0.0169648651154167,52,310,0.00602577176230648,0.0273477333827756,10787,1,7500,3976,0.530133333333333,3287,1768,0.537876483115303,0.504310744414573,0.47872439047001
7__NQ_ES__xgb_d4__0.2000,2023,TRUE,7,NQ_ES,xgb_d4,4,0.2,0.0513728857040405,1,4377,0.204752771670487,2403,0.549006168608636,2201,0.502855837331506,0.0461503312771305,0.017363490975554,52,306,0.00708247658213388,0.0328992460589445,4377,1,3157,1704,0.539752929996832,1220,699,0.572950819672131,0.502855837331506,0.47978067169294
7__NQ_ES__xgb_d4__0.1000,2023,TRUE,7,NQ_ES,xgb_d4,4,0.1,0.0648243457078934,1,2207,0.103241801936661,1216,0.550974173085637,1117,0.506116900770276,0.0448572723153602,0.019030357951971,52,297,0.00860897145446307,0.0394200271862256,2207,1,1567,854,0.544990427568602,640,362,0.565625,0.506116900770276,0.474852741277753
7__NQ_ES__xgb_d4__0.0500,2023,TRUE,7,NQ_ES,xgb_d4,4,0.05,0.0763673573732376,1,1101,0.0515039528465173,610,0.554041780199818,526,0.477747502270663,0.0762942779291553,0.0172570390554042,52,283,0.0108991825613079,0.0499545867393279,1101,1,718,381,0.530640668523677,383,229,0.597911227154047,0.477747502270663,0.504995458673933
7__NQ_ES__xgb_d4__0.0200,2023,TRUE,7,NQ_ES,xgb_d4,4,0.02,0.0909823870658875,1,396,0.0185245824952051,214,0.540404040404041,179,0.452020202020202,0.0883838383838384,0.0151515151515152,52,198,0.0202020202020202,0.0757575757575758,396,1,233,116,0.497854077253219,163,98,0.601226993865031,0.452020202020202,0.532828282828283
7__NQ_ES__xgb_d4__0.0100,2023,TRUE,7,NQ_ES,xgb_d4,4,0.01,0.103370352089405,1,170,0.00795247228329513,85,0.5,65,0.382352941176471,0.117647058823529,0.0176470588235294,48,113,0.0235294117647059,0.105882352941176,170,1,88,35,0.397727272727273,82,50,0.609756097560976,0.382352941176471,0.6
7__NQ_ES__xgb_d4__0.0050,2023,TRUE,7,NQ_ES,xgb_d4,4,0.005,0.11437980890274,1,61,0.00285353417224119,26,0.426229508196721,22,0.360655737704918,0.0655737704918033,0.0327868852459016,35,53,0.0327868852459016,0.163934426229508,61,1,28,8,0.285714285714286,33,18,0.545454545454545,0.360655737704918,0.60655737704918
7__NQ_ES__xgb_d5__0.5000,2023,TRUE,7,NQ_ES,xgb_d5,5,0.5,0.029834970831871,1,10559,0.493942087290078,5606,0.530921488777346,5317,0.503551472677337,0.0273700161000095,0.0163841272847808,52,310,0.00587176815986362,0.0269911923477602,10559,1,7153,3786,0.529288410457151,3406,1820,0.534351145038168,0.503551472677337,0.480064400037882
7__NQ_ES__xgb_d5__0.2000,2023,TRUE,7,NQ_ES,xgb_d5,5,0.2,0.0559081077575684,1,4206,0.196753520138467,2273,0.540418449833571,2146,0.510223490252021,0.0301949595815502,0.0178316690442225,52,306,0.00760817879220162,0.0337612933903947,4206,1,2906,1573,0.541293874741913,1300,700,0.538461538461538,0.510223490252021,0.471944840703757
7__NQ_ES__xgb_d5__0.1000,2023,TRUE,7,NQ_ES,xgb_d5,5,0.1,0.0708759129047394,1,2082,0.0973943958460027,1113,0.534582132564842,1036,0.49759846301633,0.036983669548511,0.0172910662824208,52,293,0.00960614793467819,0.0417867435158501,2082,1,1386,734,0.52958152958153,696,379,0.544540229885057,0.49759846301633,0.485110470701249
7__NQ_ES__xgb_d5__0.0500,2023,TRUE,7,NQ_ES,xgb_d5,5,0.05,0.0844443887472153,1,1027,0.0480422884408476,564,0.549172346640701,498,0.484907497565725,0.0642648490749757,0.0165530671859786,52,273,0.0126582278481013,0.0506329113924051,1027,1,685,363,0.52992700729927,342,201,0.587719298245614,0.484907497565725,0.498539435248296
7__NQ_ES__xgb_d5__0.0200,2023,TRUE,7,NQ_ES,xgb_d5,5,0.02,0.101180621385574,1,390,0.0182439070028535,208,0.533333333333333,171,0.438461538461539,0.0948717948717949,0.0128205128205128,52,191,0.0179487179487179,0.0743589743589744,390,1,239,115,0.481171548117155,151,93,0.615894039735099,0.438461538461539,0.548717948717949
7__NQ_ES__xgb_d5__0.0100,2023,TRUE,7,NQ_ES,xgb_d5,5,0.01,0.114493520855903,1,180,0.00842026477054779,93,0.516666666666667,79,0.438888888888889,0.0777777777777778,0.0166666666666667,48,115,0.0277777777777778,0.122222222222222,180,1,106,50,0.471698113207547,74,43,0.581081081081081,0.438888888888889,0.544444444444444
7__NQ_ES__xgb_d5__0.0050,2023,TRUE,7,NQ_ES,xgb_d5,5,0.005,0.127565004974604,1,73,0.00341488515694438,39,0.534246575342466,30,0.410958904109589,0.123287671232877,0.0136986301369863,40,58,0.0410958904109589,0.178082191780822,73,1,37,17,0.45945945945946,36,22,0.611111111111111,0.410958904109589,0.575342465753425
10__NQ_ONLY__logit__0.5000,2023,TRUE,10,NQ_ONLY,logit,,0.5,0.0232269995931372,1,10409,0.487426832123625,5481,0.526563550773369,5261,0.505427995004323,0.021135555769046,0.012969545585551,52,310,0.00566817177442598,0.0270919396675954,10409,1,8224,4298,0.52261673151751,2185,1183,0.54141876430206,0.505427995004323,0.481602459410126
10__NQ_ONLY__logit__0.2000,2023,TRUE,10,NQ_ONLY,logit,,0.2,0.0438062836619988,1,3858,0.180660266916413,2033,0.526956972524624,1943,0.503628823224469,0.0233281493001555,0.0106272680145153,52,305,0.00959046137895283,0.0419906687402799,3858,1,3215,1672,0.520062208398134,643,361,0.561430793157076,0.503628823224469,0.485743908761016
10__NQ_ONLY__logit__0.1000,2023,TRUE,10,NQ_ONLY,logit,,0.1,0.0568382700227896,1,1690,0.0791383750878015,924,0.546745562130178,861,0.509467455621302,0.0372781065088757,0.0100591715976331,52,290,0.0153846153846154,0.0591715976331361,1690,1,1430,765,0.534965034965035,260,159,0.611538461538462,0.509467455621302,0.480473372781065
10__NQ_ONLY__logit__0.0500,2023,TRUE,10,NQ_ONLY,logit,,0.05,0.0684611917419453,1,776,0.0363380941231562,425,0.547680412371134,389,0.501288659793814,0.0463917525773196,0.0103092783505155,52,256,0.0244845360824742,0.0798969072164948,776,1,648,345,0.532407407407407,128,80,0.625,0.501288659793814,0.48840206185567
10__NQ_ONLY__logit__0.0200,2023,TRUE,10,NQ_ONLY,logit,,0.02,0.0836978578811145,1,252,0.0118005151018497,130,0.515873015873016,122,0.484126984126984,0.0317460317460317,0.0119047619047619,51,146,0.0357142857142857,0.119047619047619,252,1,216,109,0.50462962962963,36,21,0.583333333333333,0.484126984126984,0.503968253968254
10__NQ_ONLY__logit__0.0100,2023,TRUE,10,NQ_ONLY,logit,,0.01,0.09536073096919,1,89,0.00416764223835167,44,0.49438202247191,40,0.449438202247191,0.0449438202247191,0.0112359550561798,39,67,0.0449438202247191,0.157303370786517,89,1,74,35,0.472972972972973,15,9,0.6,0.449438202247191,0.539325842696629
10__NQ_ONLY__logit__0.0050,2023,TRUE,10,NQ_ONLY,logit,,0.005,0.108899939673055,1,22,0.00103020369936783,13,0.590909090909091,12,0.545454545454545,0.0454545454545455,0,16,18,0.0909090909090909,0.409090909090909,22,1,17,10,0.588235294117647,5,3,0.6,0.545454545454545,0.454545454545455
10__NQ_ONLY__ranger__0.5000,2023,TRUE,10,NQ_ONLY,ranger,,0.5,0.0196264333668691,1,11097,0.519644111449309,5805,0.523114355231144,5648,0.508966387311886,0.0141479679192575,0.0126160223483824,52,310,0.00558709561142651,0.0259529602595296,11097,1,9275,4831,0.520862533692722,1822,974,0.534577387486279,0.508966387311886,0.478417590339732
10__NQ_ONLY__ranger__0.2000,2023,TRUE,10,NQ_ONLY,ranger,,0.2,0.0368941372595066,1,4660,0.218215874502458,2483,0.532832618025751,2394,0.513733905579399,0.0190987124463519,0.0105150214592275,52,308,0.00686695278969957,0.0328326180257511,4660,1,4138,2182,0.52730787820203,522,301,0.576628352490421,0.513733905579399,0.475751072961373
10__NQ_ONLY__ranger__0.1000,2023,TRUE,10,NQ_ONLY,ranger,,0.1,0.0476722006088569,1,2447,0.114586747834231,1313,0.536575398447078,1277,0.521863506334287,0.0147118921127912,0.00858193706579485,52,303,0.00858193706579485,0.038414384961177,2447,1,2278,1212,0.532045654082529,169,101,0.597633136094675,0.521863506334287,0.469554556599918
10__NQ_ONLY__ranger__0.0500,2023,TRUE,10,NQ_ONLY,ranger,,0.05,0.0562452763976773,1,1392,0.0651837977054554,753,0.540948275862069,739,0.530890804597701,0.0100574712643678,0.00790229885057471,52,288,0.0107758620689655,0.0474137931034483,1392,1,1329,715,0.537998495109105,63,38,0.603174603174603,0.530890804597701,0.461206896551724
10__NQ_ONLY__ranger__0.0200,2023,TRUE,10,NQ_ONLY,ranger,,0.02,0.0645395259683344,1,628,0.0294076328728635,336,0.535031847133758,327,0.520700636942675,0.0143312101910828,0.00636942675159236,52,250,0.0143312101910828,0.0557324840764331,628,1,593,314,0.529510961214165,35,22,0.628571428571429,0.520700636942675,0.472929936305733
10__NQ_ONLY__ranger__0.0100,2023,TRUE,10,NQ_ONLY,ranger,,0.01,0.0704018812835727,1,282,0.0132053383282604,154,0.546099290780142,144,0.51063829787234,0.0354609929078014,0.00354609929078014,52,177,0.0212765957446809,0.0815602836879433,282,1,268,142,0.529850746268657,14,12,0.857142857142857,0.51063829787234,0.48581560283688
10__NQ_ONLY__ranger__0.0050,2023,TRUE,10,NQ_ONLY,ranger,,0.005,0.0756385662700244,1,120,0.00561929290564271,64,0.533333333333333,59,0.491666666666667,0.0416666666666667,0.00833333333333333,49,100,0.025,0.1,120,1,115,59,0.51304347826087,5,5,1,0.491666666666667,0.5
10__NQ_ONLY__xgb_d2__0.5000,2023,TRUE,10,NQ_ONLY,xgb_d2,2,0.5,0.0206677913665771,1,10764,0.504050573636151,5637,0.523690078037904,5433,0.504738015607581,0.0189520624303233,0.0130992196209588,52,310,0.00557413600891862,0.0262913415087328,10764,1,8899,4620,0.519159456118665,1865,1017,0.545308310991957,0.504738015607581,0.48216276477146
10__NQ_ONLY__xgb_d2__0.2000,2023,TRUE,10,NQ_ONLY,xgb_d2,2,0.2,0.0401216149330139,1,4203,0.196815734020136,2241,0.533190578158458,2158,0.513442778967404,0.019747799191054,0.0107066381156317,52,309,0.00761360932667143,0.0359267190102308,4203,1,3728,1967,0.527628755364807,475,274,0.576842105263158,0.513442778967404,0.475850582916964
10__NQ_ONLY__xgb_d2__0.1000,2023,TRUE,10,NQ_ONLY,xgb_d2,2,0.1,0.0515974760055542,1,2114,0.0989932100210724,1147,0.542573320719016,1117,0.528382213812677,0.0141911069063387,0.00614947965941343,52,302,0.00993377483443709,0.0454115421002838,2114,1,1958,1055,0.538815117466803,156,92,0.58974358974359,0.528382213812677,0.465468306527909
10__NQ_ONLY__xgb_d2__0.0500,2023,TRUE,10,NQ_ONLY,xgb_d2,2,0.05,0.0602044463157654,1,1094,0.0512292203231093,610,0.557586837294333,595,0.543875685557587,0.0137111517367459,0.00639853747714808,52,278,0.0173674588665448,0.0594149908592322,1094,1,1018,565,0.555009823182711,76,45,0.592105263157895,0.543875685557587,0.449725776965265
10__NQ_ONLY__xgb_d2__0.0200,2023,TRUE,10,NQ_ONLY,xgb_d2,2,0.02,0.0683300673961639,1,437,0.0204635916647155,242,0.553775743707094,233,0.533180778032037,0.0205949656750572,0.0045766590389016,52,212,0.0274599542334096,0.0846681922196796,437,1,402,220,0.54726368159204,35,22,0.628571428571429,0.533180778032037,0.462242562929062
10__NQ_ONLY__xgb_d2__0.0100,2023,TRUE,10,NQ_ONLY,xgb_d2,2,0.01,0.0743863224983215,1,185,0.00866307656286584,95,0.513513513513514,90,0.486486486486487,0.027027027027027,0,52,126,0.0378378378378378,0.12972972972973,185,1,164,82,0.5,21,13,0.619047619047619,0.486486486486487,0.513513513513514
10__NQ_ONLY__xgb_d2__0.0050,2023,TRUE,10,NQ_ONLY,xgb_d2,2,0.005,0.0801542639732358,1,64,0.00299695621634278,32,0.5,29,0.453125,0.046875,0,35,48,0.09375,0.21875,64,1,51,24,0.470588235294118,13,8,0.615384615384615,0.453125,0.546875
10__NQ_ONLY__xgb_d3__0.5000,2023,TRUE,10,NQ_ONLY,xgb_d3,3,0.5,0.0230942666530609,1,10513,0.492296885975182,5543,0.52725197374679,5317,0.505754779796443,0.0214971939503472,0.0123656425378103,52,310,0.00561209930562161,0.0267288119471131,10513,1,8566,4472,0.522063973850105,1947,1071,0.550077041602465,0.505754779796443,0.481879577665747
10__NQ_ONLY__xgb_d3__0.2000,2023,TRUE,10,NQ_ONLY,xgb_d3,3,0.2,0.0438109934329987,1,4071,0.190634511823929,2191,0.538197003193319,2095,0.514615573569148,0.023581429624171,0.0105625153524932,52,307,0.00736919675755343,0.0356177843281749,4071,1,3504,1865,0.532248858447489,567,326,0.574955908289242,0.514615573569148,0.474821911078359
10__NQ_ONLY__xgb_d3__0.1000,2023,TRUE,10,NQ_ONLY,xgb_d3,3,0.1,0.0558961629867554,1,2051,0.0960430812456099,1120,0.546075085324232,1057,0.515358361774744,0.0307167235494881,0.0107264748902974,52,296,0.0112140419307655,0.0463188688444661,2051,1,1819,976,0.536558548653106,232,144,0.620689655172414,0.515358361774744,0.473915163334959
10__NQ_ONLY__xgb_d3__0.0500,2023,TRUE,10,NQ_ONLY,xgb_d3,3,0.05,0.0654056370258331,1,1063,0.0497775696558183,565,0.531514581373471,535,0.503292568203198,0.0282220131702728,0.00658513640639699,52,280,0.013170272812794,0.0545625587958608,1063,1,972,506,0.520576131687243,91,59,0.648351648351648,0.503292568203198,0.490122295390405
10__NQ_ONLY__xgb_d3__0.0200,2023,TRUE,10,NQ_ONLY,xgb_d3,3,0.02,0.0763606071472168,1,418,0.0195738702879888,223,0.533492822966507,208,0.497607655502392,0.0358851674641148,0.00478468899521531,52,200,0.0215311004784689,0.0837320574162679,418,1,381,197,0.517060367454068,37,26,0.702702702702703,0.497607655502392,0.497607655502392
10__NQ_ONLY__xgb_d3__0.0100,2023,TRUE,10,NQ_ONLY,xgb_d3,3,0.01,0.0832262039184571,1,201,0.00941231561695153,105,0.522388059701493,92,0.45771144278607,0.0646766169154229,0,51,127,0.0348258706467662,0.114427860696517,201,1,180,88,0.488888888888889,21,17,0.80952380952381,0.45771144278607,0.54228855721393
10__NQ_ONLY__xgb_d3__0.0050,2023,TRUE,10,NQ_ONLY,xgb_d3,3,0.005,0.0894159615039825,1,93,0.0043549520018731,50,0.537634408602151,45,0.483870967741936,0.0537634408602151,0,43,76,0.0430107526881721,0.139784946236559,93,1,86,44,0.511627906976744,7,6,0.857142857142857,0.483870967741936,0.516129032258065
10__NQ_ONLY__xgb_d4__0.5000,2023,TRUE,10,NQ_ONLY,xgb_d4,4,0.5,0.0257611274719238,1,10198,0.477546242097869,5384,0.527946656207099,5144,0.504412629927437,0.0235340262796627,0.0138262404393018,52,310,0.00558933124141989,0.0269660717787802,10198,1,8184,4276,0.522482893450635,2014,1108,0.550148957298908,0.504412629927437,0.481761129633261
10__NQ_ONLY__xgb_d4__0.2000,2023,TRUE,10,NQ_ONLY,xgb_d4,4,0.2,0.0480353236198425,1,3896,0.182439709669867,2082,0.534394250513347,2016,0.517453798767967,0.0169404517453799,0.010523613963039,52,309,0.00821355236139631,0.0390143737166324,3896,1,3350,1781,0.531641791044776,546,301,0.551282051282051,0.517453798767967,0.472022587268994
10__NQ_ONLY__xgb_d4__0.1000,2023,TRUE,10,NQ_ONLY,xgb_d4,4,0.1,0.0614079833030701,1,1887,0.0883633809412316,1006,0.533121356650768,970,0.514043455219926,0.0190779014308426,0.00794912559618442,52,294,0.0111287758346582,0.0535241123476418,1887,1,1650,871,0.527878787878788,237,135,0.569620253164557,0.514043455219926,0.47800741918389
10__NQ_ONLY__xgb_d4__0.0500,2023,TRUE,10,NQ_ONLY,xgb_d4,4,0.05,0.0728773772716522,1,914,0.0428002809646453,483,0.528446389496718,446,0.487964989059081,0.0404814004376368,0.00765864332603939,52,266,0.0185995623632385,0.0765864332603939,914,1,789,403,0.510773130544994,125,80,0.64,0.487964989059081,0.50437636761488
10__NQ_ONLY__xgb_d4__0.0200,2023,TRUE,10,NQ_ONLY,xgb_d4,4,0.02,0.086916971206665,1,328,0.0153594006087567,175,0.533536585365854,158,0.481707317073171,0.0518292682926829,0.00304878048780488,52,174,0.0274390243902439,0.106707317073171,328,1,274,140,0.510948905109489,54,35,0.648148148148148,0.481707317073171,0.515243902439024
10__NQ_ONLY__xgb_d4__0.0100,2023,TRUE,10,NQ_ONLY,xgb_d4,4,0.01,0.0971137881278992,1,125,0.00585343011004449,70,0.56,65,0.52,0.04,0.008,49,91,0.04,0.152,125,1,99,55,0.555555555555556,26,15,0.576923076923077,0.52,0.472
10__NQ_ONLY__xgb_d4__0.0050,2023,TRUE,10,NQ_ONLY,xgb_d4,4,0.005,0.105614224076271,1,59,0.002762819011941,33,0.559322033898305,30,0.508474576271186,0.0508474576271187,0,35,51,0.0677966101694915,0.220338983050847,59,1,46,25,0.543478260869565,13,8,0.615384615384615,0.508474576271186,0.491525423728814
10__NQ_ONLY__xgb_d5__0.5000,2023,TRUE,10,NQ_ONLY,xgb_d5,5,0.5,0.0279868245124817,1,9874,0.462374151252634,5202,0.526838160826413,5034,0.509823779623253,0.0170143812031598,0.0128620619809601,52,310,0.0054689082438728,0.0270407129835933,9874,1,7654,4027,0.526130128037627,2220,1175,0.529279279279279,0.509823779623253,0.477314158395787
10__NQ_ONLY__xgb_d5__0.2000,2023,TRUE,10,NQ_ONLY,xgb_d5,5,0.2,0.0528419613838196,1,3678,0.172231327557949,1961,0.533170201196302,1902,0.517128874388255,0.0160413268080479,0.010331702011963,52,306,0.00924415443175639,0.0407830342577488,3678,1,3022,1608,0.532097948378557,656,353,0.538109756097561,0.517128874388255,0.472539423599783
10__NQ_ONLY__xgb_d5__0.1000,2023,TRUE,10,NQ_ONLY,xgb_d5,5,0.1,0.0680533349514008,1,1704,0.0797939592601264,924,0.542253521126761,884,0.518779342723005,0.0234741784037559,0.00821596244131455,52,291,0.0134976525821596,0.0557511737089202,1704,1,1419,763,0.537702607470049,285,161,0.564912280701754,0.518779342723005,0.473004694835681
10__NQ_ONLY__xgb_d5__0.0500,2023,TRUE,10,NQ_ONLY,xgb_d5,5,0.05,0.0813456177711487,1,781,0.036572231327558,426,0.545454545454545,403,0.516005121638924,0.029449423815621,0.00512163892445583,52,257,0.0204865556978233,0.0793854033290653,781,1,647,348,0.537867078825348,134,78,0.582089552238806,0.516005121638924,0.47887323943662
10__NQ_ONLY__xgb_d5__0.0200,2023,TRUE,10,NQ_ONLY,xgb_d5,5,0.02,0.0974754214286804,1,280,0.0131116834464997,139,0.496428571428571,133,0.475,0.0214285714285714,0.00714285714285714,52,168,0.0392857142857143,0.128571428571429,280,1,223,108,0.484304932735426,57,31,0.543859649122807,0.475,0.517857142857143
10__NQ_ONLY__xgb_d5__0.0100,2023,TRUE,10,NQ_ONLY,xgb_d5,5,0.01,0.108226978778839,1,132,0.00618122219620698,73,0.553030303030303,67,0.507575757575758,0.0454545454545455,0.00757575757575758,50,98,0.0454545454545455,0.151515151515152,132,1,101,55,0.544554455445545,31,18,0.580645161290323,0.507575757575758,0.484848484848485
10__NQ_ONLY__xgb_d5__0.0050,2023,TRUE,10,NQ_ONLY,xgb_d5,5,0.005,0.119845482707023,1,42,0.00196675251697495,26,0.619047619047619,23,0.547619047619048,0.0714285714285714,0,28,33,0.0714285714285714,0.285714285714286,42,1,29,18,0.620689655172414,13,8,0.615384615384615,0.547619047619048,0.452380952380952
10__NQ_ES__logit__0.5000,2023,TRUE,10,NQ_ES,logit,,0.5,0.0240036836838083,1,10359,0.485085460079607,5458,0.526884834443479,5241,0.505936866492905,0.0209479679505744,0.0136113524471474,52,310,0.00617820252920166,0.0276088425523699,10359,1,7911,4146,0.524080394387562,2448,1312,0.535947712418301,0.505936866492905,0.480451781059948
10__NQ_ES__logit__0.2000,2023,TRUE,10,NQ_ES,logit,,0.2,0.0455939224323991,1,3863,0.180894404120815,2024,0.523945120372767,1923,0.497799637587367,0.0261454827853999,0.0113901113124515,52,303,0.00957804814910691,0.0411597204245405,3863,1,3118,1608,0.515715202052598,745,416,0.558389261744966,0.497799637587367,0.490810251100181
10__NQ_ES__logit__0.1000,2023,TRUE,10,NQ_ES,logit,,0.1,0.0588659245570496,1,1794,0.0840084289393585,954,0.531772575250836,885,0.493311036789298,0.0384615384615385,0.0105908584169454,52,290,0.0128205128205128,0.0529542920847269,1794,1,1458,755,0.517832647462277,336,199,0.592261904761905,0.493311036789298,0.496098104793757
10__NQ_ES__logit__0.0500,2023,TRUE,10,NQ_ES,logit,,0.05,0.0710613887297734,1,796,0.0372746429407633,431,0.541457286432161,399,0.501256281407035,0.0402010050251256,0.0138190954773869,52,256,0.0188442211055276,0.0766331658291457,796,1,654,346,0.529051987767584,142,85,0.598591549295775,0.501256281407035,0.484924623115578
10__NQ_ES__logit__0.0200,2023,TRUE,10,NQ_ES,logit,,0.02,0.0877245609486895,1,231,0.0108171388433622,127,0.54978354978355,112,0.484848484848485,0.0649350649350649,0.012987012987013,50,131,0.0216450216450216,0.108225108225108,231,1,190,100,0.526315789473684,41,27,0.658536585365854,0.484848484848485,0.502164502164502
10__NQ_ES__logit__0.0100,2023,TRUE,10,NQ_ES,logit,,0.01,0.10120912222146,1,74,0.00346523062514634,41,0.554054054054054,34,0.45945945945946,0.0945945945945946,0.0135135135135135,38,57,0.0675675675675676,0.216216216216216,74,1,61,31,0.508196721311475,13,10,0.769230769230769,0.45945945945946,0.527027027027027
10__NQ_ES__logit__0.0050,2023,TRUE,10,NQ_ES,logit,,0.005,0.115933023865138,1,22,0.00103020369936783,11,0.5,9,0.409090909090909,0.0909090909090909,0,17,19,0.0909090909090909,0.363636363636364,22,1,14,6,0.428571428571429,8,5,0.625,0.409090909090909,0.590909090909091
10__NQ_ES__ranger__0.5000,2023,TRUE,10,NQ_ES,ranger,,0.5,0.018441095696725,1,11245,0.526574572699602,5897,0.524410849266341,5733,0.509826589595376,0.0145842596709649,0.0126278345931525,52,310,0.00551356158292575,0.0261449533125834,11245,1,9385,4902,0.522322855620671,1860,995,0.53494623655914,0.509826589595376,0.477545575811472
10__NQ_ES__ranger__0.2000,2023,TRUE,10,NQ_ES,ranger,,0.2,0.0361779982852611,1,4645,0.217513462889253,2456,0.528740581270183,2393,0.515177610333692,0.0135629709364909,0.0107642626480086,52,308,0.0077502691065662,0.0346609257265877,4645,1,4140,2176,0.5256038647343,505,280,0.554455445544555,0.515177610333692,0.474058127018299
10__NQ_ES__ranger__0.1000,2023,TRUE,10,NQ_ES,ranger,,0.1,0.04745237882896,1,2421,0.113369234371342,1297,0.535729037587774,1283,0.529946303180504,0.00578273440726972,0.00991325898389095,52,302,0.00908715406856671,0.0413052457662123,2421,1,2245,1204,0.53630289532294,176,93,0.528409090909091,0.529946303180504,0.460140437835605
10__NQ_ES__ranger__0.0500,2023,TRUE,10,NQ_ES,ranger,,0.05,0.056124675567127,1,1336,0.0625614610161555,699,0.523203592814371,688,0.51497005988024,0.00823353293413174,0.00898203592814371,52,289,0.0112275449101796,0.0479041916167665,1336,1,1266,659,0.520537124802528,70,40,0.571428571428571,0.51497005988024,0.476047904191617
10__NQ_ES__ranger__0.0200,2023,TRUE,10,NQ_ES,ranger,,0.02,0.0635711870332223,1,646,0.0302505268087099,355,0.54953560371517,346,0.535603715170279,0.0139318885448916,0.0108359133126935,52,248,0.0123839009287926,0.0572755417956656,646,1,618,337,0.545307443365696,28,18,0.642857142857143,0.535603715170279,0.453560371517028
10__NQ_ES__ranger__0.0100,2023,TRUE,10,NQ_ES,ranger,,0.01,0.0682413891594372,1,352,0.0164832591898853,197,0.559659090909091,191,0.542613636363636,0.0170454545454545,0.00852272727272727,52,194,0.0170454545454545,0.0681818181818182,352,1,337,187,0.554896142433234,15,10,0.666666666666667,0.542613636363636,0.448863636363636
10__NQ_ES__ranger__0.0050,2023,TRUE,10,NQ_ES,ranger,,0.005,0.0720786086702842,1,181,0.00847576679934442,103,0.569060773480663,101,0.558011049723757,0.0110497237569061,0.0110497237569061,50,133,0.0220994475138122,0.0939226519337017,181,1,170,97,0.570588235294118,11,6,0.545454545454545,0.558011049723757,0.430939226519337
10__NQ_ES__xgb_d2__0.5000,2023,TRUE,10,NQ_ES,xgb_d2,2,0.5,0.0205104649066925,1,11006,0.515382814329197,5772,0.524441213883336,5569,0.505996729056878,0.0184444848264583,0.0128111938942395,52,310,0.00590586952571325,0.0269852807559513,11006,1,8774,4576,0.521540916343743,2232,1196,0.53584229390681,0.505996729056878,0.481192077048882
10__NQ_ES__xgb_d2__0.2000,2023,TRUE,10,NQ_ES,xgb_d2,2,0.2,0.0390962958335876,1,4453,0.208522594240225,2373,0.532899169099484,2273,0.510442398383113,0.022456770716371,0.0121266561868403,52,307,0.00718616662923872,0.0339097237817202,4453,1,3711,1961,0.528428994880086,742,412,0.555256064690027,0.510442398383113,0.477430945430047
10__NQ_ES__xgb_d2__0.1000,2023,TRUE,10,NQ_ES,xgb_d2,2,0.1,0.0498638451099396,1,2247,0.10522125965816,1200,0.534045393858478,1160,0.516243880729862,0.0178015131286159,0.00845571873609257,52,305,0.00890075656430797,0.0404984423676012,2247,1,1945,1032,0.530591259640103,302,168,0.556291390728477,0.516243880729862,0.475300400534045
10__NQ_ES__xgb_d2__0.0500,2023,TRUE,10,NQ_ES,xgb_d2,2,0.05,0.0581240057945252,1,1192,0.0558183095293842,671,0.562919463087248,640,0.536912751677852,0.026006711409396,0.0075503355704698,52,292,0.0109060402684564,0.0511744966442953,1192,1,1073,597,0.556383970177074,119,74,0.621848739495798,0.536912751677852,0.455536912751678
10__NQ_ES__xgb_d2__0.0200,2023,TRUE,10,NQ_ES,xgb_d2,2,0.02,0.066553008556366,1,499,0.0233668929992976,283,0.567134268537074,266,0.533066132264529,0.0340681362725451,0.00801603206412826,52,226,0.0140280561122245,0.062124248496994,499,1,443,247,0.557562076749436,56,36,0.642857142857143,0.533066132264529,0.458917835671343
10__NQ_ES__xgb_d2__0.0100,2023,TRUE,10,NQ_ES,xgb_d2,2,0.01,0.0726402640342713,1,202,0.00945914305783189,111,0.54950495049505,102,0.504950495049505,0.0445544554455446,0,52,138,0.0198019801980198,0.0891089108910891,202,1,179,95,0.53072625698324,23,16,0.695652173913044,0.504950495049505,0.495049504950495
10__NQ_ES__xgb_d2__0.0050,2023,TRUE,10,NQ_ES,xgb_d2,2,0.005,0.0783113181591031,1,91,0.00426129712011239,48,0.527472527472528,42,0.461538461538462,0.0659340659340659,0,43,76,0.032967032967033,0.120879120879121,91,1,79,39,0.493670886075949,12,9,0.75,0.461538461538462,0.538461538461538
10__NQ_ES__xgb_d3__0.5000,2023,TRUE,10,NQ_ES,xgb_d3,3,0.5,0.0228931307792664,1,10851,0.508124560992742,5736,0.528614874205142,5495,0.5064049396369,0.0222099345682426,0.0129020366786471,52,310,0.00571375910054373,0.0273707492397014,10851,1,8426,4426,0.525278898647045,2425,1310,0.54020618556701,0.5064049396369,0.480693023684453
10__NQ_ES__xgb_d3__0.2000,2023,TRUE,10,NQ_ES,xgb_d3,3,0.2,0.0435076355934143,1,4252,0.199110278623273,2247,0.528457196613358,2159,0.507761053621825,0.0206961429915334,0.0122295390404516,52,308,0.00799623706491063,0.0364534336782691,4252,1,3424,1799,0.525408878504673,828,448,0.541062801932367,0.507761053621825,0.480009407337723
10__NQ_ES__xgb_d3__0.1000,2023,TRUE,10,NQ_ES,xgb_d3,3,0.1,0.0556447207927704,1,2151,0.100725825333646,1152,0.535564853556485,1114,0.517898651789865,0.0176662017666202,0.0102278010227801,52,304,0.0102278010227801,0.0441655044165504,2151,1,1777,950,0.534608891389983,374,202,0.540106951871658,0.517898651789865,0.471873547187355
10__NQ_ES__xgb_d3__0.0500,2023,TRUE,10,NQ_ES,xgb_d3,3,0.05,0.0659078359603882,1,1024,0.0479512994614844,542,0.529296875,531,0.5185546875,0.0107421875,0.009765625,52,279,0.01171875,0.0546875,1024,1,844,448,0.530805687203792,180,94,0.522222222222222,0.5185546875,0.4716796875
10__NQ_ES__xgb_d3__0.0200,2023,TRUE,10,NQ_ES,xgb_d3,3,0.02,0.0780524373054504,1,339,0.0158745024584406,184,0.542772861356932,168,0.495575221238938,0.0471976401179941,0.00884955752212389,52,189,0.0265486725663717,0.0855457227138643,339,1,280,147,0.525,59,37,0.627118644067797,0.495575221238938,0.495575221238938
10__NQ_ES__xgb_d3__0.0100,2023,TRUE,10,NQ_ES,xgb_d3,3,0.01,0.0861582934856415,1,146,0.00683680636853196,76,0.520547945205479,67,0.458904109589041,0.0616438356164384,0.00684931506849315,49,108,0.0342465753424658,0.136986301369863,146,1,115,56,0.486956521739131,31,20,0.645161290322581,0.458904109589041,0.534246575342466
10__NQ_ES__xgb_d3__0.0050,2023,TRUE,10,NQ_ES,xgb_d3,3,0.005,0.0936271548271176,1,68,0.0031842659798642,35,0.514705882352941,33,0.485294117647059,0.0294117647058824,0.0147058823529412,37,58,0.0588235294117647,0.191176470588235,68,1,50,25,0.5,18,10,0.555555555555556,0.485294117647059,0.5
10__NQ_ES__xgb_d4__0.5000,2023,TRUE,10,NQ_ES,xgb_d4,4,0.5,0.025148868560791,1,10544,0.493748536642473,5532,0.524658573596358,5346,0.507018209408194,0.0176403641881639,0.012613808801214,52,310,0.00588012139605463,0.0273141122913505,10544,1,8056,4216,0.523336643495531,2488,1316,0.528938906752412,0.507018209408194,0.480367981790592
10__NQ_ES__xgb_d4__0.2000,2023,TRUE,10,NQ_ES,xgb_d4,4,0.2,0.0478594303131104,1,4068,0.190494029501288,2163,0.531710914454277,2086,0.512782694198624,0.0189282202556539,0.0115535889872173,52,306,0.00860373647984268,0.0393313667649951,4068,1,3217,1708,0.530929437364004,851,455,0.534665099882491,0.512782694198624,0.475663716814159
10__NQ_ES__xgb_d4__0.1000,2023,TRUE,10,NQ_ES,xgb_d4,4,0.1,0.0612540245056152,1,1964,0.091969093889019,1044,0.531568228105906,998,0.508146639511202,0.0234215885947047,0.0112016293279022,52,297,0.0117107942973523,0.0493890020366599,1964,1,1569,827,0.527087316762269,395,217,0.549367088607595,0.508146639511202,0.480651731160896
10__NQ_ES__xgb_d4__0.0500,2023,TRUE,10,NQ_ES,xgb_d4,4,0.05,0.0732977390289307,1,909,0.0425661437602435,482,0.53025302530253,457,0.502750275027503,0.0275027502750275,0.011001100110011,52,276,0.0198019801980198,0.0682068206820682,909,1,711,373,0.524613220815752,198,109,0.550505050505051,0.502750275027503,0.486248624862486
10__NQ_ES__xgb_d4__0.0200,2023,TRUE,10,NQ_ES,xgb_d4,4,0.02,0.0881607115268707,1,300,0.0140482322641068,169,0.563333333333333,146,0.486666666666667,0.0766666666666667,0.0133333333333333,51,174,0.0233333333333333,0.0966666666666667,300,1,227,122,0.537444933920705,73,47,0.643835616438356,0.486666666666667,0.5
10__NQ_ES__xgb_d4__0.0100,2023,TRUE,10,NQ_ES,xgb_d4,4,0.01,0.098504912853241,1,135,0.00632170451884805,75,0.555555555555556,66,0.488888888888889,0.0666666666666667,0,48,97,0.037037037037037,0.148148148148148,135,1,100,53,0.53,35,22,0.628571428571429,0.488888888888889,0.511111111111111
10__NQ_ES__xgb_d4__0.0050,2023,TRUE,10,NQ_ES,xgb_d4,4,0.005,0.108277374505996,1,62,0.00290330133458207,34,0.548387096774194,26,0.419354838709677,0.129032258064516,0,35,50,0.0483870967741936,0.209677419354839,62,1,42,20,0.476190476190476,20,14,0.7,0.419354838709677,0.580645161290323
10__NQ_ES__xgb_d5__0.5000,2023,TRUE,10,NQ_ES,xgb_d5,5,0.5,0.0279978215694428,1,10235,0.479278857410443,5365,0.524181729360039,5222,0.510210063507572,0.013971665852467,0.0129946262823644,52,310,0.00566682950659502,0.0269662921348315,10235,1,7565,3982,0.526371447455387,2670,1383,0.517977528089888,0.510210063507572,0.476795310210064
10__NQ_ES__xgb_d5__0.2000,2023,TRUE,10,NQ_ES,xgb_d5,5,0.2,0.0531647503376007,1,3898,0.182533364551627,2079,0.533350436121088,2020,0.51821446895844,0.0151359671626475,0.0115443817342227,52,303,0.00846587993842996,0.0351462288353002,3898,1,3043,1630,0.535655603023332,855,449,0.525146198830409,0.51821446895844,0.470241149307337
10__NQ_ES__xgb_d5__0.1000,2023,TRUE,10,NQ_ES,xgb_d5,5,0.1,0.0690734386444092,1,1781,0.0833996722079138,975,0.547445255474453,928,0.521055586749017,0.0263896687254351,0.0112296462661426,52,293,0.0117911285794497,0.0460415496911847,1781,1,1383,757,0.547360809833695,398,218,0.547738693467337,0.521055586749017,0.46771476698484
10__NQ_ES__xgb_d5__0.0500,2023,TRUE,10,NQ_ES,xgb_d5,5,0.05,0.0831539630889893,1,791,0.0370405057363615,428,0.541087231352718,397,0.501896333754741,0.0391908975979773,0.00758533501896334,52,255,0.0164348925410872,0.0670037926675095,791,1,615,326,0.530081300813008,176,102,0.579545454545455,0.501896333754741,0.490518331226296
10__NQ_ES__xgb_d5__0.0200,2023,TRUE,10,NQ_ES,xgb_d5,5,0.02,0.100987470149994,1,247,0.0115663778974479,129,0.522267206477733,114,0.461538461538462,0.0607287449392713,0.0202429149797571,52,159,0.0364372469635628,0.105263157894737,247,1,192,95,0.494791666666667,55,34,0.618181818181818,0.461538461538462,0.518218623481781
10__NQ_ES__xgb_d5__0.0100,2023,TRUE,10,NQ_ES,xgb_d5,5,0.01,0.112604928016663,1,110,0.00515101849683915,57,0.518181818181818,47,0.427272727272727,0.0909090909090909,0.0272727272727273,46,88,0.0636363636363636,0.154545454545455,110,1,82,39,0.475609756097561,28,18,0.642857142857143,0.427272727272727,0.545454545454545
10__NQ_ES__xgb_d5__0.0050,2023,TRUE,10,NQ_ES,xgb_d5,5,0.005,0.124411064386368,1,39,0.00182627019433388,22,0.564102564102564,16,0.41025641025641,0.153846153846154,0,27,35,0.102564102564103,0.230769230769231,39,1,29,14,0.482758620689655,10,8,0.8,0.41025641025641,0.58974358974359
15__NQ_ONLY__logit__0.5000,2023,TRUE,15,NQ_ONLY,logit,,0.5,0.0223153374501661,1,10383,0.492949722261786,5470,0.526822690937109,5286,0.509101415775787,0.0177212751613214,0.0100163729172686,52,310,0.00626023307329288,0.0281228931907926,10383,1,8855,4624,0.522190852625635,1528,846,0.553664921465969,0.509101415775787,0.480882211306944
15__NQ_ONLY__logit__0.2000,2023,TRUE,15,NQ_ONLY,logit,,0.2,0.0422411591254061,1,3713,0.176280681764231,1964,0.528952329652572,1911,0.514678157823862,0.0142741718287099,0.00915701589011581,52,308,0.0102343118771883,0.0398599515216806,3713,1,3405,1786,0.524522760646109,308,178,0.577922077922078,0.514678157823862,0.476164826286022
15__NQ_ONLY__logit__0.1000,2023,TRUE,15,NQ_ONLY,logit,,0.1,0.0539334783407467,1,1656,0.0786212790200826,899,0.542874396135266,861,0.519927536231884,0.0229468599033816,0.00664251207729469,52,294,0.0108695652173913,0.0507246376811594,1656,1,1534,819,0.533898305084746,122,80,0.655737704918033,0.519927536231884,0.473429951690821
15__NQ_ONLY__logit__0.0500,2023,TRUE,15,NQ_ONLY,logit,,0.05,0.0646224638171026,1,680,0.0322841000807102,366,0.538235294117647,352,0.517647058823529,0.0205882352941176,0.00588235294117647,52,241,0.0147058823529412,0.0632352941176471,680,1,634,336,0.529968454258675,46,30,0.652173913043478,0.517647058823529,0.476470588235294
15__NQ_ONLY__logit__0.0200,2023,TRUE,15,NQ_ONLY,logit,,0.02,0.0794136481275372,1,215,0.0102074728196363,100,0.465116279069768,94,0.437209302325581,0.027906976744186,0.013953488372093,49,127,0.027906976744186,0.111627906976744,215,1,197,88,0.446700507614213,18,12,0.666666666666667,0.437209302325581,0.548837209302326
15__NQ_ONLY__logit__0.0100,2023,TRUE,15,NQ_ONLY,logit,,0.01,0.09129180170763,1,88,0.00417794236338603,44,0.5,42,0.477272727272727,0.0227272727272727,0,40,63,0.0454545454545455,0.159090909090909,88,1,76,37,0.486842105263158,12,7,0.583333333333333,0.477272727272727,0.522727272727273
15__NQ_ONLY__logit__0.0050,2023,TRUE,15,NQ_ONLY,logit,,0.005,0.103957018308725,1,36,0.00170915823956701,17,0.472222222222222,16,0.444444444444444,0.0277777777777778,0,22,32,0.0833333333333333,0.25,36,1,33,15,0.454545454545455,3,2,0.666666666666667,0.444444444444444,0.555555555555556
15__NQ_ONLY__ranger__0.5000,2023,TRUE,15,NQ_ONLY,ranger,,0.5,0.0182374858019584,1,11329,0.537862602668186,5950,0.525200812075205,5863,0.517521405243181,0.00767940683202401,0.0105922852855504,52,310,0.00556094977491394,0.0267455203460147,11329,1,10366,5435,0.524310245031835,963,515,0.53478712357217,0.517521405243181,0.471886309471269
15__NQ_ONLY__ranger__0.2000,2023,TRUE,15,NQ_ONLY,ranger,,0.2,0.0343443544002587,1,4950,0.235009257940464,2631,0.531515151515152,2612,0.527676767676768,0.00383838383838384,0.00828282828282828,52,308,0.00767676767676768,0.0343434343434343,4950,1,4788,2541,0.530701754385965,162,90,0.555555555555556,0.527676767676768,0.464040404040404
15__NQ_ONLY__ranger__0.1000,2023,TRUE,15,NQ_ONLY,ranger,,0.1,0.043106072085956,1,2645,0.12557565399041,1404,0.530812854442344,1394,0.52703213610586,0.00378071833648393,0.00869565217391304,52,300,0.00793950850661626,0.0370510396975425,2645,1,2594,1374,0.529683885890517,51,30,0.588235294117647,0.52703213610586,0.464272211720227
15__NQ_ONLY__ranger__0.0500,2023,TRUE,15,NQ_ONLY,ranger,,0.05,0.0493682215054829,1,1495,0.0709775435597968,817,0.546488294314381,811,0.54247491638796,0.0040133779264214,0.00802675585284281,52,290,0.00936454849498328,0.0461538461538462,1495,1,1473,803,0.545145960624576,22,14,0.636363636363636,0.54247491638796,0.449498327759197
15__NQ_ONLY__ranger__0.0200,2023,TRUE,15,NQ_ONLY,ranger,,0.02,0.0567387492550065,1,633,0.03005269904572,342,0.540284360189574,339,0.535545023696682,0.004739336492891,0.004739336492891,52,236,0.0173775671406003,0.0679304897314376,633,1,622,335,0.538585209003215,11,7,0.636363636363636,0.535545023696682,0.459715639810427
15__NQ_ONLY__ranger__0.0100,2023,TRUE,15,NQ_ONLY,ranger,,0.01,0.0622141865931168,1,324,0.0153824241561031,172,0.530864197530864,172,0.530864197530864,0,0,52,175,0.0216049382716049,0.095679012345679,324,1,316,168,0.531645569620253,8,4,0.5,0.530864197530864,0.469135802469136
15__NQ_ONLY__ranger__0.0050,2023,TRUE,15,NQ_ONLY,ranger,,0.005,0.0678917050984868,1,154,0.00731139913592556,75,0.487012987012987,75,0.487012987012987,0,0,48,101,0.0324675324675325,0.136363636363636,154,1,150,73,0.486666666666667,4,2,0.5,0.487012987012987,0.512987012987013
15__NQ_ONLY__xgb_d2__0.5000,2023,TRUE,15,NQ_ONLY,xgb_d2,2,0.5,0.019033670425415,1,11074,0.52575606513792,5813,0.524923243633737,5749,0.519143940762146,0.00577930287159111,0.0104749864547589,52,310,0.00614050930106556,0.0288965143579556,11074,1,10025,5266,0.525286783042394,1049,547,0.521448999046711,0.519143940762146,0.470381072783096
15__NQ_ONLY__xgb_d2__0.2000,2023,TRUE,15,NQ_ONLY,xgb_d2,2,0.2,0.0363144993782044,1,4781,0.226985709538053,2546,0.532524576448442,2514,0.525831416021753,0.00669316042668898,0.00920309558669734,52,307,0.00815728927002719,0.0366032210834553,4781,1,4597,2440,0.530780944093974,184,106,0.576086956521739,0.525831416021753,0.46496548839155
15__NQ_ONLY__xgb_d2__0.1000,2023,TRUE,15,NQ_ONLY,xgb_d2,2,0.1,0.045270848274231,1,2505,0.118928927503205,1339,0.534530938123753,1328,0.530139720558882,0.00439121756487026,0.00758483033932136,52,298,0.0107784431137725,0.0471057884231537,2505,1,2436,1299,0.533251231527094,69,40,0.579710144927536,0.530139720558882,0.462275449101797
15__NQ_ONLY__xgb_d2__0.0500,2023,TRUE,15,NQ_ONLY,xgb_d2,2,0.05,0.0514574885368347,1,1374,0.065232872810141,734,0.534206695778748,723,0.526200873362445,0.00800582241630277,0.00655021834061135,52,284,0.0167394468704512,0.0596797671033479,1374,1,1347,715,0.530809205642168,27,19,0.703703703703704,0.526200873362445,0.467248908296943
15__NQ_ONLY__xgb_d2__0.0200,2023,TRUE,15,NQ_ONLY,xgb_d2,2,0.02,0.0573230624198914,1,648,0.0307648483122062,341,0.526234567901235,332,0.512345679012346,0.0138888888888889,0.00617283950617284,52,232,0.0216049382716049,0.0817901234567901,648,1,635,330,0.519685039370079,13,11,0.846153846153846,0.512345679012346,0.481481481481482
15__NQ_ONLY__xgb_d2__0.0100,2023,TRUE,15,NQ_ONLY,xgb_d2,2,0.01,0.0615081608295441,1,322,0.0152874709205716,176,0.546583850931677,173,0.537267080745342,0.0093167701863354,0,52,172,0.0248447204968944,0.102484472049689,322,1,317,172,0.542586750788644,5,4,0.8,0.537267080745342,0.462732919254658
15__NQ_ONLY__xgb_d2__0.0050,2023,TRUE,15,NQ_ONLY,xgb_d2,2,0.005,0.0655041640996933,1,149,0.00707401604709681,78,0.523489932885906,77,0.516778523489933,0.00671140939597315,0,48,105,0.0402684563758389,0.147651006711409,149,1,146,76,0.520547945205479,3,2,0.666666666666667,0.516778523489933,0.483221476510067
15__NQ_ONLY__xgb_d3__0.5000,2023,TRUE,15,NQ_ONLY,xgb_d3,3,0.5,0.0209863781929016,1,10726,0.509234202155438,5624,0.5243333954876,5491,0.511933619242961,0.0123997762446392,0.010162222636584,52,310,0.00568711542047362,0.0277829573000186,10726,1,9341,4876,0.521999785890162,1385,748,0.540072202166065,0.511933619242961,0.477904158120455
15__NQ_ONLY__xgb_d3__0.2000,2023,TRUE,15,NQ_ONLY,xgb_d3,3,0.2,0.0388561725616455,1,4622,0.219436927313298,2446,0.529208135006491,2425,0.524664647338814,0.00454348766767633,0.00951968844655993,52,307,0.00757247944612722,0.0369969710082216,4622,1,4295,2276,0.529918509895227,327,170,0.519877675840979,0.524664647338814,0.465815664214626
15__NQ_ONLY__xgb_d3__0.1000,2023,TRUE,15,NQ_ONLY,xgb_d3,3,0.1,0.0485276818275452,1,2495,0.118454161325547,1358,0.544288577154309,1336,0.535470941883768,0.00881763527054108,0.00761523046092184,52,298,0.0108216432865731,0.050501002004008,2495,1,2358,1279,0.542408821034775,137,79,0.576642335766423,0.535470941883768,0.456913827655311
15__NQ_ONLY__xgb_d3__0.0500,2023,TRUE,15,NQ_ONLY,xgb_d3,3,0.05,0.0563462018966675,1,1299,0.0616721264777097,703,0.541185527328714,683,0.525789068514242,0.0153964588144727,0.00846805234795997,52,277,0.014626635873749,0.0662047729022325,1299,1,1230,659,0.535772357723577,69,44,0.63768115942029,0.525789068514242,0.465742879137798
15__NQ_ONLY__xgb_d3__0.0200,2023,TRUE,15,NQ_ONLY,xgb_d3,3,0.02,0.0655554723739625,1,528,0.0250676541803162,276,0.522727272727273,263,0.498106060606061,0.0246212121212121,0.00946969696969697,52,209,0.0303030303030303,0.102272727272727,528,1,499,255,0.511022044088176,29,21,0.724137931034483,0.498106060606061,0.492424242424242
15__NQ_ONLY__xgb_d3__0.0100,2023,TRUE,15,NQ_ONLY,xgb_d3,3,0.01,0.0719687104225159,1,260,0.0123439206190951,144,0.553846153846154,136,0.523076923076923,0.0307692307692308,0.00769230769230769,52,147,0.0346153846153846,0.134615384615385,260,1,248,134,0.540322580645161,12,10,0.833333333333333,0.523076923076923,0.469230769230769
15__NQ_ONLY__xgb_d3__0.0050,2023,TRUE,15,NQ_ONLY,xgb_d3,3,0.005,0.078820269703865,1,115,0.00545981104306129,60,0.521739130434783,56,0.486956521739131,0.0347826086956522,0.00869565217391304,42,78,0.0434782608695652,0.182608695652174,115,1,109,55,0.504587155963303,6,5,0.833333333333333,0.486956521739131,0.504347826086957
15__NQ_ONLY__xgb_d4__0.5000,2023,TRUE,15,NQ_ONLY,xgb_d4,4,0.5,0.0225368738174439,1,10485,0.497792337273893,5462,0.520934668574154,5363,0.511492608488317,0.00944206008583691,0.0104911778731521,52,310,0.00591320934668574,0.0285169289461135,10485,1,8774,4571,0.520971050832004,1711,891,0.520748100526008,0.511492608488317,0.478016213638531
15__NQ_ONLY__xgb_d4__0.2000,2023,TRUE,15,NQ_ONLY,xgb_d4,4,0.2,0.0427220582962036,1,4271,0.20277263447752,2287,0.53547178646687,2244,0.525403886677593,0.0100678997892765,0.00866307656286584,52,307,0.00889721376726762,0.0393350503394989,4271,1,3836,2052,0.534932221063608,435,235,0.540229885057471,0.525403886677593,0.465933036759541
15__NQ_ONLY__xgb_d4__0.1000,2023,TRUE,15,NQ_ONLY,xgb_d4,4,0.1,0.0544891476631164,1,2148,0.101979774960832,1136,0.528864059590317,1126,0.524208566108008,0.00465549348230913,0.00977653631284916,52,294,0.0116387337057728,0.0521415270018622,2148,1,1946,1032,0.530318602261048,202,104,0.514851485148515,0.524208566108008,0.466014897579143
15__NQ_ONLY__xgb_d4__0.0500,2023,TRUE,15,NQ_ONLY,xgb_d4,4,0.05,0.0649744510650634,1,1039,0.0493282058586146,538,0.517805582290664,525,0.505293551491819,0.012512030798845,0.00962463907603465,52,259,0.0182868142444658,0.0721847930702599,1039,1,953,489,0.51311647429171,86,49,0.569767441860465,0.505293551491819,0.485081809432146
15__NQ_ONLY__xgb_d4__0.0200,2023,TRUE,15,NQ_ONLY,xgb_d4,4,0.02,0.0768567574024201,1,423,0.0200826093149124,225,0.531914893617021,220,0.520094562647754,0.0118203309692671,0.00709219858156028,52,190,0.0307328605200946,0.115839243498818,423,1,389,206,0.529562982005141,34,19,0.558823529411765,0.520094562647754,0.472813238770686
15__NQ_ONLY__xgb_d4__0.0100,2023,TRUE,15,NQ_ONLY,xgb_d4,4,0.01,0.086342162489891,1,184,0.00873569766889807,93,0.505434782608696,91,0.494565217391304,0.0108695652173913,0,50,117,0.0434782608695652,0.179347826086957,184,1,170,85,0.5,14,8,0.571428571428571,0.494565217391304,0.505434782608696
15__NQ_ONLY__xgb_d4__0.0050,2023,TRUE,15,NQ_ONLY,xgb_d4,4,0.005,0.0945758771896361,1,83,0.00394055927455728,38,0.457831325301205,37,0.445783132530121,0.0120481927710843,0,39,63,0.0602409638554217,0.228915662650602,83,1,76,34,0.447368421052632,7,4,0.571428571428571,0.445783132530121,0.55421686746988
15__NQ_ONLY__xgb_d5__0.5000,2023,TRUE,15,NQ_ONLY,xgb_d5,5,0.5,0.0252813100814819,1,10032,0.476285429426008,5207,0.519039074960128,5160,0.514354066985646,0.00468500797448166,0.0105661881977671,52,310,0.00608054226475279,0.0285087719298246,10032,1,8170,4268,0.522399020807834,1862,939,0.504296455424275,0.514354066985646,0.475079744816587
15__NQ_ONLY__xgb_d5__0.2000,2023,TRUE,15,NQ_ONLY,xgb_d5,5,0.2,0.0484054684638977,1,3763,0.178654512652519,1982,0.526707414297103,1967,0.52272123305873,0.00398618123837364,0.0103640712197715,52,304,0.008769598724422,0.0395960669678448,3763,1,3272,1733,0.529645476772616,491,249,0.507128309572301,0.52272123305873,0.466914695721499
15__NQ_ONLY__xgb_d5__0.1000,2023,TRUE,15,NQ_ONLY,xgb_d5,5,0.1,0.0622812509536743,1,1793,0.0851255756539904,935,0.521472392638037,938,0.523145566090351,-0.00167317345231456,0.00948131622978249,52,286,0.0128276631344116,0.0568878973786949,1793,1,1594,838,0.525721455457967,199,97,0.487437185929648,0.523145566090351,0.467373117679866
15__NQ_ONLY__xgb_d5__0.0500,2023,TRUE,15,NQ_ONLY,xgb_d5,5,0.05,0.0747945368289947,1,842,0.0399753121587618,426,0.505938242280285,425,0.504750593824228,0.00118764845605701,0.00712589073634204,52,244,0.0190023752969121,0.0831353919239905,842,1,751,380,0.505992010652463,91,46,0.505494505494506,0.504750593824228,0.48812351543943
15__NQ_ONLY__xgb_d5__0.0200,2023,TRUE,15,NQ_ONLY,xgb_d5,5,0.02,0.0899492835998536,1,285,0.0135308360632389,152,0.533333333333333,146,0.512280701754386,0.0210526315789474,0.00350877192982456,52,148,0.0385964912280702,0.133333333333333,285,1,259,136,0.525096525096525,26,16,0.615384615384615,0.512280701754386,0.48421052631579
15__NQ_ONLY__xgb_d5__0.0100,2023,TRUE,15,NQ_ONLY,xgb_d5,5,0.01,0.102445077896118,1,123,0.0058396239851873,62,0.504065040650406,57,0.463414634146342,0.040650406504065,0.00813008130081301,46,86,0.0650406504065041,0.203252032520325,123,1,112,54,0.482142857142857,11,8,0.727272727272727,0.463414634146342,0.528455284552846
15__NQ_ONLY__xgb_d5__0.0050,2023,TRUE,15,NQ_ONLY,xgb_d5,5,0.005,0.112544691562653,1,66,0.00313345677253952,36,0.545454545454545,30,0.454545454545455,0.0909090909090909,0,34,53,0.0606060606060606,0.212121212121212,66,1,58,29,0.5,8,7,0.875,0.454545454545455,0.545454545454545
15__NQ_ES__logit__0.5000,2023,TRUE,15,NQ_ES,logit,,0.5,0.0222164594829795,1,10509,0.498931776100271,5558,0.528880007612523,5372,0.511180892568275,0.0176991150442478,0.0101817489770673,52,310,0.006470644209725,0.0281663336188029,10509,1,8659,4555,0.526042268160296,1850,1003,0.542162162162162,0.511180892568275,0.478637358454658
15__NQ_ES__logit__0.2000,2023,TRUE,15,NQ_ES,logit,,0.2,0.0424746467795325,1,3859,0.183212267958031,2045,0.529930033687484,1959,0.507644467478621,0.0222855662088624,0.00906970717802539,52,308,0.0101062451412283,0.0393884426017103,3859,1,3427,1789,0.522030930843303,432,256,0.592592592592593,0.507644467478621,0.483285825343353
15__NQ_ES__logit__0.1000,2023,TRUE,15,NQ_ES,logit,,0.1,0.054529452681534,1,1772,0.0841285666809097,938,0.529345372460497,899,0.507336343115124,0.0220090293453725,0.00564334085778781,52,296,0.0135440180586907,0.0530474040632054,1772,1,1602,834,0.52059925093633,170,104,0.611764705882353,0.507336343115124,0.487020316027088
15__NQ_ES__logit__0.0500,2023,TRUE,15,NQ_ES,logit,,0.05,0.0655660843124022,1,758,0.0359872762664388,405,0.534300791556728,385,0.507915567282322,0.0263852242744063,0.00527704485488127,52,248,0.0158311345646438,0.0633245382585752,758,1,683,358,0.524158125915081,75,47,0.626666666666667,0.507915567282322,0.486807387862797
15__NQ_ES__logit__0.0200,2023,TRUE,15,NQ_ES,logit,,0.02,0.0815230439775375,1,201,0.00954280017091582,102,0.507462686567164,94,0.467661691542289,0.0398009950248756,0.00497512437810945,50,122,0.0348258706467662,0.124378109452736,201,1,173,84,0.485549132947977,28,18,0.642857142857143,0.467661691542289,0.527363184079602
15__NQ_ES__logit__0.0100,2023,TRUE,15,NQ_ES,logit,,0.01,0.0924002035940077,1,95,0.00451027868774628,54,0.568421052631579,48,0.505263157894737,0.0631578947368421,0,40,69,0.0421052631578947,0.168421052631579,95,1,73,40,0.547945205479452,22,14,0.636363636363636,0.505263157894737,0.494736842105263
15__NQ_ES__logit__0.0050,2023,TRUE,15,NQ_ES,logit,,0.005,0.106087218197066,1,26,0.00123439206190951,16,0.615384615384615,15,0.576923076923077,0.0384615384615385,0,17,20,0.115384615384615,0.423076923076923,26,1,15,10,0.666666666666667,11,6,0.545454545454545,0.576923076923077,0.423076923076923
15__NQ_ES__ranger__0.5000,2023,TRUE,15,NQ_ES,ranger,,0.5,0.0183967717535167,1,11137,0.528747092057162,5841,0.524467989584269,5731,0.514591002963096,0.00987698662117267,0.00978719583370746,52,310,0.00547723803537757,0.0267576546646314,11137,1,10136,5293,0.522198105761642,1001,548,0.547452547452548,0.514591002963096,0.475621801203197
15__NQ_ES__ranger__0.2000,2023,TRUE,15,NQ_ES,ranger,,0.2,0.0352309051969284,1,4790,0.227412999097944,2502,0.522338204592902,2492,0.520250521920668,0.00208768267223382,0.00751565762004175,52,307,0.00793319415448852,0.0361169102296451,4790,1,4600,2403,0.522391304347826,190,99,0.521052631578947,0.520250521920668,0.47223382045929
15__NQ_ES__ranger__0.1000,2023,TRUE,15,NQ_ES,ranger,,0.1,0.0444888139686269,1,2472,0.117362199116935,1329,0.537621359223301,1314,0.531553398058252,0.00606796116504854,0.00849514563106796,52,296,0.0101132686084142,0.0424757281553398,2472,1,2410,1291,0.535684647302905,62,38,0.612903225806452,0.531553398058252,0.45995145631068
15__NQ_ES__ranger__0.0500,2023,TRUE,15,NQ_ES,ranger,,0.05,0.051201527678062,1,1343,0.0637610976594027,703,0.523454951600894,693,0.516008935219658,0.00744601638123604,0.00819061801935964,52,280,0.0119136262099777,0.0521221146686523,1343,1,1312,683,0.520579268292683,31,20,0.645161290322581,0.516008935219658,0.475800446760983
15__NQ_ES__ranger__0.0200,2023,TRUE,15,NQ_ES,ranger,,0.02,0.0573588572112775,1,667,0.0316669040497555,339,0.508245877061469,333,0.499250374812594,0.00899550224887556,0.00749625187406297,52,241,0.0179910044977511,0.0734632683658171,667,1,652,329,0.504601226993865,15,10,0.666666666666667,0.499250374812594,0.493253373313343
15__NQ_ES__ranger__0.0100,2023,TRUE,15,NQ_ES,ranger,,0.01,0.0617410285271759,1,342,0.0162370032758866,172,0.502923976608187,169,0.494152046783626,0.0087719298245614,0,52,177,0.0233918128654971,0.087719298245614,342,1,333,166,0.498498498498499,9,6,0.666666666666667,0.494152046783626,0.505847953216374
15__NQ_ES__ranger__0.0050,2023,TRUE,15,NQ_ES,ranger,,0.005,0.0658583206935759,1,190,0.00902055737549257,97,0.510526315789474,97,0.510526315789474,0,0,47,114,0.0315789473684211,0.115789473684211,190,1,184,94,0.510869565217391,6,3,0.5,0.510526315789474,0.489473684210526
15__NQ_ES__xgb_d2__0.5000,2023,TRUE,15,NQ_ES,xgb_d2,2,0.5,0.0188119411468506,1,11204,0.531928025447467,5896,0.526240628347019,5743,0.512584791146019,0.0136558372009996,0.0102641913602285,52,310,0.005890753302392,0.0274009282399143,11204,1,9911,5186,0.523256987185955,1293,710,0.549110595514308,0.512584791146019,0.477151017493752
15__NQ_ES__xgb_d2__0.2000,2023,TRUE,15,NQ_ES,xgb_d2,2,0.2,0.0359519720077515,1,4728,0.224469448796468,2499,0.528553299492386,2456,0.519458544839256,0.00909475465313029,0.00867174280879865,52,306,0.00824873096446701,0.0376480541455161,4728,1,4425,2330,0.526553672316384,303,169,0.557755775577558,0.519458544839256,0.471869712351946
15__NQ_ES__xgb_d2__0.1000,2023,TRUE,15,NQ_ES,xgb_d2,2,0.1,0.0454336404800415,1,2443,0.115985377201728,1287,0.526811297584937,1272,0.520671305771592,0.00613999181334425,0.00777732296356938,52,298,0.0098239869013508,0.0454359394187474,2443,1,2324,1221,0.525387263339071,119,66,0.554621848739496,0.520671305771592,0.471551371264838
15__NQ_ES__xgb_d2__0.0500,2023,TRUE,15,NQ_ES,xgb_d2,2,0.05,0.0521957039833069,1,1303,0.0618620329487727,685,0.525709900230238,672,0.515732924021489,0.00997697620874904,0.00613967766692249,52,277,0.0115118956254797,0.0529547198772064,1303,1,1261,658,0.521808088818398,42,27,0.642857142857143,0.515732924021489,0.478127398311589
15__NQ_ES__xgb_d2__0.0200,2023,TRUE,15,NQ_ES,xgb_d2,2,0.02,0.0588074731826782,1,606,0.0287708303660447,304,0.501650165016502,294,0.485148514851485,0.0165016501650165,0.0115511551155116,52,219,0.0165016501650165,0.070957095709571,606,1,587,290,0.494037478705281,19,14,0.736842105263158,0.485148514851485,0.503300330033003
15__NQ_ES__xgb_d2__0.0100,2023,TRUE,15,NQ_ES,xgb_d2,2,0.01,0.0624438786506653,1,344,0.0163319565114181,171,0.497093023255814,162,0.47093023255814,0.0261627906976744,0.0116279069767442,52,171,0.0203488372093023,0.0901162790697674,344,1,330,160,0.484848484848485,14,11,0.785714285714286,0.47093023255814,0.517441860465116
15__NQ_ES__xgb_d2__0.0050,2023,TRUE,15,NQ_ES,xgb_d2,2,0.005,0.0666077697277068,1,166,0.00788111854911456,83,0.5,76,0.457831325301205,0.0421686746987952,0.0180722891566265,51,107,0.036144578313253,0.150602409638554,166,1,159,76,0.477987421383648,7,7,1,0.457831325301205,0.524096385542169
15__NQ_ES__xgb_d3__0.5000,2023,TRUE,15,NQ_ES,xgb_d3,3,0.5,0.0212958455085754,1,10770,0.511323173337132,5710,0.530176415970288,5531,0.51355617455896,0.0166202414113278,0.0105849582172702,52,310,0.00631383472609099,0.0288765088207985,10770,1,9169,4834,0.527211255316828,1601,876,0.547158026233604,0.51355617455896,0.47585886722377
15__NQ_ES__xgb_d3__0.2000,2023,TRUE,15,NQ_ES,xgb_d3,3,0.2,0.0396081507205963,1,4412,0.209466837582491,2352,0.533091568449683,2283,0.517452402538531,0.0156391659111514,0.00906618313689937,52,304,0.00906618313689937,0.0396645512239347,4412,1,4014,2123,0.528898854010962,398,229,0.575376884422111,0.517452402538531,0.473481414324569
15__NQ_ES__xgb_d3__0.1000,2023,TRUE,15,NQ_ES,xgb_d3,3,0.1,0.0495992660522461,1,2322,0.110240706452072,1241,0.534453057708872,1226,0.527993109388458,0.00645994832041344,0.00861326442721792,52,291,0.0099052540913006,0.0460809646856159,2322,1,2159,1153,0.534043538675313,163,88,0.539877300613497,0.527993109388458,0.463393626184324
15__NQ_ES__xgb_d3__0.0500,2023,TRUE,15,NQ_ES,xgb_d3,3,0.05,0.0581777393817901,1,1212,0.0575416607320894,647,0.533828382838284,623,0.514026402640264,0.0198019801980198,0.00742574257425743,52,262,0.014026402640264,0.0635313531353135,1212,1,1139,599,0.525899912203688,73,48,0.657534246575342,0.514026402640264,0.478547854785479
15__NQ_ES__xgb_d3__0.0200,2023,TRUE,15,NQ_ES,xgb_d3,3,0.02,0.0676439023017884,1,489,0.0232160660874519,248,0.507157464212679,234,0.478527607361963,0.0286298568507157,0.0102249488752556,52,203,0.0204498977505112,0.0838445807770961,489,1,458,226,0.493449781659389,31,22,0.709677419354839,0.478527607361963,0.511247443762781
15__NQ_ES__xgb_d3__0.0100,2023,TRUE,15,NQ_ES,xgb_d3,3,0.01,0.0739291226863861,1,247,0.0117267245881403,132,0.534412955465587,122,0.493927125506073,0.0404858299595142,0.00809716599190283,52,142,0.0283400809716599,0.117408906882591,247,1,227,117,0.515418502202643,20,15,0.75,0.493927125506073,0.497975708502024
15__NQ_ES__xgb_d3__0.0050,2023,TRUE,15,NQ_ES,xgb_d3,3,0.005,0.0797299033403397,1,147,0.0069790628115653,78,0.530612244897959,69,0.469387755102041,0.0612244897959184,0,47,102,0.0340136054421769,0.149659863945578,147,1,130,65,0.5,17,13,0.764705882352941,0.469387755102041,0.530612244897959
15__NQ_ES__xgb_d4__0.5000,2023,TRUE,15,NQ_ES,xgb_d4,4,0.5,0.0236640274524689,1,10226,0.485495893272563,5415,0.529532564052416,5251,0.513495012712693,0.0160375513397223,0.0104635243496969,52,310,0.00645413651476628,0.0292391942108351,10226,1,8435,4453,0.527919383521043,1791,962,0.53713009491904,0.513495012712693,0.47604146293761
15__NQ_ES__xgb_d4__0.2000,2023,TRUE,15,NQ_ES,xgb_d4,4,0.2,0.0445638298988342,1,3939,0.187010397379291,2103,0.533891850723534,2034,0.516374714394516,0.0175171363290175,0.0106626047220107,52,303,0.00837776085300838,0.0398578319370399,3939,1,3512,1860,0.529612756264237,427,243,0.569086651053864,0.516374714394516,0.472962680883473
15__NQ_ES__xgb_d4__0.1000,2023,TRUE,15,NQ_ES,xgb_d4,4,0.1,0.0565031111240387,1,1939,0.09205716184779,1042,0.537390407426508,1007,0.519339865910263,0.0180505415162455,0.00876740587931924,52,286,0.0113460546673543,0.0505415162454874,1939,1,1753,933,0.532230462065031,186,109,0.586021505376344,0.519339865910263,0.471892728210418
15__NQ_ES__xgb_d4__0.0500,2023,TRUE,15,NQ_ES,xgb_d4,4,0.05,0.0666739523410797,1,946,0.0449128804063998,491,0.519027484143763,472,0.498942917547569,0.0200845665961945,0.00845665961945032,52,252,0.0158562367864693,0.0697674418604651,946,1,857,438,0.511085180863477,89,53,0.595505617977528,0.498942917547569,0.492600422832981
15__NQ_ES__xgb_d4__0.0200,2023,TRUE,15,NQ_ES,xgb_d4,4,0.02,0.0789003562927247,1,367,0.0174239187200304,187,0.509536784741144,176,0.479564032697548,0.0299727520435967,0.0136239782016349,52,184,0.0299727520435967,0.106267029972752,367,1,327,162,0.495412844036697,40,25,0.625,0.479564032697548,0.506811989100818
15__NQ_ES__xgb_d4__0.0100,2023,TRUE,15,NQ_ES,xgb_d4,4,0.01,0.0874024844169615,1,174,0.00826093149124056,87,0.5,85,0.488505747126437,0.0114942528735632,0.0172413793103448,51,114,0.0459770114942529,0.14367816091954,174,1,149,74,0.496644295302014,25,13,0.52,0.488505747126437,0.494252873563218
15__NQ_ES__xgb_d4__0.0050,2023,TRUE,15,NQ_ES,xgb_d4,4,0.005,0.0969672951102257,1,88,0.00417794236338603,42,0.477272727272727,40,0.454545454545455,0.0227272727272727,0.0113636363636364,44,71,0.0568181818181818,0.170454545454545,88,1,74,34,0.45945945945946,14,8,0.571428571428571,0.454545454545455,0.534090909090909
15__NQ_ES__xgb_d5__0.5000,2023,TRUE,15,NQ_ES,xgb_d5,5,0.5,0.0260371565818787,1,10017,0.475573280159521,5266,0.525706299291205,5177,0.516821403613856,0.00888489567734851,0.0111809923130678,52,310,0.0061894778875911,0.0289507836677648,10017,1,7940,4200,0.528967254408061,2077,1066,0.513240250361098,0.516821403613856,0.471997604073076
15__NQ_ES__xgb_d5__0.2000,2023,TRUE,15,NQ_ES,xgb_d5,5,0.2,0.0486674547195435,1,3846,0.182595071927076,2044,0.531461258450338,2000,0.520020800832033,0.0114404576183047,0.0114404576183047,52,301,0.00832033281331253,0.0379615184607384,3846,1,3267,1739,0.532292623201714,579,305,0.526770293609672,0.520020800832033,0.468538741549662
15__NQ_ES__xgb_d5__0.1000,2023,TRUE,15,NQ_ES,xgb_d5,5,0.1,0.0622968256473541,1,1884,0.0894459478706737,1001,0.531316348195329,950,0.504246284501062,0.0270700636942675,0.0100849256900212,52,288,0.00955414012738853,0.0456475583864119,1884,1,1627,850,0.522433927473878,257,151,0.587548638132296,0.504246284501062,0.485668789808917
15__NQ_ES__xgb_d5__0.0500,2023,TRUE,15,NQ_ES,xgb_d5,5,0.05,0.0743618249893188,1,831,0.0394530693633386,428,0.515042117930205,393,0.472924187725632,0.0421179302045728,0.0120336943441637,52,254,0.0156438026474128,0.0649819494584838,831,1,718,356,0.495821727019499,113,72,0.63716814159292,0.472924187725632,0.515042117930205
15__NQ_ES__xgb_d5__0.0200,2023,TRUE,15,NQ_ES,xgb_d5,5,0.02,0.0900483226776124,1,305,0.0144803684185539,152,0.498360655737705,139,0.455737704918033,0.0426229508196721,0.0131147540983607,51,160,0.0360655737704918,0.114754098360656,305,1,263,125,0.475285171102662,42,27,0.642857142857143,0.455737704918033,0.531147540983607
15__NQ_ES__xgb_d5__0.0100,2023,TRUE,15,NQ_ES,xgb_d5,5,0.01,0.100079338550568,1,152,0.00721644590039406,82,0.539473684210526,77,0.506578947368421,0.0328947368421053,0.0131578947368421,48,105,0.0328947368421053,0.118421052631579,152,1,134,71,0.529850746268657,18,11,0.611111111111111,0.506578947368421,0.480263157894737
15__NQ_ES__xgb_d5__0.0050,2023,TRUE,15,NQ_ES,xgb_d5,5,0.005,0.109497537314892,1,65,0.00308598015477377,32,0.492307692307692,30,0.461538461538462,0.0307692307692308,0.0153846153846154,40,56,0.0461538461538462,0.184615384615385,65,1,55,26,0.472727272727273,10,6,0.6,0.461538461538462,0.523076923076923
30__NQ_ONLY__logit__0.5000,2023,TRUE,30,NQ_ONLY,logit,,0.5,0.0233693433309637,1,10177,0.491642512077295,5486,0.53905866168812,5413,0.531885624447283,0.00717303724083718,0.00707477645671612,52,310,0.00648521175198978,0.0302643215092856,6421,0.630932494841309,9382,5054,0.538691110637391,795,432,0.543396226415094,0.531885624447283,0.461039599096001
30__NQ_ONLY__logit__0.2000,2023,TRUE,30,NQ_ONLY,logit,,0.2,0.0444393829012264,1,3361,0.162367149758454,1826,0.543290687295448,1802,0.536149955370425,0.00714073192502231,0.0059506099375186,52,297,0.0101160368937816,0.0490925319845284,2444,0.727164534364772,3226,1747,0.541537507749535,135,79,0.585185185185185,0.536149955370425,0.457899434692056
30__NQ_ONLY__logit__0.1000,2023,TRUE,30,NQ_ONLY,logit,,0.1,0.0571011147216576,1,1416,0.0684057971014493,764,0.53954802259887,751,0.530367231638418,0.00918079096045198,0.00564971751412429,52,251,0.018361581920904,0.0741525423728814,1105,0.780367231638418,1365,732,0.536263736263736,51,32,0.627450980392157,0.530367231638418,0.463983050847458
30__NQ_ONLY__logit__0.0500,2023,TRUE,30,NQ_ONLY,logit,,0.05,0.0684954939906324,1,528,0.0255072463768116,285,0.539772727272727,277,0.524621212121212,0.0151515151515152,0.00378787878787879,50,177,0.0303030303030303,0.107954545454545,439,0.831439393939394,506,270,0.533596837944664,22,15,0.681818181818182,0.524621212121212,0.471590909090909
30__NQ_ONLY__logit__0.0200,2023,TRUE,30,NQ_ONLY,logit,,0.02,0.084401591703741,1,117,0.00565217391304348,61,0.521367521367521,56,0.478632478632479,0.0427350427350427,0,39,67,0.0512820512820513,0.213675213675214,106,0.905982905982906,108,54,0.5,9,7,0.777777777777778,0.478632478632479,0.521367521367521
30__NQ_ONLY__logit__0.0100,2023,TRUE,30,NQ_ONLY,logit,,0.01,0.097022316197041,1,36,0.00173913043478261,24,0.666666666666667,19,0.527777777777778,0.138888888888889,0,23,28,0.0833333333333333,0.333333333333333,34,0.944444444444444,31,19,0.612903225806452,5,5,1,0.527777777777778,0.472222222222222
30__NQ_ONLY__logit__0.0050,2023,TRUE,30,NQ_ONLY,logit,,0.005,0.113547147489326,1,7,0.00033816425120773,5,0.714285714285714,4,0.571428571428571,0.142857142857143,0,7,7,0.142857142857143,0.714285714285714,7,1,6,4,0.666666666666667,1,1,1,0.571428571428571,0.428571428571429
30__NQ_ONLY__ranger__0.5000,2023,TRUE,30,NQ_ONLY,ranger,,0.5,0.020243352812735,1,10645,0.514251207729469,5629,0.528792860497886,5629,0.528792860497886,0,0.00770314701737905,52,309,0.00591827148896195,0.0278064819163927,6345,0.596054485674025,10410,5512,0.529490874159462,235,117,0.497872340425532,0.528792860497886,0.463503992484735
30__NQ_ONLY__ranger__0.2000,2023,TRUE,30,NQ_ONLY,ranger,,0.2,0.0386664131265454,1,4332,0.209275362318841,2325,0.536703601108033,2317,0.534856879039705,0.00184672206832872,0.00600184672206833,52,292,0.00831024930747923,0.0380886426592798,3026,0.698522622345337,4273,2292,0.536391294172712,59,33,0.559322033898305,0.534856879039705,0.459141274238227
30__NQ_ONLY__ranger__0.1000,2023,TRUE,30,NQ_ONLY,ranger,,0.1,0.0469623563410398,1,2093,0.101111111111111,1108,0.529383659818442,1102,0.52651696129957,0.00286669851887243,0.00573339703774486,52,270,0.010989010989011,0.051122790253225,1604,0.766364070711897,2052,1085,0.528752436647174,41,23,0.560975609756098,0.52651696129957,0.467749641662685
30__NQ_ONLY__ranger__0.0500,2023,TRUE,30,NQ_ONLY,ranger,,0.05,0.0539882479538021,1,943,0.0455555555555556,497,0.527041357370095,495,0.52492046659597,0.00212089077412513,0.00424178154825027,52,236,0.0180275715800636,0.0816542948038176,764,0.810180275715801,912,481,0.527412280701754,31,16,0.516129032258065,0.52492046659597,0.47083775185578
30__NQ_ONLY__ranger__0.0200,2023,TRUE,30,NQ_ONLY,ranger,,0.02,0.0644400051778545,1,295,0.0142512077294686,154,0.522033898305085,149,0.505084745762712,0.0169491525423729,0.00677966101694915,52,129,0.0338983050847458,0.159322033898305,238,0.806779661016949,275,142,0.516363636363636,20,12,0.6,0.505084745762712,0.488135593220339
30__NQ_ONLY__ranger__0.0100,2023,TRUE,30,NQ_ONLY,ranger,,0.01,0.0725632932610418,1,139,0.00671497584541063,72,0.517985611510791,70,0.503597122302158,0.0143884892086331,0.00719424460431655,48,89,0.0503597122302158,0.179856115107914,121,0.870503597122302,124,64,0.516129032258065,15,8,0.533333333333333,0.503597122302158,0.489208633093525
30__NQ_ONLY__ranger__0.0050,2023,TRUE,30,NQ_ONLY,ranger,,0.005,0.0806996464911699,1,66,0.00318840579710145,28,0.424242424242424,27,0.409090909090909,0.0151515151515152,0,36,51,0.0606060606060606,0.196969696969697,58,0.878787878787879,55,22,0.4,11,6,0.545454545454545,0.409090909090909,0.590909090909091
30__NQ_ONLY__xgb_d2__0.5000,2023,TRUE,30,NQ_ONLY,xgb_d2,2,0.5,0.0213476419448853,1,10685,0.516183574879227,5686,0.532147870846982,5688,0.5323350491343,-0.000187178287318671,0.00748713149274684,52,310,0.00598970519419747,0.029012634534394,6356,0.594852597098737,10324,5509,0.533611003487021,361,177,0.490304709141274,0.5323350491343,0.460177819372953
30__NQ_ONLY__xgb_d2__0.2000,2023,TRUE,30,NQ_ONLY,xgb_d2,2,0.2,0.0410010099411011,1,3869,0.186908212560386,2047,0.52907728095115,2045,0.528560351512019,0.000516929439131559,0.0062031532695787,52,288,0.0113724476608943,0.0488498319979323,2701,0.69811320754717,3808,2016,0.529411764705882,61,31,0.508196721311475,0.528560351512019,0.465236495218403
30__NQ_ONLY__xgb_d2__0.1000,2023,TRUE,30,NQ_ONLY,xgb_d2,2,0.1,0.0514010727405548,1,1587,0.0766666666666667,816,0.514177693761815,816,0.514177693761815,0,0.0056710775047259,52,263,0.021424070573409,0.0806553245116572,1267,0.798361688720857,1558,802,0.514762516046213,29,14,0.482758620689655,0.514177693761815,0.480151228733459
30__NQ_ONLY__xgb_d2__0.0500,2023,TRUE,30,NQ_ONLY,xgb_d2,2,0.05,0.0598537921905517,1,637,0.0307729468599034,329,0.516483516483517,326,0.511773940345369,0.00470957613814757,0.00627943485086342,52,195,0.0376766091051805,0.139717425431711,534,0.838304552590267,623,321,0.515248796147673,14,8,0.571428571428571,0.511773940345369,0.481946624803768
30__NQ_ONLY__xgb_d2__0.0200,2023,TRUE,30,NQ_ONLY,xgb_d2,2,0.02,0.0702793848514557,1,148,0.00714975845410628,73,0.493243243243243,72,0.486486486486487,0.00675675675675676,0.00675675675675676,40,77,0.101351351351351,0.324324324324324,129,0.871621621621622,141,69,0.48936170212766,7,4,0.571428571428571,0.486486486486487,0.506756756756757
30__NQ_ONLY__xgb_d2__0.0100,2023,TRUE,30,NQ_ONLY,xgb_d2,2,0.01,0.0772263264656067,1,48,0.00231884057971015,24,0.5,23,0.479166666666667,0.0208333333333333,0,19,26,0.229166666666667,0.541666666666667,42,0.875,45,22,0.488888888888889,3,2,0.666666666666667,0.479166666666667,0.520833333333333
30__NQ_ONLY__xgb_d2__0.0050,2023,TRUE,30,NQ_ONLY,xgb_d2,2,0.005,0.0835335040092468,1,17,0.000821256038647343,9,0.529411764705882,9,0.529411764705882,0,0,7,9,0.294117647058824,0.764705882352941,15,0.882352941176471,17,9,0.529411764705882,0,0,,0.529411764705882,0.470588235294118
30__NQ_ONLY__xgb_d3__0.5000,2023,TRUE,30,NQ_ONLY,xgb_d3,3,0.5,0.0232918858528137,1,10054,0.485700483091787,5342,0.531330813606525,5347,0.531828128108216,-0.000497314501690869,0.00765864332603939,52,308,0.00626616272130495,0.0307340362044957,6139,0.610602745176049,9447,5044,0.5339261141103,607,298,0.490939044481054,0.531828128108216,0.460513228565745
30__NQ_ONLY__xgb_d3__0.2000,2023,TRUE,30,NQ_ONLY,xgb_d3,3,0.2,0.0450636565685272,1,3595,0.173671497584541,1915,0.532684283727399,1905,0.52990264255911,0.00278164116828929,0.00528511821974965,52,284,0.0111265646731572,0.0492350486787205,2545,0.707927677329625,3476,1851,0.532508630609896,119,64,0.53781512605042,0.52990264255911,0.464812239221141
30__NQ_ONLY__xgb_d3__0.1000,2023,TRUE,30,NQ_ONLY,xgb_d3,3,0.1,0.0574857234954834,1,1515,0.0731884057971015,816,0.538613861386139,808,0.533333333333333,0.00528052805280528,0.00264026402640264,52,258,0.0171617161716172,0.0765676567656766,1187,0.783498349834984,1452,781,0.537878787878788,63,35,0.555555555555556,0.533333333333333,0.464026402640264
30__NQ_ONLY__xgb_d3__0.0500,2023,TRUE,30,NQ_ONLY,xgb_d3,3,0.05,0.0681777834892273,1,601,0.0290338164251208,318,0.529118136439268,316,0.525790349417637,0.00332778702163062,0.00332778702163062,52,190,0.0316139767054908,0.13477537437604,497,0.826955074875208,564,299,0.530141843971631,37,19,0.513513513513514,0.525790349417637,0.470881863560732
30__NQ_ONLY__xgb_d3__0.0200,2023,TRUE,30,NQ_ONLY,xgb_d3,3,0.02,0.0827178955078125,1,169,0.00816425120772947,91,0.538461538461538,90,0.532544378698225,0.00591715976331361,0,44,89,0.0710059171597633,0.254437869822485,144,0.85207100591716,156,84,0.538461538461538,13,7,0.538461538461538,0.532544378698225,0.467455621301775
30__NQ_ONLY__xgb_d3__0.0100,2023,TRUE,30,NQ_ONLY,xgb_d3,3,0.01,0.0933655405044556,1,57,0.0027536231884058,29,0.508771929824562,28,0.491228070175439,0.0175438596491228,0,28,39,0.105263157894737,0.350877192982456,52,0.912280701754386,48,24,0.5,9,5,0.555555555555556,0.491228070175439,0.508771929824562
30__NQ_ONLY__xgb_d3__0.0050,2023,TRUE,30,NQ_ONLY,xgb_d3,3,0.005,0.103309376239776,1,22,0.00106280193236715,11,0.5,10,0.454545454545455,0.0454545454545455,0,14,17,0.136363636363636,0.454545454545455,21,0.954545454545455,15,7,0.466666666666667,7,4,0.571428571428571,0.454545454545455,0.545454545454545
30__NQ_ONLY__xgb_d4__0.5000,2023,TRUE,30,NQ_ONLY,xgb_d4,4,0.5,0.0248406529426575,1,9433,0.455700483091787,5022,0.532386303402947,4989,0.52888794657055,0.0034983568323969,0.00763277854341143,52,309,0.006678681225485,0.0319092547439839,5912,0.626735927064561,8646,4615,0.533772842933148,787,407,0.51715374841169,0.52888794657055,0.463479274886038
30__NQ_ONLY__xgb_d4__0.2000,2023,TRUE,30,NQ_ONLY,xgb_d4,4,0.2,0.0495010018348694,1,3334,0.161062801932367,1752,0.525494901019796,1747,0.523995200959808,0.001499700059988,0.00659868026394721,52,284,0.010497900419916,0.0476904619076185,2413,0.72375524895021,3179,1673,0.526266121421831,155,79,0.509677419354839,0.523995200959808,0.469406118776245
30__NQ_ONLY__xgb_d4__0.1000,2023,TRUE,30,NQ_ONLY,xgb_d4,4,0.1,0.0645947337150574,1,1387,0.0670048309178744,733,0.528478731074261,725,0.522710886806056,0.00576784426820476,0.00576784426820476,52,247,0.0158615717375631,0.0720980533525595,1096,0.790194664744052,1328,700,0.52710843373494,59,33,0.559322033898305,0.522710886806056,0.471521268925739
30__NQ_ONLY__xgb_d4__0.0500,2023,TRUE,30,NQ_ONLY,xgb_d4,4,0.05,0.0790025472640991,1,560,0.0270531400966184,308,0.55,302,0.539285714285714,0.0107142857142857,0.00357142857142857,51,183,0.0339285714285714,0.125,463,0.826785714285714,532,291,0.546992481203008,28,17,0.607142857142857,0.539285714285714,0.457142857142857
30__NQ_ONLY__xgb_d4__0.0200,2023,TRUE,30,NQ_ONLY,xgb_d4,4,0.02,0.0973472642898561,1,154,0.00743961352657005,78,0.506493506493507,75,0.487012987012987,0.0194805194805195,0,45,88,0.0779220779220779,0.233766233766234,137,0.88961038961039,139,69,0.496402877697842,15,9,0.6,0.487012987012987,0.512987012987013
30__NQ_ONLY__xgb_d4__0.0100,2023,TRUE,30,NQ_ONLY,xgb_d4,4,0.01,0.111510577201843,1,57,0.0027536231884058,30,0.526315789473684,29,0.508771929824562,0.0175438596491228,0,27,44,0.087719298245614,0.298245614035088,53,0.929824561403509,50,26,0.52,7,4,0.571428571428571,0.508771929824562,0.491228070175439
30__NQ_ONLY__xgb_d4__0.0050,2023,TRUE,30,NQ_ONLY,xgb_d4,4,0.005,0.122617161273956,1,22,0.00106280193236715,11,0.5,9,0.409090909090909,0.0909090909090909,0,14,17,0.136363636363636,0.454545454545455,20,0.909090909090909,20,9,0.45,2,2,1,0.409090909090909,0.590909090909091
30__NQ_ONLY__xgb_d5__0.5000,2023,TRUE,30,NQ_ONLY,xgb_d5,5,0.5,0.0272232890129089,1,9046,0.437004830917874,4813,0.532058368339598,4784,0.528852531505638,0.00320583683395976,0.00851204952465178,52,310,0.00652221976564227,0.0300685385805881,5804,0.641609551182843,8040,4299,0.534701492537313,1006,514,0.510934393638171,0.528852531505638,0.46263541896971
30__NQ_ONLY__xgb_d5__0.2000,2023,TRUE,30,NQ_ONLY,xgb_d5,5,0.2,0.0552488803863525,1,2972,0.143574879227053,1561,0.525235531628533,1555,0.52321668909825,0.00201884253028264,0.00672947510094213,52,280,0.0117765814266487,0.0491251682368775,2204,0.741588156123822,2788,1467,0.526183644189383,184,94,0.510869565217391,0.52321668909825,0.470053835800808
30__NQ_ONLY__xgb_d5__0.1000,2023,TRUE,30,NQ_ONLY,xgb_d5,5,0.1,0.0729564785957337,1,1269,0.061304347826087,667,0.525610717100079,670,0.527974783293932,-0.00236406619385343,0.00709219858156028,52,252,0.0181245074862096,0.0740740740740741,1020,0.803782505910166,1199,634,0.528773978315263,70,33,0.471428571428571,0.527974783293932,0.464933018124508
30__NQ_ONLY__xgb_d5__0.0500,2023,TRUE,30,NQ_ONLY,xgb_d5,5,0.05,0.0903814196586608,1,451,0.0217874396135266,236,0.523281596452328,237,0.52549889135255,-0.00221729490022173,0.00443458980044346,52,169,0.0266075388026608,0.130820399113082,390,0.864745011086475,413,218,0.527845036319613,38,18,0.473684210526316,0.52549889135255,0.470066518847007
30__NQ_ONLY__xgb_d5__0.0200,2023,TRUE,30,NQ_ONLY,xgb_d5,5,0.02,0.109377915859222,1,152,0.00734299516908213,73,0.480263157894737,70,0.460526315789474,0.0197368421052632,0.00657894736842105,46,88,0.0460526315789474,0.184210526315789,138,0.907894736842105,134,63,0.470149253731343,18,10,0.555555555555556,0.460526315789474,0.532894736842105
30__NQ_ONLY__xgb_d5__0.0100,2023,TRUE,30,NQ_ONLY,xgb_d5,5,0.01,0.124166767597199,1,69,0.00333333333333333,37,0.536231884057971,32,0.463768115942029,0.072463768115942,0.0144927536231884,30,49,0.072463768115942,0.260869565217391,65,0.942028985507246,57,29,0.508771929824562,12,8,0.666666666666667,0.463768115942029,0.521739130434783
30__NQ_ONLY__xgb_d5__0.0050,2023,TRUE,30,NQ_ONLY,xgb_d5,5,0.005,0.136026413440704,1,30,0.00144927536231884,15,0.5,13,0.433333333333333,0.0666666666666667,0,21,24,0.1,0.366666666666667,28,0.933333333333333,24,11,0.458333333333333,6,4,0.666666666666667,0.433333333333333,0.566666666666667
30__NQ_ES__logit__0.5000,2023,TRUE,30,NQ_ES,logit,,0.5,0.0230274678425502,1,10236,0.494492753623188,5467,0.534095349745995,5417,0.529210629152013,0.00488472059398202,0.00742477530285268,52,310,0.00595935912465807,0.0291129347401329,6563,0.641168425166081,8983,4820,0.536569074919292,1253,647,0.516360734237829,0.529210629152013,0.463364595545135
30__NQ_ES__logit__0.2000,2023,TRUE,30,NQ_ES,logit,,0.2,0.0440233395290105,1,3690,0.178260869565217,1978,0.536043360433604,1958,0.530623306233062,0.00542005420054201,0.0043360433604336,52,300,0.010840108401084,0.0487804878048781,2715,0.735772357723577,3387,1817,0.536462946560378,303,161,0.531353135313531,0.530623306233062,0.465040650406504
30__NQ_ES__logit__0.1000,2023,TRUE,30,NQ_ES,logit,,0.1,0.0568655800889151,1,1658,0.0800966183574879,900,0.542822677925211,884,0.533172496984319,0.00965018094089264,0.0060313630880579,52,279,0.0132689987937274,0.0615199034981906,1319,0.795536791314837,1522,824,0.541392904073588,136,76,0.558823529411765,0.533172496984319,0.460796139927624
30__NQ_ES__logit__0.0500,2023,TRUE,30,NQ_ES,logit,,0.05,0.0691170224567484,1,682,0.0329468599033816,372,0.545454545454545,364,0.533724340175953,0.0117302052785924,0.00439882697947214,52,211,0.0219941348973607,0.092375366568915,572,0.838709677419355,610,332,0.544262295081967,72,40,0.555555555555556,0.533724340175953,0.461876832844575
30__NQ_ES__logit__0.0200,2023,TRUE,30,NQ_ES,logit,,0.02,0.0849684554844109,1,187,0.00903381642512077,90,0.481283422459893,83,0.443850267379679,0.0374331550802139,0,49,104,0.0320855614973262,0.13903743315508,168,0.898395721925134,152,69,0.453947368421053,35,21,0.6,0.443850267379679,0.556149732620321
30__NQ_ES__logit__0.0100,2023,TRUE,30,NQ_ES,logit,,0.01,0.100111966299606,1,56,0.00270531400966184,32,0.571428571428571,28,0.5,0.0714285714285714,0,31,45,0.0535714285714286,0.232142857142857,54,0.964285714285714,34,19,0.558823529411765,22,13,0.590909090909091,0.5,0.5
30__NQ_ES__logit__0.0050,2023,TRUE,30,NQ_ES,logit,,0.005,0.11593808965121,1,19,0.000917874396135266,15,0.789473684210526,9,0.473684210526316,0.315789473684211,0,17,17,0.105263157894737,0.368421052631579,18,0.947368421052632,11,8,0.727272727272727,8,7,0.875,0.473684210526316,0.526315789473684
30__NQ_ES__ranger__0.5000,2023,TRUE,30,NQ_ES,ranger,,0.5,0.0186961573173743,1,10652,0.514589371980676,5685,0.533702591062711,5666,0.531918888471649,0.00178370259106271,0.00779196395043184,52,309,0.00582050319188885,0.0285392414570034,6328,0.594066841907623,10403,5552,0.533692204171874,249,133,0.534136546184739,0.531918888471649,0.46028914757792
30__NQ_ES__ranger__0.2000,2023,TRUE,30,NQ_ES,ranger,,0.2,0.0390902225805796,1,3932,0.189951690821256,2046,0.520345879959308,2043,0.519582909460834,0.000762970498474059,0.00635808748728383,52,296,0.00940996948118006,0.0412004069175992,2704,0.687690742624619,3892,2025,0.520298047276465,40,21,0.525,0.519582909460834,0.474059003051882
30__NQ_ES__ranger__0.1000,2023,TRUE,30,NQ_ES,ranger,,0.1,0.0495601775128669,1,1997,0.0964734299516908,1032,0.516775162744116,1024,0.512769153730596,0.00400600901352028,0.00500751126690035,52,278,0.0130195292939409,0.057085628442664,1510,0.756134201301953,1975,1017,0.51493670886076,22,15,0.681818181818182,0.512769153730596,0.482223335002504
30__NQ_ES__ranger__0.0500,2023,TRUE,30,NQ_ES,ranger,,0.05,0.0576120466169178,1,940,0.0454106280193237,473,0.503191489361702,470,0.5,0.00319148936170213,0.00212765957446809,52,249,0.0180851063829787,0.0819148936170213,786,0.836170212765958,927,465,0.501618122977346,13,8,0.615384615384615,0.5,0.497872340425532
30__NQ_ES__ranger__0.0200,2023,TRUE,30,NQ_ES,ranger,,0.02,0.0660374394334585,1,360,0.0173913043478261,187,0.519444444444445,186,0.516666666666667,0.00277777777777778,0.00277777777777778,51,173,0.0305555555555556,0.116666666666667,314,0.872222222222222,349,181,0.518624641833811,11,6,0.545454545454545,0.516666666666667,0.480555555555556
30__NQ_ES__ranger__0.0100,2023,TRUE,30,NQ_ES,ranger,,0.01,0.0717341515200615,1,161,0.00777777777777778,77,0.478260869565217,78,0.484472049689441,-0.0062111801242236,0.0062111801242236,47,109,0.031055900621118,0.130434782608696,147,0.91304347826087,152,73,0.480263157894737,9,4,0.444444444444444,0.484472049689441,0.509316770186335
30__NQ_ES__ranger__0.0050,2023,TRUE,30,NQ_ES,ranger,,0.005,0.0781671403661239,1,77,0.00371980676328502,36,0.467532467532468,38,0.493506493506494,-0.025974025974026,0,38,59,0.051948051948052,0.194805194805195,73,0.948051948051948,69,33,0.478260869565217,8,3,0.375,0.493506493506494,0.506493506493507
30__NQ_ES__xgb_d2__0.5000,2023,TRUE,30,NQ_ES,xgb_d2,2,0.5,0.0199338793754578,1,10425,0.503623188405797,5561,0.533429256594724,5512,0.528729016786571,0.00470023980815348,0.0075779376498801,52,309,0.00633093525179856,0.0295443645083933,6284,0.602781774580336,9863,5259,0.533204907229038,562,302,0.537366548042705,0.528729016786571,0.463693045563549
30__NQ_ES__xgb_d2__0.2000,2023,TRUE,30,NQ_ES,xgb_d2,2,0.2,0.0412863850593567,1,3953,0.190966183574879,2061,0.52137616999747,2055,0.519858335441437,0.00151783455603339,0.0065772830761447,52,291,0.00885403491019479,0.0432582848469517,2694,0.681507715658993,3911,2038,0.521094349271286,42,23,0.547619047619048,0.519858335441437,0.473564381482419
30__NQ_ES__xgb_d2__0.1000,2023,TRUE,30,NQ_ES,xgb_d2,2,0.1,0.051817786693573,1,1930,0.0932367149758454,1004,0.52020725388601,1002,0.519170984455959,0.00103626943005181,0.00569948186528497,52,261,0.0150259067357513,0.0637305699481865,1462,0.757512953367876,1922,999,0.519771071800208,8,5,0.625,0.519170984455959,0.475129533678757
30__NQ_ES__xgb_d2__0.0500,2023,TRUE,30,NQ_ES,xgb_d2,2,0.05,0.0591261148452759,1,946,0.0457004830917874,496,0.52431289640592,494,0.522198731501057,0.00211416490486258,0.00528541226215645,52,226,0.0200845665961945,0.0909090909090909,780,0.824524312896406,944,494,0.523305084745763,2,2,1,0.522198731501057,0.472515856236787
30__NQ_ES__xgb_d2__0.0200,2023,TRUE,30,NQ_ES,xgb_d2,2,0.02,0.0673047542572022,1,361,0.01743961352657,191,0.529085872576177,191,0.529085872576177,0,0,51,151,0.0470914127423823,0.14404432132964,317,0.878116343490305,361,191,0.529085872576177,0,0,,0.529085872576177,0.470914127423823
30__NQ_ES__xgb_d2__0.0100,2023,TRUE,30,NQ_ES,xgb_d2,2,0.01,0.0727493047714234,1,152,0.00734299516908213,82,0.539473684210526,82,0.539473684210526,0,0,45,90,0.0789473684210526,0.197368421052632,137,0.901315789473684,152,82,0.539473684210526,0,0,,0.539473684210526,0.460526315789474
30__NQ_ES__xgb_d2__0.0050,2023,TRUE,30,NQ_ES,xgb_d2,2,0.005,0.0780338311195373,1,67,0.00323671497584541,31,0.462686567164179,31,0.462686567164179,0,0,29,42,0.164179104477612,0.343283582089552,61,0.91044776119403,67,31,0.462686567164179,0,0,,0.462686567164179,0.537313432835821
30__NQ_ES__xgb_d3__0.5000,2023,TRUE,30,NQ_ES,xgb_d3,3,0.5,0.0225403904914856,1,9975,0.481884057971015,5292,0.530526315789474,5253,0.526616541353383,0.00390977443609023,0.00741854636591479,52,310,0.00631578947368421,0.0302756892230576,6168,0.618345864661654,8975,4776,0.532144846796657,1000,516,0.516,0.526616541353383,0.465964912280702
30__NQ_ES__xgb_d3__0.2000,2023,TRUE,30,NQ_ES,xgb_d3,3,0.2,0.0459312915802002,1,3666,0.177101449275362,1916,0.522640480087289,1874,0.511183851609384,0.0114566284779051,0.00654664484451719,52,291,0.00927441352973268,0.044189852700491,2587,0.705673758865248,3513,1820,0.518075718758896,153,96,0.627450980392157,0.511183851609384,0.482269503546099
30__NQ_ES__xgb_d3__0.1000,2023,TRUE,30,NQ_ES,xgb_d3,3,0.1,0.0587222456932068,1,1691,0.0816908212560387,877,0.518628030751035,861,0.50916617386162,0.00946185688941455,0.00532229450029568,52,262,0.0136014192785334,0.0603193376700178,1312,0.775872264931993,1637,842,0.51435552840562,54,35,0.648148148148148,0.50916617386162,0.485511531638084
30__NQ_ES__xgb_d3__0.0500,2023,TRUE,30,NQ_ES,xgb_d3,3,0.05,0.0691536068916321,1,776,0.037487922705314,411,0.529639175257732,408,0.525773195876289,0.0038659793814433,0.0077319587628866,52,220,0.0257731958762887,0.0979381443298969,650,0.837628865979382,751,397,0.528628495339547,25,14,0.56,0.525773195876289,0.466494845360825
30__NQ_ES__xgb_d3__0.0200,2023,TRUE,30,NQ_ES,xgb_d3,3,0.02,0.0809764623641968,1,244,0.0117874396135266,131,0.536885245901639,129,0.528688524590164,0.00819672131147541,0.00819672131147541,50,131,0.0491803278688525,0.139344262295082,218,0.89344262295082,232,124,0.53448275862069,12,7,0.583333333333333,0.528688524590164,0.463114754098361
30__NQ_ES__xgb_d3__0.0100,2023,TRUE,30,NQ_ES,xgb_d3,3,0.01,0.088933253288269,1,107,0.00516908212560387,57,0.532710280373832,58,0.542056074766355,-0.00934579439252336,0.00934579439252336,42,76,0.0560747663551402,0.186915887850467,98,0.91588785046729,104,56,0.538461538461538,3,1,0.333333333333333,0.542056074766355,0.448598130841121
30__NQ_ES__xgb_d3__0.0050,2023,TRUE,30,NQ_ES,xgb_d3,3,0.005,0.0972451424598692,1,38,0.00183574879227053,20,0.526315789473684,19,0.5,0.0263157894736842,0,23,31,0.105263157894737,0.315789473684211,35,0.921052631578947,37,19,0.513513513513514,1,1,1,0.5,0.5
30__NQ_ES__xgb_d4__0.5000,2023,TRUE,30,NQ_ES,xgb_d4,4,0.5,0.0245252251625061,1,9746,0.470821256038647,5137,0.527088036117382,5117,0.525035912169095,0.00205212394828648,0.00892673917504617,52,310,0.00615637184485943,0.0293453724604966,6132,0.629181202544634,8369,4445,0.531126777392759,1377,692,0.502541757443718,0.525035912169095,0.466037348655859
30__NQ_ES__xgb_d4__0.2000,2023,TRUE,30,NQ_ES,xgb_d4,4,0.2,0.0503332257270813,1,3286,0.158743961352657,1695,0.515824710894705,1700,0.517346317711503,-0.00152160681679854,0.00699939135727328,52,291,0.00943396226415094,0.0435179549604382,2413,0.734327449786975,3054,1583,0.51833660772757,232,112,0.482758620689655,0.517346317711503,0.475654290931223
30__NQ_ES__xgb_d4__0.1000,2023,TRUE,30,NQ_ES,xgb_d4,4,0.1,0.0651315808296204,1,1469,0.0709661835748792,772,0.525527569775357,761,0.518039482641253,0.00748808713410483,0.00748808713410483,52,261,0.0156569094622192,0.0673927842069435,1163,0.791695030633084,1384,725,0.523843930635838,85,47,0.552941176470588,0.518039482641253,0.474472430224643
30__NQ_ES__xgb_d4__0.0500,2023,TRUE,30,NQ_ES,xgb_d4,4,0.05,0.0777812957763672,1,639,0.0308695652173913,341,0.533646322378717,337,0.527386541471048,0.00625978090766823,0.00625978090766823,52,207,0.0297339593114241,0.0985915492957746,541,0.846635367762128,593,316,0.532883642495784,46,25,0.543478260869565,0.527386541471048,0.466353677621283
30__NQ_ES__xgb_d4__0.0200,2023,TRUE,30,NQ_ES,xgb_d4,4,0.02,0.0931335139274598,1,194,0.0093719806763285,103,0.530927835051546,101,0.520618556701031,0.0103092783505155,0,49,108,0.0824742268041237,0.201030927835052,170,0.876288659793815,182,96,0.527472527472528,12,7,0.583333333333333,0.520618556701031,0.479381443298969
30__NQ_ES__xgb_d4__0.0100,2023,TRUE,30,NQ_ES,xgb_d4,4,0.01,0.104270005226135,1,76,0.00367149758454106,33,0.434210526315789,31,0.407894736842105,0.0263157894736842,0,33,50,0.118421052631579,0.302631578947368,70,0.921052631578947,72,30,0.416666666666667,4,3,0.75,0.407894736842105,0.592105263157895
30__NQ_ES__xgb_d4__0.0050,2023,TRUE,30,NQ_ES,xgb_d4,4,0.005,0.11545884847641,1,34,0.00164251207729469,16,0.470588235294118,14,0.411764705882353,0.0588235294117647,0,23,26,0.147058823529412,0.382352941176471,32,0.941176470588235,30,13,0.433333333333333,4,3,0.75,0.411764705882353,0.588235294117647
30__NQ_ES__xgb_d5__0.5000,2023,TRUE,30,NQ_ES,xgb_d5,5,0.5,0.0269375443458557,1,9620,0.464734299516908,5025,0.522349272349272,5021,0.521933471933472,0.000415800415800416,0.0079002079002079,52,309,0.00613305613305613,0.0293139293139293,6220,0.646569646569647,7884,4160,0.527650938609843,1736,865,0.498271889400922,0.521933471933472,0.47016632016632
30__NQ_ES__xgb_d5__0.2000,2023,TRUE,30,NQ_ES,xgb_d5,5,0.2,0.0549456655979157,1,3260,0.157487922705314,1699,0.521165644171779,1702,0.522085889570552,-0.000920245398773006,0.00582822085889571,52,291,0.0119631901840491,0.047239263803681,2441,0.748773006134969,2940,1542,0.524489795918367,320,157,0.490625,0.522085889570552,0.472085889570552
30__NQ_ES__xgb_d5__0.1000,2023,TRUE,30,NQ_ES,xgb_d5,5,0.1,0.0710566163063049,1,1490,0.0719806763285024,794,0.532885906040268,783,0.525503355704698,0.00738255033557047,0.00335570469798658,52,260,0.0167785234899329,0.0691275167785235,1205,0.808724832214765,1373,731,0.532410779315368,117,63,0.538461538461538,0.525503355704698,0.471140939597315
30__NQ_ES__xgb_d5__0.0500,2023,TRUE,30,NQ_ES,xgb_d5,5,0.05,0.0859188675880432,1,651,0.0314492753623188,334,0.513056835637481,330,0.506912442396313,0.00614439324116743,0.00307219662058372,52,212,0.021505376344086,0.0998463901689708,558,0.857142857142857,600,307,0.511666666666667,51,27,0.529411764705882,0.506912442396313,0.490015360983103
30__NQ_ES__xgb_d5__0.0200,2023,TRUE,30,NQ_ES,xgb_d5,5,0.02,0.102486608028412,1,212,0.0102415458937198,116,0.547169811320755,120,0.566037735849057,-0.0188679245283019,0,51,118,0.0424528301886792,0.136792452830189,195,0.919811320754717,192,108,0.5625,20,8,0.4,0.566037735849057,0.433962264150943
30__NQ_ES__xgb_d5__0.0100,2023,TRUE,30,NQ_ES,xgb_d5,5,0.01,0.114660878181458,1,101,0.0048792270531401,54,0.534653465346535,55,0.544554455445545,-0.0099009900990099,0,40,70,0.0594059405940594,0.198019801980198,96,0.95049504950495,90,49,0.544444444444444,11,5,0.454545454545455,0.544554455445545,0.455445544554456
30__NQ_ES__xgb_d5__0.0050,2023,TRUE,30,NQ_ES,xgb_d5,5,0.005,0.126118228435516,1,52,0.00251207729468599,26,0.5,25,0.480769230769231,0.0192307692307692,0,26,38,0.0961538461538462,0.307692307692308,49,0.942307692307692,43,21,0.488372093023256,9,5,0.555555555555556,0.480769230769231,0.519230769230769
60__NQ_ONLY__logit__0.5000,2023,TRUE,60,NQ_ONLY,logit,,0.5,0.0267576233801903,1,10612,0.530732683170793,5740,0.54089709762533,5735,0.540425932906144,0.000471164719185827,0.00424048247267245,52,309,0.00697323784395025,0.0346777233320769,3557,0.335186581228798,10410,5637,0.54149855907781,202,103,0.50990099009901,0.540425932906144,0.455333584621184
60__NQ_ONLY__logit__0.2000,2023,TRUE,60,NQ_ONLY,logit,,0.2,0.0478963711029666,1,3474,0.173743435858965,1957,0.563327576280944,1956,0.563039723661485,0.000287852619458837,0.00287852619458837,52,281,0.0118019573978123,0.0538284398388025,1395,0.401554404145078,3433,1936,0.563938246431692,41,21,0.51219512195122,0.563039723661485,0.434081750143926
60__NQ_ONLY__logit__0.1000,2023,TRUE,60,NQ_ONLY,logit,,0.1,0.0606431118886529,1,1625,0.0812703175793948,933,0.574153846153846,928,0.571076923076923,0.00307692307692308,0.00246153846153846,52,214,0.0147692307692308,0.072,697,0.428923076923077,1602,919,0.573657927590512,23,14,0.608695652173913,0.571076923076923,0.426461538461538
60__NQ_ONLY__logit__0.0500,2023,TRUE,60,NQ_ONLY,logit,,0.05,0.0727354465363531,1,662,0.0331082770692673,376,0.56797583081571,374,0.564954682779456,0.00302114803625378,0.00453172205438067,50,142,0.027190332326284,0.129909365558912,335,0.506042296072508,652,370,0.567484662576687,10,6,0.6,0.564954682779456,0.430513595166163
60__NQ_ONLY__logit__0.0200,2023,TRUE,60,NQ_ONLY,logit,,0.02,0.0896316438471968,1,130,0.00650162540635159,85,0.653846153846154,84,0.646153846153846,0.00769230769230769,0.00769230769230769,38,58,0.0615384615384615,0.269230769230769,89,0.684615384615385,127,83,0.653543307086614,3,2,0.666666666666667,0.646153846153846,0.346153846153846
60__NQ_ONLY__logit__0.0100,2023,TRUE,60,NQ_ONLY,logit,,0.01,0.101633681641692,1,31,0.00155038759689922,17,0.548387096774194,18,0.580645161290323,-0.032258064516129,0,20,23,0.161290322580645,0.419354838709677,26,0.838709677419355,30,17,0.566666666666667,1,0,0,0.580645161290323,0.419354838709677
60__NQ_ONLY__logit__0.0050,2023,TRUE,60,NQ_ONLY,logit,,0.005,0.115799918991685,1,9,0.000450112528132033,4,0.444444444444444,5,0.555555555555556,-0.111111111111111,0,7,8,0.222222222222222,0.666666666666667,8,0.888888888888889,8,4,0.5,1,0,0,0.555555555555556,0.444444444444444
60__NQ_ONLY__ranger__0.5000,2023,TRUE,60,NQ_ONLY,ranger,,0.5,0.0271120718355246,1,10390,0.519629907476869,5614,0.540327237728585,5617,0.540615976900866,-0.000288739172281039,0.00490856592877767,52,301,0.00702598652550529,0.0326275264677575,3386,0.325890279114533,10327,5584,0.540718504890094,63,30,0.476190476190476,0.540615976900866,0.454475457170356
60__NQ_ONLY__ranger__0.2000,2023,TRUE,60,NQ_ONLY,ranger,,0.2,0.041777524766639,1,4120,0.20605151287822,2287,0.555097087378641,2283,0.554126213592233,0.000970873786407767,0.00339805825242718,52,256,0.00898058252427184,0.0398058252427184,1440,0.349514563106796,4100,2275,0.554878048780488,20,12,0.6,0.554126213592233,0.44247572815534
60__NQ_ONLY__ranger__0.1000,2023,TRUE,60,NQ_ONLY,ranger,,0.1,0.0509875559071354,1,2402,0.120130032508127,1344,0.559533721898418,1341,0.558284762697752,0.00124895920066611,0.00374687760199834,52,242,0.0120732722731057,0.0537052456286428,921,0.383430474604496,2391,1337,0.55918025930573,11,7,0.636363636363636,0.558284762697752,0.43796835970025
60__NQ_ONLY__ranger__0.0500,2023,TRUE,60,NQ_ONLY,ranger,,0.05,0.0603852116760772,1,1155,0.0577644411102776,622,0.538528138528139,622,0.538528138528139,0,0.00346320346320346,52,199,0.0199134199134199,0.0883116883116883,502,0.434632034632035,1151,620,0.53866203301477,4,2,0.5,0.538528138528139,0.458008658008658
60__NQ_ONLY__ranger__0.0200,2023,TRUE,60,NQ_ONLY,ranger,,0.02,0.0747061715265044,1,321,0.0160540135033758,161,0.501557632398754,161,0.501557632398754,0,0.00311526479750779,45,67,0.0623052959501558,0.246105919003115,136,0.423676012461059,321,161,0.501557632398754,0,0,,0.501557632398754,0.495327102803738
60__NQ_ONLY__ranger__0.0100,2023,TRUE,60,NQ_ONLY,ranger,,0.01,0.0904890269635761,1,115,0.00575143785946487,58,0.504347826086957,58,0.504347826086957,0,0,23,28,0.130434782608696,0.426086956521739,48,0.417391304347826,115,58,0.504347826086957,0,0,,0.504347826086957,0.495652173913044
60__NQ_ONLY__ranger__0.0050,2023,TRUE,60,NQ_ONLY,ranger,,0.005,0.106214185959429,1,39,0.00195048762190548,20,0.512820512820513,20,0.512820512820513,0,0,11,11,0.205128205128205,0.692307692307692,16,0.41025641025641,39,20,0.512820512820513,0,0,,0.512820512820513,0.487179487179487
60__NQ_ONLY__xgb_d2__0.5000,2023,TRUE,60,NQ_ONLY,xgb_d2,2,0.5,0.0270215272903442,1,10634,0.53183295823956,5744,0.540154222305812,5733,0.539119804400978,0.00103441790483355,0.00536016550686477,52,300,0.00714688734248636,0.0346059808162498,3404,0.32010532255031,10527,5685,0.540039897406669,107,59,0.551401869158879,0.539119804400978,0.455520030092157
60__NQ_ONLY__xgb_d2__0.2000,2023,TRUE,60,NQ_ONLY,xgb_d2,2,0.2,0.0450283885002136,1,3792,0.189647411852963,2137,0.563554852320675,2133,0.5625,0.00105485232067511,0.00316455696202532,52,248,0.0102848101265823,0.04957805907173,1360,0.358649789029536,3750,2114,0.563733333333333,42,23,0.547619047619048,0.5625,0.434335443037975
60__NQ_ONLY__xgb_d2__0.1000,2023,TRUE,60,NQ_ONLY,xgb_d2,2,0.1,0.0554901361465454,1,1935,0.0967741935483871,1109,0.57312661498708,1105,0.571059431524548,0.0020671834625323,0.00258397932816537,52,204,0.013953488372093,0.0671834625322997,730,0.377260981912145,1917,1098,0.572769953051643,18,11,0.611111111111111,0.571059431524548,0.426356589147287
60__NQ_ONLY__xgb_d2__0.0500,2023,TRUE,60,NQ_ONLY,xgb_d2,2,0.05,0.0647886991500855,1,955,0.0477619404851213,521,0.545549738219895,520,0.544502617801047,0.00104712041884817,0.00209424083769634,51,148,0.025130890052356,0.124607329842932,412,0.431413612565445,948,517,0.54535864978903,7,4,0.571428571428571,0.544502617801047,0.453403141361257
60__NQ_ONLY__xgb_d2__0.0200,2023,TRUE,60,NQ_ONLY,xgb_d2,2,0.02,0.0775477290153503,1,303,0.0151537884471118,150,0.495049504950495,152,0.501650165016502,-0.0066006600660066,0.0066006600660066,40,63,0.066006600660066,0.306930693069307,126,0.415841584158416,301,150,0.498338870431894,2,0,0,0.501650165016502,0.491749174917492
60__NQ_ONLY__xgb_d2__0.0100,2023,TRUE,60,NQ_ONLY,xgb_d2,2,0.01,0.0874061584472656,1,140,0.0070017504376094,60,0.428571428571429,60,0.428571428571429,0,0.00714285714285714,17,21,0.128571428571429,0.528571428571429,53,0.378571428571429,140,60,0.428571428571429,0,0,,0.428571428571429,0.564285714285714
60__NQ_ONLY__xgb_d2__0.0050,2023,TRUE,60,NQ_ONLY,xgb_d2,2,0.005,0.0967452377080917,1,64,0.00320080020005001,26,0.40625,26,0.40625,0,0,13,14,0.25,0.75,29,0.453125,64,26,0.40625,0,0,,0.40625,0.59375
60__NQ_ONLY__xgb_d3__0.5000,2023,TRUE,60,NQ_ONLY,xgb_d3,3,0.5,0.0293511748313904,1,9374,0.468817204301075,5090,0.542991252400256,5078,0.541711115852358,0.00128013654789844,0.00512054619159377,52,301,0.00768081928739066,0.0375506720716876,3190,0.340302965649669,9141,4968,0.543485395470955,233,122,0.523605150214592,0.541711115852358,0.453168337956049
60__NQ_ONLY__xgb_d3__0.2000,2023,TRUE,60,NQ_ONLY,xgb_d3,3,0.2,0.0506085157394409,1,3362,0.168142035508877,1872,0.556811421772754,1873,0.557108863771565,-0.000297441998810232,0.00446162998215348,52,253,0.0130874479476502,0.0559190957763236,1281,0.381023200475907,3252,1818,0.559040590405904,110,54,0.490909090909091,0.557108863771565,0.438429506246282
60__NQ_ONLY__xgb_d3__0.1000,2023,TRUE,60,NQ_ONLY,xgb_d3,3,0.1,0.0642077326774597,1,1621,0.0810702675668917,890,0.549043800123381,893,0.550894509561999,-0.00185070943861814,0.00308451573103023,52,208,0.0172732880937693,0.0801974090067859,675,0.416409623689081,1552,857,0.552190721649485,69,33,0.478260869565217,0.550894509561999,0.446020974706971
60__NQ_ONLY__xgb_d3__0.0500,2023,TRUE,60,NQ_ONLY,xgb_d3,3,0.05,0.0774000287055969,1,753,0.0376594148537134,392,0.52058432934927,396,0.52589641434263,-0.00531208499335989,0.00398406374501992,51,138,0.0318725099601594,0.151394422310757,336,0.446215139442231,705,370,0.524822695035461,48,22,0.458333333333333,0.52589641434263,0.470119521912351
60__NQ_ONLY__xgb_d3__0.0200,2023,TRUE,60,NQ_ONLY,xgb_d3,3,0.02,0.0957657694816589,1,230,0.0115028757189297,108,0.469565217391304,111,0.482608695652174,-0.0130434782608696,0.00434782608695652,36,55,0.0869565217391304,0.369565217391304,105,0.456521739130435,221,105,0.475113122171946,9,3,0.333333333333333,0.482608695652174,0.51304347826087
60__NQ_ONLY__xgb_d3__0.0100,2023,TRUE,60,NQ_ONLY,xgb_d3,3,0.01,0.10949581861496,1,91,0.00455113778444611,39,0.428571428571429,41,0.450549450549451,-0.021978021978022,0,20,24,0.186813186813187,0.582417582417583,44,0.483516483516484,89,39,0.438202247191011,2,0,0,0.450549450549451,0.54945054945055
60__NQ_ONLY__xgb_d3__0.0050,2023,TRUE,60,NQ_ONLY,xgb_d3,3,0.005,0.12029042840004,1,40,0.00200050012503126,15,0.375,16,0.4,-0.025,0,11,12,0.325,0.8,20,0.5,39,15,0.384615384615385,1,0,0,0.4,0.6
60__NQ_ONLY__xgb_d4__0.5000,2023,TRUE,60,NQ_ONLY,xgb_d4,4,0.5,0.0308037996292114,1,9083,0.454263565891473,4960,0.546075085324232,4947,0.544643840140923,0.00143124518330948,0.00517450181658043,52,306,0.00770670483320489,0.0356710337994055,3214,0.353847847627436,8786,4806,0.547006601411336,297,154,0.518518518518519,0.544643840140923,0.450181658042497
60__NQ_ONLY__xgb_d4__0.2000,2023,TRUE,60,NQ_ONLY,xgb_d4,4,0.2,0.0568875074386597,1,3057,0.152888222055514,1675,0.547922800130847,1674,0.547595682041217,0.000327118089630357,0.00359829898593392,52,261,0.0134118416748446,0.0582270199542035,1231,0.402682368334969,2953,1623,0.549610565526583,104,52,0.5,0.547595682041217,0.448806018972849
60__NQ_ONLY__xgb_d4__0.1000,2023,TRUE,60,NQ_ONLY,xgb_d4,4,0.1,0.0741696953773499,1,1489,0.0744686171542886,794,0.533243787777032,787,0.528542646071189,0.00470114170584285,0.00402955003357958,52,210,0.0194761584956347,0.0886501007387508,651,0.437206178643385,1430,761,0.532167832167832,59,33,0.559322033898305,0.528542646071189,0.467427803895232
60__NQ_ONLY__xgb_d4__0.0500,2023,TRUE,60,NQ_ONLY,xgb_d4,4,0.05,0.0910028219223022,1,634,0.0317079269817454,340,0.536277602523659,332,0.523659305993691,0.0126182965299685,0.00315457413249211,51,134,0.0347003154574132,0.15615141955836,303,0.477917981072555,602,320,0.53156146179402,32,20,0.625,0.523659305993691,0.473186119873817
60__NQ_ONLY__xgb_d4__0.0200,2023,TRUE,60,NQ_ONLY,xgb_d4,4,0.02,0.111938655376434,1,183,0.009152288072018,84,0.459016393442623,85,0.46448087431694,-0.00546448087431694,0,36,58,0.0983606557377049,0.311475409836066,97,0.530054644808743,176,81,0.460227272727273,7,3,0.428571428571429,0.46448087431694,0.53551912568306
60__NQ_ONLY__xgb_d4__0.0100,2023,TRUE,60,NQ_ONLY,xgb_d4,4,0.01,0.128499090671539,1,79,0.00395098774693673,38,0.481012658227848,38,0.481012658227848,0,0,22,26,0.189873417721519,0.531645569620253,41,0.518987341772152,75,36,0.48,4,2,0.5,0.481012658227848,0.518987341772152
60__NQ_ONLY__xgb_d4__0.0050,2023,TRUE,60,NQ_ONLY,xgb_d4,4,0.005,0.142540365457535,1,26,0.00130032508127032,14,0.538461538461538,14,0.538461538461538,0,0,8,9,0.423076923076923,0.846153846153846,13,0.5,26,14,0.538461538461538,0,0,,0.538461538461538,0.461538461538462
60__NQ_ONLY__xgb_d5__0.5000,2023,TRUE,60,NQ_ONLY,xgb_d5,5,0.5,0.0333846807479858,1,8487,0.424456114028507,4597,0.541651938258513,4600,0.542005420054201,-0.000353481795687522,0.00518439967008366,52,304,0.00765877223989631,0.0362907976905856,3153,0.371509367267586,8057,4386,0.544371354102023,430,211,0.490697674418605,0.542005420054201,0.452810180275716
60__NQ_ONLY__xgb_d5__0.2000,2023,TRUE,60,NQ_ONLY,xgb_d5,5,0.2,0.0632162690162659,1,2970,0.148537134283571,1613,0.543097643097643,1603,0.53973063973064,0.00336700336700337,0.00538720538720539,52,260,0.0131313131313131,0.061952861952862,1265,0.425925925925926,2827,1537,0.543685886098337,143,76,0.531468531468532,0.53973063973064,0.454882154882155
60__NQ_ONLY__xgb_d5__0.1000,2023,TRUE,60,NQ_ONLY,xgb_d5,5,0.1,0.0848929882049561,1,1318,0.06591647911978,707,0.536418816388467,702,0.532625189681335,0.00379362670713202,0.00531107738998483,52,200,0.0257966616084977,0.0993930197268589,605,0.459028831562974,1260,676,0.536507936507937,58,31,0.53448275862069,0.532625189681335,0.46206373292868
60__NQ_ONLY__xgb_d5__0.0500,2023,TRUE,60,NQ_ONLY,xgb_d5,5,0.05,0.105417609214783,1,567,0.0283570892723181,303,0.534391534391534,292,0.514991181657848,0.0194003527336861,0.00529100529100529,50,135,0.0352733686067019,0.162257495590829,288,0.507936507936508,536,282,0.526119402985075,31,21,0.67741935483871,0.514991181657848,0.479717813051146
60__NQ_ONLY__xgb_d5__0.0200,2023,TRUE,60,NQ_ONLY,xgb_d5,5,0.02,0.131665170192719,1,152,0.00760190047511878,75,0.493421052631579,72,0.473684210526316,0.0197368421052632,0,37,58,0.105263157894737,0.375,94,0.618421052631579,143,69,0.482517482517483,9,6,0.666666666666667,0.473684210526316,0.526315789473684
60__NQ_ONLY__xgb_d5__0.0100,2023,TRUE,60,NQ_ONLY,xgb_d5,5,0.01,0.146737992763519,1,71,0.00355088772193048,30,0.422535211267606,32,0.450704225352113,-0.028169014084507,0,24,27,0.197183098591549,0.577464788732394,39,0.549295774647887,67,29,0.432835820895522,4,1,0.25,0.450704225352113,0.549295774647887
60__NQ_ONLY__xgb_d5__0.0050,2023,TRUE,60,NQ_ONLY,xgb_d5,5,0.005,0.163346469402313,1,31,0.00155038759689922,11,0.354838709677419,12,0.387096774193548,-0.032258064516129,0,12,12,0.387096774193548,0.774193548387097,17,0.548387096774194,30,11,0.366666666666667,1,0,0,0.387096774193548,0.612903225806452
60__NQ_ES__logit__0.5000,2023,TRUE,60,NQ_ES,logit,,0.5,0.0249252337692965,1,10844,0.542335583895974,5836,0.538177794171892,5821,0.536794540759867,0.00138325341202508,0.00424197713021025,52,308,0.00719291774253043,0.0344891184064921,3744,0.345260051641461,10427,5621,0.539081231418433,417,215,0.515587529976019,0.536794540759867,0.458963482109923
60__NQ_ES__logit__0.2000,2023,TRUE,60,NQ_ES,logit,,0.2,0.0455509181531528,1,4098,0.204951237809452,2300,0.561249389946315,2292,0.559297218155198,0.00195217179111762,0.00341630063445583,52,293,0.0129331381161542,0.0558809175207418,1693,0.413128355295266,4002,2248,0.561719140429785,96,52,0.541666666666667,0.559297218155198,0.437286481210347
60__NQ_ES__logit__0.1000,2023,TRUE,60,NQ_ES,logit,,0.1,0.0586326340325765,1,2036,0.101825456364091,1165,0.572200392927308,1155,0.567288801571709,0.00491159135559921,0.00442043222003929,52,246,0.0176817288801572,0.0766208251473477,913,0.448428290766208,1998,1141,0.571071071071071,38,24,0.631578947368421,0.567288801571709,0.428290766208252
60__NQ_ES__logit__0.0500,2023,TRUE,60,NQ_ES,logit,,0.05,0.0712029086107633,1,919,0.0459614903725932,522,0.568008705114255,519,0.56474428726877,0.00326441784548422,0.00217627856365615,52,173,0.0261153427638738,0.116430903155604,464,0.504896626768226,902,512,0.567627494456763,17,10,0.588235294117647,0.56474428726877,0.433079434167573
60__NQ_ES__logit__0.0200,2023,TRUE,60,NQ_ES,logit,,0.02,0.0874543552775161,1,287,0.0143535883970993,164,0.571428571428571,162,0.564459930313589,0.00696864111498258,0,45,89,0.0592334494773519,0.236933797909408,163,0.56794425087108,277,158,0.570397111913357,10,6,0.6,0.564459930313589,0.435540069686411
60__NQ_ES__logit__0.0100,2023,TRUE,60,NQ_ES,logit,,0.01,0.10155722144016,1,97,0.0048512128032008,65,0.670103092783505,62,0.639175257731959,0.0309278350515464,0,28,42,0.134020618556701,0.391752577319588,65,0.670103092783505,90,60,0.666666666666667,7,5,0.714285714285714,0.639175257731959,0.360824742268041
60__NQ_ES__logit__0.0050,2023,TRUE,60,NQ_ES,logit,,0.005,0.115114275815338,1,25,0.00125031257814454,15,0.6,14,0.56,0.04,0,13,15,0.2,0.6,17,0.68,20,12,0.6,5,3,0.6,0.56,0.44
60__NQ_ES__ranger__0.5000,2023,TRUE,60,NQ_ES,ranger,,0.5,0.0262577346643581,1,10904,0.545336334083521,5917,0.542644900953778,5911,0.542094644167278,0.000550256786500367,0.00476889214966985,52,297,0.00696991929567131,0.0331071166544387,3455,0.316856199559795,10856,5890,0.542557111274871,48,27,0.5625,0.542094644167278,0.453136463683052
60__NQ_ES__ranger__0.2000,2023,TRUE,60,NQ_ES,ranger,,0.2,0.0434866781311623,1,3913,0.195698924731183,2194,0.560695118834654,2192,0.560184002044467,0.000511116790186558,0.00383337592639918,52,255,0.0112445693841043,0.0488116534628163,1468,0.375159723996933,3903,2188,0.560594414552908,10,6,0.6,0.560184002044467,0.435982622029134
60__NQ_ES__ranger__0.1000,2023,TRUE,60,NQ_ES,ranger,,0.1,0.0532069641088981,1,1932,0.0966241560390097,1049,0.54296066252588,1050,0.543478260869565,-0.0005175983436853,0.0020703933747412,52,229,0.0170807453416149,0.0693581780538302,786,0.406832298136646,1931,1049,0.54324184360435,1,0,0,0.543478260869565,0.454451345755694
60__NQ_ES__ranger__0.0500,2023,TRUE,60,NQ_ES,ranger,,0.05,0.0623337221378292,1,895,0.0447611902975744,473,0.528491620111732,473,0.528491620111732,0,0.00223463687150838,52,174,0.0256983240223464,0.119553072625698,392,0.437988826815642,895,473,0.528491620111732,0,0,,0.528491620111732,0.46927374301676
60__NQ_ES__ranger__0.0200,2023,TRUE,60,NQ_ES,ranger,,0.02,0.0750029404195826,1,259,0.0129532383095774,132,0.50965250965251,132,0.50965250965251,0,0.00386100386100386,39,60,0.0656370656370656,0.293436293436293,118,0.455598455598456,259,132,0.50965250965251,0,0,,0.50965250965251,0.486486486486487
60__NQ_ES__ranger__0.0100,2023,TRUE,60,NQ_ES,ranger,,0.01,0.0879001338419947,1,97,0.0048512128032008,49,0.505154639175258,49,0.505154639175258,0,0,17,17,0.134020618556701,0.54639175257732,36,0.371134020618557,97,49,0.505154639175258,0,0,,0.505154639175258,0.494845360824742
60__NQ_ES__ranger__0.0050,2023,TRUE,60,NQ_ES,ranger,,0.005,0.10232381978823,1,40,0.00200050012503126,20,0.5,20,0.5,0,0,12,12,0.175,0.675,17,0.425,40,20,0.5,0,0,,0.5,0.5
60__NQ_ES__xgb_d2__0.5000,2023,TRUE,60,NQ_ES,xgb_d2,2,0.5,0.0265963077545166,1,10710,0.535633908477119,5725,0.534547152194211,5711,0.533239962651727,0.00130718954248366,0.00541549953314659,52,299,0.00709617180205416,0.0339869281045752,3448,0.321942110177404,10642,5684,0.534110129674873,68,41,0.602941176470588,0.533239962651727,0.461344537815126
60__NQ_ES__xgb_d2__0.2000,2023,TRUE,60,NQ_ES,xgb_d2,2,0.2,0.0450198650360107,1,4126,0.206351587896974,2322,0.562772661173049,2317,0.561560833737276,0.00121182743577315,0.0041202132816287,52,256,0.0109064469219583,0.0513814832767814,1571,0.380756180319922,4105,2309,0.562484774665043,21,13,0.619047619047619,0.561560833737276,0.434318952981096
60__NQ_ES__xgb_d2__0.1000,2023,TRUE,60,NQ_ES,xgb_d2,2,0.1,0.0550220608711243,1,1973,0.0986746686671668,1108,0.56158134820071,1103,0.559047136340598,0.00253421186011151,0.00304105423213381,52,210,0.0182463253928028,0.0800810947795236,771,0.390775468829194,1964,1101,0.560590631364562,9,7,0.777777777777778,0.559047136340598,0.437911809427268
60__NQ_ES__xgb_d2__0.0500,2023,TRUE,60,NQ_ES,xgb_d2,2,0.05,0.0643779635429382,1,1013,0.0506626656664166,535,0.528134254689042,534,0.527147087857848,0.000987166831194472,0.00394866732477789,51,143,0.0306021717670286,0.135241855873643,397,0.391905231984205,1008,532,0.527777777777778,5,3,0.6,0.527147087857848,0.468904244817374
60__NQ_ES__xgb_d2__0.0200,2023,TRUE,60,NQ_ES,xgb_d2,2,0.02,0.0772191286087036,1,357,0.017854463615904,183,0.512605042016807,184,0.515406162464986,-0.00280112044817927,0.00280112044817927,40,58,0.0644257703081232,0.274509803921569,139,0.389355742296919,356,183,0.514044943820225,1,0,0,0.515406162464986,0.481792717086835
60__NQ_ES__xgb_d2__0.0100,2023,TRUE,60,NQ_ES,xgb_d2,2,0.01,0.0856781005859375,1,178,0.0089022255563891,84,0.471910112359551,85,0.477528089887641,-0.00561797752808989,0,27,31,0.112359550561798,0.466292134831461,72,0.404494382022472,177,84,0.474576271186441,1,0,0,0.477528089887641,0.52247191011236
60__NQ_ES__xgb_d2__0.0050,2023,TRUE,60,NQ_ES,xgb_d2,2,0.005,0.0938993692398071,1,68,0.00340085021255314,28,0.411764705882353,28,0.411764705882353,0,0,14,15,0.235294117647059,0.75,28,0.411764705882353,68,28,0.411764705882353,0,0,,0.411764705882353,0.588235294117647
60__NQ_ES__xgb_d3__0.5000,2023,TRUE,60,NQ_ES,xgb_d3,3,0.5,0.0281029641628265,1,9889,0.494573643410853,5340,0.539993932652442,5320,0.537971483466478,0.0020224491859642,0.00515724542420872,52,301,0.00768530690666397,0.0352917382950753,3360,0.339771463241986,9678,5225,0.53988427361025,211,115,0.545023696682464,0.537971483466478,0.456871271109313
60__NQ_ES__xgb_d3__0.2000,2023,TRUE,60,NQ_ES,xgb_d3,3,0.2,0.0503807067871094,1,3615,0.1807951987997,2002,0.553803596127248,1987,0.549654218533887,0.004149377593361,0.00359612724757953,52,258,0.0143845089903181,0.0597510373443983,1453,0.401936376210235,3532,1953,0.552944507361269,83,49,0.590361445783133,0.549654218533887,0.446749654218534
60__NQ_ES__xgb_d3__0.1000,2023,TRUE,60,NQ_ES,xgb_d3,3,0.1,0.0655399858951569,1,1540,0.0770192548137034,835,0.542207792207792,830,0.538961038961039,0.00324675324675325,0.0025974025974026,52,199,0.0227272727272727,0.0941558441558442,665,0.431818181818182,1515,820,0.541254125412541,25,15,0.6,0.538961038961039,0.458441558441558
60__NQ_ES__xgb_d3__0.0500,2023,TRUE,60,NQ_ES,xgb_d3,3,0.05,0.0801551938056946,1,590,0.0295073768442111,322,0.545762711864407,323,0.547457627118644,-0.00169491525423729,0,50,109,0.0440677966101695,0.191525423728814,265,0.449152542372881,583,319,0.547169811320755,7,3,0.428571428571429,0.547457627118644,0.452542372881356
60__NQ_ES__xgb_d3__0.0200,2023,TRUE,60,NQ_ES,xgb_d3,3,0.02,0.0983214378356934,1,183,0.009152288072018,98,0.53551912568306,98,0.53551912568306,0,0,32,39,0.092896174863388,0.426229508196721,77,0.420765027322404,181,97,0.535911602209945,2,1,0.5,0.53551912568306,0.46448087431694
60__NQ_ES__xgb_d3__0.0100,2023,TRUE,60,NQ_ES,xgb_d3,3,0.01,0.111965417861938,1,67,0.00335083770942736,33,0.492537313432836,32,0.477611940298507,0.0149253731343284,0,18,18,0.194029850746269,0.716417910447761,30,0.447761194029851,66,32,0.484848484848485,1,1,1,0.477611940298507,0.522388059701493
60__NQ_ES__xgb_d3__0.0050,2023,TRUE,60,NQ_ES,xgb_d3,3,0.005,0.125702202320099,1,25,0.00125031257814454,12,0.48,11,0.44,0.04,0,8,8,0.28,0.88,13,0.52,24,11,0.458333333333333,1,1,1,0.44,0.56
60__NQ_ES__xgb_d4__0.5000,2023,TRUE,60,NQ_ES,xgb_d4,4,0.5,0.0299964547157288,1,9121,0.456164041010253,4899,0.537112158754523,4914,0.538756715272448,-0.00164455651792567,0.00526258085736213,52,301,0.00866133099440851,0.0377151628110953,3261,0.35752658699704,8785,4739,0.539442231075697,336,160,0.476190476190476,0.538756715272448,0.45598070387019
60__NQ_ES__xgb_d4__0.2000,2023,TRUE,60,NQ_ES,xgb_d4,4,0.2,0.0568162202835083,1,3257,0.16289072268067,1788,0.548971446116058,1766,0.542216763893153,0.00675468222290451,0.00460546515198035,52,263,0.0181148295977894,0.0647835431378569,1388,0.426159042063248,3163,1730,0.546949098956687,94,58,0.617021276595745,0.542216763893153,0.453177770954866
60__NQ_ES__xgb_d4__0.1000,2023,TRUE,60,NQ_ES,xgb_d4,4,0.1,0.0751047730445862,1,1409,0.0704676169042261,743,0.527324343506033,733,0.520227111426544,0.007097232079489,0.0042583392476934,52,217,0.0227111426543648,0.105039034776437,655,0.464868701206529,1363,715,0.524578136463683,46,28,0.608695652173913,0.520227111426544,0.475514549325763
60__NQ_ES__xgb_d4__0.0500,2023,TRUE,60,NQ_ES,xgb_d4,4,0.05,0.0929778218269348,1,595,0.02975743935984,318,0.534453781512605,314,0.527731092436975,0.00672268907563025,0.00168067226890756,50,124,0.0420168067226891,0.184873949579832,292,0.490756302521008,579,308,0.531951640759931,16,10,0.625,0.527731092436975,0.470588235294118
60__NQ_ES__xgb_d4__0.0200,2023,TRUE,60,NQ_ES,xgb_d4,4,0.02,0.115481704473495,1,182,0.00910227556889222,91,0.5,90,0.494505494505495,0.0054945054945055,0,33,45,0.104395604395604,0.395604395604396,90,0.494505494505495,179,89,0.497206703910615,3,2,0.666666666666667,0.494505494505495,0.505494505494506
60__NQ_ES__xgb_d4__0.0100,2023,TRUE,60,NQ_ES,xgb_d4,4,0.01,0.131473898887634,1,73,0.00365091272818205,35,0.479452054794521,35,0.479452054794521,0,0,20,21,0.150684931506849,0.506849315068493,35,0.479452054794521,71,34,0.47887323943662,2,1,0.5,0.479452054794521,0.520547945205479
60__NQ_ES__xgb_d4__0.0050,2023,TRUE,60,NQ_ES,xgb_d4,4,0.005,0.144925802946091,1,32,0.00160040010002501,18,0.5625,19,0.59375,-0.03125,0,13,13,0.15625,0.6875,18,0.5625,31,18,0.580645161290323,1,0,0,0.59375,0.40625
60__NQ_ES__xgb_d5__0.5000,2023,TRUE,60,NQ_ES,xgb_d5,5,0.5,0.0316192209720612,1,9038,0.452013003250813,4863,0.538061518034963,4861,0.537840230139411,0.000221287895552113,0.00531090949325072,52,304,0.00785572029210002,0.0362912148705466,3365,0.372316884266431,8525,4607,0.540410557184751,513,256,0.499025341130604,0.537840230139411,0.456848860367338
60__NQ_ES__xgb_d5__0.2000,2023,TRUE,60,NQ_ES,xgb_d5,5,0.2,0.0638118982315064,1,2956,0.14783695923981,1603,0.542286874154263,1609,0.544316644113667,-0.0020297699594046,0.0060893098782138,52,273,0.013531799729364,0.0629228687415426,1321,0.446887686062246,2811,1534,0.545713269299182,145,69,0.475862068965517,0.544316644113667,0.449594046008119
60__NQ_ES__xgb_d5__0.1000,2023,TRUE,60,NQ_ES,xgb_d5,5,0.1,0.085629403591156,1,1278,0.0639159789947487,687,0.537558685446009,683,0.534428794992175,0.00312989045383412,0.00704225352112676,52,209,0.0250391236306729,0.110328638497653,611,0.478090766823161,1218,655,0.537766830870279,60,32,0.533333333333333,0.534428794992175,0.458528951486698
60__NQ_ES__xgb_d5__0.0500,2023,TRUE,60,NQ_ES,xgb_d5,5,0.05,0.105792284011841,1,555,0.0277569392348087,298,0.536936936936937,298,0.536936936936937,0,0.00540540540540541,51,134,0.0414414414414414,0.174774774774775,285,0.513513513513514,537,289,0.538175046554935,18,9,0.5,0.536936936936937,0.457657657657658
60__NQ_ES__xgb_d5__0.0200,2023,TRUE,60,NQ_ES,xgb_d5,5,0.02,0.13091379404068,1,152,0.00760190047511878,83,0.546052631578947,84,0.552631578947369,-0.00657894736842105,0,33,45,0.0986842105263158,0.289473684210526,80,0.526315789473684,149,82,0.550335570469799,3,1,0.333333333333333,0.552631578947369,0.447368421052632
60__NQ_ES__xgb_d5__0.0100,2023,TRUE,60,NQ_ES,xgb_d5,5,0.01,0.147841215133667,1,60,0.00300075018754689,37,0.616666666666667,37,0.616666666666667,0,0,21,24,0.183333333333333,0.5,33,0.55,58,36,0.620689655172414,2,1,0.5,0.616666666666667,0.383333333333333
60__NQ_ES__xgb_d5__0.0050,2023,TRUE,60,NQ_ES,xgb_d5,5,0.005,0.162662625312805,1,29,0.00145036259064766,16,0.551724137931035,17,0.586206896551724,-0.0344827586206897,0,11,12,0.275862068965517,0.758620689655172,15,0.517241379310345,28,16,0.571428571428571,1,0,0,0.586206896551724,0.413793103448276
